ID,SKU,name,description,current_price,current_stock,status,creation_date,last_update
8,PROD-008,Licuadora Reversible 2 Velocidades,Licuadora con motor reversible y vaso de vidrio resistente a choques térmicos,6035.78,23,1,2026-09-18 21:37:01,2026-09-18 21:54:01
9,PROD-009,Cafetera Programable 12 Tazas,Cafetera de goteo con temporizador programable y jarra de vidrio,6029.07,42,1,2026-09-18 01:46:15,2026-09-18 03:01:15
10,PROD-010,Jeans 501 Original Fit,"Pantalón de mezclilla clásico de corte recto y ajuste cómodo (Talla S, Color Blanco)",850.22,87,1,2026-09-17 16:58:27,2026-09-17 18:09:27
11,PROD-011,Monitor UltraGear 27,Monitor de alta frecuencia de actualización para juegos competitivos,8325.64,42,1,2026-09-19 05:37:27,2026-09-19 07:20:27
12,PROD-012,Apple Watch Series 10,Reloj inteligente con sensores avanzados de salud y actividad física,12578.89,14,1,2026-09-18 20:28:01,2026-09-18 22:05:01
13,PROD-013,Jeans 501 Original Fit,"Pantalón de mezclilla clásico de corte recto y ajuste cómodo (Talla XL, Color Negro)",1121.81,54,1,2026-09-21 05:02:01,2026-09-21 05:35:01
14,PROD-014,Robot Aspiradora X10+,Aspiradora robótica con estación de vaciado automático y mapeo láser,4931.33,29,1,2026-09-18 00:35:08,2026-09-18 01:45:08
15,PROD-015,Polerón Adicolor Classics,"Sudadera clásica con el logotipo de las tres tiras (Talla L, Color Rojo)",763.42,18,1,2026-09-17 19:47:00,2026-09-17 21:11:00
16,PROD-016,Consola PlayStation 5 Slim,Consola de videojuegos de última generación con almacenamiento SSD ultra rápido,30863.78,11,1,2026-09-19 20:28:10,2026-09-19 21:03:10
17,PROD-017,Zapatillas Samba OG,"Tenis de estilo retro icónicos en cuero de primera calidad (Talla M, Color Gris)",1113.83,95,1,2026-09-19 03:59:28,2026-09-19 05:28:28
18,PROD-018,Cafetera Programable 12 Tazas,Cafetera de goteo con temporizador programable y jarra de vidrio,5225.83,42,1,2026-09-21 23:17:47,2026-09-21 23:48:47
19,PROD-019,Smart Band 8,Pulsera de actividad física con seguimiento del sueño y deporte,10083.15,45,1,2026-09-21 17:19:50,2026-09-21 18:30:50
20,PROD-020,Consola PlayStation 5 Slim,Consola de videojuegos de última generación con almacenamiento SSD ultra rápido,8631.21,7,1,2026-09-22 10:21:10,2026-09-22 11:01:10
21,PROD-021,Zapatillas Air Force 1 '07,"Tenis clásicos de cuero blanco para uso urbano y casual (Talla M, Color Rojo)",2234.19,50,1,2026-09-18 20:04:32,2026-09-18 21:27:32
22,PROD-022,Pantalón de Buzo Tech Fleece,"Pantalón deportivo térmico con diseño estilizado (Talla M, Color Gris)",650.21,81,1,2026-09-20 19:36:14,2026-09-20 20:09:14
23,PROD-023,Aspiradora Inalámbrica SpeedPro,Aspiradora escoba sin cable con cabezal de succión de 180 grados,3151.17,16,1,2026-09-20 15:18:53,2026-09-20 16:21:53
24,PROD-024,Smartphone Galaxy S26+ 256GB,Teléfono inteligente con procesador de última generación y batería de larga duración - Color Verde,6179.36,48,1,2026-09-20 02:35:28,2026-09-20 03:51:28
25,PROD-025,Smart Band 8,Pulsera de actividad física con seguimiento del sueño y deporte,21654.04,34,1,2026-09-20 18:10:03,2026-09-20 18:42:03
26,PROD-026,Cafetera Programable 12 Tazas,Cafetera de goteo con temporizador programable y jarra de vidrio,5877.49,51,1,2026-09-20 19:18:42,2026-09-20 20:54:42
27,PROD-027,Zapatillas Samba OG,"Tenis de estilo retro icónicos en cuero de primera calidad (Talla S, Color Gris)",1284.75,68,1,2026-09-17 13:34:56,2026-09-17 15:06:56
28,PROD-028,Freidora XXL Airfryer,Freidora de aire de gran capacidad con tecnología de extracción de grasa,4258.38,14,1,2026-09-21 08:10:32,2026-09-21 08:48:32
29,PROD-029,Licuadora Reversible 2 Velocidades,Licuadora con motor reversible y vaso de vidrio resistente a choques térmicos,3241.75,18,1,2026-09-20 19:39:44,2026-09-20 21:18:44
30,PROD-030,Cafetera Programable 12 Tazas,Cafetera de goteo con temporizador programable y jarra de vidrio,2863.59,9,1,2026-09-18 05:24:05,2026-09-18 07:22:05
31,PROD-031,Zapatillas Air Max 270,"Calzado deportivo con cápsula de aire visible para máxima comodidad (Talla S, Color Blanco)",2237.72,20,1,2026-09-18 01:35:02,2026-09-18 03:08:02
32,PROD-032,Jeans 511 Slim Fit,"Pantalón de mezclilla ajustado de estilo moderno (Talla M, Color Verde)",1371.86,80,1,2026-09-18 13:09:29,2026-09-18 13:42:29
33,PROD-033,Freidora XXL Airfryer,Freidora de aire de gran capacidad con tecnología de extracción de grasa,7459.74,56,1,2026-09-21 23:24:49,2026-09-22 00:52:49
34,PROD-034,Smart TV Bravia XR OLED 55,Televisor OLED con negros absolutos y procesador de imagen cognitivo,35827.80,46,1,2026-09-19 19:29:34,2026-09-19 20:25:34
35,PROD-035,Freidora XXL Airfryer,Freidora de aire de gran capacidad con tecnología de extracción de grasa,2284.08,12,1,2026-09-19 14:20:49,2026-09-19 14:22:49
36,PROD-036,Cafetera Programable 12 Tazas,Cafetera de goteo con temporizador programable y jarra de vidrio,2073.65,12,1,2026-09-21 20:11:47,2026-09-21 21:31:47
37,PROD-037,iPhone 16 Pro 128GB,Teléfono inteligente premium con chip de alto rendimiento y triple cámara - Color Gris,3015.44,20,1,2026-09-19 05:39:57,2026-09-19 07:04:57
38,PROD-038,Jeans 511 Slim Fit,"Pantalón de mezclilla ajustado de estilo moderno (Talla XL, Color Blanco)",2036.93,62,1,2026-09-18 16:50:24,2026-09-18 17:02:24
39,PROD-039,Patinete Eléctrico Pro 4,Scooter eléctrico con gran autonomía para movilidad urbana,15537.04,34,1,2026-09-21 23:17:20,2026-09-21 23:23:20
40,PROD-040,Licuadora Reversible 2 Velocidades,Licuadora con motor reversible y vaso de vidrio resistente a choques térmicos,3459.92,29,1,2026-09-22 09:42:16,2026-09-22 11:32:16
41,PROD-041,MacBook Pro 16 M3 256GB,Computadora portátil profesional para edición de video y desarrollo - Color Rojo,16425.78,32,1,2026-09-18 15:49:55,2026-09-18 16:24:55
42,PROD-042,Jeans 501 Original Fit,"Pantalón de mezclilla clásico de corte recto y ajuste cómodo (Talla XL, Color Rojo)",560.50,93,1,2026-09-20 19:50:18,2026-09-20 21:37:18
43,PROD-043,Smartphone Galaxy Z Fold 6 256GB,Teléfono plegable con pantalla gigante para productividad y multitarea - Color Azul,17740.26,18,1,2026-09-19 23:30:55,2026-09-20 01:25:55
44,PROD-044,Apple Watch Series 10,Reloj inteligente con sensores avanzados de salud y actividad física,576.52,29,1,2026-09-19 03:43:57,2026-09-19 05:41:57
45,PROD-045,Pantalón de Buzo Tech Fleece,"Pantalón deportivo térmico con diseño estilizado (Talla XL, Color Blanco)",758.28,37,1,2026-09-17 21:37:37,2026-09-17 22:51:37
46,PROD-046,Cafetera Programable 12 Tazas,Cafetera de goteo con temporizador programable y jarra de vidrio,2783.40,11,1,2026-09-21 02:11:12,2026-09-21 03:12:12
47,PROD-047,Licuadora Reversible 2 Velocidades,Licuadora con motor reversible y vaso de vidrio resistente a choques térmicos,7701.92,13,1,2026-09-18 16:10:20,2026-09-18 16:18:20
48,PROD-048,Cafetera Programable 12 Tazas,Cafetera de goteo con temporizador programable y jarra de vidrio,6949.83,33,1,2026-09-18 06:34:10,2026-09-18 08:34:10
49,PROD-049,Cafetera Programable 12 Tazas,Cafetera de goteo con temporizador programable y jarra de vidrio,4918.35,47,1,2026-09-18 01:02:57,2026-09-18 01:55:57
50,PROD-050,Aspiradora Inalámbrica SpeedPro,Aspiradora escoba sin cable con cabezal de succión de 180 grados,1952.37,53,1,2026-09-19 10:51:57,2026-09-19 11:21:57
51,PROD-051,Zapatillas Air Max 270,"Calzado deportivo con cápsula de aire visible para máxima comodidad (Talla L, Color Azul)",1029.78,19,1,2026-09-17 14:27:58,2026-09-17 15:25:58
52,PROD-052,Licuadora Reversible 2 Velocidades,Licuadora con motor reversible y vaso de vidrio resistente a choques térmicos,4486.02,40,1,2026-09-19 03:43:56,2026-09-19 03:59:56
53,PROD-053,Jeans 511 Slim Fit,"Pantalón de mezclilla ajustado de estilo moderno (Talla L, Color Gris)",689.16,79,1,2026-09-21 19:34:12,2026-09-21 20:12:12
54,PROD-054,Cafetera Programable 12 Tazas,Cafetera de goteo con temporizador programable y jarra de vidrio,6609.99,27,1,2026-09-21 13:43:21,2026-09-21 13:56:21
55,PROD-055,Consola PlayStation 5 Slim,Consola de videojuegos de última generación con almacenamiento SSD ultra rápido,32084.80,40,1,2026-09-18 11:44:54,2026-09-18 12:18:54
56,PROD-056,Zapatillas Ultraboost Light,"Tenis de running con retorno de energía superior y ligereza (Talla L, Color Blanco)",1828.12,43,1,2026-09-20 14:42:54,2026-09-20 15:44:54
57,PROD-057,Jeans 501 Original Fit,"Pantalón de mezclilla clásico de corte recto y ajuste cómodo (Talla XL, Color Gris)",444.79,52,1,2026-09-22 05:24:43,2026-09-22 05:40:43
58,PROD-058,Freidora XXL Airfryer,Freidora de aire de gran capacidad con tecnología de extracción de grasa,6033.35,43,1,2026-09-21 19:52:47,2026-09-21 20:46:47
59,PROD-059,Licuadora Reversible 2 Velocidades,Licuadora con motor reversible y vaso de vidrio resistente a choques térmicos,971.85,52,1,2026-09-18 10:49:02,2026-09-18 11:58:02
60,PROD-060,Parlante Portátil SRS-XG300,Bocina inalámbrica portátil resistente al agua con graves potentes,20114.64,32,1,2026-09-18 07:40:13,2026-09-18 07:45:13
61,PROD-061,Zapatillas Air Force 1 '07,"Tenis clásicos de cuero blanco para uso urbano y casual (Talla L, Color Blanco)",1816.44,95,1,2026-09-18 04:04:48,2026-09-18 04:49:48
62,PROD-062,Freidora XXL Airfryer,Freidora de aire de gran capacidad con tecnología de extracción de grasa,7435.81,23,1,2026-09-18 12:46:32,2026-09-18 14:28:32
63,PROD-063,Smartphone Redmi Note 13 Pro 256GB,Teléfono inteligente con excelente relación calidad-precio y gran cámara - Color Verde,33319.30,31,1,2026-09-22 09:56:37,2026-09-22 11:21:37
64,PROD-064,Freidora de Aire 4L,Freidora sin aceite para cocinar de manera saludable y rápida,1609.90,52,1,2026-09-18 04:51:08,2026-09-18 05:39:08
65,PROD-065,Smartphone Xiaomi 14 Ultra 256GB,Smartphone de gama alta enfocado en fotografía profesional Leica - Color Azul,12912.87,19,1,2026-09-18 21:34:31,2026-09-18 21:37:31
66,PROD-066,Freidora de Aire 4L,Freidora sin aceite para cocinar de manera saludable y rápida,2894.79,12,1,2026-09-22 05:44:00,2026-09-22 06:19:00
67,PROD-067,Polerón Adicolor Classics,"Sudadera clásica con el logotipo de las tres tiras (Talla XL, Color Verde)",2459.47,78,1,2026-09-19 13:20:12,2026-09-19 15:20:12
68,PROD-068,Smartphone Galaxy Z Flip 6 256GB,Teléfono plegable compacto con pantalla exterior funcional - Color Rojo,34669.97,21,1,2026-09-17 18:40:52,2026-09-17 18:53:52
69,PROD-069,Aspiradora Inalámbrica SpeedPro,Aspiradora escoba sin cable con cabezal de succión de 180 grados,5936.94,28,1,2026-09-20 04:39:51,2026-09-20 05:56:51
70,PROD-070,Freidora de Aire 4L,Freidora sin aceite para cocinar de manera saludable y rápida,7236.24,20,1,2026-09-19 02:12:22,2026-09-19 02:17:22
71,PROD-071,Freidora XXL Airfryer,Freidora de aire de gran capacidad con tecnología de extracción de grasa,4351.39,59,1,2026-09-20 19:31:38,2026-09-20 20:58:38
72,PROD-072,Freidora de Aire 4L,Freidora sin aceite para cocinar de manera saludable y rápida,3677.86,50,1,2026-09-19 13:11:54,2026-09-19 14:30:54
73,PROD-073,Zapatillas Ultraboost Light,"Tenis de running con retorno de energía superior y ligereza (Talla L, Color Rojo)",1014.96,62,1,2026-09-19 12:36:48,2026-09-19 13:27:48
74,PROD-074,Freidora XXL Airfryer,Freidora de aire de gran capacidad con tecnología de extracción de grasa,1857.98,50,1,2026-09-19 20:19:36,2026-09-19 21:45:36
75,PROD-075,Cafetera Programable 12 Tazas,Cafetera de goteo con temporizador programable y jarra de vidrio,4725.20,33,1,2026-09-20 20:54:31,2026-09-20 22:40:31
76,PROD-076,Cámara Alpha 7 IV,Cámara mirrorless profesional de fotograma completo para foto y video,7961.49,42,1,2026-09-21 05:27:40,2026-09-21 06:50:40
77,PROD-077,Pantalón de Buzo Tech Fleece,"Pantalón deportivo térmico con diseño estilizado (Talla XL, Color Verde)",809.46,70,1,2026-09-22 08:42:20,2026-09-22 10:37:20
78,PROD-078,Cafetera Programable 12 Tazas,Cafetera de goteo con temporizador programable y jarra de vidrio,1044.45,40,1,2026-09-21 13:47:25,2026-09-21 15:08:25
79,PROD-079,Freidora XXL Airfryer,Freidora de aire de gran capacidad con tecnología de extracción de grasa,6620.02,56,1,2026-09-18 23:18:53,2026-09-19 00:44:53
80,PROD-080,Jeans 511 Slim Fit,"Pantalón de mezclilla ajustado de estilo moderno (Talla M, Color Negro)",449.36,70,1,2026-09-21 06:07:58,2026-09-21 07:55:58
81,PROD-081,Smart Band 8,Pulsera de actividad física con seguimiento del sueño y deporte,31957.86,41,1,2026-09-18 17:25:35,2026-09-18 18:56:35
82,PROD-082,Aspiradora Inalámbrica SpeedPro,Aspiradora escoba sin cable con cabezal de succión de 180 grados,3437.36,17,1,2026-09-21 12:39:18,2026-09-21 14:07:18
83,PROD-083,Smart TV 65 Neo QLED,Televisor inteligente 4K con tecnología de puntos cuánticos y alto contraste,8268.86,49,1,2026-09-20 16:32:34,2026-09-20 17:31:34
84,PROD-084,Smart TV OLED C3 65,Televisor inteligente ideal para videojuegos y películas con pánel OLED,33070.19,12,1,2026-09-20 07:35:12,2026-09-20 07:52:12
85,PROD-085,Polerón Adicolor Classics,"Sudadera clásica con el logotipo de las tres tiras (Talla L, Color Azul)",1667.20,74,1,2026-09-20 03:15:30,2026-09-20 05:01:30
86,PROD-086,Freidora XXL Airfryer,Freidora de aire de gran capacidad con tecnología de extracción de grasa,6051.78,38,1,2026-09-20 06:39:21,2026-09-20 07:12:21
87,PROD-087,Parlante Portátil SRS-XG300,Bocina inalámbrica portátil resistente al agua con graves potentes,17703.19,20,1,2026-09-19 05:06:03,2026-09-19 06:02:03
88,PROD-088,Audífonos Bluetooth WH-1000XM5,Audífonos inalámbricos con la mejor cancelación de ruido del mercado,10145.89,25,1,2026-09-20 19:46:30,2026-09-20 19:56:30
89,PROD-089,MacBook Pro 16 M3 1TB,Computadora portátil profesional para edición de video y desarrollo - Color Verde,5924.59,18,1,2026-09-17 22:27:49,2026-09-17 23:20:49
90,PROD-090,Zapatillas Running Pegasus 40,"Calzado de correr con amortiguación reactiva para entrenamiento (Talla XL, Color Azul)",483.87,63,1,2026-09-19 21:49:53,2026-09-19 23:44:53
91,PROD-091,Cafetera Programable 12 Tazas,Cafetera de goteo con temporizador programable y jarra de vidrio,3290.90,8,1,2026-09-19 16:20:17,2026-09-19 16:58:17
92,PROD-092,Zapatillas Running Pegasus 40,"Calzado de correr con amortiguación reactiva para entrenamiento (Talla M, Color Azul)",821.76,65,1,2026-09-20 11:50:11,2026-09-20 11:53:11
93,PROD-093,Pantalón de Buzo Tech Fleece,"Pantalón deportivo térmico con diseño estilizado (Talla M, Color Azul)",2327.01,89,1,2026-09-20 18:53:49,2026-09-20 18:56:49
94,PROD-094,Polerón Adicolor Classics,"Sudadera clásica con el logotipo de las tres tiras (Talla S, Color Negro)",1731.91,27,1,2026-09-20 08:20:57,2026-09-20 08:43:57
95,PROD-095,Smart TV Bravia XR OLED 55,Televisor OLED con negros absolutos y procesador de imagen cognitivo,12121.02,34,1,2026-09-19 12:42:36,2026-09-19 13:25:36
96,PROD-096,Pantalón de Buzo Tech Fleece,"Pantalón deportivo térmico con diseño estilizado (Talla L, Color Negro)",1361.16,79,1,2026-09-17 20:41:42,2026-09-17 21:25:42
97,PROD-097,Smartphone Galaxy S26 Ultra 128GB,Smartphone de alta gama con cámara de 200MP y pantalla Dynamic AMOLED - Color Blanco,7577.30,6,1,2026-09-21 07:35:53,2026-09-21 07:54:53
98,PROD-098,Audífonos AirPods Max,Audífonos de diadema inalámbricos con sonido de alta fidelidad,24265.79,41,1,2026-09-18 20:51:11,2026-09-18 21:50:11
99,PROD-099,Aspiradora Inalámbrica SpeedPro,Aspiradora escoba sin cable con cabezal de succión de 180 grados,1675.20,46,1,2026-09-22 02:02:03,2026-09-22 03:33:03
100,PROD-100,MacBook Air 15 M2 128GB,Laptop ultra delgada y liviana con gran autonomía - Color Rojo,1411.58,24,1,2026-09-21 00:57:58,2026-09-21 02:23:58
101,PROD-101,Zapatillas Air Max 270,"Calzado deportivo con cápsula de aire visible para máxima comodidad (Talla S, Color Rojo)",1834.82,90,1,2026-09-19 00:28:38,2026-09-19 00:41:38
102,PROD-102,Freidora XXL Airfryer,Freidora de aire de gran capacidad con tecnología de extracción de grasa,6451.33,44,1,2026-09-22 07:05:21,2026-09-22 07:10:21
103,PROD-103,Zapatillas Samba OG,"Tenis de estilo retro icónicos en cuero de primera calidad (Talla L, Color Negro)",1437.82,53,1,2026-09-17 14:57:08,2026-09-17 16:45:08
104,PROD-104,Zapatillas Air Force 1 '07,"Tenis clásicos de cuero blanco para uso urbano y casual (Talla XL, Color Gris)",1716.51,68,1,2026-09-21 20:07:08,2026-09-21 20:26:08
105,PROD-105,Chaqueta Camionera de Mezclilla,"Chaqueta clásica de mezclilla resistente para uso diario (Talla XL, Color Azul)",1286.49,85,1,2026-09-19 04:11:51,2026-09-19 04:52:51
106,PROD-106,Smartphone Galaxy Z Flip 6 1TB,Teléfono plegable compacto con pantalla exterior funcional - Color Blanco,27141.91,41,1,2026-09-21 05:59:44,2026-09-21 07:24:44
107,PROD-107,Zapatillas Air Force 1 '07,"Tenis clásicos de cuero blanco para uso urbano y casual (Talla XL, Color Gris)",740.96,37,1,2026-09-19 16:47:05,2026-09-19 18:29:05
108,PROD-108,Polera Sportswear Club Fleece,"Sudadera de felpa con capucha y ajuste estándar (Talla L, Color Rojo)",371.82,34,1,2026-09-18 01:34:40,2026-09-18 02:04:40
109,PROD-109,Aspiradora Inalámbrica SpeedPro,Aspiradora escoba sin cable con cabezal de succión de 180 grados,4619.34,23,1,2026-09-21 17:41:13,2026-09-21 18:41:13
110,PROD-110,Aspiradora Inalámbrica SpeedPro,Aspiradora escoba sin cable con cabezal de succión de 180 grados,6426.29,13,1,2026-09-19 07:57:39,2026-09-19 08:25:39
111,PROD-111,Zapatillas Ultraboost Light,"Tenis de running con retorno de energía superior y ligereza (Talla L, Color Verde)",1600.34,70,1,2026-09-20 21:42:54,2026-09-20 22:49:54
112,PROD-112,Zapatillas Running Pegasus 40,"Calzado de correr con amortiguación reactiva para entrenamiento (Talla L, Color Gris)",1861.14,44,1,2026-09-19 09:45:53,2026-09-19 10:17:53
113,PROD-113,Smartphone Galaxy Z Fold 6 512GB,Teléfono plegable con pantalla gigante para productividad y multitarea - Color Negro,26872.28,49,1,2026-09-18 16:04:26,2026-09-18 16:28:26
114,PROD-114,Patinete Eléctrico Pro 4,Scooter eléctrico con gran autonomía para movilidad urbana,26222.77,38,1,2026-09-21 04:01:25,2026-09-21 04:37:25
115,PROD-115,MacBook Air 15 M2 256GB,Laptop ultra delgada y liviana con gran autonomía - Color Gris,6870.17,5,1,2026-09-21 20:13:20,2026-09-21 21:21:20
116,PROD-116,Consola PlayStation 5 Slim,Consola de videojuegos de última generación con almacenamiento SSD ultra rápido,35087.47,40,1,2026-09-19 07:39:18,2026-09-19 09:08:18
117,PROD-117,Smartphone Redmi Note 13 Pro 128GB,Teléfono inteligente con excelente relación calidad-precio y gran cámara - Color Rojo,10594.05,35,1,2026-09-20 05:15:27,2026-09-20 05:58:27
118,PROD-118,Smartphone Galaxy Z Flip 6 1TB,Teléfono plegable compacto con pantalla exterior funcional - Color Negro,29685.11,30,1,2026-09-20 12:43:31,2026-09-20 12:52:31
119,PROD-119,Licuadora Reversible 2 Velocidades,Licuadora con motor reversible y vaso de vidrio resistente a choques térmicos,1533.90,44,1,2026-09-19 09:21:32,2026-09-19 09:31:32
120,PROD-120,Audífonos Galaxy Buds3 Pro,Audífonos inalámbricos con cancelación activa de ruido inteligente,27637.74,43,1,2026-09-21 03:55:37,2026-09-21 05:36:37
121,PROD-121,Cafetera Programable 12 Tazas,Cafetera de goteo con temporizador programable y jarra de vidrio,3290.87,36,1,2026-09-19 08:24:53,2026-09-19 10:14:53
122,PROD-122,Aspiradora Inalámbrica SpeedPro,Aspiradora escoba sin cable con cabezal de succión de 180 grados,4721.58,11,1,2026-09-21 05:53:37,2026-09-21 07:27:37
123,PROD-123,MacBook Pro 16 M3 512GB,Computadora portátil profesional para edición de video y desarrollo - Color Verde,3382.16,20,1,2026-09-18 14:25:23,2026-09-18 15:35:23
124,PROD-124,iPhone 16 Pro Max 1TB,Smartphone insignia de Apple con acabado en titanio y cámara profesional - Color Azul,24972.68,35,1,2026-09-19 07:31:38,2026-09-19 07:35:38
125,PROD-125,Barra de Sonido HT-A7000,Sistema de audio para cine en casa con soporte Dolby Atmos,10536.50,34,1,2026-09-17 23:28:33,2026-09-18 00:55:33
126,PROD-126,Barra de Sonido HT-A7000,Sistema de audio para cine en casa con soporte Dolby Atmos,21437.53,17,1,2026-09-20 03:01:30,2026-09-20 03:15:30
127,PROD-127,Cafetera Programable 12 Tazas,Cafetera de goteo con temporizador programable y jarra de vidrio,1532.32,25,1,2026-09-18 09:49:27,2026-09-18 09:58:27
128,PROD-128,MacBook Air 15 M2 512GB,Laptop ultra delgada y liviana con gran autonomía - Color Azul,4914.55,49,1,2026-09-19 09:23:46,2026-09-19 10:52:46
129,PROD-129,Zapatillas Running Pegasus 40,"Calzado de correr con amortiguación reactiva para entrenamiento (Talla XL, Color Azul)",522.95,15,1,2026-09-20 04:01:42,2026-09-20 05:35:42
130,PROD-130,Zapatillas Samba OG,"Tenis de estilo retro icónicos en cuero de primera calidad (Talla S, Color Negro)",842.19,96,1,2026-09-21 00:52:44,2026-09-21 02:07:44
131,PROD-131,Parlante Portátil SRS-XG300,Bocina inalámbrica portátil resistente al agua con graves potentes,1928.22,16,1,2026-09-20 09:37:52,2026-09-20 10:43:52
132,PROD-132,Aspiradora Inalámbrica SpeedPro,Aspiradora escoba sin cable con cabezal de succión de 180 grados,1779.32,45,1,2026-09-20 04:35:24,2026-09-20 05:56:24
133,PROD-133,Camiseta Graphic Setin Neck,"Playera casual de algodón con estampado frontal (Talla L, Color Azul)",1066.61,95,1,2026-09-18 04:20:35,2026-09-18 06:09:35
134,PROD-134,Smart TV Bravia XR OLED 55,Televisor OLED con negros absolutos y procesador de imagen cognitivo,25125.42,23,1,2026-09-21 13:36:19,2026-09-21 15:36:19
135,PROD-135,Zapatillas Ultraboost Light,"Tenis de running con retorno de energía superior y ligereza (Talla XL, Color Negro)",1026.21,51,1,2026-09-18 05:59:31,2026-09-18 07:37:31
136,PROD-136,Zapatillas Ultraboost Light,"Tenis de running con retorno de energía superior y ligereza (Talla XL, Color Azul)",466.54,76,1,2026-09-19 17:47:51,2026-09-19 19:06:51
137,PROD-137,Zapatillas Samba OG,"Tenis de estilo retro icónicos en cuero de primera calidad (Talla S, Color Blanco)",924.17,26,1,2026-09-19 07:03:25,2026-09-19 07:59:25
138,PROD-138,Freidora XXL Airfryer,Freidora de aire de gran capacidad con tecnología de extracción de grasa,619.41,48,1,2026-09-21 05:46:59,2026-09-21 07:28:59
139,PROD-139,MacBook Air 15 M2 128GB,Laptop ultra delgada y liviana con gran autonomía - Color Rojo,14983.67,19,1,2026-09-18 05:38:01,2026-09-18 06:37:01
140,PROD-140,Audífonos AirPods Max,Audífonos de diadema inalámbricos con sonido de alta fidelidad,33609.18,23,1,2026-09-20 15:13:10,2026-09-20 16:43:10
141,PROD-141,Pantalón de Buzo Tech Fleece,"Pantalón deportivo térmico con diseño estilizado (Talla XL, Color Blanco)",1332.09,28,1,2026-09-19 20:58:24,2026-09-19 21:22:24
142,PROD-142,Licuadora Reversible 2 Velocidades,Licuadora con motor reversible y vaso de vidrio resistente a choques térmicos,2499.48,58,1,2026-09-20 01:32:24,2026-09-20 02:15:24
143,PROD-143,Freidora XXL Airfryer,Freidora de aire de gran capacidad con tecnología de extracción de grasa,2549.58,27,1,2026-09-21 02:35:19,2026-09-21 03:49:19
144,PROD-144,Freidora XXL Airfryer,Freidora de aire de gran capacidad con tecnología de extracción de grasa,3793.76,38,1,2026-09-19 15:22:19,2026-09-19 16:04:19
145,PROD-145,Aspiradora Inalámbrica SpeedPro,Aspiradora escoba sin cable con cabezal de succión de 180 grados,7489.68,20,1,2026-09-21 18:41:25,2026-09-21 19:11:25
146,PROD-146,Freidora XXL Airfryer,Freidora de aire de gran capacidad con tecnología de extracción de grasa,6905.70,34,1,2026-09-17 19:27:58,2026-09-17 20:07:58
147,PROD-147,Aspiradora Inalámbrica SpeedPro,Aspiradora escoba sin cable con cabezal de succión de 180 grados,3334.20,50,1,2026-09-22 08:30:37,2026-09-22 10:15:37
148,PROD-148,Freidora de Aire 4L,Freidora sin aceite para cocinar de manera saludable y rápida,7732.67,16,1,2026-09-20 14:15:40,2026-09-20 15:30:40
149,PROD-149,Camiseta Graphic Setin Neck,"Playera casual de algodón con estampado frontal (Talla S, Color Rojo)",2307.45,11,1,2026-09-21 22:19:23,2026-09-21 22:37:23
150,PROD-150,Zapatillas Ultraboost Light,"Tenis de running con retorno de energía superior y ligereza (Talla S, Color Azul)",2030.28,43,1,2026-09-19 14:24:58,2026-09-19 15:43:58
151,PROD-151,Freidora XXL Airfryer,Freidora de aire de gran capacidad con tecnología de extracción de grasa,6873.42,51,1,2026-09-20 18:49:26,2026-09-20 19:37:26
152,PROD-152,Polerón Adicolor Classics,"Sudadera clásica con el logotipo de las tres tiras (Talla XL, Color Rojo)",427.18,18,1,2026-09-18 23:18:02,2026-09-19 00:38:02
153,PROD-153,Freidora XXL Airfryer,Freidora de aire de gran capacidad con tecnología de extracción de grasa,6075.42,35,1,2026-09-18 03:26:47,2026-09-18 05:03:47
154,PROD-154,Freidora de Aire 4L,Freidora sin aceite para cocinar de manera saludable y rápida,1664.37,27,1,2026-09-17 17:19:31,2026-09-17 17:24:31
155,PROD-155,Chaqueta Camionera de Mezclilla,"Chaqueta clásica de mezclilla resistente para uso diario (Talla L, Color Gris)",1275.98,41,1,2026-09-20 18:27:59,2026-09-20 19:19:59
156,PROD-156,Licuadora Reversible 2 Velocidades,Licuadora con motor reversible y vaso de vidrio resistente a choques térmicos,1730.53,47,1,2026-09-19 20:49:18,2026-09-19 22:08:18
157,PROD-157,Freidora de Aire 4L,Freidora sin aceite para cocinar de manera saludable y rápida,7337.50,17,1,2026-09-18 22:55:28,2026-09-18 23:54:28
158,PROD-158,Aspiradora Inalámbrica SpeedPro,Aspiradora escoba sin cable con cabezal de succión de 180 grados,2340.48,8,1,2026-09-22 10:17:34,2026-09-22 11:16:34
159,PROD-159,Polerón Adicolor Classics,"Sudadera clásica con el logotipo de las tres tiras (Talla M, Color Negro)",1299.72,54,1,2026-09-21 02:40:51,2026-09-21 03:18:51
160,PROD-160,Aspiradora Inalámbrica SpeedPro,Aspiradora escoba sin cable con cabezal de succión de 180 grados,3871.95,27,1,2026-09-18 18:07:22,2026-09-18 18:56:22
161,PROD-161,Jeans 511 Slim Fit,"Pantalón de mezclilla ajustado de estilo moderno (Talla XL, Color Rojo)",1121.76,47,1,2026-09-21 18:56:58,2026-09-21 19:33:58
162,PROD-162,Patinete Eléctrico Pro 4,Scooter eléctrico con gran autonomía para movilidad urbana,787.48,48,1,2026-09-22 06:27:34,2026-09-22 08:02:34
163,PROD-163,Refrigeradora InstaView,Refrigerador inteligente con panel de cristal panorámico,18133.82,23,1,2026-09-22 06:05:06,2026-09-22 07:47:06
164,PROD-164,Monitor UltraGear 27,Monitor de alta frecuencia de actualización para juegos competitivos,8274.66,17,1,2026-09-21 07:32:00,2026-09-21 08:04:00
165,PROD-165,Cafetera Programable 12 Tazas,Cafetera de goteo con temporizador programable y jarra de vidrio,1138.45,48,1,2026-09-21 11:14:23,2026-09-21 11:19:23
166,PROD-166,Zapatillas Air Force 1 '07,"Tenis clásicos de cuero blanco para uso urbano y casual (Talla L, Color Verde)",632.54,47,1,2026-09-19 12:41:29,2026-09-19 14:16:29
167,PROD-167,Jeans 511 Slim Fit,"Pantalón de mezclilla ajustado de estilo moderno (Talla M, Color Rojo)",2234.39,56,1,2026-09-20 18:25:14,2026-09-20 19:29:14
168,PROD-168,Chaqueta Camionera de Mezclilla,"Chaqueta clásica de mezclilla resistente para uso diario (Talla XL, Color Gris)",1955.10,53,1,2026-09-22 10:14:04,2026-09-22 10:28:04
169,PROD-169,Jeans 511 Slim Fit,"Pantalón de mezclilla ajustado de estilo moderno (Talla M, Color Verde)",1907.07,60,1,2026-09-22 10:17:10,2026-09-22 11:28:10
170,PROD-170,Camiseta Graphic Setin Neck,"Playera casual de algodón con estampado frontal (Talla S, Color Gris)",1503.63,68,1,2026-09-19 18:47:20,2026-09-19 20:13:20
171,PROD-171,Aspiradora Inalámbrica SpeedPro,Aspiradora escoba sin cable con cabezal de succión de 180 grados,6650.37,31,1,2026-09-18 04:53:19,2026-09-18 06:19:19
172,PROD-172,Smartphone Redmi Note 13 Pro 512GB,Teléfono inteligente con excelente relación calidad-precio y gran cámara - Color Rojo,8358.54,9,1,2026-09-21 09:38:49,2026-09-21 11:23:49
173,PROD-173,Zapatillas Samba OG,"Tenis de estilo retro icónicos en cuero de primera calidad (Talla XL, Color Negro)",650.52,14,1,2026-09-19 09:26:09,2026-09-19 10:29:09
174,PROD-174,Smartphone Galaxy Z Fold 6 256GB,Teléfono plegable con pantalla gigante para productividad y multitarea - Color Azul,16604.35,47,1,2026-09-22 01:20:14,2026-09-22 02:49:14
175,PROD-175,Freidora XXL Airfryer,Freidora de aire de gran capacidad con tecnología de extracción de grasa,7129.14,49,1,2026-09-18 03:31:50,2026-09-18 05:17:50
176,PROD-176,Zapatillas Samba OG,"Tenis de estilo retro icónicos en cuero de primera calidad (Talla L, Color Negro)",1834.10,37,1,2026-09-20 05:40:55,2026-09-20 06:36:55
177,PROD-177,Consola PlayStation 5 Slim,Consola de videojuegos de última generación con almacenamiento SSD ultra rápido,35322.93,28,1,2026-09-20 20:24:11,2026-09-20 22:19:11
178,PROD-178,Freidora XXL Airfryer,Freidora de aire de gran capacidad con tecnología de extracción de grasa,3425.86,20,1,2026-09-18 06:54:01,2026-09-18 08:42:01
179,PROD-179,Jeans 511 Slim Fit,"Pantalón de mezclilla ajustado de estilo moderno (Talla S, Color Negro)",2041.61,41,1,2026-09-18 07:26:55,2026-09-18 09:06:55
180,PROD-180,Licuadora Reversible 2 Velocidades,Licuadora con motor reversible y vaso de vidrio resistente a choques térmicos,6706.62,43,1,2026-09-18 19:16:45,2026-09-18 20:31:45
181,PROD-181,iPad Pro 12.9,Tableta profesional con pantalla Liquid Retina XDR y chip M2,27990.08,43,1,2026-09-17 13:31:21,2026-09-17 14:06:21
182,PROD-182,Audífonos AirPods Pro 2,Audífonos intrauditivos con cancelación de ruido de nivel superior,9398.22,16,1,2026-09-18 05:07:08,2026-09-18 06:31:08
183,PROD-183,iPhone 16 Pro Max 512GB,Smartphone insignia de Apple con acabado en titanio y cámara profesional - Color Blanco,21404.28,6,1,2026-09-18 14:29:10,2026-09-18 15:02:10
184,PROD-184,Apple Watch Series 10,Reloj inteligente con sensores avanzados de salud y actividad física,19176.04,9,1,2026-09-20 10:28:05,2026-09-20 11:25:05
185,PROD-185,Polerón Adicolor Classics,"Sudadera clásica con el logotipo de las tres tiras (Talla S, Color Azul)",1433.25,88,1,2026-09-17 19:25:30,2026-09-17 20:58:30
186,PROD-186,Aspiradora Inalámbrica SpeedPro,Aspiradora escoba sin cable con cabezal de succión de 180 grados,5289.39,9,1,2026-09-17 21:58:05,2026-09-17 22:59:05
187,PROD-187,Zapatillas Air Force 1 '07,"Tenis clásicos de cuero blanco para uso urbano y casual (Talla XL, Color Verde)",2305.86,19,1,2026-09-18 00:52:32,2026-09-18 01:33:32
188,PROD-188,Licuadora Reversible 2 Velocidades,Licuadora con motor reversible y vaso de vidrio resistente a choques térmicos,1359.06,47,1,2026-09-21 09:18:29,2026-09-21 10:32:29
189,PROD-189,Aspiradora Inalámbrica SpeedPro,Aspiradora escoba sin cable con cabezal de succión de 180 grados,7959.17,41,1,2026-09-19 08:03:26,2026-09-19 09:01:26
190,PROD-190,Freidora XXL Airfryer,Freidora de aire de gran capacidad con tecnología de extracción de grasa,6427.53,15,1,2026-09-21 12:27:33,2026-09-21 13:50:33
191,PROD-191,Freidora de Aire 4L,Freidora sin aceite para cocinar de manera saludable y rápida,3831.82,22,1,2026-09-20 01:22:32,2026-09-20 02:05:32
192,PROD-192,Pantalón de Buzo Tech Fleece,"Pantalón deportivo térmico con diseño estilizado (Talla S, Color Gris)",1267.54,95,1,2026-09-19 02:13:50,2026-09-19 03:00:50
193,PROD-193,Smartphone Redmi Note 13 Pro 128GB,Teléfono inteligente con excelente relación calidad-precio y gran cámara - Color Negro,3809.67,11,1,2026-09-22 01:32:54,2026-09-22 03:06:54
194,PROD-194,Jeans 501 Original Fit,"Pantalón de mezclilla clásico de corte recto y ajuste cómodo (Talla L, Color Verde)",612.80,55,1,2026-09-21 14:00:25,2026-09-21 16:00:25
195,PROD-195,Zapatillas Ultraboost Light,"Tenis de running con retorno de energía superior y ligereza (Talla L, Color Rojo)",1021.77,23,1,2026-09-21 01:16:30,2026-09-21 02:20:30
196,PROD-196,Audífonos AirPods Max,Audífonos de diadema inalámbricos con sonido de alta fidelidad,8460.69,11,1,2026-09-19 16:05:55,2026-09-19 17:53:55
197,PROD-197,Freidora XXL Airfryer,Freidora de aire de gran capacidad con tecnología de extracción de grasa,6195.80,44,1,2026-09-18 22:02:47,2026-09-18 23:45:47
198,PROD-198,Polerón Adicolor Classics,"Sudadera clásica con el logotipo de las tres tiras (Talla S, Color Rojo)",2347.53,98,1,2026-09-19 04:03:34,2026-09-19 04:06:34
199,PROD-199,Barra de Sonido HT-A7000,Sistema de audio para cine en casa con soporte Dolby Atmos,27565.54,26,1,2026-09-19 16:13:52,2026-09-19 16:13:52
200,PROD-200,Apple Watch Series 10,Reloj inteligente con sensores avanzados de salud y actividad física,2970.28,45,1,2026-09-17 17:34:28,2026-09-17 17:45:28
201,PROD-201,Freidora de Aire 4L,Freidora sin aceite para cocinar de manera saludable y rápida,3590.73,29,1,2026-09-18 12:02:02,2026-09-18 12:49:02
202,PROD-202,Zapatillas Samba OG,"Tenis de estilo retro icónicos en cuero de primera calidad (Talla S, Color Negro)",684.50,89,1,2026-09-17 20:21:24,2026-09-17 21:47:24
203,PROD-203,Smart TV Bravia XR OLED 55,Televisor OLED con negros absolutos y procesador de imagen cognitivo,23998.82,36,1,2026-09-21 05:31:17,2026-09-21 06:27:17
204,PROD-204,Zapatillas Air Max 270,"Calzado deportivo con cápsula de aire visible para máxima comodidad (Talla S, Color Gris)",1274.31,46,1,2026-09-21 15:52:56,2026-09-21 17:18:56
205,PROD-205,Aspiradora Inalámbrica SpeedPro,Aspiradora escoba sin cable con cabezal de succión de 180 grados,745.17,33,1,2026-09-21 04:23:33,2026-09-21 04:30:33
206,PROD-206,MacBook Air 15 M2 256GB,Laptop ultra delgada y liviana con gran autonomía - Color Blanco,27627.71,23,1,2026-09-19 12:53:45,2026-09-19 13:08:45
207,PROD-207,Smart Band 8,Pulsera de actividad física con seguimiento del sueño y deporte,6737.17,29,1,2026-09-20 18:40:21,2026-09-20 20:10:21
208,PROD-208,Refrigeradora InstaView,Refrigerador inteligente con panel de cristal panorámico,30084.07,27,1,2026-09-17 23:36:23,2026-09-18 00:26:23
209,PROD-209,Freidora de Aire 4L,Freidora sin aceite para cocinar de manera saludable y rápida,542.44,12,1,2026-09-19 10:42:08,2026-09-19 11:55:08
210,PROD-210,Zapatillas Samba OG,"Tenis de estilo retro icónicos en cuero de primera calidad (Talla XL, Color Gris)",597.62,12,1,2026-09-19 12:24:27,2026-09-19 12:45:27
211,PROD-211,Aspiradora Inalámbrica SpeedPro,Aspiradora escoba sin cable con cabezal de succión de 180 grados,1069.79,14,1,2026-09-19 00:32:42,2026-09-19 01:27:42
212,PROD-212,Freidora XXL Airfryer,Freidora de aire de gran capacidad con tecnología de extracción de grasa,3407.83,27,1,2026-09-22 01:43:31,2026-09-22 02:26:31
213,PROD-213,Audífonos Bluetooth WH-1000XM5,Audífonos inalámbricos con la mejor cancelación de ruido del mercado,3211.47,45,1,2026-09-18 05:42:57,2026-09-18 06:49:57
214,PROD-214,Freidora de Aire 4L,Freidora sin aceite para cocinar de manera saludable y rápida,3068.36,60,1,2026-09-21 11:06:33,2026-09-21 12:50:33
215,PROD-215,iPhone 16 Pro 256GB,Teléfono inteligente premium con chip de alto rendimiento y triple cámara - Color Gris,7503.15,43,1,2026-09-18 11:22:22,2026-09-18 12:59:22
216,PROD-216,Licuadora Reversible 2 Velocidades,Licuadora con motor reversible y vaso de vidrio resistente a choques térmicos,7629.82,48,1,2026-09-20 13:04:14,2026-09-20 14:03:14
217,PROD-217,Aspiradora Inalámbrica SpeedPro,Aspiradora escoba sin cable con cabezal de succión de 180 grados,6968.28,48,1,2026-09-19 11:09:02,2026-09-19 11:28:02
218,PROD-218,Camiseta Graphic Setin Neck,"Playera casual de algodón con estampado frontal (Talla XL, Color Verde)",1001.06,45,1,2026-09-21 03:14:29,2026-09-21 03:21:29
219,PROD-219,Zapatillas Ultraboost Light,"Tenis de running con retorno de energía superior y ligereza (Talla L, Color Azul)",1321.61,17,1,2026-09-19 18:48:39,2026-09-19 20:34:39
220,PROD-220,Jeans 501 Original Fit,"Pantalón de mezclilla clásico de corte recto y ajuste cómodo (Talla XL, Color Azul)",1597.71,15,1,2026-09-20 06:36:24,2026-09-20 08:32:24
221,PROD-221,Freidora de Aire 4L,Freidora sin aceite para cocinar de manera saludable y rápida,4998.04,40,1,2026-09-18 11:04:49,2026-09-18 11:11:49
222,PROD-222,Chaqueta Camionera de Mezclilla,"Chaqueta clásica de mezclilla resistente para uso diario (Talla S, Color Rojo)",1739.17,15,1,2026-09-19 01:11:24,2026-09-19 02:41:24
223,PROD-223,Zapatillas Running Pegasus 40,"Calzado de correr con amortiguación reactiva para entrenamiento (Talla M, Color Gris)",1151.63,46,1,2026-09-19 21:31:52,2026-09-19 22:23:52
224,PROD-224,Polerón Adicolor Classics,"Sudadera clásica con el logotipo de las tres tiras (Talla S, Color Verde)",1741.71,18,1,2026-09-19 13:07:27,2026-09-19 13:19:27
225,PROD-225,Aspiradora Inalámbrica SpeedPro,Aspiradora escoba sin cable con cabezal de succión de 180 grados,2315.17,50,1,2026-09-21 04:53:03,2026-09-21 06:44:03
226,PROD-226,Consola PlayStation 5 Slim,Consola de videojuegos de última generación con almacenamiento SSD ultra rápido,21187.25,14,1,2026-09-19 16:03:21,2026-09-19 16:42:21
227,PROD-227,Freidora XXL Airfryer,Freidora de aire de gran capacidad con tecnología de extracción de grasa,4922.31,13,1,2026-09-19 10:11:45,2026-09-19 11:22:45
228,PROD-228,Zapatillas Samba OG,"Tenis de estilo retro icónicos en cuero de primera calidad (Talla M, Color Verde)",1861.09,97,1,2026-09-20 17:46:16,2026-09-20 17:57:16
229,PROD-229,Aspiradora Inalámbrica SpeedPro,Aspiradora escoba sin cable con cabezal de succión de 180 grados,538.55,27,1,2026-09-18 15:21:44,2026-09-18 15:48:44
230,PROD-230,Zapatillas Air Max 270,"Calzado deportivo con cápsula de aire visible para máxima comodidad (Talla M, Color Blanco)",683.13,47,1,2026-09-22 07:53:16,2026-09-22 08:05:16
231,PROD-231,Cafetera Programable 12 Tazas,Cafetera de goteo con temporizador programable y jarra de vidrio,2959.41,57,1,2026-09-21 07:07:01,2026-09-21 07:23:01
232,PROD-232,Freidora XXL Airfryer,Freidora de aire de gran capacidad con tecnología de extracción de grasa,1633.08,52,1,2026-09-22 05:24:32,2026-09-22 06:43:32
233,PROD-233,Smartphone Redmi Note 13 Pro 1TB,Teléfono inteligente con excelente relación calidad-precio y gran cámara - Color Gris,24510.88,20,1,2026-09-20 05:48:03,2026-09-20 07:06:03
234,PROD-234,Zapatillas Samba OG,"Tenis de estilo retro icónicos en cuero de primera calidad (Talla M, Color Rojo)",864.21,70,1,2026-09-18 17:21:55,2026-09-18 18:08:55
235,PROD-235,Aspiradora Inalámbrica SpeedPro,Aspiradora escoba sin cable con cabezal de succión de 180 grados,6247.73,57,1,2026-09-19 20:43:26,2026-09-19 21:47:26
236,PROD-236,Freidora XXL Airfryer,Freidora de aire de gran capacidad con tecnología de extracción de grasa,6608.37,59,1,2026-09-21 05:10:12,2026-09-21 05:27:12
237,PROD-237,Camiseta Graphic Setin Neck,"Playera casual de algodón con estampado frontal (Talla L, Color Rojo)",2358.73,76,1,2026-09-18 07:16:02,2026-09-18 07:52:02
238,PROD-238,MacBook Air 15 M2 1TB,Laptop ultra delgada y liviana con gran autonomía - Color Rojo,5730.88,32,1,2026-09-18 02:27:59,2026-09-18 04:23:59
239,PROD-239,Patinete Eléctrico Pro 4,Scooter eléctrico con gran autonomía para movilidad urbana,33531.75,31,1,2026-09-17 20:51:56,2026-09-17 21:41:56
240,PROD-240,Freidora XXL Airfryer,Freidora de aire de gran capacidad con tecnología de extracción de grasa,3334.86,13,1,2026-09-19 19:42:37,2026-09-19 20:10:37
241,PROD-241,Consola PlayStation 5 Slim,Consola de videojuegos de última generación con almacenamiento SSD ultra rápido,30290.76,46,1,2026-09-19 13:56:23,2026-09-19 15:37:23
242,PROD-242,iPhone 16 Pro Max 512GB,Smartphone insignia de Apple con acabado en titanio y cámara profesional - Color Azul,25210.56,13,1,2026-09-22 03:37:26,2026-09-22 05:07:26
243,PROD-243,Zapatillas Running Pegasus 40,"Calzado de correr con amortiguación reactiva para entrenamiento (Talla S, Color Negro)",390.86,37,1,2026-09-18 10:53:06,2026-09-18 12:03:06
244,PROD-244,Freidora XXL Airfryer,Freidora de aire de gran capacidad con tecnología de extracción de grasa,6298.91,23,1,2026-09-19 08:58:04,2026-09-19 09:13:04
245,PROD-245,Apple Watch Series 10,Reloj inteligente con sensores avanzados de salud y actividad física,23182.79,44,1,2026-09-20 07:40:54,2026-09-20 07:48:54
246,PROD-246,Robot Aspiradora X10+,Aspiradora robótica con estación de vaciado automático y mapeo láser,19529.91,45,1,2026-09-20 16:10:00,2026-09-20 17:23:00
247,PROD-247,MacBook Air 15 M2 1TB,Laptop ultra delgada y liviana con gran autonomía - Color Negro,22325.74,20,1,2026-09-21 00:13:07,2026-09-21 01:06:07
248,PROD-248,Audífonos Galaxy Buds3 Pro,Audífonos inalámbricos con cancelación activa de ruido inteligente,35100.23,9,1,2026-09-20 17:43:21,2026-09-20 18:52:21
249,PROD-249,Freidora de Aire 4L,Freidora sin aceite para cocinar de manera saludable y rápida,7037.32,10,1,2026-09-21 09:41:09,2026-09-21 10:30:09
250,PROD-250,Zapatillas Air Force 1 '07,"Tenis clásicos de cuero blanco para uso urbano y casual (Talla L, Color Negro)",1091.33,94,1,2026-09-21 08:36:22,2026-09-21 08:49:22
251,PROD-251,Freidora XXL Airfryer,Freidora de aire de gran capacidad con tecnología de extracción de grasa,736.95,42,1,2026-09-19 14:24:51,2026-09-19 16:08:51
252,PROD-252,Cafetera Programable 12 Tazas,Cafetera de goteo con temporizador programable y jarra de vidrio,3931.13,52,1,2026-09-20 10:48:03,2026-09-20 12:08:03
253,PROD-253,iPhone 16 Pro 1TB,Teléfono inteligente premium con chip de alto rendimiento y triple cámara - Color Negro,10917.21,7,1,2026-09-22 08:19:24,2026-09-22 08:44:24
254,PROD-254,Cámara Alpha 7 IV,Cámara mirrorless profesional de fotograma completo para foto y video,18796.12,39,1,2026-09-20 10:03:12,2026-09-20 10:35:12
255,PROD-255,MacBook Air 15 M2 512GB,Laptop ultra delgada y liviana con gran autonomía - Color Negro,31235.84,26,1,2026-09-19 04:53:59,2026-09-19 05:08:59
256,PROD-256,Pantalón de Buzo Tech Fleece,"Pantalón deportivo térmico con diseño estilizado (Talla XL, Color Azul)",1078.93,33,1,2026-09-20 13:22:28,2026-09-20 14:50:28
257,PROD-257,Zapatillas Running Pegasus 40,"Calzado de correr con amortiguación reactiva para entrenamiento (Talla L, Color Negro)",1913.22,20,1,2026-09-20 03:49:17,2026-09-20 05:06:17
258,PROD-258,Monitor UltraGear 27,Monitor de alta frecuencia de actualización para juegos competitivos,11903.01,10,1,2026-09-19 12:51:59,2026-09-19 14:15:59
259,PROD-259,Pantalón de Buzo Tech Fleece,"Pantalón deportivo térmico con diseño estilizado (Talla XL, Color Blanco)",1832.99,54,1,2026-09-20 06:13:39,2026-09-20 06:18:39
260,PROD-260,Aspiradora Inalámbrica SpeedPro,Aspiradora escoba sin cable con cabezal de succión de 180 grados,2486.62,58,1,2026-09-17 21:27:47,2026-09-17 21:36:47
261,PROD-261,Aspiradora Inalámbrica SpeedPro,Aspiradora escoba sin cable con cabezal de succión de 180 grados,4299.45,55,1,2026-09-21 16:03:21,2026-09-21 16:23:21
262,PROD-262,Audífonos AirPods Max,Audífonos de diadema inalámbricos con sonido de alta fidelidad,1735.36,9,1,2026-09-18 23:28:44,2026-09-19 01:07:44
263,PROD-263,Aspiradora Inalámbrica SpeedPro,Aspiradora escoba sin cable con cabezal de succión de 180 grados,3309.69,44,1,2026-09-17 17:49:34,2026-09-17 19:06:34
264,PROD-264,Patinete Eléctrico Pro 4,Scooter eléctrico con gran autonomía para movilidad urbana,13706.47,9,1,2026-09-21 00:41:35,2026-09-21 00:58:35
265,PROD-265,Aspiradora Inalámbrica SpeedPro,Aspiradora escoba sin cable con cabezal de succión de 180 grados,2789.33,25,1,2026-09-19 01:27:43,2026-09-19 01:41:43
266,PROD-266,Audífonos AirPods Max,Audífonos de diadema inalámbricos con sonido de alta fidelidad,18879.96,40,1,2026-09-18 06:15:35,2026-09-18 06:48:35
267,PROD-267,Zapatillas Samba OG,"Tenis de estilo retro icónicos en cuero de primera calidad (Talla M, Color Rojo)",963.99,72,1,2026-09-18 18:15:46,2026-09-18 18:30:46
268,PROD-268,Monitor Odyssey G9,Monitor curvo ultrawide diseñado para gaming profesional,6629.30,50,1,2026-09-20 05:56:01,2026-09-20 06:07:01
269,PROD-269,Aspiradora Inalámbrica SpeedPro,Aspiradora escoba sin cable con cabezal de succión de 180 grados,5792.51,43,1,2026-09-20 20:04:08,2026-09-20 20:41:08
270,PROD-270,Jeans 511 Slim Fit,"Pantalón de mezclilla ajustado de estilo moderno (Talla L, Color Rojo)",832.12,35,1,2026-09-22 08:27:45,2026-09-22 08:44:45
271,PROD-271,Smartphone Redmi Note 13 Pro 512GB,Teléfono inteligente con excelente relación calidad-precio y gran cámara - Color Rojo,20815.85,34,1,2026-09-22 10:09:05,2026-09-22 11:19:05
272,PROD-272,Smart TV OLED C3 65,Televisor inteligente ideal para videojuegos y películas con pánel OLED,2834.06,30,1,2026-09-21 21:31:14,2026-09-21 23:03:14
273,PROD-273,Zapatillas Samba OG,"Tenis de estilo retro icónicos en cuero de primera calidad (Talla XL, Color Rojo)",508.56,50,1,2026-09-21 10:39:25,2026-09-21 10:48:25
274,PROD-274,Zapatillas Running Pegasus 40,"Calzado de correr con amortiguación reactiva para entrenamiento (Talla L, Color Blanco)",2237.61,80,1,2026-09-21 10:17:11,2026-09-21 11:32:11
275,PROD-275,Apple Watch Series 10,Reloj inteligente con sensores avanzados de salud y actividad física,18351.66,8,1,2026-09-18 07:11:31,2026-09-18 08:17:31
276,PROD-276,Audífonos Bluetooth WH-1000XM5,Audífonos inalámbricos con la mejor cancelación de ruido del mercado,6249.83,50,1,2026-09-18 21:56:46,2026-09-18 22:40:46
277,PROD-277,Freidora XXL Airfryer,Freidora de aire de gran capacidad con tecnología de extracción de grasa,2304.60,48,1,2026-09-20 21:19:54,2026-09-20 21:54:54
278,PROD-278,Parlante Portátil SRS-XG300,Bocina inalámbrica portátil resistente al agua con graves potentes,19438.47,37,1,2026-09-21 10:27:37,2026-09-21 10:48:37
279,PROD-279,Licuadora Reversible 2 Velocidades,Licuadora con motor reversible y vaso de vidrio resistente a choques térmicos,5406.37,54,1,2026-09-21 05:14:22,2026-09-21 05:57:22
280,PROD-280,Licuadora Reversible 2 Velocidades,Licuadora con motor reversible y vaso de vidrio resistente a choques térmicos,1017.29,49,1,2026-09-22 05:23:52,2026-09-22 06:36:52
281,PROD-281,Zapatillas Ultraboost Light,"Tenis de running con retorno de energía superior y ligereza (Talla XL, Color Rojo)",1723.83,73,1,2026-09-21 08:26:49,2026-09-21 09:35:49
282,PROD-282,Zapatillas Samba OG,"Tenis de estilo retro icónicos en cuero de primera calidad (Talla XL, Color Blanco)",2080.08,97,1,2026-09-20 00:15:04,2026-09-20 00:53:04
283,PROD-283,Jeans 501 Original Fit,"Pantalón de mezclilla clásico de corte recto y ajuste cómodo (Talla M, Color Azul)",1243.59,69,1,2026-09-18 18:49:21,2026-09-18 19:32:21
284,PROD-284,Freidora de Aire 4L,Freidora sin aceite para cocinar de manera saludable y rápida,6947.29,28,1,2026-09-22 00:02:07,2026-09-22 01:52:07
285,PROD-285,Zapatillas Air Max 270,"Calzado deportivo con cápsula de aire visible para máxima comodidad (Talla L, Color Rojo)",1557.55,50,1,2026-09-19 00:18:55,2026-09-19 01:17:55
286,PROD-286,Smart TV Bravia XR OLED 55,Televisor OLED con negros absolutos y procesador de imagen cognitivo,9301.12,11,1,2026-09-17 20:28:46,2026-09-17 21:05:46
287,PROD-287,Zapatillas Samba OG,"Tenis de estilo retro icónicos en cuero de primera calidad (Talla M, Color Blanco)",2098.98,83,1,2026-09-21 22:07:53,2026-09-21 22:47:53
288,PROD-288,Audífonos AirPods Max,Audífonos de diadema inalámbricos con sonido de alta fidelidad,35856.91,34,1,2026-09-20 13:44:48,2026-09-20 15:36:48
289,PROD-289,Zapatillas Air Force 1 '07,"Tenis clásicos de cuero blanco para uso urbano y casual (Talla S, Color Azul)",1436.71,40,1,2026-09-18 20:26:32,2026-09-18 21:40:32
290,PROD-290,Jeans 501 Original Fit,"Pantalón de mezclilla clásico de corte recto y ajuste cómodo (Talla L, Color Azul)",1634.67,93,1,2026-09-21 15:03:09,2026-09-21 16:03:09
291,PROD-291,Zapatillas Ultraboost Light,"Tenis de running con retorno de energía superior y ligereza (Talla S, Color Azul)",637.96,43,1,2026-09-21 23:03:38,2026-09-21 23:49:38
292,PROD-292,Zapatillas Air Force 1 '07,"Tenis clásicos de cuero blanco para uso urbano y casual (Talla XL, Color Negro)",1576.11,34,1,2026-09-19 17:54:21,2026-09-19 19:04:21
293,PROD-293,Camiseta Graphic Setin Neck,"Playera casual de algodón con estampado frontal (Talla XL, Color Rojo)",951.40,89,1,2026-09-21 16:11:59,2026-09-21 17:29:59
294,PROD-294,iPhone 16 Pro 1TB,Teléfono inteligente premium con chip de alto rendimiento y triple cámara - Color Gris,28718.85,26,1,2026-09-20 22:20:59,2026-09-21 00:20:59
295,PROD-295,Jeans 511 Slim Fit,"Pantalón de mezclilla ajustado de estilo moderno (Talla XL, Color Rojo)",436.55,14,1,2026-09-18 09:04:01,2026-09-18 10:35:01
296,PROD-296,Zapatillas Running Pegasus 40,"Calzado de correr con amortiguación reactiva para entrenamiento (Talla XL, Color Blanco)",1653.46,75,1,2026-09-18 09:28:00,2026-09-18 10:09:00
297,PROD-297,Freidora XXL Airfryer,Freidora de aire de gran capacidad con tecnología de extracción de grasa,3386.45,47,1,2026-09-22 00:46:51,2026-09-22 02:33:51
298,PROD-298,Zapatillas Samba OG,"Tenis de estilo retro icónicos en cuero de primera calidad (Talla XL, Color Verde)",1560.29,70,1,2026-09-22 11:54:42,2026-09-22 11:56:42
299,PROD-299,Zapatillas Air Force 1 '07,"Tenis clásicos de cuero blanco para uso urbano y casual (Talla XL, Color Rojo)",1011.51,98,1,2026-09-21 08:45:08,2026-09-21 08:48:08
300,PROD-300,Aspiradora Inalámbrica SpeedPro,Aspiradora escoba sin cable con cabezal de succión de 180 grados,7749.74,58,1,2026-09-22 06:08:47,2026-09-22 07:22:47
301,PROD-301,Cafetera Programable 12 Tazas,Cafetera de goteo con temporizador programable y jarra de vidrio,790.30,38,1,2026-09-18 13:56:32,2026-09-18 15:03:32
302,PROD-302,Freidora XXL Airfryer,Freidora de aire de gran capacidad con tecnología de extracción de grasa,6644.63,23,1,2026-09-17 17:42:27,2026-09-17 18:55:27
303,PROD-303,Licuadora Reversible 2 Velocidades,Licuadora con motor reversible y vaso de vidrio resistente a choques térmicos,543.92,28,1,2026-09-20 02:05:56,2026-09-20 02:24:56
304,PROD-304,Zapatillas Ultraboost Light,"Tenis de running con retorno de energía superior y ligereza (Talla XL, Color Rojo)",2016.19,70,1,2026-09-22 00:16:25,2026-09-22 01:49:25
305,PROD-305,Audífonos AirPods Pro 2,Audífonos intrauditivos con cancelación de ruido de nivel superior,7860.63,25,1,2026-09-21 13:33:12,2026-09-21 14:34:12
306,PROD-306,Aspiradora Inalámbrica SpeedPro,Aspiradora escoba sin cable con cabezal de succión de 180 grados,7670.81,37,1,2026-09-20 18:45:07,2026-09-20 19:28:07
307,PROD-307,Aspiradora Inalámbrica SpeedPro,Aspiradora escoba sin cable con cabezal de succión de 180 grados,5036.58,20,1,2026-09-19 01:00:42,2026-09-19 01:35:42
308,PROD-308,Freidora XXL Airfryer,Freidora de aire de gran capacidad con tecnología de extracción de grasa,7555.29,27,1,2026-09-22 05:25:12,2026-09-22 06:01:12
309,PROD-309,Cafetera Programable 12 Tazas,Cafetera de goteo con temporizador programable y jarra de vidrio,5757.91,28,1,2026-09-20 10:59:10,2026-09-20 11:43:10
310,PROD-310,Aspiradora Inalámbrica SpeedPro,Aspiradora escoba sin cable con cabezal de succión de 180 grados,1326.24,51,1,2026-09-20 20:13:03,2026-09-20 21:01:03
311,PROD-311,Zapatillas Air Max 270,"Calzado deportivo con cápsula de aire visible para máxima comodidad (Talla L, Color Negro)",968.41,20,1,2026-09-19 15:33:09,2026-09-19 17:31:09
312,PROD-312,Zapatillas Samba OG,"Tenis de estilo retro icónicos en cuero de primera calidad (Talla XL, Color Blanco)",784.45,78,1,2026-09-19 04:35:46,2026-09-19 06:34:46
313,PROD-313,Freidora XXL Airfryer,Freidora de aire de gran capacidad con tecnología de extracción de grasa,1230.12,55,1,2026-09-21 02:34:23,2026-09-21 03:04:23
314,PROD-314,Audífonos Galaxy Buds3 Pro,Audífonos inalámbricos con cancelación activa de ruido inteligente,8511.34,19,1,2026-09-17 20:45:15,2026-09-17 20:57:15
315,PROD-315,Pantalón de Buzo Tech Fleece,"Pantalón deportivo térmico con diseño estilizado (Talla S, Color Verde)",2007.15,10,1,2026-09-20 21:15:38,2026-09-20 23:13:38
316,PROD-316,Smart Band 8,Pulsera de actividad física con seguimiento del sueño y deporte,17449.42,17,1,2026-09-22 03:11:50,2026-09-22 03:47:50
317,PROD-317,Zapatillas Air Force 1 '07,"Tenis clásicos de cuero blanco para uso urbano y casual (Talla S, Color Verde)",1584.39,78,1,2026-09-22 00:41:19,2026-09-22 02:13:19
318,PROD-318,Apple Watch Series 10,Reloj inteligente con sensores avanzados de salud y actividad física,31819.70,16,1,2026-09-17 18:24:07,2026-09-17 20:11:07
319,PROD-319,Zapatillas Air Max 270,"Calzado deportivo con cápsula de aire visible para máxima comodidad (Talla L, Color Negro)",369.92,82,1,2026-09-21 04:53:46,2026-09-21 05:06:46
320,PROD-320,Pantalón de Buzo Tech Fleece,"Pantalón deportivo térmico con diseño estilizado (Talla XL, Color Blanco)",2179.78,69,1,2026-09-19 04:50:40,2026-09-19 05:14:40
321,PROD-321,Audífonos Bluetooth WH-1000XM5,Audífonos inalámbricos con la mejor cancelación de ruido del mercado,26454.73,46,1,2026-09-19 02:34:35,2026-09-19 04:05:35
322,PROD-322,Tablet Galaxy Tab S9 512GB,"Tableta de alto rendimiento para diseño, trabajo y entretenimiento - Color Rojo",24441.24,17,1,2026-09-18 14:40:04,2026-09-18 15:58:04
323,PROD-323,Aspiradora Inalámbrica SpeedPro,Aspiradora escoba sin cable con cabezal de succión de 180 grados,4316.13,13,1,2026-09-19 23:29:07,2026-09-20 00:54:07
324,PROD-324,iPhone 16 1TB,Smartphone con pantalla Super Retina XDR y excelente duración de batería - Color Gris,33721.80,5,1,2026-09-19 03:05:21,2026-09-19 03:54:21
325,PROD-325,Patinete Eléctrico Pro 4,Scooter eléctrico con gran autonomía para movilidad urbana,34368.24,24,1,2026-09-21 01:56:12,2026-09-21 03:28:12
326,PROD-326,Freidora de Aire 4L,Freidora sin aceite para cocinar de manera saludable y rápida,5367.99,52,1,2026-09-18 23:31:25,2026-09-18 23:38:25
327,PROD-327,Freidora de Aire 4L,Freidora sin aceite para cocinar de manera saludable y rápida,2731.73,33,1,2026-09-21 17:01:35,2026-09-21 18:05:35
328,PROD-328,Freidora XXL Airfryer,Freidora de aire de gran capacidad con tecnología de extracción de grasa,5254.21,26,1,2026-09-19 18:38:13,2026-09-19 19:56:13
329,PROD-329,iPhone 16 1TB,Smartphone con pantalla Super Retina XDR y excelente duración de batería - Color Blanco,16651.74,43,1,2026-09-19 19:31:22,2026-09-19 20:24:22
330,PROD-330,Freidora XXL Airfryer,Freidora de aire de gran capacidad con tecnología de extracción de grasa,6190.13,51,1,2026-09-22 03:01:35,2026-09-22 04:17:35
331,PROD-331,Monitor UltraGear 27,Monitor de alta frecuencia de actualización para juegos competitivos,19250.15,28,1,2026-09-18 00:29:03,2026-09-18 02:26:03
332,PROD-332,Licuadora Reversible 2 Velocidades,Licuadora con motor reversible y vaso de vidrio resistente a choques térmicos,6698.68,40,1,2026-09-18 18:33:03,2026-09-18 19:46:03
333,PROD-333,Licuadora Reversible 2 Velocidades,Licuadora con motor reversible y vaso de vidrio resistente a choques térmicos,2893.69,41,1,2026-09-20 05:27:26,2026-09-20 05:41:26
334,PROD-334,Cafetera Programable 12 Tazas,Cafetera de goteo con temporizador programable y jarra de vidrio,4831.92,13,1,2026-09-20 15:26:18,2026-09-20 16:23:18
335,PROD-335,Smartphone Xiaomi 14 Ultra 1TB,Smartphone de gama alta enfocado en fotografía profesional Leica - Color Azul,20518.85,40,1,2026-09-20 08:26:54,2026-09-20 09:52:54
336,PROD-336,Zapatillas Ultraboost Light,"Tenis de running con retorno de energía superior y ligereza (Talla XL, Color Gris)",2105.37,37,1,2026-09-21 01:19:56,2026-09-21 01:28:56
337,PROD-337,Patinete Eléctrico Pro 4,Scooter eléctrico con gran autonomía para movilidad urbana,25363.66,39,1,2026-09-17 21:53:06,2026-09-17 23:52:06
338,PROD-338,Smartphone Redmi Note 13 Pro 512GB,Teléfono inteligente con excelente relación calidad-precio y gran cámara - Color Azul,6889.34,13,1,2026-09-22 04:38:29,2026-09-22 06:00:29
339,PROD-339,Aspiradora Inalámbrica SpeedPro,Aspiradora escoba sin cable con cabezal de succión de 180 grados,7945.71,32,1,2026-09-20 06:25:57,2026-09-20 08:16:57
340,PROD-340,Zapatillas Air Force 1 '07,"Tenis clásicos de cuero blanco para uso urbano y casual (Talla M, Color Verde)",2199.62,25,1,2026-09-18 15:06:06,2026-09-18 16:14:06
341,PROD-341,Zapatillas Ultraboost Light,"Tenis de running con retorno de energía superior y ligereza (Talla M, Color Negro)",1975.79,48,1,2026-09-20 08:32:22,2026-09-20 09:58:22
342,PROD-342,Aspiradora Inalámbrica SpeedPro,Aspiradora escoba sin cable con cabezal de succión de 180 grados,6657.54,23,1,2026-09-20 08:11:35,2026-09-20 08:55:35
343,PROD-343,Audífonos Bluetooth WH-1000XM5,Audífonos inalámbricos con la mejor cancelación de ruido del mercado,33778.07,12,1,2026-09-17 17:48:06,2026-09-17 19:31:06
344,PROD-344,Freidora XXL Airfryer,Freidora de aire de gran capacidad con tecnología de extracción de grasa,2229.06,12,1,2026-09-18 03:48:13,2026-09-18 05:04:13
345,PROD-345,Robot Aspiradora X10+,Aspiradora robótica con estación de vaciado automático y mapeo láser,24356.84,8,1,2026-09-19 00:45:06,2026-09-19 02:19:06
346,PROD-346,Smart Band 8,Pulsera de actividad física con seguimiento del sueño y deporte,8819.04,18,1,2026-09-22 02:58:30,2026-09-22 04:48:30
347,PROD-347,Audífonos AirPods Pro 2,Audífonos intrauditivos con cancelación de ruido de nivel superior,35768.66,19,1,2026-09-22 11:55:01,2026-09-22 13:52:01
348,PROD-348,Aspiradora Inalámbrica SpeedPro,Aspiradora escoba sin cable con cabezal de succión de 180 grados,2200.47,17,1,2026-09-21 13:15:36,2026-09-21 14:21:36
349,PROD-349,Patinete Eléctrico Pro 4,Scooter eléctrico con gran autonomía para movilidad urbana,10267.96,40,1,2026-09-21 03:16:38,2026-09-21 05:08:38
350,PROD-350,Cafetera Programable 12 Tazas,Cafetera de goteo con temporizador programable y jarra de vidrio,5558.50,43,1,2026-09-20 13:17:23,2026-09-20 13:23:23
351,PROD-351,Polerón Adicolor Classics,"Sudadera clásica con el logotipo de las tres tiras (Talla XL, Color Rojo)",1035.28,63,1,2026-09-20 00:34:00,2026-09-20 00:53:00
352,PROD-352,Zapatillas Air Max 270,"Calzado deportivo con cápsula de aire visible para máxima comodidad (Talla XL, Color Blanco)",2176.08,48,1,2026-09-21 20:09:29,2026-09-21 20:27:29
353,PROD-353,Camiseta Graphic Setin Neck,"Playera casual de algodón con estampado frontal (Talla XL, Color Rojo)",1489.48,59,1,2026-09-19 00:28:42,2026-09-19 01:00:42
354,PROD-354,Barra de Sonido HT-A7000,Sistema de audio para cine en casa con soporte Dolby Atmos,3307.00,33,1,2026-09-19 19:09:06,2026-09-19 19:20:06
355,PROD-355,Licuadora Reversible 2 Velocidades,Licuadora con motor reversible y vaso de vidrio resistente a choques térmicos,2440.31,51,1,2026-09-21 05:12:53,2026-09-21 06:29:53
356,PROD-356,Smartphone Galaxy Z Fold 6 256GB,Teléfono plegable con pantalla gigante para productividad y multitarea - Color Azul,7915.56,26,1,2026-09-19 09:15:52,2026-09-19 11:11:52
357,PROD-357,MacBook Pro 16 M3 128GB,Computadora portátil profesional para edición de video y desarrollo - Color Verde,35984.81,35,1,2026-09-19 00:26:23,2026-09-19 01:55:23
358,PROD-358,Freidora de Aire 4L,Freidora sin aceite para cocinar de manera saludable y rápida,7354.96,43,1,2026-09-19 11:56:53,2026-09-19 13:35:53
359,PROD-359,Pantalón de Buzo Tech Fleece,"Pantalón deportivo térmico con diseño estilizado (Talla L, Color Gris)",912.36,75,1,2026-09-20 13:31:51,2026-09-20 14:30:51
360,PROD-360,Patinete Eléctrico Pro 4,Scooter eléctrico con gran autonomía para movilidad urbana,32958.73,28,1,2026-09-19 10:40:56,2026-09-19 11:32:56
361,PROD-361,Smart TV OLED C3 65,Televisor inteligente ideal para videojuegos y películas con pánel OLED,26814.46,6,1,2026-09-19 03:05:15,2026-09-19 04:15:15
362,PROD-362,Aspiradora Inalámbrica SpeedPro,Aspiradora escoba sin cable con cabezal de succión de 180 grados,1558.33,29,1,2026-09-18 22:36:31,2026-09-18 23:24:31
363,PROD-363,Freidora de Aire 4L,Freidora sin aceite para cocinar de manera saludable y rápida,4584.88,51,1,2026-09-19 14:16:15,2026-09-19 14:48:15
364,PROD-364,Polerón Adicolor Classics,"Sudadera clásica con el logotipo de las tres tiras (Talla XL, Color Azul)",711.70,55,1,2026-09-18 13:45:38,2026-09-18 14:02:38
365,PROD-365,Freidora XXL Airfryer,Freidora de aire de gran capacidad con tecnología de extracción de grasa,7368.44,42,1,2026-09-21 10:34:47,2026-09-21 10:41:47
366,PROD-366,Licuadora Reversible 2 Velocidades,Licuadora con motor reversible y vaso de vidrio resistente a choques térmicos,7583.43,50,1,2026-09-17 20:10:30,2026-09-17 21:47:30
367,PROD-367,Smartphone Xiaomi 14 Ultra 256GB,Smartphone de gama alta enfocado en fotografía profesional Leica - Color Negro,25604.52,5,1,2026-09-18 20:57:47,2026-09-18 22:01:47
368,PROD-368,Zapatillas Air Force 1 '07,"Tenis clásicos de cuero blanco para uso urbano y casual (Talla XL, Color Verde)",1398.89,10,1,2026-09-20 18:37:07,2026-09-20 19:47:07
369,PROD-369,Jeans 501 Original Fit,"Pantalón de mezclilla clásico de corte recto y ajuste cómodo (Talla L, Color Rojo)",2451.58,12,1,2026-09-20 14:15:00,2026-09-20 15:59:00
370,PROD-370,Freidora XXL Airfryer,Freidora de aire de gran capacidad con tecnología de extracción de grasa,1213.32,14,1,2026-09-20 17:28:43,2026-09-20 17:47:43
371,PROD-371,Audífonos AirPods Pro 2,Audífonos intrauditivos con cancelación de ruido de nivel superior,9460.85,27,1,2026-09-19 04:02:30,2026-09-19 05:43:30
372,PROD-372,Chaqueta Camionera de Mezclilla,"Chaqueta clásica de mezclilla resistente para uso diario (Talla XL, Color Azul)",1564.75,99,1,2026-09-18 22:00:09,2026-09-18 22:38:09
373,PROD-373,Cafetera Programable 12 Tazas,Cafetera de goteo con temporizador programable y jarra de vidrio,7936.73,49,1,2026-09-22 03:43:56,2026-09-22 03:47:56
374,PROD-374,Smart Band 8,Pulsera de actividad física con seguimiento del sueño y deporte,13889.52,35,1,2026-09-17 21:16:55,2026-09-17 22:37:55
375,PROD-375,iPhone 16 Pro 1TB,Teléfono inteligente premium con chip de alto rendimiento y triple cámara - Color Azul,23394.21,26,1,2026-09-20 23:31:06,2026-09-21 01:20:06
376,PROD-376,Smart TV OLED C3 65,Televisor inteligente ideal para videojuegos y películas con pánel OLED,8656.71,49,1,2026-09-20 23:39:13,2026-09-21 00:39:13
377,PROD-377,Jeans 501 Original Fit,"Pantalón de mezclilla clásico de corte recto y ajuste cómodo (Talla L, Color Rojo)",1561.55,14,1,2026-09-18 15:13:48,2026-09-18 17:11:48
378,PROD-378,Jeans 511 Slim Fit,"Pantalón de mezclilla ajustado de estilo moderno (Talla M, Color Verde)",2114.94,19,1,2026-09-19 08:41:42,2026-09-19 09:01:42
379,PROD-379,Cafetera Programable 12 Tazas,Cafetera de goteo con temporizador programable y jarra de vidrio,6743.34,32,1,2026-09-21 15:42:36,2026-09-21 17:36:36
380,PROD-380,Aspiradora Inalámbrica SpeedPro,Aspiradora escoba sin cable con cabezal de succión de 180 grados,6142.63,16,1,2026-09-22 08:14:03,2026-09-22 09:42:03
381,PROD-381,Cafetera Programable 12 Tazas,Cafetera de goteo con temporizador programable y jarra de vidrio,6065.47,30,1,2026-09-17 20:55:47,2026-09-17 21:07:47
382,PROD-382,Jeans 501 Original Fit,"Pantalón de mezclilla clásico de corte recto y ajuste cómodo (Talla L, Color Rojo)",2003.36,86,1,2026-09-19 22:53:01,2026-09-20 00:32:01
383,PROD-383,Chaqueta Camionera de Mezclilla,"Chaqueta clásica de mezclilla resistente para uso diario (Talla XL, Color Azul)",840.50,80,1,2026-09-19 19:47:06,2026-09-19 20:42:06
384,PROD-384,Refrigeradora InstaView,Refrigerador inteligente con panel de cristal panorámico,13992.58,44,1,2026-09-19 08:07:38,2026-09-19 09:49:38
385,PROD-385,Smartphone Galaxy S26+ 512GB,Teléfono inteligente con procesador de última generación y batería de larga duración - Color Blanco,13990.00,45,1,2026-09-18 11:34:40,2026-09-18 13:08:40
386,PROD-386,Polera Sportswear Club Fleece,"Sudadera de felpa con capucha y ajuste estándar (Talla S, Color Negro)",361.17,49,1,2026-09-20 05:52:44,2026-09-20 06:38:44
387,PROD-387,Jeans 511 Slim Fit,"Pantalón de mezclilla ajustado de estilo moderno (Talla S, Color Blanco)",1276.61,81,1,2026-09-20 21:53:58,2026-09-20 22:58:58
388,PROD-388,Jeans 501 Original Fit,"Pantalón de mezclilla clásico de corte recto y ajuste cómodo (Talla S, Color Gris)",1541.57,86,1,2026-09-21 04:12:22,2026-09-21 05:52:22
389,PROD-389,Zapatillas Air Force 1 '07,"Tenis clásicos de cuero blanco para uso urbano y casual (Talla L, Color Azul)",1183.77,20,1,2026-09-21 22:40:21,2026-09-22 00:35:21
390,PROD-390,Cafetera Programable 12 Tazas,Cafetera de goteo con temporizador programable y jarra de vidrio,4360.39,51,1,2026-09-19 20:33:28,2026-09-19 20:54:28
391,PROD-391,Cámara Alpha 7 IV,Cámara mirrorless profesional de fotograma completo para foto y video,10028.44,14,1,2026-09-17 22:19:25,2026-09-17 22:40:25
392,PROD-392,Pantalón de Buzo Tech Fleece,"Pantalón deportivo térmico con diseño estilizado (Talla L, Color Azul)",2032.73,56,1,2026-09-19 01:45:58,2026-09-19 03:45:58
393,PROD-393,Robot Aspiradora X10+,Aspiradora robótica con estación de vaciado automático y mapeo láser,22391.74,34,1,2026-09-18 04:41:19,2026-09-18 04:58:19
394,PROD-394,Camiseta Graphic Setin Neck,"Playera casual de algodón con estampado frontal (Talla L, Color Rojo)",1166.76,52,1,2026-09-20 05:13:18,2026-09-20 05:55:18
395,PROD-395,Polerón Adicolor Classics,"Sudadera clásica con el logotipo de las tres tiras (Talla M, Color Gris)",1039.43,98,1,2026-09-18 18:21:39,2026-09-18 19:22:39
396,PROD-396,Camiseta Graphic Setin Neck,"Playera casual de algodón con estampado frontal (Talla L, Color Gris)",1929.98,91,1,2026-09-20 12:37:04,2026-09-20 13:50:04
397,PROD-397,Smart TV Bravia XR OLED 55,Televisor OLED con negros absolutos y procesador de imagen cognitivo,10450.66,30,1,2026-09-19 18:16:08,2026-09-19 18:30:08
398,PROD-398,Cafetera Programable 12 Tazas,Cafetera de goteo con temporizador programable y jarra de vidrio,7979.21,19,1,2026-09-21 16:23:28,2026-09-21 18:01:28
399,PROD-399,Cafetera Programable 12 Tazas,Cafetera de goteo con temporizador programable y jarra de vidrio,3908.33,53,1,2026-09-18 19:38:31,2026-09-18 20:34:31
400,PROD-400,Zapatillas Ultraboost Light,"Tenis de running con retorno de energía superior y ligereza (Talla XL, Color Verde)",1423.50,91,1,2026-09-19 09:12:46,2026-09-19 09:42:46
401,PROD-401,Zapatillas Ultraboost Light,"Tenis de running con retorno de energía superior y ligereza (Talla XL, Color Azul)",509.03,86,1,2026-09-20 10:54:12,2026-09-20 12:08:12
402,PROD-402,Polerón Adicolor Classics,"Sudadera clásica con el logotipo de las tres tiras (Talla XL, Color Rojo)",429.05,56,1,2026-09-21 19:17:33,2026-09-21 21:11:33
403,PROD-403,Licuadora Reversible 2 Velocidades,Licuadora con motor reversible y vaso de vidrio resistente a choques térmicos,6244.05,50,1,2026-09-21 13:54:46,2026-09-21 14:39:46
404,PROD-404,Smart TV OLED C3 65,Televisor inteligente ideal para videojuegos y películas con pánel OLED,20494.32,46,1,2026-09-21 15:46:25,2026-09-21 17:08:25
405,PROD-405,Pantalón de Buzo Tech Fleece,"Pantalón deportivo térmico con diseño estilizado (Talla S, Color Negro)",562.00,38,1,2026-09-20 15:28:56,2026-09-20 17:03:56
406,PROD-406,Freidora de Aire 4L,Freidora sin aceite para cocinar de manera saludable y rápida,3243.31,37,1,2026-09-22 05:35:24,2026-09-22 07:01:24
407,PROD-407,Freidora de Aire 4L,Freidora sin aceite para cocinar de manera saludable y rápida,7982.54,38,1,2026-09-18 04:20:08,2026-09-18 04:57:08
408,PROD-408,Jeans 501 Original Fit,"Pantalón de mezclilla clásico de corte recto y ajuste cómodo (Talla M, Color Gris)",1020.56,68,1,2026-09-22 07:19:38,2026-09-22 07:45:38
409,PROD-409,Aspiradora Inalámbrica SpeedPro,Aspiradora escoba sin cable con cabezal de succión de 180 grados,4018.84,36,1,2026-09-21 22:15:27,2026-09-21 23:44:27
410,PROD-410,Zapatillas Air Force 1 '07,"Tenis clásicos de cuero blanco para uso urbano y casual (Talla L, Color Negro)",2091.90,24,1,2026-09-17 16:23:56,2026-09-17 18:11:56
411,PROD-411,Zapatillas Ultraboost Light,"Tenis de running con retorno de energía superior y ligereza (Talla M, Color Verde)",874.41,32,1,2026-09-20 21:29:14,2026-09-20 21:49:14
412,PROD-412,Zapatillas Samba OG,"Tenis de estilo retro icónicos en cuero de primera calidad (Talla XL, Color Blanco)",2065.17,90,1,2026-09-18 15:58:20,2026-09-18 16:21:20
413,PROD-413,Aspiradora Inalámbrica SpeedPro,Aspiradora escoba sin cable con cabezal de succión de 180 grados,621.86,47,1,2026-09-18 17:50:49,2026-09-18 18:47:49
414,PROD-414,Aspiradora Inalámbrica SpeedPro,Aspiradora escoba sin cable con cabezal de succión de 180 grados,433.82,21,1,2026-09-18 19:04:45,2026-09-18 19:39:45
415,PROD-415,Cafetera Programable 12 Tazas,Cafetera de goteo con temporizador programable y jarra de vidrio,1173.32,42,1,2026-09-18 16:20:15,2026-09-18 17:06:15
416,PROD-416,Camiseta Graphic Setin Neck,"Playera casual de algodón con estampado frontal (Talla S, Color Gris)",1792.01,72,1,2026-09-20 17:57:49,2026-09-20 19:18:49
417,PROD-417,Zapatillas Samba OG,"Tenis de estilo retro icónicos en cuero de primera calidad (Talla XL, Color Rojo)",595.60,55,1,2026-09-20 07:47:25,2026-09-20 09:06:25
418,PROD-418,Parlante Portátil SRS-XG300,Bocina inalámbrica portátil resistente al agua con graves potentes,21450.98,48,1,2026-09-18 08:37:02,2026-09-18 09:17:02
419,PROD-419,MacBook Air 15 M2 128GB,Laptop ultra delgada y liviana con gran autonomía - Color Blanco,13752.37,14,1,2026-09-20 15:30:14,2026-09-20 16:19:14
420,PROD-420,Zapatillas Ultraboost Light,"Tenis de running con retorno de energía superior y ligereza (Talla XL, Color Azul)",749.37,91,1,2026-09-20 19:22:16,2026-09-20 20:50:16
421,PROD-421,Cafetera Programable 12 Tazas,Cafetera de goteo con temporizador programable y jarra de vidrio,1668.18,26,1,2026-09-18 09:32:30,2026-09-18 09:55:30
422,PROD-422,Zapatillas Running Pegasus 40,"Calzado de correr con amortiguación reactiva para entrenamiento (Talla S, Color Gris)",2396.46,72,1,2026-09-18 08:59:38,2026-09-18 09:23:38
423,PROD-423,Polerón Adicolor Classics,"Sudadera clásica con el logotipo de las tres tiras (Talla XL, Color Azul)",1822.10,63,1,2026-09-21 20:31:54,2026-09-21 22:18:54
424,PROD-424,Zapatillas Air Max 270,"Calzado deportivo con cápsula de aire visible para máxima comodidad (Talla S, Color Rojo)",416.35,38,1,2026-09-19 07:38:54,2026-09-19 07:42:54
425,PROD-425,Chaqueta Camionera de Mezclilla,"Chaqueta clásica de mezclilla resistente para uso diario (Talla M, Color Azul)",1566.15,73,1,2026-09-20 21:10:09,2026-09-20 22:15:09
426,PROD-426,Smart TV OLED C3 65,Televisor inteligente ideal para videojuegos y películas con pánel OLED,10010.06,39,1,2026-09-22 13:00:32,2026-09-22 13:46:32
427,PROD-427,Cafetera Programable 12 Tazas,Cafetera de goteo con temporizador programable y jarra de vidrio,3754.39,21,1,2026-09-20 03:01:38,2026-09-20 03:14:38
428,PROD-428,Freidora de Aire 4L,Freidora sin aceite para cocinar de manera saludable y rápida,7048.55,10,1,2026-09-20 06:36:24,2026-09-20 07:09:24
429,PROD-429,Camiseta Graphic Setin Neck,"Playera casual de algodón con estampado frontal (Talla S, Color Blanco)",801.24,85,1,2026-09-21 17:28:19,2026-09-21 18:12:19
430,PROD-430,Freidora XXL Airfryer,Freidora de aire de gran capacidad con tecnología de extracción de grasa,5082.75,58,1,2026-09-18 19:12:03,2026-09-18 20:56:03
431,PROD-431,Tablet Galaxy Tab S9 512GB,"Tableta de alto rendimiento para diseño, trabajo y entretenimiento - Color Rojo",19626.28,25,1,2026-09-21 19:38:41,2026-09-21 20:15:41
432,PROD-432,Zapatillas Samba OG,"Tenis de estilo retro icónicos en cuero de primera calidad (Talla S, Color Blanco)",2419.96,62,1,2026-09-17 21:44:37,2026-09-17 22:19:37
433,PROD-433,Cafetera Programable 12 Tazas,Cafetera de goteo con temporizador programable y jarra de vidrio,6982.20,23,1,2026-09-18 10:24:28,2026-09-18 11:55:28
434,PROD-434,Camiseta Graphic Setin Neck,"Playera casual de algodón con estampado frontal (Talla XL, Color Blanco)",1591.46,44,1,2026-09-21 08:32:29,2026-09-21 09:25:29
435,PROD-435,Zapatillas Air Force 1 '07,"Tenis clásicos de cuero blanco para uso urbano y casual (Talla S, Color Azul)",1458.57,45,1,2026-09-21 18:16:59,2026-09-21 20:15:59
436,PROD-436,Pantalón de Buzo Tech Fleece,"Pantalón deportivo térmico con diseño estilizado (Talla L, Color Rojo)",355.32,21,1,2026-09-21 23:33:33,2026-09-22 00:31:33
437,PROD-437,Freidora XXL Airfryer,Freidora de aire de gran capacidad con tecnología de extracción de grasa,6447.15,33,1,2026-09-18 20:50:00,2026-09-18 21:44:00
438,PROD-438,Patinete Eléctrico Pro 4,Scooter eléctrico con gran autonomía para movilidad urbana,11961.71,23,1,2026-09-19 14:17:55,2026-09-19 15:27:55
439,PROD-439,Cafetera Programable 12 Tazas,Cafetera de goteo con temporizador programable y jarra de vidrio,6878.41,58,1,2026-09-19 15:10:13,2026-09-19 17:04:13
440,PROD-440,Licuadora Reversible 2 Velocidades,Licuadora con motor reversible y vaso de vidrio resistente a choques térmicos,1156.77,58,1,2026-09-20 08:02:28,2026-09-20 08:04:28
441,PROD-441,Audífonos AirPods Max,Audífonos de diadema inalámbricos con sonido de alta fidelidad,16706.39,32,1,2026-09-18 18:34:28,2026-09-18 20:02:28
442,PROD-442,Audífonos Bluetooth WH-1000XM5,Audífonos inalámbricos con la mejor cancelación de ruido del mercado,31542.03,22,1,2026-09-18 02:42:12,2026-09-18 04:05:12
443,PROD-443,Zapatillas Air Force 1 '07,"Tenis clásicos de cuero blanco para uso urbano y casual (Talla L, Color Verde)",2293.17,31,1,2026-09-17 20:39:06,2026-09-17 21:29:06
444,PROD-444,Freidora XXL Airfryer,Freidora de aire de gran capacidad con tecnología de extracción de grasa,3662.16,13,1,2026-09-21 19:35:35,2026-09-21 19:47:35
445,PROD-445,Audífonos AirPods Max,Audífonos de diadema inalámbricos con sonido de alta fidelidad,3266.82,42,1,2026-09-18 22:03:04,2026-09-18 23:09:04
446,PROD-446,Freidora XXL Airfryer,Freidora de aire de gran capacidad con tecnología de extracción de grasa,461.28,29,1,2026-09-22 12:06:35,2026-09-22 12:21:35
447,PROD-447,Zapatillas Ultraboost Light,"Tenis de running con retorno de energía superior y ligereza (Talla XL, Color Negro)",842.24,21,1,2026-09-21 23:32:05,2026-09-22 01:15:05
448,PROD-448,Tablet Galaxy Tab S9 512GB,"Tableta de alto rendimiento para diseño, trabajo y entretenimiento - Color Gris",5368.09,13,1,2026-09-21 10:32:45,2026-09-21 11:58:45
449,PROD-449,Audífonos Galaxy Buds3 Pro,Audífonos inalámbricos con cancelación activa de ruido inteligente,20496.84,44,1,2026-09-21 11:46:32,2026-09-21 12:07:32
450,PROD-450,Zapatillas Air Max 270,"Calzado deportivo con cápsula de aire visible para máxima comodidad (Talla M, Color Azul)",1674.56,66,1,2026-09-18 20:44:53,2026-09-18 20:55:53
451,PROD-451,iPhone 16 Pro 1TB,Teléfono inteligente premium con chip de alto rendimiento y triple cámara - Color Gris,34695.33,25,1,2026-09-22 08:19:07,2026-09-22 08:36:07
452,PROD-452,Barra de Sonido HT-A7000,Sistema de audio para cine en casa con soporte Dolby Atmos,3490.83,40,1,2026-09-21 04:38:11,2026-09-21 05:54:11
453,PROD-453,Freidora XXL Airfryer,Freidora de aire de gran capacidad con tecnología de extracción de grasa,6843.98,50,1,2026-09-19 09:02:26,2026-09-19 09:28:26
454,PROD-454,Cafetera Programable 12 Tazas,Cafetera de goteo con temporizador programable y jarra de vidrio,3377.31,49,1,2026-09-17 21:03:24,2026-09-17 22:43:24
455,PROD-455,Smart Band 8,Pulsera de actividad física con seguimiento del sueño y deporte,4502.40,36,1,2026-09-21 10:02:13,2026-09-21 11:18:13
456,PROD-456,Smart TV OLED C3 65,Televisor inteligente ideal para videojuegos y películas con pánel OLED,35534.33,25,1,2026-09-18 08:19:52,2026-09-18 09:08:52
457,PROD-457,Aspiradora Inalámbrica SpeedPro,Aspiradora escoba sin cable con cabezal de succión de 180 grados,4552.31,19,1,2026-09-22 04:11:23,2026-09-22 05:11:23
458,PROD-458,Smartphone Galaxy S26+ 128GB,Teléfono inteligente con procesador de última generación y batería de larga duración - Color Gris,8158.87,8,1,2026-09-22 08:03:30,2026-09-22 08:53:30
459,PROD-459,Aspiradora Inalámbrica SpeedPro,Aspiradora escoba sin cable con cabezal de succión de 180 grados,3619.17,33,1,2026-09-18 01:06:50,2026-09-18 02:27:50
460,PROD-460,Freidora de Aire 4L,Freidora sin aceite para cocinar de manera saludable y rápida,1035.34,13,1,2026-09-20 15:34:25,2026-09-20 17:31:25
461,PROD-461,Audífonos AirPods Pro 2,Audífonos intrauditivos con cancelación de ruido de nivel superior,12099.64,42,1,2026-09-21 09:29:07,2026-09-21 11:06:07
462,PROD-462,Freidora de Aire 4L,Freidora sin aceite para cocinar de manera saludable y rápida,5709.94,54,1,2026-09-18 23:51:49,2026-09-18 23:58:49
463,PROD-463,Smart TV 65 Neo QLED,Televisor inteligente 4K con tecnología de puntos cuánticos y alto contraste,4617.52,44,1,2026-09-21 05:46:38,2026-09-21 05:53:38
464,PROD-464,Polerón Adicolor Classics,"Sudadera clásica con el logotipo de las tres tiras (Talla M, Color Negro)",377.23,27,1,2026-09-21 19:16:22,2026-09-21 19:17:22
465,PROD-465,Patinete Eléctrico Pro 4,Scooter eléctrico con gran autonomía para movilidad urbana,19066.69,21,1,2026-09-18 13:25:31,2026-09-18 14:12:31
466,PROD-466,Barra de Sonido HT-A7000,Sistema de audio para cine en casa con soporte Dolby Atmos,31967.72,6,1,2026-09-19 13:53:57,2026-09-19 15:36:57
467,PROD-467,Zapatillas Running Pegasus 40,"Calzado de correr con amortiguación reactiva para entrenamiento (Talla S, Color Gris)",1881.49,83,1,2026-09-21 08:30:02,2026-09-21 08:39:02
468,PROD-468,Zapatillas Running Pegasus 40,"Calzado de correr con amortiguación reactiva para entrenamiento (Talla L, Color Negro)",1424.16,82,1,2026-09-18 13:24:48,2026-09-18 14:11:48
469,PROD-469,Consola PlayStation 5 Slim,Consola de videojuegos de última generación con almacenamiento SSD ultra rápido,32246.53,48,1,2026-09-21 22:22:19,2026-09-21 22:36:19
470,PROD-470,Smart TV OLED C3 65,Televisor inteligente ideal para videojuegos y películas con pánel OLED,2063.35,5,1,2026-09-19 00:43:30,2026-09-19 00:48:30
471,PROD-471,Pantalón de Buzo Tech Fleece,"Pantalón deportivo térmico con diseño estilizado (Talla M, Color Blanco)",2351.99,14,1,2026-09-20 21:37:35,2026-09-20 23:19:35
472,PROD-472,Freidora XXL Airfryer,Freidora de aire de gran capacidad con tecnología de extracción de grasa,2845.70,34,1,2026-09-21 22:00:33,2026-09-21 22:40:33
473,PROD-473,Chaqueta Camionera de Mezclilla,"Chaqueta clásica de mezclilla resistente para uso diario (Talla S, Color Rojo)",1797.65,16,1,2026-09-18 15:13:43,2026-09-18 15:41:43
474,PROD-474,Freidora de Aire 4L,Freidora sin aceite para cocinar de manera saludable y rápida,923.84,37,1,2026-09-19 06:13:25,2026-09-19 07:52:25
475,PROD-475,Zapatillas Air Force 1 '07,"Tenis clásicos de cuero blanco para uso urbano y casual (Talla XL, Color Negro)",1143.18,47,1,2026-09-20 23:13:12,2026-09-21 00:53:12
476,PROD-476,Polerón Adicolor Classics,"Sudadera clásica con el logotipo de las tres tiras (Talla M, Color Azul)",1141.79,73,1,2026-09-22 05:37:46,2026-09-22 07:16:46
477,PROD-477,Smart TV OLED C3 65,Televisor inteligente ideal para videojuegos y películas con pánel OLED,5845.11,31,1,2026-09-17 16:35:30,2026-09-17 17:04:30
478,PROD-478,Freidora XXL Airfryer,Freidora de aire de gran capacidad con tecnología de extracción de grasa,7627.53,8,1,2026-09-22 03:38:12,2026-09-22 05:02:12
479,PROD-479,Polerón Adicolor Classics,"Sudadera clásica con el logotipo de las tres tiras (Talla L, Color Negro)",791.17,40,1,2026-09-20 02:14:59,2026-09-20 03:16:59
480,PROD-480,MacBook Air 15 M2 128GB,Laptop ultra delgada y liviana con gran autonomía - Color Negro,33205.24,38,1,2026-09-20 01:15:55,2026-09-20 02:44:55
481,PROD-481,Zapatillas Air Force 1 '07,"Tenis clásicos de cuero blanco para uso urbano y casual (Talla S, Color Rojo)",637.05,60,1,2026-09-18 00:00:27,2026-09-18 01:15:27
482,PROD-482,Freidora de Aire 4L,Freidora sin aceite para cocinar de manera saludable y rápida,5434.57,16,1,2026-09-18 23:35:31,2026-09-19 00:12:31
483,PROD-483,Pantalón de Buzo Tech Fleece,"Pantalón deportivo térmico con diseño estilizado (Talla L, Color Gris)",1323.43,39,1,2026-09-17 23:59:12,2026-09-18 01:59:12
484,PROD-484,iPhone 16 Pro 256GB,Teléfono inteligente premium con chip de alto rendimiento y triple cámara - Color Negro,6335.31,34,1,2026-09-19 10:50:38,2026-09-19 11:42:38
485,PROD-485,Monitor UltraGear 27,Monitor de alta frecuencia de actualización para juegos competitivos,34744.53,18,1,2026-09-20 06:55:29,2026-09-20 07:34:29
486,PROD-486,Zapatillas Air Force 1 '07,"Tenis clásicos de cuero blanco para uso urbano y casual (Talla S, Color Blanco)",2086.33,48,1,2026-09-21 19:44:23,2026-09-21 21:13:23
487,PROD-487,Licuadora Reversible 2 Velocidades,Licuadora con motor reversible y vaso de vidrio resistente a choques térmicos,6753.03,28,1,2026-09-18 10:42:39,2026-09-18 10:53:39
488,PROD-488,Freidora de Aire 4L,Freidora sin aceite para cocinar de manera saludable y rápida,3411.46,11,1,2026-09-21 15:43:54,2026-09-21 16:21:54
489,PROD-489,Jeans 501 Original Fit,"Pantalón de mezclilla clásico de corte recto y ajuste cómodo (Talla XL, Color Azul)",1545.30,80,1,2026-09-19 01:29:49,2026-09-19 01:41:49
490,PROD-490,Jeans 511 Slim Fit,"Pantalón de mezclilla ajustado de estilo moderno (Talla S, Color Negro)",482.59,38,1,2026-09-18 08:08:47,2026-09-18 08:33:47
491,PROD-491,Zapatillas Air Force 1 '07,"Tenis clásicos de cuero blanco para uso urbano y casual (Talla L, Color Negro)",396.87,18,1,2026-09-18 17:54:33,2026-09-18 19:49:33
492,PROD-492,Freidora XXL Airfryer,Freidora de aire de gran capacidad con tecnología de extracción de grasa,1099.04,59,1,2026-09-19 13:23:42,2026-09-19 13:38:42
493,PROD-493,Smartphone Redmi Note 13 Pro 256GB,Teléfono inteligente con excelente relación calidad-precio y gran cámara - Color Rojo,15877.05,30,1,2026-09-20 13:21:48,2026-09-20 13:24:48
494,PROD-494,Zapatillas Samba OG,"Tenis de estilo retro icónicos en cuero de primera calidad (Talla M, Color Gris)",811.64,33,1,2026-09-19 05:09:24,2026-09-19 05:44:24
495,PROD-495,Jeans 501 Original Fit,"Pantalón de mezclilla clásico de corte recto y ajuste cómodo (Talla M, Color Verde)",984.48,62,1,2026-09-20 21:18:34,2026-09-20 22:19:34
496,PROD-496,Smartphone Galaxy Z Flip 6 1TB,Teléfono plegable compacto con pantalla exterior funcional - Color Blanco,15382.84,46,1,2026-09-22 09:12:36,2026-09-22 10:19:36
497,PROD-497,Smart TV OLED C3 65,Televisor inteligente ideal para videojuegos y películas con pánel OLED,35623.83,50,1,2026-09-19 17:24:33,2026-09-19 18:25:33
498,PROD-498,Aspiradora Inalámbrica SpeedPro,Aspiradora escoba sin cable con cabezal de succión de 180 grados,7336.35,40,1,2026-09-19 11:56:48,2026-09-19 12:45:48
499,PROD-499,Jeans 501 Original Fit,"Pantalón de mezclilla clásico de corte recto y ajuste cómodo (Talla L, Color Rojo)",820.89,45,1,2026-09-17 21:38:33,2026-09-17 23:21:33
500,PROD-500,Zapatillas Samba OG,"Tenis de estilo retro icónicos en cuero de primera calidad (Talla M, Color Blanco)",565.29,94,1,2026-09-19 00:13:48,2026-09-19 00:47:48
501,PROD-501,Licuadora Reversible 2 Velocidades,Licuadora con motor reversible y vaso de vidrio resistente a choques térmicos,4775.26,59,1,2026-09-19 21:40:40,2026-09-19 22:25:40
502,PROD-502,MacBook Pro 16 M3 512GB,Computadora portátil profesional para edición de video y desarrollo - Color Verde,25265.74,42,1,2026-09-17 17:13:03,2026-09-17 18:43:03
503,PROD-503,Freidora XXL Airfryer,Freidora de aire de gran capacidad con tecnología de extracción de grasa,4679.63,20,1,2026-09-22 11:07:58,2026-09-22 12:59:58
504,PROD-504,Zapatillas Samba OG,"Tenis de estilo retro icónicos en cuero de primera calidad (Talla M, Color Azul)",431.62,17,1,2026-09-18 22:59:16,2026-09-19 00:16:16
505,PROD-505,Audífonos Galaxy Buds3 Pro,Audífonos inalámbricos con cancelación activa de ruido inteligente,17468.61,26,1,2026-09-21 06:32:58,2026-09-21 06:57:58
506,PROD-506,Barra de Sonido HT-A7000,Sistema de audio para cine en casa con soporte Dolby Atmos,6799.83,25,1,2026-09-17 21:46:59,2026-09-17 21:48:59
507,PROD-507,Refrigeradora InstaView,Refrigerador inteligente con panel de cristal panorámico,33061.46,12,1,2026-09-20 17:45:25,2026-09-20 19:35:25
508,PROD-508,Chaqueta Camionera de Mezclilla,"Chaqueta clásica de mezclilla resistente para uso diario (Talla XL, Color Rojo)",567.22,48,1,2026-09-19 12:05:31,2026-09-19 12:22:31
509,PROD-509,Smart Band 8,Pulsera de actividad física con seguimiento del sueño y deporte,23545.90,16,1,2026-09-21 20:06:02,2026-09-21 21:17:02
510,PROD-510,Freidora XXL Airfryer,Freidora de aire de gran capacidad con tecnología de extracción de grasa,5458.04,60,1,2026-09-18 14:38:49,2026-09-18 15:26:49
511,PROD-511,Polerón Adicolor Classics,"Sudadera clásica con el logotipo de las tres tiras (Talla L, Color Blanco)",732.07,10,1,2026-09-21 19:20:49,2026-09-21 20:33:49
512,PROD-512,Zapatillas Ultraboost Light,"Tenis de running con retorno de energía superior y ligereza (Talla M, Color Rojo)",1034.17,88,1,2026-09-18 21:16:47,2026-09-18 22:37:47
513,PROD-513,Freidora de Aire 4L,Freidora sin aceite para cocinar de manera saludable y rápida,1468.89,55,1,2026-09-18 00:26:28,2026-09-18 00:56:28
514,PROD-514,Zapatillas Air Max 270,"Calzado deportivo con cápsula de aire visible para máxima comodidad (Talla S, Color Verde)",1790.55,52,1,2026-09-20 06:09:17,2026-09-20 06:10:17
515,PROD-515,Jeans 511 Slim Fit,"Pantalón de mezclilla ajustado de estilo moderno (Talla S, Color Gris)",901.81,23,1,2026-09-21 22:01:39,2026-09-21 22:01:39
516,PROD-516,Smart Band 8,Pulsera de actividad física con seguimiento del sueño y deporte,26506.75,15,1,2026-09-20 01:24:20,2026-09-20 02:27:20
517,PROD-517,Zapatillas Running Pegasus 40,"Calzado de correr con amortiguación reactiva para entrenamiento (Talla XL, Color Negro)",2131.94,83,1,2026-09-21 11:54:50,2026-09-21 13:31:50
518,PROD-518,Licuadora Reversible 2 Velocidades,Licuadora con motor reversible y vaso de vidrio resistente a choques térmicos,3829.78,59,1,2026-09-17 17:58:32,2026-09-17 18:35:32
519,PROD-519,Cámara Alpha 7 IV,Cámara mirrorless profesional de fotograma completo para foto y video,34284.01,9,1,2026-09-19 14:53:20,2026-09-19 15:14:20
520,PROD-520,Jeans 501 Original Fit,"Pantalón de mezclilla clásico de corte recto y ajuste cómodo (Talla S, Color Gris)",1627.17,88,1,2026-09-20 11:24:48,2026-09-20 12:54:48
521,PROD-521,Smartphone Xiaomi 14 Ultra 1TB,Smartphone de gama alta enfocado en fotografía profesional Leica - Color Blanco,2401.23,26,1,2026-09-18 19:02:42,2026-09-18 19:26:42
522,PROD-522,Polerón Adicolor Classics,"Sudadera clásica con el logotipo de las tres tiras (Talla L, Color Verde)",955.27,40,1,2026-09-18 03:04:42,2026-09-18 03:10:42
523,PROD-523,Polerón Adicolor Classics,"Sudadera clásica con el logotipo de las tres tiras (Talla XL, Color Blanco)",467.19,10,1,2026-09-20 03:23:03,2026-09-20 03:34:03
524,PROD-524,Polerón Adicolor Classics,"Sudadera clásica con el logotipo de las tres tiras (Talla XL, Color Blanco)",558.52,36,1,2026-09-18 13:59:20,2026-09-18 15:20:20
525,PROD-525,Camiseta Graphic Setin Neck,"Playera casual de algodón con estampado frontal (Talla S, Color Gris)",2037.48,70,1,2026-09-20 12:20:22,2026-09-20 14:14:22
526,PROD-526,Freidora XXL Airfryer,Freidora de aire de gran capacidad con tecnología de extracción de grasa,5278.18,32,1,2026-09-18 16:02:06,2026-09-18 16:49:06
527,PROD-527,Zapatillas Air Max 270,"Calzado deportivo con cápsula de aire visible para máxima comodidad (Talla XL, Color Negro)",916.09,69,1,2026-09-19 03:28:12,2026-09-19 03:56:12
528,PROD-528,Zapatillas Ultraboost Light,"Tenis de running con retorno de energía superior y ligereza (Talla M, Color Verde)",1785.06,20,1,2026-09-21 14:24:53,2026-09-21 15:08:53
529,PROD-529,Freidora XXL Airfryer,Freidora de aire de gran capacidad con tecnología de extracción de grasa,4607.37,32,1,2026-09-22 12:17:55,2026-09-22 13:23:55
530,PROD-530,Polerón Adicolor Classics,"Sudadera clásica con el logotipo de las tres tiras (Talla XL, Color Rojo)",2245.56,70,1,2026-09-19 08:37:59,2026-09-19 08:47:59
531,PROD-531,Zapatillas Ultraboost Light,"Tenis de running con retorno de energía superior y ligereza (Talla M, Color Negro)",2390.90,67,1,2026-09-18 14:17:13,2026-09-18 14:38:13
532,PROD-532,iPhone 16 128GB,Smartphone con pantalla Super Retina XDR y excelente duración de batería - Color Azul,3282.08,48,1,2026-09-20 04:31:06,2026-09-20 04:56:06
533,PROD-533,Cafetera Programable 12 Tazas,Cafetera de goteo con temporizador programable y jarra de vidrio,2359.94,54,1,2026-09-22 10:41:15,2026-09-22 10:49:15
534,PROD-534,Robot Aspiradora X10+,Aspiradora robótica con estación de vaciado automático y mapeo láser,14606.10,25,1,2026-09-19 05:20:03,2026-09-19 06:26:03
535,PROD-535,Camiseta Graphic Setin Neck,"Playera casual de algodón con estampado frontal (Talla S, Color Azul)",671.73,82,1,2026-09-21 02:44:01,2026-09-21 03:58:01
536,PROD-536,Smartphone Galaxy S26+ 512GB,Teléfono inteligente con procesador de última generación y batería de larga duración - Color Rojo,31744.82,31,1,2026-09-19 03:34:38,2026-09-19 04:23:38
537,PROD-537,Aspiradora Inalámbrica SpeedPro,Aspiradora escoba sin cable con cabezal de succión de 180 grados,684.74,25,1,2026-09-19 23:47:49,2026-09-20 00:05:49
538,PROD-538,Freidora XXL Airfryer,Freidora de aire de gran capacidad con tecnología de extracción de grasa,3408.02,29,1,2026-09-21 17:40:23,2026-09-21 18:10:23
539,PROD-539,Patinete Eléctrico Pro 4,Scooter eléctrico con gran autonomía para movilidad urbana,32344.61,6,1,2026-09-19 14:18:54,2026-09-19 16:02:54
540,PROD-540,Polera Sportswear Club Fleece,"Sudadera de felpa con capucha y ajuste estándar (Talla XL, Color Verde)",1822.43,39,1,2026-09-18 08:40:51,2026-09-18 09:18:51
541,PROD-541,Aspiradora Inalámbrica SpeedPro,Aspiradora escoba sin cable con cabezal de succión de 180 grados,2447.59,34,1,2026-09-21 05:12:58,2026-09-21 06:34:58
542,PROD-542,Audífonos AirPods Max,Audífonos de diadema inalámbricos con sonido de alta fidelidad,8004.36,31,1,2026-09-22 01:01:03,2026-09-22 02:03:03
543,PROD-543,Freidora XXL Airfryer,Freidora de aire de gran capacidad con tecnología de extracción de grasa,4316.05,18,1,2026-09-17 22:39:57,2026-09-17 23:18:57
544,PROD-544,Freidora XXL Airfryer,Freidora de aire de gran capacidad con tecnología de extracción de grasa,6331.92,41,1,2026-09-20 23:55:43,2026-09-20 23:58:43
545,PROD-545,MacBook Pro 16 M3 128GB,Computadora portátil profesional para edición de video y desarrollo - Color Blanco,1674.02,8,1,2026-09-19 17:35:35,2026-09-19 19:05:35
546,PROD-546,Cámara Alpha 7 IV,Cámara mirrorless profesional de fotograma completo para foto y video,29734.47,37,1,2026-09-19 22:55:07,2026-09-20 00:16:07
547,PROD-547,Smartphone Galaxy Z Fold 6 512GB,Teléfono plegable con pantalla gigante para productividad y multitarea - Color Azul,21588.55,16,1,2026-09-20 10:13:32,2026-09-20 11:28:32
548,PROD-548,Aspiradora Inalámbrica SpeedPro,Aspiradora escoba sin cable con cabezal de succión de 180 grados,1642.70,24,1,2026-09-22 02:11:06,2026-09-22 03:57:06
549,PROD-549,Freidora de Aire 4L,Freidora sin aceite para cocinar de manera saludable y rápida,608.62,11,1,2026-09-18 12:50:05,2026-09-18 14:39:05
550,PROD-550,Licuadora Reversible 2 Velocidades,Licuadora con motor reversible y vaso de vidrio resistente a choques térmicos,5320.09,51,1,2026-09-18 19:13:01,2026-09-18 19:47:01
551,PROD-551,Freidora XXL Airfryer,Freidora de aire de gran capacidad con tecnología de extracción de grasa,6971.19,57,1,2026-09-21 16:27:44,2026-09-21 16:28:44
552,PROD-552,Jeans 511 Slim Fit,"Pantalón de mezclilla ajustado de estilo moderno (Talla S, Color Blanco)",892.64,49,1,2026-09-21 20:54:36,2026-09-21 22:24:36
553,PROD-553,Aspiradora Inalámbrica SpeedPro,Aspiradora escoba sin cable con cabezal de succión de 180 grados,7205.67,30,1,2026-09-20 07:57:22,2026-09-20 08:29:22
554,PROD-554,Patinete Eléctrico Pro 4,Scooter eléctrico con gran autonomía para movilidad urbana,24540.46,44,1,2026-09-19 22:56:57,2026-09-20 00:10:57
555,PROD-555,Audífonos Galaxy Buds3 Pro,Audífonos inalámbricos con cancelación activa de ruido inteligente,35979.74,28,1,2026-09-20 22:52:40,2026-09-21 00:14:40
556,PROD-556,Aspiradora Inalámbrica SpeedPro,Aspiradora escoba sin cable con cabezal de succión de 180 grados,5601.54,38,1,2026-09-17 22:24:24,2026-09-17 23:07:24
557,PROD-557,Zapatillas Samba OG,"Tenis de estilo retro icónicos en cuero de primera calidad (Talla L, Color Gris)",1760.66,93,1,2026-09-19 08:37:27,2026-09-19 09:01:27
558,PROD-558,Smart TV OLED C3 65,Televisor inteligente ideal para videojuegos y películas con pánel OLED,32438.89,43,1,2026-09-19 23:57:38,2026-09-20 01:21:38
559,PROD-559,Zapatillas Ultraboost Light,"Tenis de running con retorno de energía superior y ligereza (Talla S, Color Verde)",1419.35,47,1,2026-09-19 02:53:29,2026-09-19 04:49:29
560,PROD-560,Pantalón de Buzo Tech Fleece,"Pantalón deportivo térmico con diseño estilizado (Talla S, Color Rojo)",1872.35,83,1,2026-09-22 11:57:01,2026-09-22 12:21:01
561,PROD-561,Polerón Adicolor Classics,"Sudadera clásica con el logotipo de las tres tiras (Talla M, Color Verde)",1499.47,70,1,2026-09-21 14:57:27,2026-09-21 15:42:27
562,PROD-562,Freidora XXL Airfryer,Freidora de aire de gran capacidad con tecnología de extracción de grasa,6788.85,43,1,2026-09-18 15:29:22,2026-09-18 16:06:22
563,PROD-563,Smartphone Xiaomi 14 Ultra 512GB,Smartphone de gama alta enfocado en fotografía profesional Leica - Color Verde,29196.21,16,1,2026-09-21 16:06:00,2026-09-21 18:01:00
564,PROD-564,Zapatillas Ultraboost Light,"Tenis de running con retorno de energía superior y ligereza (Talla M, Color Gris)",830.16,49,1,2026-09-20 02:20:43,2026-09-20 04:00:43
565,PROD-565,Polera Sportswear Club Fleece,"Sudadera de felpa con capucha y ajuste estándar (Talla L, Color Azul)",2180.11,70,1,2026-09-17 20:55:37,2026-09-17 22:45:37
566,PROD-566,Freidora de Aire 4L,Freidora sin aceite para cocinar de manera saludable y rápida,7159.64,40,1,2026-09-18 06:33:33,2026-09-18 08:24:33
567,PROD-567,Aspiradora Inalámbrica SpeedPro,Aspiradora escoba sin cable con cabezal de succión de 180 grados,3539.62,17,1,2026-09-18 09:06:53,2026-09-18 09:31:53
568,PROD-568,Zapatillas Running Pegasus 40,"Calzado de correr con amortiguación reactiva para entrenamiento (Talla XL, Color Blanco)",1030.22,33,1,2026-09-22 06:33:04,2026-09-22 06:43:04
569,PROD-569,Zapatillas Air Max 270,"Calzado deportivo con cápsula de aire visible para máxima comodidad (Talla L, Color Verde)",474.73,67,1,2026-09-19 04:56:42,2026-09-19 05:22:42
570,PROD-570,Smart TV OLED C3 65,Televisor inteligente ideal para videojuegos y películas con pánel OLED,17879.99,10,1,2026-09-18 07:57:20,2026-09-18 09:15:20
571,PROD-571,Zapatillas Samba OG,"Tenis de estilo retro icónicos en cuero de primera calidad (Talla XL, Color Azul)",2425.45,59,1,2026-09-17 13:47:22,2026-09-17 13:51:22
572,PROD-572,Cafetera Programable 12 Tazas,Cafetera de goteo con temporizador programable y jarra de vidrio,3235.57,8,1,2026-09-19 12:02:07,2026-09-19 13:38:07
573,PROD-573,Licuadora Reversible 2 Velocidades,Licuadora con motor reversible y vaso de vidrio resistente a choques térmicos,5543.29,48,1,2026-09-21 23:56:54,2026-09-22 00:27:54
574,PROD-574,Cámara Alpha 7 IV,Cámara mirrorless profesional de fotograma completo para foto y video,5077.04,29,1,2026-09-20 14:24:48,2026-09-20 15:39:48
575,PROD-575,Jeans 501 Original Fit,"Pantalón de mezclilla clásico de corte recto y ajuste cómodo (Talla S, Color Gris)",2389.20,68,1,2026-09-21 23:06:28,2026-09-22 00:12:28
576,PROD-576,Aspiradora Inalámbrica SpeedPro,Aspiradora escoba sin cable con cabezal de succión de 180 grados,7148.60,16,1,2026-09-19 15:01:25,2026-09-19 16:56:25
577,PROD-577,Zapatillas Air Max 270,"Calzado deportivo con cápsula de aire visible para máxima comodidad (Talla M, Color Azul)",391.12,38,1,2026-09-21 23:00:40,2026-09-21 23:16:40
578,PROD-578,Audífonos Galaxy Buds3 Pro,Audífonos inalámbricos con cancelación activa de ruido inteligente,6498.96,28,1,2026-09-21 20:40:21,2026-09-21 22:03:21
579,PROD-579,Patinete Eléctrico Pro 4,Scooter eléctrico con gran autonomía para movilidad urbana,27879.36,44,1,2026-09-17 20:11:08,2026-09-17 21:27:08
580,PROD-580,Smartphone Galaxy S26 Ultra 128GB,Smartphone de alta gama con cámara de 200MP y pantalla Dynamic AMOLED - Color Verde,4610.54,33,1,2026-09-19 20:29:17,2026-09-19 20:44:17
581,PROD-581,Aspiradora Inalámbrica SpeedPro,Aspiradora escoba sin cable con cabezal de succión de 180 grados,5734.20,21,1,2026-09-21 18:21:15,2026-09-21 19:48:15
582,PROD-582,Freidora de Aire 4L,Freidora sin aceite para cocinar de manera saludable y rápida,3598.62,14,1,2026-09-21 13:35:26,2026-09-21 14:41:26
583,PROD-583,Polerón Adicolor Classics,"Sudadera clásica con el logotipo de las tres tiras (Talla M, Color Azul)",2135.90,23,1,2026-09-20 15:36:52,2026-09-20 17:08:52
584,PROD-584,Freidora de Aire 4L,Freidora sin aceite para cocinar de manera saludable y rápida,1266.50,14,1,2026-09-20 13:35:53,2026-09-20 14:00:53
585,PROD-585,Freidora de Aire 4L,Freidora sin aceite para cocinar de manera saludable y rápida,6719.39,20,1,2026-09-19 17:14:09,2026-09-19 18:44:09
586,PROD-586,Zapatillas Air Max 270,"Calzado deportivo con cápsula de aire visible para máxima comodidad (Talla S, Color Rojo)",1417.16,36,1,2026-09-21 17:20:12,2026-09-21 19:19:12
587,PROD-587,Zapatillas Air Max 270,"Calzado deportivo con cápsula de aire visible para máxima comodidad (Talla S, Color Negro)",1794.01,24,1,2026-09-21 00:43:36,2026-09-21 02:08:36
588,PROD-588,Jeans 501 Original Fit,"Pantalón de mezclilla clásico de corte recto y ajuste cómodo (Talla S, Color Verde)",1905.69,42,1,2026-09-21 10:56:53,2026-09-21 11:25:53
589,PROD-589,Polera Sportswear Club Fleece,"Sudadera de felpa con capucha y ajuste estándar (Talla XL, Color Negro)",564.59,32,1,2026-09-17 18:51:15,2026-09-17 20:40:15
590,PROD-590,Polera Sportswear Club Fleece,"Sudadera de felpa con capucha y ajuste estándar (Talla XL, Color Verde)",599.19,15,1,2026-09-17 14:31:06,2026-09-17 16:20:06
591,PROD-591,iPad Pro 12.9,Tableta profesional con pantalla Liquid Retina XDR y chip M2,13192.22,33,1,2026-09-21 07:40:00,2026-09-21 08:14:00
592,PROD-592,Freidora de Aire 4L,Freidora sin aceite para cocinar de manera saludable y rápida,6593.73,19,1,2026-09-18 05:41:15,2026-09-18 06:32:15
593,PROD-593,Polera Sportswear Club Fleece,"Sudadera de felpa con capucha y ajuste estándar (Talla XL, Color Verde)",2178.94,63,1,2026-09-21 11:36:17,2026-09-21 13:29:17
594,PROD-594,Smartphone Galaxy S26 128GB,Smartphone compacto con pantalla fluida y excelente rendimiento - Color Blanco,4181.82,42,1,2026-09-20 11:24:15,2026-09-20 13:06:15
595,PROD-595,Freidora XXL Airfryer,Freidora de aire de gran capacidad con tecnología de extracción de grasa,5046.06,57,1,2026-09-19 17:20:04,2026-09-19 18:38:04
596,PROD-596,Audífonos AirPods Max,Audífonos de diadema inalámbricos con sonido de alta fidelidad,33174.13,12,1,2026-09-20 01:00:26,2026-09-20 01:56:26
597,PROD-597,Smartphone Galaxy Z Flip 6 512GB,Teléfono plegable compacto con pantalla exterior funcional - Color Negro,25512.17,48,1,2026-09-20 17:32:30,2026-09-20 19:10:30
598,PROD-598,Cafetera Programable 12 Tazas,Cafetera de goteo con temporizador programable y jarra de vidrio,7035.89,41,1,2026-09-20 17:17:31,2026-09-20 18:45:31
599,PROD-599,Freidora de Aire 4L,Freidora sin aceite para cocinar de manera saludable y rápida,5429.02,23,1,2026-09-20 11:17:44,2026-09-20 12:01:44
600,PROD-600,Freidora XXL Airfryer,Freidora de aire de gran capacidad con tecnología de extracción de grasa,6776.65,43,1,2026-09-21 06:22:18,2026-09-21 06:28:18
601,PROD-601,Audífonos AirPods Pro 2,Audífonos intrauditivos con cancelación de ruido de nivel superior,30634.02,36,1,2026-09-18 13:11:54,2026-09-18 13:20:54
602,PROD-602,Zapatillas Air Max 270,"Calzado deportivo con cápsula de aire visible para máxima comodidad (Talla L, Color Gris)",458.25,38,1,2026-09-20 21:16:53,2026-09-20 22:38:53
603,PROD-603,Zapatillas Air Max 270,"Calzado deportivo con cápsula de aire visible para máxima comodidad (Talla S, Color Azul)",1305.01,83,1,2026-09-20 06:22:07,2026-09-20 06:33:07
604,PROD-604,Polera Sportswear Club Fleece,"Sudadera de felpa con capucha y ajuste estándar (Talla S, Color Azul)",1952.26,12,1,2026-09-18 04:03:29,2026-09-18 04:54:29
605,PROD-605,Jeans 501 Original Fit,"Pantalón de mezclilla clásico de corte recto y ajuste cómodo (Talla S, Color Rojo)",2420.82,91,1,2026-09-19 09:28:12,2026-09-19 11:21:12
606,PROD-606,Cafetera Programable 12 Tazas,Cafetera de goteo con temporizador programable y jarra de vidrio,5503.21,29,1,2026-09-19 18:01:31,2026-09-19 19:46:31
607,PROD-607,Audífonos AirPods Max,Audífonos de diadema inalámbricos con sonido de alta fidelidad,12285.03,44,1,2026-09-21 04:29:02,2026-09-21 05:29:02
608,PROD-608,Aspiradora Inalámbrica SpeedPro,Aspiradora escoba sin cable con cabezal de succión de 180 grados,1266.58,56,1,2026-09-21 13:04:13,2026-09-21 13:32:13
609,PROD-609,Cámara Alpha 7 IV,Cámara mirrorless profesional de fotograma completo para foto y video,29960.88,23,1,2026-09-20 20:52:22,2026-09-20 21:58:22
610,PROD-610,Zapatillas Ultraboost Light,"Tenis de running con retorno de energía superior y ligereza (Talla S, Color Blanco)",1408.71,62,1,2026-09-18 04:41:13,2026-09-18 05:13:13
611,PROD-611,Licuadora Reversible 2 Velocidades,Licuadora con motor reversible y vaso de vidrio resistente a choques térmicos,1317.67,33,1,2026-09-18 20:30:25,2026-09-18 21:28:25
612,PROD-612,Consola PlayStation 5 Slim,Consola de videojuegos de última generación con almacenamiento SSD ultra rápido,27378.80,7,1,2026-09-21 09:19:55,2026-09-21 11:06:55
613,PROD-613,Freidora de Aire 4L,Freidora sin aceite para cocinar de manera saludable y rápida,3876.15,45,1,2026-09-20 14:32:19,2026-09-20 14:49:19
614,PROD-614,Jeans 501 Original Fit,"Pantalón de mezclilla clásico de corte recto y ajuste cómodo (Talla XL, Color Rojo)",1388.30,75,1,2026-09-22 06:51:46,2026-09-22 08:48:46
615,PROD-615,Smart TV OLED C3 65,Televisor inteligente ideal para videojuegos y películas con pánel OLED,26432.56,13,1,2026-09-18 04:11:27,2026-09-18 05:00:27
616,PROD-616,Aspiradora Inalámbrica SpeedPro,Aspiradora escoba sin cable con cabezal de succión de 180 grados,3581.85,46,1,2026-09-21 17:57:52,2026-09-21 19:34:52
617,PROD-617,Smart TV Bravia XR OLED 55,Televisor OLED con negros absolutos y procesador de imagen cognitivo,34707.57,23,1,2026-09-20 07:03:36,2026-09-20 08:46:36
618,PROD-618,Apple Watch Series 10,Reloj inteligente con sensores avanzados de salud y actividad física,21889.62,37,1,2026-09-19 08:38:31,2026-09-19 10:25:31
619,PROD-619,Freidora XXL Airfryer,Freidora de aire de gran capacidad con tecnología de extracción de grasa,1926.76,47,1,2026-09-21 21:08:58,2026-09-21 21:45:58
620,PROD-620,Freidora XXL Airfryer,Freidora de aire de gran capacidad con tecnología de extracción de grasa,7858.15,49,1,2026-09-18 15:00:20,2026-09-18 16:04:20
621,PROD-621,Freidora XXL Airfryer,Freidora de aire de gran capacidad con tecnología de extracción de grasa,6181.89,43,1,2026-09-20 11:04:07,2026-09-20 12:18:07
622,PROD-622,Aspiradora Inalámbrica SpeedPro,Aspiradora escoba sin cable con cabezal de succión de 180 grados,7068.83,35,1,2026-09-22 10:49:39,2026-09-22 10:50:39
623,PROD-623,Licuadora Reversible 2 Velocidades,Licuadora con motor reversible y vaso de vidrio resistente a choques térmicos,3294.61,11,1,2026-09-21 14:43:21,2026-09-21 14:50:21
624,PROD-624,Audífonos Bluetooth WH-1000XM5,Audífonos inalámbricos con la mejor cancelación de ruido del mercado,35415.40,48,1,2026-09-19 01:36:01,2026-09-19 01:54:01
625,PROD-625,Audífonos Bluetooth WH-1000XM5,Audífonos inalámbricos con la mejor cancelación de ruido del mercado,27252.59,7,1,2026-09-19 17:20:47,2026-09-19 19:04:47
626,PROD-626,Jeans 511 Slim Fit,"Pantalón de mezclilla ajustado de estilo moderno (Talla XL, Color Blanco)",1448.48,99,1,2026-09-19 07:00:00,2026-09-19 08:28:00
627,PROD-627,Freidora de Aire 4L,Freidora sin aceite para cocinar de manera saludable y rápida,3345.42,58,1,2026-09-21 16:53:30,2026-09-21 17:33:30
628,PROD-628,Licuadora Reversible 2 Velocidades,Licuadora con motor reversible y vaso de vidrio resistente a choques térmicos,6051.89,20,1,2026-09-21 07:29:08,2026-09-21 09:20:08
629,PROD-629,Chaqueta Camionera de Mezclilla,"Chaqueta clásica de mezclilla resistente para uso diario (Talla M, Color Verde)",2423.22,47,1,2026-09-20 06:28:23,2026-09-20 06:50:23
630,PROD-630,Licuadora Reversible 2 Velocidades,Licuadora con motor reversible y vaso de vidrio resistente a choques térmicos,7714.81,55,1,2026-09-20 15:56:38,2026-09-20 16:11:38
631,PROD-631,Camiseta Graphic Setin Neck,"Playera casual de algodón con estampado frontal (Talla L, Color Rojo)",918.12,30,1,2026-09-21 02:09:31,2026-09-21 03:57:31
632,PROD-632,Chaqueta Camionera de Mezclilla,"Chaqueta clásica de mezclilla resistente para uso diario (Talla XL, Color Verde)",2365.61,15,1,2026-09-18 11:29:39,2026-09-18 13:27:39
633,PROD-633,Zapatillas Ultraboost Light,"Tenis de running con retorno de energía superior y ligereza (Talla L, Color Azul)",2048.30,80,1,2026-09-19 17:15:34,2026-09-19 17:24:34
634,PROD-634,Freidora XXL Airfryer,Freidora de aire de gran capacidad con tecnología de extracción de grasa,7673.11,41,1,2026-09-17 23:02:19,2026-09-18 00:42:19
635,PROD-635,Freidora de Aire 4L,Freidora sin aceite para cocinar de manera saludable y rápida,4527.41,33,1,2026-09-18 02:30:00,2026-09-18 03:14:00
636,PROD-636,iPad Pro 12.9,Tableta profesional con pantalla Liquid Retina XDR y chip M2,12252.86,23,1,2026-09-18 20:55:23,2026-09-18 22:31:23
637,PROD-637,Freidora XXL Airfryer,Freidora de aire de gran capacidad con tecnología de extracción de grasa,1271.89,30,1,2026-09-20 06:00:52,2026-09-20 06:30:52
638,PROD-638,Licuadora Reversible 2 Velocidades,Licuadora con motor reversible y vaso de vidrio resistente a choques térmicos,5587.39,28,1,2026-09-19 20:39:04,2026-09-19 22:36:04
639,PROD-639,Patinete Eléctrico Pro 4,Scooter eléctrico con gran autonomía para movilidad urbana,19678.42,23,1,2026-09-17 16:42:27,2026-09-17 18:38:27
640,PROD-640,Aspiradora Inalámbrica SpeedPro,Aspiradora escoba sin cable con cabezal de succión de 180 grados,4099.72,26,1,2026-09-21 11:59:43,2026-09-21 12:23:43
641,PROD-641,Zapatillas Ultraboost Light,"Tenis de running con retorno de energía superior y ligereza (Talla S, Color Blanco)",2439.00,78,1,2026-09-20 18:45:48,2026-09-20 18:45:48
642,PROD-642,Licuadora Reversible 2 Velocidades,Licuadora con motor reversible y vaso de vidrio resistente a choques térmicos,5494.55,57,1,2026-09-18 20:09:20,2026-09-18 21:59:20
643,PROD-643,Freidora XXL Airfryer,Freidora de aire de gran capacidad con tecnología de extracción de grasa,1962.40,52,1,2026-09-22 01:04:49,2026-09-22 02:43:49
644,PROD-644,Zapatillas Ultraboost Light,"Tenis de running con retorno de energía superior y ligereza (Talla M, Color Negro)",1337.33,52,1,2026-09-17 18:37:38,2026-09-17 18:48:38
645,PROD-645,Smartphone Galaxy S26 512GB,Smartphone compacto con pantalla fluida y excelente rendimiento - Color Rojo,3000.69,19,1,2026-09-19 02:46:41,2026-09-19 03:38:41
646,PROD-646,Pantalón de Buzo Tech Fleece,"Pantalón deportivo térmico con diseño estilizado (Talla XL, Color Gris)",386.32,96,1,2026-09-18 06:20:21,2026-09-18 07:28:21
647,PROD-647,Smart TV OLED C3 65,Televisor inteligente ideal para videojuegos y películas con pánel OLED,27336.60,42,1,2026-09-17 19:44:18,2026-09-17 21:13:18
648,PROD-648,Parlante Portátil SRS-XG300,Bocina inalámbrica portátil resistente al agua con graves potentes,4267.81,48,1,2026-09-19 08:59:49,2026-09-19 10:16:49
649,PROD-649,Smart TV Bravia XR OLED 55,Televisor OLED con negros absolutos y procesador de imagen cognitivo,14040.18,47,1,2026-09-17 17:35:53,2026-09-17 18:35:53
650,PROD-650,Smart TV OLED C3 65,Televisor inteligente ideal para videojuegos y películas con pánel OLED,5341.54,30,1,2026-09-22 09:08:52,2026-09-22 10:50:52
651,PROD-651,Freidora XXL Airfryer,Freidora de aire de gran capacidad con tecnología de extracción de grasa,2665.23,58,1,2026-09-21 23:19:31,2026-09-22 00:41:31
652,PROD-652,Jeans 511 Slim Fit,"Pantalón de mezclilla ajustado de estilo moderno (Talla S, Color Negro)",360.81,86,1,2026-09-19 22:30:07,2026-09-19 23:38:07
653,PROD-653,Freidora de Aire 4L,Freidora sin aceite para cocinar de manera saludable y rápida,1996.40,55,1,2026-09-21 22:49:55,2026-09-21 23:33:55
654,PROD-654,Robot Aspiradora X10+,Aspiradora robótica con estación de vaciado automático y mapeo láser,5557.16,16,1,2026-09-18 21:15:51,2026-09-18 22:33:51
655,PROD-655,Jeans 501 Original Fit,"Pantalón de mezclilla clásico de corte recto y ajuste cómodo (Talla M, Color Verde)",2069.27,16,1,2026-09-22 02:29:17,2026-09-22 04:28:17
656,PROD-656,Freidora XXL Airfryer,Freidora de aire de gran capacidad con tecnología de extracción de grasa,2608.96,12,1,2026-09-19 01:37:07,2026-09-19 01:49:07
657,PROD-657,Monitor UltraGear 27,Monitor de alta frecuencia de actualización para juegos competitivos,34279.67,27,1,2026-09-18 07:46:56,2026-09-18 09:11:56
658,PROD-658,Licuadora Reversible 2 Velocidades,Licuadora con motor reversible y vaso de vidrio resistente a choques térmicos,2567.04,12,1,2026-09-18 17:17:23,2026-09-18 17:57:23
659,PROD-659,Polera Sportswear Club Fleece,"Sudadera de felpa con capucha y ajuste estándar (Talla L, Color Verde)",1605.97,82,1,2026-09-20 23:39:53,2026-09-21 00:25:53
660,PROD-660,Zapatillas Air Max 270,"Calzado deportivo con cápsula de aire visible para máxima comodidad (Talla S, Color Gris)",879.28,38,1,2026-09-21 20:49:52,2026-09-21 22:23:52
661,PROD-661,Aspiradora Inalámbrica SpeedPro,Aspiradora escoba sin cable con cabezal de succión de 180 grados,6784.84,16,1,2026-09-21 16:04:50,2026-09-21 17:37:50
662,PROD-662,Pantalón de Buzo Tech Fleece,"Pantalón deportivo térmico con diseño estilizado (Talla XL, Color Gris)",2015.75,72,1,2026-09-20 21:27:09,2026-09-20 21:40:09
663,PROD-663,Smart TV OLED C3 65,Televisor inteligente ideal para videojuegos y películas con pánel OLED,30383.65,13,1,2026-09-20 19:33:05,2026-09-20 19:58:05
664,PROD-664,Polerón Adicolor Classics,"Sudadera clásica con el logotipo de las tres tiras (Talla S, Color Verde)",512.11,12,1,2026-09-20 14:58:22,2026-09-20 16:18:22
665,PROD-665,Refrigeradora InstaView,Refrigerador inteligente con panel de cristal panorámico,14882.27,42,1,2026-09-18 20:05:42,2026-09-18 22:01:42
666,PROD-666,Monitor UltraGear 27,Monitor de alta frecuencia de actualización para juegos competitivos,19793.16,39,1,2026-09-20 09:51:53,2026-09-20 11:14:53
667,PROD-667,Smart TV Bravia XR OLED 55,Televisor OLED con negros absolutos y procesador de imagen cognitivo,8427.39,42,1,2026-09-21 23:53:37,2026-09-22 01:42:37
668,PROD-668,Camiseta Graphic Setin Neck,"Playera casual de algodón con estampado frontal (Talla S, Color Azul)",1132.31,11,1,2026-09-21 13:37:09,2026-09-21 14:07:09
669,PROD-669,Cafetera Programable 12 Tazas,Cafetera de goteo con temporizador programable y jarra de vidrio,1466.82,18,1,2026-09-18 15:11:58,2026-09-18 16:23:58
670,PROD-670,Cafetera Programable 12 Tazas,Cafetera de goteo con temporizador programable y jarra de vidrio,5963.23,30,1,2026-09-17 18:59:46,2026-09-17 19:27:46
671,PROD-671,Jeans 501 Original Fit,"Pantalón de mezclilla clásico de corte recto y ajuste cómodo (Talla L, Color Gris)",853.14,95,1,2026-09-18 19:13:24,2026-09-18 20:19:24
672,PROD-672,Pantalón de Buzo Tech Fleece,"Pantalón deportivo térmico con diseño estilizado (Talla XL, Color Negro)",435.80,93,1,2026-09-19 12:18:21,2026-09-19 12:31:21
673,PROD-673,Aspiradora Inalámbrica SpeedPro,Aspiradora escoba sin cable con cabezal de succión de 180 grados,4797.60,44,1,2026-09-18 14:25:42,2026-09-18 15:13:42
674,PROD-674,Aspiradora Inalámbrica SpeedPro,Aspiradora escoba sin cable con cabezal de succión de 180 grados,4866.36,12,1,2026-09-20 16:21:15,2026-09-20 16:53:15
675,PROD-675,Camiseta Graphic Setin Neck,"Playera casual de algodón con estampado frontal (Talla L, Color Gris)",1396.75,71,1,2026-09-21 05:06:15,2026-09-21 05:06:15
676,PROD-676,Freidora de Aire 4L,Freidora sin aceite para cocinar de manera saludable y rápida,1658.60,12,1,2026-09-20 16:02:42,2026-09-20 17:24:42
677,PROD-677,Jeans 511 Slim Fit,"Pantalón de mezclilla ajustado de estilo moderno (Talla M, Color Blanco)",1128.78,25,1,2026-09-21 13:23:26,2026-09-21 13:52:26
678,PROD-678,Zapatillas Air Force 1 '07,"Tenis clásicos de cuero blanco para uso urbano y casual (Talla XL, Color Verde)",1379.45,36,1,2026-09-21 03:08:59,2026-09-21 03:28:59
679,PROD-679,Freidora XXL Airfryer,Freidora de aire de gran capacidad con tecnología de extracción de grasa,2251.89,16,1,2026-09-21 00:37:47,2026-09-21 01:52:47
680,PROD-680,Audífonos AirPods Pro 2,Audífonos intrauditivos con cancelación de ruido de nivel superior,1891.28,41,1,2026-09-18 10:29:54,2026-09-18 10:36:54
681,PROD-681,Audífonos Bluetooth WH-1000XM5,Audífonos inalámbricos con la mejor cancelación de ruido del mercado,18840.74,30,1,2026-09-21 04:23:50,2026-09-21 05:35:50
682,PROD-682,Cafetera Programable 12 Tazas,Cafetera de goteo con temporizador programable y jarra de vidrio,5932.60,60,1,2026-09-19 06:23:26,2026-09-19 06:33:26
683,PROD-683,Robot Aspiradora X10+,Aspiradora robótica con estación de vaciado automático y mapeo láser,35743.54,35,1,2026-09-18 13:57:01,2026-09-18 14:25:01
684,PROD-684,Zapatillas Ultraboost Light,"Tenis de running con retorno de energía superior y ligereza (Talla M, Color Rojo)",1768.24,43,1,2026-09-18 13:32:09,2026-09-18 15:04:09
685,PROD-685,Aspiradora Inalámbrica SpeedPro,Aspiradora escoba sin cable con cabezal de succión de 180 grados,4933.65,12,1,2026-09-18 22:34:43,2026-09-18 23:22:43
686,PROD-686,Jeans 501 Original Fit,"Pantalón de mezclilla clásico de corte recto y ajuste cómodo (Talla S, Color Blanco)",1473.83,74,1,2026-09-21 16:46:40,2026-09-21 17:39:40
687,PROD-687,Smart TV OLED C3 65,Televisor inteligente ideal para videojuegos y películas con pánel OLED,6798.49,44,1,2026-09-21 04:27:50,2026-09-21 04:31:50
688,PROD-688,Licuadora Reversible 2 Velocidades,Licuadora con motor reversible y vaso de vidrio resistente a choques térmicos,4065.03,16,1,2026-09-21 04:59:49,2026-09-21 06:08:49
689,PROD-689,Robot Aspiradora X10+,Aspiradora robótica con estación de vaciado automático y mapeo láser,15434.28,7,1,2026-09-21 18:42:40,2026-09-21 19:49:40
690,PROD-690,Camiseta Graphic Setin Neck,"Playera casual de algodón con estampado frontal (Talla XL, Color Gris)",1616.45,99,1,2026-09-21 01:00:48,2026-09-21 01:12:48
691,PROD-691,Chaqueta Camionera de Mezclilla,"Chaqueta clásica de mezclilla resistente para uso diario (Talla XL, Color Blanco)",2306.68,20,1,2026-09-19 06:21:48,2026-09-19 07:37:48
692,PROD-692,Aspiradora Inalámbrica SpeedPro,Aspiradora escoba sin cable con cabezal de succión de 180 grados,1836.56,53,1,2026-09-22 01:24:39,2026-09-22 03:05:39
693,PROD-693,Refrigeradora InstaView,Refrigerador inteligente con panel de cristal panorámico,4682.92,5,1,2026-09-19 19:43:38,2026-09-19 21:06:38
694,PROD-694,Smart TV Bravia XR OLED 55,Televisor OLED con negros absolutos y procesador de imagen cognitivo,13360.58,14,1,2026-09-20 03:09:39,2026-09-20 04:32:39
695,PROD-695,Aspiradora Inalámbrica SpeedPro,Aspiradora escoba sin cable con cabezal de succión de 180 grados,6897.82,35,1,2026-09-20 23:20:44,2026-09-21 00:06:44
696,PROD-696,Aspiradora Inalámbrica SpeedPro,Aspiradora escoba sin cable con cabezal de succión de 180 grados,6137.79,34,1,2026-09-20 21:30:56,2026-09-20 23:10:56
697,PROD-697,Freidora XXL Airfryer,Freidora de aire de gran capacidad con tecnología de extracción de grasa,3213.62,43,1,2026-09-20 11:33:44,2026-09-20 12:05:44
698,PROD-698,Zapatillas Samba OG,"Tenis de estilo retro icónicos en cuero de primera calidad (Talla XL, Color Verde)",646.85,94,1,2026-09-18 06:27:10,2026-09-18 08:02:10
699,PROD-699,Smartphone Xiaomi 14 Ultra 128GB,Smartphone de gama alta enfocado en fotografía profesional Leica - Color Blanco,18546.20,26,1,2026-09-22 09:44:33,2026-09-22 10:54:33
700,PROD-700,Licuadora Reversible 2 Velocidades,Licuadora con motor reversible y vaso de vidrio resistente a choques térmicos,3357.19,48,1,2026-09-17 13:52:48,2026-09-17 15:34:48
701,PROD-701,Audífonos AirPods Max,Audífonos de diadema inalámbricos con sonido de alta fidelidad,33368.09,32,1,2026-09-18 01:56:46,2026-09-18 02:04:46
702,PROD-702,Chaqueta Camionera de Mezclilla,"Chaqueta clásica de mezclilla resistente para uso diario (Talla S, Color Rojo)",431.17,59,1,2026-09-19 23:27:28,2026-09-20 00:45:28
703,PROD-703,Freidora XXL Airfryer,Freidora de aire de gran capacidad con tecnología de extracción de grasa,7587.44,60,1,2026-09-18 14:38:07,2026-09-18 15:59:07
704,PROD-704,Zapatillas Air Force 1 '07,"Tenis clásicos de cuero blanco para uso urbano y casual (Talla M, Color Verde)",2351.13,76,1,2026-09-19 06:45:44,2026-09-19 07:09:44
705,PROD-705,Refrigeradora InstaView,Refrigerador inteligente con panel de cristal panorámico,18811.38,19,1,2026-09-21 06:42:11,2026-09-21 07:03:11
706,PROD-706,Freidora de Aire 4L,Freidora sin aceite para cocinar de manera saludable y rápida,2218.35,8,1,2026-09-18 12:02:21,2026-09-18 12:13:21
707,PROD-707,Polera Sportswear Club Fleece,"Sudadera de felpa con capucha y ajuste estándar (Talla XL, Color Azul)",1610.07,76,1,2026-09-17 15:20:51,2026-09-17 16:54:51
708,PROD-708,Licuadora Reversible 2 Velocidades,Licuadora con motor reversible y vaso de vidrio resistente a choques térmicos,4576.90,54,1,2026-09-20 22:32:11,2026-09-21 00:29:11
709,PROD-709,Aspiradora Inalámbrica SpeedPro,Aspiradora escoba sin cable con cabezal de succión de 180 grados,7720.99,25,1,2026-09-18 22:03:59,2026-09-18 23:20:59
710,PROD-710,Smart Band 8,Pulsera de actividad física con seguimiento del sueño y deporte,20909.19,21,1,2026-09-18 14:36:03,2026-09-18 15:28:03
711,PROD-711,Cafetera Programable 12 Tazas,Cafetera de goteo con temporizador programable y jarra de vidrio,950.13,26,1,2026-09-19 14:37:15,2026-09-19 14:51:15
712,PROD-712,Aspiradora Inalámbrica SpeedPro,Aspiradora escoba sin cable con cabezal de succión de 180 grados,5675.86,32,1,2026-09-20 23:07:37,2026-09-21 00:08:37
713,PROD-713,Smart TV Bravia XR OLED 55,Televisor OLED con negros absolutos y procesador de imagen cognitivo,24696.61,42,1,2026-09-17 17:05:34,2026-09-17 18:06:34
714,PROD-714,Consola PlayStation 5 Slim,Consola de videojuegos de última generación con almacenamiento SSD ultra rápido,14084.90,19,1,2026-09-21 15:41:32,2026-09-21 17:10:32
715,PROD-715,Smart TV Bravia XR OLED 55,Televisor OLED con negros absolutos y procesador de imagen cognitivo,34418.32,38,1,2026-09-20 19:07:10,2026-09-20 19:08:10
716,PROD-716,Freidora XXL Airfryer,Freidora de aire de gran capacidad con tecnología de extracción de grasa,2583.40,33,1,2026-09-21 15:13:26,2026-09-21 16:48:26
717,PROD-717,Jeans 511 Slim Fit,"Pantalón de mezclilla ajustado de estilo moderno (Talla XL, Color Gris)",1110.11,83,1,2026-09-19 04:17:48,2026-09-19 04:40:48
718,PROD-718,Freidora de Aire 4L,Freidora sin aceite para cocinar de manera saludable y rápida,6002.05,23,1,2026-09-22 00:12:51,2026-09-22 00:42:51
719,PROD-719,Jeans 511 Slim Fit,"Pantalón de mezclilla ajustado de estilo moderno (Talla M, Color Blanco)",2148.12,55,1,2026-09-18 11:49:41,2026-09-18 13:28:41
720,PROD-720,Smartphone Galaxy S26+ 1TB,Teléfono inteligente con procesador de última generación y batería de larga duración - Color Rojo,735.14,39,1,2026-09-17 19:15:53,2026-09-17 21:03:53
721,PROD-721,Zapatillas Running Pegasus 40,"Calzado de correr con amortiguación reactiva para entrenamiento (Talla L, Color Azul)",2280.96,83,1,2026-09-19 05:07:14,2026-09-19 06:09:14
722,PROD-722,Monitor UltraGear 27,Monitor de alta frecuencia de actualización para juegos competitivos,14624.72,41,1,2026-09-18 07:47:12,2026-09-18 07:53:12
723,PROD-723,Aspiradora Inalámbrica SpeedPro,Aspiradora escoba sin cable con cabezal de succión de 180 grados,7541.37,10,1,2026-09-20 14:17:16,2026-09-20 15:01:16
724,PROD-724,Zapatillas Ultraboost Light,"Tenis de running con retorno de energía superior y ligereza (Talla XL, Color Negro)",1851.23,68,1,2026-09-19 11:04:47,2026-09-19 12:32:47
725,PROD-725,Smartphone Galaxy Z Fold 6 1TB,Teléfono plegable con pantalla gigante para productividad y multitarea - Color Rojo,4076.55,28,1,2026-09-21 06:21:07,2026-09-21 08:11:07
726,PROD-726,Chaqueta Camionera de Mezclilla,"Chaqueta clásica de mezclilla resistente para uso diario (Talla M, Color Gris)",1363.39,88,1,2026-09-19 15:04:36,2026-09-19 15:50:36
727,PROD-727,Smart Band 8,Pulsera de actividad física con seguimiento del sueño y deporte,7973.90,49,1,2026-09-22 02:39:22,2026-09-22 03:26:22
728,PROD-728,Polera Sportswear Club Fleece,"Sudadera de felpa con capucha y ajuste estándar (Talla XL, Color Blanco)",1578.53,83,1,2026-09-21 17:01:02,2026-09-21 17:30:02
729,PROD-729,Audífonos Bluetooth WH-1000XM5,Audífonos inalámbricos con la mejor cancelación de ruido del mercado,20214.57,29,1,2026-09-18 17:39:48,2026-09-18 17:57:48
730,PROD-730,Freidora de Aire 4L,Freidora sin aceite para cocinar de manera saludable y rápida,6523.08,19,1,2026-09-20 02:29:53,2026-09-20 03:32:53
731,PROD-731,Refrigeradora InstaView,Refrigerador inteligente con panel de cristal panorámico,26079.89,36,1,2026-09-19 08:48:19,2026-09-19 09:20:19
732,PROD-732,Freidora de Aire 4L,Freidora sin aceite para cocinar de manera saludable y rápida,1152.21,18,1,2026-09-17 21:51:11,2026-09-17 22:18:11
733,PROD-733,Zapatillas Air Force 1 '07,"Tenis clásicos de cuero blanco para uso urbano y casual (Talla XL, Color Verde)",1069.51,56,1,2026-09-19 17:34:59,2026-09-19 18:45:59
734,PROD-734,Aspiradora Inalámbrica SpeedPro,Aspiradora escoba sin cable con cabezal de succión de 180 grados,550.75,15,1,2026-09-19 16:14:27,2026-09-19 18:05:27
735,PROD-735,Cafetera Programable 12 Tazas,Cafetera de goteo con temporizador programable y jarra de vidrio,4776.80,49,1,2026-09-20 19:31:31,2026-09-20 19:53:31
736,PROD-736,Polera Sportswear Club Fleece,"Sudadera de felpa con capucha y ajuste estándar (Talla XL, Color Verde)",1310.90,20,1,2026-09-19 20:36:25,2026-09-19 21:54:25
737,PROD-737,Zapatillas Air Max 270,"Calzado deportivo con cápsula de aire visible para máxima comodidad (Talla M, Color Verde)",2086.59,53,1,2026-09-20 02:32:28,2026-09-20 03:52:28
738,PROD-738,Freidora XXL Airfryer,Freidora de aire de gran capacidad con tecnología de extracción de grasa,1001.25,29,1,2026-09-18 22:20:46,2026-09-18 23:00:46
739,PROD-739,Zapatillas Samba OG,"Tenis de estilo retro icónicos en cuero de primera calidad (Talla L, Color Rojo)",1735.99,44,1,2026-09-20 05:54:09,2026-09-20 07:33:09
740,PROD-740,Polerón Adicolor Classics,"Sudadera clásica con el logotipo de las tres tiras (Talla XL, Color Azul)",709.73,12,1,2026-09-18 07:19:11,2026-09-18 08:52:11
741,PROD-741,Barra de Sonido HT-A7000,Sistema de audio para cine en casa con soporte Dolby Atmos,25374.74,10,1,2026-09-18 19:46:35,2026-09-18 20:07:35
742,PROD-742,Jeans 501 Original Fit,"Pantalón de mezclilla clásico de corte recto y ajuste cómodo (Talla S, Color Azul)",1529.13,13,1,2026-09-22 05:23:06,2026-09-22 06:13:06
743,PROD-743,Licuadora Reversible 2 Velocidades,Licuadora con motor reversible y vaso de vidrio resistente a choques térmicos,2394.64,17,1,2026-09-18 01:23:18,2026-09-18 02:46:18
744,PROD-744,Zapatillas Air Max 270,"Calzado deportivo con cápsula de aire visible para máxima comodidad (Talla M, Color Verde)",960.98,90,1,2026-09-18 07:31:11,2026-09-18 07:47:11
745,PROD-745,Licuadora Reversible 2 Velocidades,Licuadora con motor reversible y vaso de vidrio resistente a choques térmicos,667.18,30,1,2026-09-19 12:28:14,2026-09-19 14:18:14
746,PROD-746,Zapatillas Running Pegasus 40,"Calzado de correr con amortiguación reactiva para entrenamiento (Talla L, Color Rojo)",1306.42,99,1,2026-09-20 19:38:57,2026-09-20 20:00:57
747,PROD-747,Aspiradora Inalámbrica SpeedPro,Aspiradora escoba sin cable con cabezal de succión de 180 grados,4378.29,48,1,2026-09-20 18:50:51,2026-09-20 19:29:51
748,PROD-748,Zapatillas Running Pegasus 40,"Calzado de correr con amortiguación reactiva para entrenamiento (Talla M, Color Negro)",1300.00,56,1,2026-09-20 01:08:28,2026-09-20 01:41:28
749,PROD-749,Consola PlayStation 5 Slim,Consola de videojuegos de última generación con almacenamiento SSD ultra rápido,503.28,13,1,2026-09-19 15:11:29,2026-09-19 15:47:29
750,PROD-750,Zapatillas Ultraboost Light,"Tenis de running con retorno de energía superior y ligereza (Talla XL, Color Azul)",994.16,65,1,2026-09-22 09:19:18,2026-09-22 09:56:18
751,PROD-751,Licuadora Reversible 2 Velocidades,Licuadora con motor reversible y vaso de vidrio resistente a choques térmicos,4566.41,20,1,2026-09-20 01:04:23,2026-09-20 02:56:23
752,PROD-752,Aspiradora Inalámbrica SpeedPro,Aspiradora escoba sin cable con cabezal de succión de 180 grados,2299.21,53,1,2026-09-22 00:27:37,2026-09-22 01:49:37
753,PROD-753,Zapatillas Air Max 270,"Calzado deportivo con cápsula de aire visible para máxima comodidad (Talla L, Color Negro)",1257.81,40,1,2026-09-20 16:20:47,2026-09-20 17:57:47
754,PROD-754,Aspiradora Inalámbrica SpeedPro,Aspiradora escoba sin cable con cabezal de succión de 180 grados,5328.27,42,1,2026-09-22 10:54:03,2026-09-22 11:28:03
755,PROD-755,Jeans 501 Original Fit,"Pantalón de mezclilla clásico de corte recto y ajuste cómodo (Talla M, Color Blanco)",972.63,91,1,2026-09-20 07:25:25,2026-09-20 08:44:25
756,PROD-756,Zapatillas Running Pegasus 40,"Calzado de correr con amortiguación reactiva para entrenamiento (Talla XL, Color Blanco)",1039.38,29,1,2026-09-17 20:20:16,2026-09-17 21:28:16
757,PROD-757,iPhone 16 Pro 512GB,Teléfono inteligente premium con chip de alto rendimiento y triple cámara - Color Gris,4938.89,33,1,2026-09-21 23:00:08,2026-09-21 23:01:08
758,PROD-758,Smartphone Galaxy S26 128GB,Smartphone compacto con pantalla fluida y excelente rendimiento - Color Azul,8210.18,31,1,2026-09-19 10:29:10,2026-09-19 12:09:10
759,PROD-759,Pantalón de Buzo Tech Fleece,"Pantalón deportivo térmico con diseño estilizado (Talla S, Color Gris)",522.48,28,1,2026-09-17 21:16:15,2026-09-17 21:50:15
760,PROD-760,Camiseta Graphic Setin Neck,"Playera casual de algodón con estampado frontal (Talla M, Color Blanco)",2275.75,42,1,2026-09-22 12:07:49,2026-09-22 12:55:49
761,PROD-761,Smartphone Galaxy Z Fold 6 1TB,Teléfono plegable con pantalla gigante para productividad y multitarea - Color Azul,9274.26,7,1,2026-09-18 18:07:02,2026-09-18 19:05:02
762,PROD-762,Cafetera Programable 12 Tazas,Cafetera de goteo con temporizador programable y jarra de vidrio,5461.66,21,1,2026-09-20 09:58:11,2026-09-20 10:47:11
763,PROD-763,Aspiradora Inalámbrica SpeedPro,Aspiradora escoba sin cable con cabezal de succión de 180 grados,1605.45,54,1,2026-09-17 19:15:12,2026-09-17 20:50:12
764,PROD-764,Freidora de Aire 4L,Freidora sin aceite para cocinar de manera saludable y rápida,4057.34,27,1,2026-09-18 18:03:03,2026-09-18 18:49:03
765,PROD-765,iPhone 16 Pro 256GB,Teléfono inteligente premium con chip de alto rendimiento y triple cámara - Color Verde,15912.74,5,1,2026-09-18 13:29:00,2026-09-18 15:10:00
766,PROD-766,Zapatillas Ultraboost Light,"Tenis de running con retorno de energía superior y ligereza (Talla XL, Color Blanco)",369.20,15,1,2026-09-21 01:44:06,2026-09-21 03:24:06
767,PROD-767,Freidora XXL Airfryer,Freidora de aire de gran capacidad con tecnología de extracción de grasa,3222.63,13,1,2026-09-19 01:19:57,2026-09-19 01:39:57
768,PROD-768,Chaqueta Camionera de Mezclilla,"Chaqueta clásica de mezclilla resistente para uso diario (Talla S, Color Negro)",1114.36,29,1,2026-09-21 19:14:52,2026-09-21 20:22:52
769,PROD-769,Audífonos AirPods Max,Audífonos de diadema inalámbricos con sonido de alta fidelidad,8759.95,40,1,2026-09-22 07:57:08,2026-09-22 09:19:08
770,PROD-770,Zapatillas Air Max 270,"Calzado deportivo con cápsula de aire visible para máxima comodidad (Talla S, Color Verde)",1162.20,27,1,2026-09-19 01:37:12,2026-09-19 03:32:12
771,PROD-771,Smart Band 8,Pulsera de actividad física con seguimiento del sueño y deporte,20345.38,39,1,2026-09-21 18:37:23,2026-09-21 19:39:23
772,PROD-772,Smart TV OLED C3 65,Televisor inteligente ideal para videojuegos y películas con pánel OLED,19798.53,25,1,2026-09-21 23:46:24,2026-09-22 00:45:24
773,PROD-773,Polerón Adicolor Classics,"Sudadera clásica con el logotipo de las tres tiras (Talla M, Color Negro)",1491.95,67,1,2026-09-19 08:10:12,2026-09-19 09:54:12
774,PROD-774,Zapatillas Samba OG,"Tenis de estilo retro icónicos en cuero de primera calidad (Talla XL, Color Negro)",2018.22,74,1,2026-09-19 20:18:42,2026-09-19 21:51:42
775,PROD-775,Tablet Galaxy Tab S9 256GB,"Tableta de alto rendimiento para diseño, trabajo y entretenimiento - Color Gris",26095.63,47,1,2026-09-20 19:36:03,2026-09-20 21:20:03
776,PROD-776,Camiseta Graphic Setin Neck,"Playera casual de algodón con estampado frontal (Talla M, Color Rojo)",958.73,62,1,2026-09-21 10:26:53,2026-09-21 11:07:53
777,PROD-777,Audífonos Galaxy Buds3 Pro,Audífonos inalámbricos con cancelación activa de ruido inteligente,23890.63,7,1,2026-09-18 08:00:34,2026-09-18 08:22:34
778,PROD-778,iPhone 16 Pro 1TB,Teléfono inteligente premium con chip de alto rendimiento y triple cámara - Color Blanco,4005.75,41,1,2026-09-21 10:34:17,2026-09-21 12:21:17
779,PROD-779,Zapatillas Samba OG,"Tenis de estilo retro icónicos en cuero de primera calidad (Talla L, Color Negro)",1137.66,87,1,2026-09-21 21:39:12,2026-09-21 21:48:12
780,PROD-780,Audífonos AirPods Max,Audífonos de diadema inalámbricos con sonido de alta fidelidad,33458.33,10,1,2026-09-20 09:16:32,2026-09-20 10:58:32
781,PROD-781,Freidora de Aire 4L,Freidora sin aceite para cocinar de manera saludable y rápida,4640.95,34,1,2026-09-22 12:49:33,2026-09-22 13:36:33
782,PROD-782,Cafetera Programable 12 Tazas,Cafetera de goteo con temporizador programable y jarra de vidrio,2420.20,10,1,2026-09-22 00:02:59,2026-09-22 00:11:59
783,PROD-783,Jeans 511 Slim Fit,"Pantalón de mezclilla ajustado de estilo moderno (Talla S, Color Negro)",1909.12,78,1,2026-09-19 21:13:39,2026-09-19 21:37:39
784,PROD-784,Refrigeradora InstaView,Refrigerador inteligente con panel de cristal panorámico,9331.09,45,1,2026-09-18 15:09:49,2026-09-18 16:20:49
785,PROD-785,Freidora XXL Airfryer,Freidora de aire de gran capacidad con tecnología de extracción de grasa,6223.75,44,1,2026-09-19 17:14:30,2026-09-19 18:40:30
786,PROD-786,Polerón Adicolor Classics,"Sudadera clásica con el logotipo de las tres tiras (Talla XL, Color Negro)",708.64,33,1,2026-09-20 21:12:15,2026-09-20 22:03:15
787,PROD-787,Freidora XXL Airfryer,Freidora de aire de gran capacidad con tecnología de extracción de grasa,4457.64,46,1,2026-09-20 05:37:40,2026-09-20 07:36:40
788,PROD-788,Zapatillas Running Pegasus 40,"Calzado de correr con amortiguación reactiva para entrenamiento (Talla L, Color Gris)",1236.54,91,1,2026-09-20 03:49:07,2026-09-20 05:34:07
789,PROD-789,Freidora XXL Airfryer,Freidora de aire de gran capacidad con tecnología de extracción de grasa,4679.90,21,1,2026-09-19 19:43:56,2026-09-19 21:21:56
790,PROD-790,Aspiradora Inalámbrica SpeedPro,Aspiradora escoba sin cable con cabezal de succión de 180 grados,7708.55,36,1,2026-09-19 22:56:24,2026-09-19 22:56:24
791,PROD-791,Freidora de Aire 4L,Freidora sin aceite para cocinar de manera saludable y rápida,4927.80,41,1,2026-09-18 08:46:58,2026-09-18 10:39:58
792,PROD-792,Chaqueta Camionera de Mezclilla,"Chaqueta clásica de mezclilla resistente para uso diario (Talla M, Color Blanco)",2189.80,12,1,2026-09-22 05:28:15,2026-09-22 07:13:15
793,PROD-793,Freidora XXL Airfryer,Freidora de aire de gran capacidad con tecnología de extracción de grasa,1116.58,37,1,2026-09-19 16:54:21,2026-09-19 17:13:21
794,PROD-794,Cámara Alpha 7 IV,Cámara mirrorless profesional de fotograma completo para foto y video,32081.70,20,1,2026-09-18 23:02:31,2026-09-18 23:34:31
795,PROD-795,Camiseta Graphic Setin Neck,"Playera casual de algodón con estampado frontal (Talla M, Color Verde)",515.98,51,1,2026-09-22 08:35:05,2026-09-22 09:36:05
796,PROD-796,Robot Aspiradora X10+,Aspiradora robótica con estación de vaciado automático y mapeo láser,29592.79,11,1,2026-09-21 03:47:47,2026-09-21 05:09:47
797,PROD-797,Camiseta Graphic Setin Neck,"Playera casual de algodón con estampado frontal (Talla S, Color Negro)",2332.02,52,1,2026-09-19 15:46:50,2026-09-19 17:38:50
798,PROD-798,Zapatillas Air Force 1 '07,"Tenis clásicos de cuero blanco para uso urbano y casual (Talla M, Color Verde)",1753.48,87,1,2026-09-17 14:46:29,2026-09-17 16:07:29
799,PROD-799,Freidora XXL Airfryer,Freidora de aire de gran capacidad con tecnología de extracción de grasa,2716.35,10,1,2026-09-19 11:36:48,2026-09-19 12:45:48
800,PROD-800,Freidora de Aire 4L,Freidora sin aceite para cocinar de manera saludable y rápida,4218.25,22,1,2026-09-18 11:25:14,2026-09-18 11:31:14
801,PROD-801,Aspiradora Inalámbrica SpeedPro,Aspiradora escoba sin cable con cabezal de succión de 180 grados,6121.59,44,1,2026-09-20 14:36:58,2026-09-20 14:47:58
802,PROD-802,Patinete Eléctrico Pro 4,Scooter eléctrico con gran autonomía para movilidad urbana,28416.07,14,1,2026-09-18 08:21:40,2026-09-18 09:04:40
803,PROD-803,Robot Aspiradora X10+,Aspiradora robótica con estación de vaciado automático y mapeo láser,26958.68,40,1,2026-09-19 23:14:46,2026-09-19 23:47:46
804,PROD-804,Robot Aspiradora X10+,Aspiradora robótica con estación de vaciado automático y mapeo láser,15924.43,49,1,2026-09-18 08:05:49,2026-09-18 09:42:49
805,PROD-805,Robot Aspiradora X10+,Aspiradora robótica con estación de vaciado automático y mapeo láser,7532.85,30,1,2026-09-21 12:06:01,2026-09-21 13:19:01
806,PROD-806,Refrigeradora InstaView,Refrigerador inteligente con panel de cristal panorámico,35896.30,38,1,2026-09-19 00:58:18,2026-09-19 01:29:18
807,PROD-807,Smart TV Bravia XR OLED 55,Televisor OLED con negros absolutos y procesador de imagen cognitivo,11981.11,41,1,2026-09-18 02:09:28,2026-09-18 02:23:28
808,PROD-808,Aspiradora Inalámbrica SpeedPro,Aspiradora escoba sin cable con cabezal de succión de 180 grados,3176.03,20,1,2026-09-19 11:49:14,2026-09-19 12:33:14
809,PROD-809,Freidora de Aire 4L,Freidora sin aceite para cocinar de manera saludable y rápida,1686.34,30,1,2026-09-21 06:51:12,2026-09-21 08:36:12
810,PROD-810,Zapatillas Ultraboost Light,"Tenis de running con retorno de energía superior y ligereza (Talla XL, Color Negro)",2337.06,39,1,2026-09-18 18:11:27,2026-09-18 19:38:27
811,PROD-811,Jeans 501 Original Fit,"Pantalón de mezclilla clásico de corte recto y ajuste cómodo (Talla S, Color Verde)",467.26,89,1,2026-09-18 10:37:00,2026-09-18 12:28:00
812,PROD-812,Chaqueta Camionera de Mezclilla,"Chaqueta clásica de mezclilla resistente para uso diario (Talla S, Color Gris)",1317.63,12,1,2026-09-19 13:26:33,2026-09-19 13:52:33
813,PROD-813,Licuadora Reversible 2 Velocidades,Licuadora con motor reversible y vaso de vidrio resistente a choques térmicos,4552.82,56,1,2026-09-19 02:46:46,2026-09-19 03:56:46
814,PROD-814,Polerón Adicolor Classics,"Sudadera clásica con el logotipo de las tres tiras (Talla M, Color Verde)",1852.32,12,1,2026-09-19 19:57:25,2026-09-19 21:11:25
815,PROD-815,Freidora de Aire 4L,Freidora sin aceite para cocinar de manera saludable y rápida,1694.43,26,1,2026-09-18 18:20:17,2026-09-18 20:01:17
816,PROD-816,Freidora XXL Airfryer,Freidora de aire de gran capacidad con tecnología de extracción de grasa,3933.70,8,1,2026-09-17 22:48:31,2026-09-17 23:37:31
817,PROD-817,Aspiradora Inalámbrica SpeedPro,Aspiradora escoba sin cable con cabezal de succión de 180 grados,6968.55,9,1,2026-09-19 07:42:26,2026-09-19 09:33:26
818,PROD-818,Freidora XXL Airfryer,Freidora de aire de gran capacidad con tecnología de extracción de grasa,7846.43,40,1,2026-09-21 20:27:56,2026-09-21 20:39:56
819,PROD-819,Zapatillas Running Pegasus 40,"Calzado de correr con amortiguación reactiva para entrenamiento (Talla S, Color Blanco)",777.58,68,1,2026-09-20 22:45:56,2026-09-21 00:43:56
820,PROD-820,Licuadora Reversible 2 Velocidades,Licuadora con motor reversible y vaso de vidrio resistente a choques térmicos,2280.18,41,1,2026-09-19 09:31:04,2026-09-19 10:13:04
821,PROD-821,Zapatillas Air Max 270,"Calzado deportivo con cápsula de aire visible para máxima comodidad (Talla S, Color Gris)",1821.27,55,1,2026-09-21 08:09:56,2026-09-21 08:47:56
822,PROD-822,Monitor UltraGear 27,Monitor de alta frecuencia de actualización para juegos competitivos,29322.20,45,1,2026-09-19 02:38:13,2026-09-19 04:30:13
823,PROD-823,Chaqueta Camionera de Mezclilla,"Chaqueta clásica de mezclilla resistente para uso diario (Talla M, Color Blanco)",1084.84,60,1,2026-09-21 12:46:56,2026-09-21 13:03:56
824,PROD-824,Robot Aspiradora X10+,Aspiradora robótica con estación de vaciado automático y mapeo láser,34601.50,44,1,2026-09-21 08:12:30,2026-09-21 09:39:30
825,PROD-825,Smartphone Xiaomi 14 Ultra 256GB,Smartphone de gama alta enfocado en fotografía profesional Leica - Color Azul,34954.07,43,1,2026-09-19 13:03:55,2026-09-19 14:00:55
826,PROD-826,Licuadora Reversible 2 Velocidades,Licuadora con motor reversible y vaso de vidrio resistente a choques térmicos,5358.79,45,1,2026-09-20 19:57:00,2026-09-20 21:24:00
827,PROD-827,MacBook Air 15 M2 256GB,Laptop ultra delgada y liviana con gran autonomía - Color Azul,35846.85,14,1,2026-09-21 12:40:49,2026-09-21 14:39:49
828,PROD-828,Freidora de Aire 4L,Freidora sin aceite para cocinar de manera saludable y rápida,915.39,42,1,2026-09-21 21:53:09,2026-09-21 22:08:09
829,PROD-829,Audífonos Bluetooth WH-1000XM5,Audífonos inalámbricos con la mejor cancelación de ruido del mercado,26311.32,25,1,2026-09-20 01:24:31,2026-09-20 02:16:31
830,PROD-830,Polera Sportswear Club Fleece,"Sudadera de felpa con capucha y ajuste estándar (Talla M, Color Blanco)",579.56,33,1,2026-09-17 16:55:30,2026-09-17 18:32:30
831,PROD-831,Freidora XXL Airfryer,Freidora de aire de gran capacidad con tecnología de extracción de grasa,4932.34,22,1,2026-09-21 17:12:58,2026-09-21 17:15:58
832,PROD-832,Camiseta Graphic Setin Neck,"Playera casual de algodón con estampado frontal (Talla M, Color Rojo)",2169.20,70,1,2026-09-21 20:48:18,2026-09-21 22:11:18
833,PROD-833,Camiseta Graphic Setin Neck,"Playera casual de algodón con estampado frontal (Talla XL, Color Azul)",645.65,34,1,2026-09-18 22:03:47,2026-09-18 22:07:47
834,PROD-834,Chaqueta Camionera de Mezclilla,"Chaqueta clásica de mezclilla resistente para uso diario (Talla XL, Color Blanco)",1946.09,35,1,2026-09-22 03:28:08,2026-09-22 03:54:08
835,PROD-835,Audífonos AirPods Max,Audífonos de diadema inalámbricos con sonido de alta fidelidad,31283.08,36,1,2026-09-21 17:17:13,2026-09-21 17:58:13
836,PROD-836,Camiseta Graphic Setin Neck,"Playera casual de algodón con estampado frontal (Talla XL, Color Negro)",1657.05,58,1,2026-09-21 21:59:47,2026-09-21 22:39:47
837,PROD-837,Polerón Adicolor Classics,"Sudadera clásica con el logotipo de las tres tiras (Talla S, Color Rojo)",585.03,68,1,2026-09-17 19:17:13,2026-09-17 21:09:13
838,PROD-838,Refrigeradora InstaView,Refrigerador inteligente con panel de cristal panorámico,14544.20,7,1,2026-09-20 22:19:50,2026-09-20 23:08:50
839,PROD-839,Licuadora Reversible 2 Velocidades,Licuadora con motor reversible y vaso de vidrio resistente a choques térmicos,2612.96,33,1,2026-09-19 09:27:49,2026-09-19 11:06:49
840,PROD-840,Zapatillas Air Max 270,"Calzado deportivo con cápsula de aire visible para máxima comodidad (Talla XL, Color Gris)",1668.24,16,1,2026-09-21 17:35:29,2026-09-21 18:41:29
841,PROD-841,Smart Band 8,Pulsera de actividad física con seguimiento del sueño y deporte,3710.65,37,1,2026-09-18 05:35:29,2026-09-18 05:58:29
842,PROD-842,Freidora de Aire 4L,Freidora sin aceite para cocinar de manera saludable y rápida,3543.05,36,1,2026-09-17 16:44:16,2026-09-17 17:06:16
843,PROD-843,Polerón Adicolor Classics,"Sudadera clásica con el logotipo de las tres tiras (Talla M, Color Azul)",543.89,51,1,2026-09-21 17:50:54,2026-09-21 19:13:54
844,PROD-844,Cafetera Programable 12 Tazas,Cafetera de goteo con temporizador programable y jarra de vidrio,5972.79,13,1,2026-09-18 05:44:10,2026-09-18 07:14:10
845,PROD-845,Zapatillas Samba OG,"Tenis de estilo retro icónicos en cuero de primera calidad (Talla S, Color Rojo)",1870.65,75,1,2026-09-21 06:14:57,2026-09-21 06:34:57
846,PROD-846,Zapatillas Samba OG,"Tenis de estilo retro icónicos en cuero de primera calidad (Talla S, Color Blanco)",2311.34,82,1,2026-09-21 13:09:38,2026-09-21 14:59:38
847,PROD-847,iPhone 16 256GB,Smartphone con pantalla Super Retina XDR y excelente duración de batería - Color Verde,2321.52,24,1,2026-09-19 10:11:11,2026-09-19 11:44:11
848,PROD-848,Zapatillas Air Max 270,"Calzado deportivo con cápsula de aire visible para máxima comodidad (Talla S, Color Blanco)",2414.93,10,1,2026-09-21 07:46:35,2026-09-21 09:23:35
849,PROD-849,Camiseta Graphic Setin Neck,"Playera casual de algodón con estampado frontal (Talla XL, Color Azul)",1518.53,10,1,2026-09-21 05:39:13,2026-09-21 07:31:13
850,PROD-850,Jeans 511 Slim Fit,"Pantalón de mezclilla ajustado de estilo moderno (Talla XL, Color Azul)",1231.83,20,1,2026-09-21 04:40:05,2026-09-21 05:56:05
851,PROD-851,Audífonos AirPods Pro 2,Audífonos intrauditivos con cancelación de ruido de nivel superior,10373.01,45,1,2026-09-20 22:18:31,2026-09-21 00:02:31
852,PROD-852,Smartphone Galaxy S26 256GB,Smartphone compacto con pantalla fluida y excelente rendimiento - Color Negro,23691.33,7,1,2026-09-18 10:16:53,2026-09-18 12:05:53
853,PROD-853,Refrigeradora InstaView,Refrigerador inteligente con panel de cristal panorámico,11094.67,10,1,2026-09-17 20:15:01,2026-09-17 20:28:01
854,PROD-854,Jeans 511 Slim Fit,"Pantalón de mezclilla ajustado de estilo moderno (Talla L, Color Rojo)",1770.99,99,1,2026-09-21 03:45:30,2026-09-21 04:58:30
855,PROD-855,Freidora de Aire 4L,Freidora sin aceite para cocinar de manera saludable y rápida,6094.94,31,1,2026-09-17 18:19:45,2026-09-17 18:30:45
856,PROD-856,Polera Sportswear Club Fleece,"Sudadera de felpa con capucha y ajuste estándar (Talla XL, Color Negro)",1980.65,80,1,2026-09-17 22:33:54,2026-09-17 23:10:54
857,PROD-857,Jeans 501 Original Fit,"Pantalón de mezclilla clásico de corte recto y ajuste cómodo (Talla L, Color Gris)",1483.16,77,1,2026-09-18 19:40:14,2026-09-18 21:09:14
858,PROD-858,Smart TV OLED C3 65,Televisor inteligente ideal para videojuegos y películas con pánel OLED,4380.23,45,1,2026-09-20 18:08:35,2026-09-20 18:19:35
859,PROD-859,Polerón Adicolor Classics,"Sudadera clásica con el logotipo de las tres tiras (Talla L, Color Azul)",1659.02,50,1,2026-09-19 02:55:31,2026-09-19 04:02:31
860,PROD-860,Freidora XXL Airfryer,Freidora de aire de gran capacidad con tecnología de extracción de grasa,5068.60,39,1,2026-09-20 16:47:50,2026-09-20 18:20:50
861,PROD-861,Aspiradora Inalámbrica SpeedPro,Aspiradora escoba sin cable con cabezal de succión de 180 grados,6540.65,47,1,2026-09-18 23:00:08,2026-09-19 00:30:08
862,PROD-862,Jeans 501 Original Fit,"Pantalón de mezclilla clásico de corte recto y ajuste cómodo (Talla S, Color Negro)",1349.50,25,1,2026-09-22 00:30:40,2026-09-22 02:18:40
863,PROD-863,Monitor UltraGear 27,Monitor de alta frecuencia de actualización para juegos competitivos,15198.46,26,1,2026-09-19 16:01:52,2026-09-19 17:12:52
864,PROD-864,Licuadora Reversible 2 Velocidades,Licuadora con motor reversible y vaso de vidrio resistente a choques térmicos,5268.70,52,1,2026-09-19 06:07:28,2026-09-19 06:39:28
865,PROD-865,Cámara Alpha 7 IV,Cámara mirrorless profesional de fotograma completo para foto y video,18487.48,25,1,2026-09-22 04:49:00,2026-09-22 04:49:00
866,PROD-866,Cámara Alpha 7 IV,Cámara mirrorless profesional de fotograma completo para foto y video,14559.75,41,1,2026-09-21 06:49:12,2026-09-21 06:52:12
867,PROD-867,iPad Pro 12.9,Tableta profesional con pantalla Liquid Retina XDR y chip M2,30100.80,48,1,2026-09-20 10:53:05,2026-09-20 12:50:05
868,PROD-868,Jeans 511 Slim Fit,"Pantalón de mezclilla ajustado de estilo moderno (Talla XL, Color Blanco)",1698.48,78,1,2026-09-19 13:54:48,2026-09-19 14:53:48
869,PROD-869,Zapatillas Ultraboost Light,"Tenis de running con retorno de energía superior y ligereza (Talla L, Color Rojo)",1908.67,50,1,2026-09-20 21:57:47,2026-09-20 23:05:47
870,PROD-870,iPad Pro 12.9,Tableta profesional con pantalla Liquid Retina XDR y chip M2,28883.50,27,1,2026-09-17 22:45:09,2026-09-17 23:04:09
871,PROD-871,Chaqueta Camionera de Mezclilla,"Chaqueta clásica de mezclilla resistente para uso diario (Talla XL, Color Verde)",1498.69,31,1,2026-09-21 00:15:53,2026-09-21 01:32:53
872,PROD-872,Jeans 501 Original Fit,"Pantalón de mezclilla clásico de corte recto y ajuste cómodo (Talla L, Color Verde)",2194.31,100,1,2026-09-17 17:42:57,2026-09-17 18:16:57
873,PROD-873,Camiseta Graphic Setin Neck,"Playera casual de algodón con estampado frontal (Talla M, Color Gris)",1321.60,48,1,2026-09-18 20:35:14,2026-09-18 21:42:14
874,PROD-874,Jeans 501 Original Fit,"Pantalón de mezclilla clásico de corte recto y ajuste cómodo (Talla L, Color Negro)",2022.25,21,1,2026-09-20 05:44:20,2026-09-20 06:48:20
875,PROD-875,Robot Aspiradora X10+,Aspiradora robótica con estación de vaciado automático y mapeo láser,5969.76,26,1,2026-09-20 11:31:13,2026-09-20 13:04:13
876,PROD-876,Aspiradora Inalámbrica SpeedPro,Aspiradora escoba sin cable con cabezal de succión de 180 grados,1489.04,14,1,2026-09-22 12:50:32,2026-09-22 14:50:32
877,PROD-877,Licuadora Reversible 2 Velocidades,Licuadora con motor reversible y vaso de vidrio resistente a choques térmicos,5906.74,37,1,2026-09-19 21:33:22,2026-09-19 23:04:22
878,PROD-878,Licuadora Reversible 2 Velocidades,Licuadora con motor reversible y vaso de vidrio resistente a choques térmicos,2763.46,10,1,2026-09-21 17:10:08,2026-09-21 18:58:08
879,PROD-879,Freidora de Aire 4L,Freidora sin aceite para cocinar de manera saludable y rápida,3948.26,10,1,2026-09-18 04:07:30,2026-09-18 05:13:30
880,PROD-880,Freidora XXL Airfryer,Freidora de aire de gran capacidad con tecnología de extracción de grasa,4789.45,27,1,2026-09-21 10:08:56,2026-09-21 12:02:56
881,PROD-881,Audífonos Bluetooth WH-1000XM5,Audífonos inalámbricos con la mejor cancelación de ruido del mercado,7335.37,22,1,2026-09-20 18:37:40,2026-09-20 19:17:40
882,PROD-882,Zapatillas Ultraboost Light,"Tenis de running con retorno de energía superior y ligereza (Talla L, Color Blanco)",688.62,24,1,2026-09-17 15:19:53,2026-09-17 16:38:53
883,PROD-883,Licuadora Reversible 2 Velocidades,Licuadora con motor reversible y vaso de vidrio resistente a choques térmicos,4523.22,43,1,2026-09-19 11:29:32,2026-09-19 12:03:32
884,PROD-884,Parlante Portátil SRS-XG300,Bocina inalámbrica portátil resistente al agua con graves potentes,9191.29,9,1,2026-09-19 10:27:26,2026-09-19 11:45:26
885,PROD-885,Zapatillas Samba OG,"Tenis de estilo retro icónicos en cuero de primera calidad (Talla S, Color Blanco)",412.33,96,1,2026-09-17 20:27:28,2026-09-17 20:40:28
886,PROD-886,Jeans 501 Original Fit,"Pantalón de mezclilla clásico de corte recto y ajuste cómodo (Talla XL, Color Azul)",734.81,86,1,2026-09-21 03:26:09,2026-09-21 04:46:09
887,PROD-887,Aspiradora Inalámbrica SpeedPro,Aspiradora escoba sin cable con cabezal de succión de 180 grados,2774.55,60,1,2026-09-18 17:58:01,2026-09-18 19:29:01
888,PROD-888,Freidora de Aire 4L,Freidora sin aceite para cocinar de manera saludable y rápida,4715.20,13,1,2026-09-22 11:29:23,2026-09-22 13:11:23
889,PROD-889,Freidora XXL Airfryer,Freidora de aire de gran capacidad con tecnología de extracción de grasa,3862.44,51,1,2026-09-21 10:57:35,2026-09-21 12:27:35
890,PROD-890,Zapatillas Air Max 270,"Calzado deportivo con cápsula de aire visible para máxima comodidad (Talla M, Color Blanco)",2201.36,88,1,2026-09-19 02:41:28,2026-09-19 04:37:28
891,PROD-891,Zapatillas Air Max 270,"Calzado deportivo con cápsula de aire visible para máxima comodidad (Talla L, Color Gris)",1324.56,13,1,2026-09-17 22:37:45,2026-09-17 23:37:45
892,PROD-892,Smart TV Bravia XR OLED 55,Televisor OLED con negros absolutos y procesador de imagen cognitivo,16874.08,15,1,2026-09-19 06:12:59,2026-09-19 07:50:59
893,PROD-893,Polerón Adicolor Classics,"Sudadera clásica con el logotipo de las tres tiras (Talla M, Color Rojo)",571.30,23,1,2026-09-19 12:34:04,2026-09-19 13:45:04
894,PROD-894,Freidora de Aire 4L,Freidora sin aceite para cocinar de manera saludable y rápida,4448.87,33,1,2026-09-21 03:06:45,2026-09-21 03:58:45
895,PROD-895,Smart TV OLED C3 65,Televisor inteligente ideal para videojuegos y películas con pánel OLED,19952.19,35,1,2026-09-19 21:00:25,2026-09-19 21:08:25
896,PROD-896,Camiseta Graphic Setin Neck,"Playera casual de algodón con estampado frontal (Talla XL, Color Rojo)",2042.75,79,1,2026-09-21 18:12:00,2026-09-21 18:42:00
897,PROD-897,Monitor Odyssey G9,Monitor curvo ultrawide diseñado para gaming profesional,4558.46,43,1,2026-09-20 08:31:32,2026-09-20 09:12:32
898,PROD-898,Freidora de Aire 4L,Freidora sin aceite para cocinar de manera saludable y rápida,1738.92,33,1,2026-09-17 23:14:49,2026-09-18 00:30:49
899,PROD-899,Monitor UltraGear 27,Monitor de alta frecuencia de actualización para juegos competitivos,12122.99,46,1,2026-09-21 13:15:11,2026-09-21 13:22:11
900,PROD-900,iPhone 16 128GB,Smartphone con pantalla Super Retina XDR y excelente duración de batería - Color Blanco,23961.29,33,1,2026-09-20 18:28:46,2026-09-20 19:05:46
901,PROD-901,Polerón Adicolor Classics,"Sudadera clásica con el logotipo de las tres tiras (Talla XL, Color Blanco)",792.17,50,1,2026-09-19 08:45:42,2026-09-19 09:57:42
902,PROD-902,Aspiradora Inalámbrica SpeedPro,Aspiradora escoba sin cable con cabezal de succión de 180 grados,5855.21,30,1,2026-09-18 02:06:47,2026-09-18 03:20:47
903,PROD-903,Refrigeradora InstaView,Refrigerador inteligente con panel de cristal panorámico,14849.01,13,1,2026-09-19 07:57:12,2026-09-19 08:04:12
904,PROD-904,Zapatillas Ultraboost Light,"Tenis de running con retorno de energía superior y ligereza (Talla S, Color Verde)",1554.07,55,1,2026-09-18 05:05:08,2026-09-18 06:55:08
905,PROD-905,Jeans 511 Slim Fit,"Pantalón de mezclilla ajustado de estilo moderno (Talla XL, Color Verde)",1618.85,90,1,2026-09-19 11:26:25,2026-09-19 12:57:25
906,PROD-906,Pantalón de Buzo Tech Fleece,"Pantalón deportivo térmico con diseño estilizado (Talla XL, Color Rojo)",804.11,32,1,2026-09-20 10:16:04,2026-09-20 10:33:04
907,PROD-907,Monitor UltraGear 27,Monitor de alta frecuencia de actualización para juegos competitivos,30438.13,28,1,2026-09-20 01:52:26,2026-09-20 02:11:26
908,PROD-908,Zapatillas Ultraboost Light,"Tenis de running con retorno de energía superior y ligereza (Talla M, Color Negro)",504.25,12,1,2026-09-18 10:04:50,2026-09-18 11:36:50
909,PROD-909,Zapatillas Samba OG,"Tenis de estilo retro icónicos en cuero de primera calidad (Talla M, Color Negro)",645.02,63,1,2026-09-20 07:31:25,2026-09-20 09:25:25
910,PROD-910,Freidora XXL Airfryer,Freidora de aire de gran capacidad con tecnología de extracción de grasa,3853.40,35,1,2026-09-20 21:30:28,2026-09-20 23:14:28
911,PROD-911,Polera Sportswear Club Fleece,"Sudadera de felpa con capucha y ajuste estándar (Talla M, Color Blanco)",1263.26,10,1,2026-09-21 01:16:41,2026-09-21 02:19:41
912,PROD-912,Cafetera Programable 12 Tazas,Cafetera de goteo con temporizador programable y jarra de vidrio,4213.14,34,1,2026-09-20 20:39:03,2026-09-20 21:52:03
913,PROD-913,Jeans 501 Original Fit,"Pantalón de mezclilla clásico de corte recto y ajuste cómodo (Talla XL, Color Verde)",1142.44,84,1,2026-09-20 11:14:16,2026-09-20 12:42:16
914,PROD-914,Audífonos AirPods Pro 2,Audífonos intrauditivos con cancelación de ruido de nivel superior,35417.06,22,1,2026-09-20 08:49:15,2026-09-20 09:55:15
915,PROD-915,Refrigeradora InstaView,Refrigerador inteligente con panel de cristal panorámico,3639.85,35,1,2026-09-21 08:57:23,2026-09-21 10:31:23
916,PROD-916,Cafetera Programable 12 Tazas,Cafetera de goteo con temporizador programable y jarra de vidrio,5216.03,59,1,2026-09-21 01:31:27,2026-09-21 02:10:27
917,PROD-917,Freidora de Aire 4L,Freidora sin aceite para cocinar de manera saludable y rápida,4466.25,8,1,2026-09-20 09:23:37,2026-09-20 10:21:37
918,PROD-918,Aspiradora Inalámbrica SpeedPro,Aspiradora escoba sin cable con cabezal de succión de 180 grados,3599.72,59,1,2026-09-19 08:00:59,2026-09-19 08:37:59
919,PROD-919,Smartphone Galaxy Z Flip 6 512GB,Teléfono plegable compacto con pantalla exterior funcional - Color Negro,22840.15,42,1,2026-09-18 13:44:01,2026-09-18 14:57:01
920,PROD-920,Barra de Sonido HT-A7000,Sistema de audio para cine en casa con soporte Dolby Atmos,22663.25,23,1,2026-09-20 11:42:28,2026-09-20 11:52:28
921,PROD-921,Smart TV OLED C3 65,Televisor inteligente ideal para videojuegos y películas con pánel OLED,30726.31,22,1,2026-09-19 01:49:02,2026-09-19 02:05:02
922,PROD-922,Aspiradora Inalámbrica SpeedPro,Aspiradora escoba sin cable con cabezal de succión de 180 grados,6919.72,8,1,2026-09-22 01:05:17,2026-09-22 01:19:17
923,PROD-923,Cafetera Programable 12 Tazas,Cafetera de goteo con temporizador programable y jarra de vidrio,6016.15,50,1,2026-09-20 06:09:29,2026-09-20 06:56:29
924,PROD-924,Barra de Sonido HT-A7000,Sistema de audio para cine en casa con soporte Dolby Atmos,8884.95,16,1,2026-09-22 09:31:36,2026-09-22 10:38:36
925,PROD-925,Consola PlayStation 5 Slim,Consola de videojuegos de última generación con almacenamiento SSD ultra rápido,34840.77,43,1,2026-09-22 12:46:54,2026-09-22 13:05:54
926,PROD-926,Pantalón de Buzo Tech Fleece,"Pantalón deportivo térmico con diseño estilizado (Talla M, Color Verde)",1296.40,91,1,2026-09-18 13:28:19,2026-09-18 13:54:19
927,PROD-927,Freidora XXL Airfryer,Freidora de aire de gran capacidad con tecnología de extracción de grasa,5281.18,56,1,2026-09-22 12:27:45,2026-09-22 12:41:45
928,PROD-928,Audífonos AirPods Max,Audífonos de diadema inalámbricos con sonido de alta fidelidad,14655.44,24,1,2026-09-20 10:28:15,2026-09-20 12:03:15
929,PROD-929,Freidora de Aire 4L,Freidora sin aceite para cocinar de manera saludable y rápida,5594.68,32,1,2026-09-20 10:13:36,2026-09-20 10:46:36
930,PROD-930,Monitor UltraGear 27,Monitor de alta frecuencia de actualización para juegos competitivos,921.14,33,1,2026-09-19 20:44:35,2026-09-19 22:10:35
931,PROD-931,Polerón Adicolor Classics,"Sudadera clásica con el logotipo de las tres tiras (Talla S, Color Negro)",2323.08,91,1,2026-09-19 16:38:22,2026-09-19 18:26:22
932,PROD-932,Polerón Adicolor Classics,"Sudadera clásica con el logotipo de las tres tiras (Talla L, Color Gris)",931.20,22,1,2026-09-19 02:17:48,2026-09-19 03:40:48
933,PROD-933,Aspiradora Inalámbrica SpeedPro,Aspiradora escoba sin cable con cabezal de succión de 180 grados,6275.95,55,1,2026-09-19 00:19:26,2026-09-19 01:52:26
934,PROD-934,Cafetera Programable 12 Tazas,Cafetera de goteo con temporizador programable y jarra de vidrio,2964.29,52,1,2026-09-18 15:18:43,2026-09-18 15:58:43
935,PROD-935,Cafetera Programable 12 Tazas,Cafetera de goteo con temporizador programable y jarra de vidrio,464.42,12,1,2026-09-17 14:51:06,2026-09-17 15:43:06
936,PROD-936,Smart TV OLED C3 65,Televisor inteligente ideal para videojuegos y películas con pánel OLED,24835.23,27,1,2026-09-18 21:03:52,2026-09-18 22:35:52
937,PROD-937,Zapatillas Air Max 270,"Calzado deportivo con cápsula de aire visible para máxima comodidad (Talla S, Color Negro)",1681.70,17,1,2026-09-21 03:38:14,2026-09-21 05:02:14
938,PROD-938,Refrigeradora InstaView,Refrigerador inteligente con panel de cristal panorámico,4823.55,12,1,2026-09-18 01:41:26,2026-09-18 03:30:26
939,PROD-939,Freidora de Aire 4L,Freidora sin aceite para cocinar de manera saludable y rápida,5388.60,49,1,2026-09-20 23:32:58,2026-09-21 01:14:58
940,PROD-940,Smartphone Galaxy S26 512GB,Smartphone compacto con pantalla fluida y excelente rendimiento - Color Gris,17076.92,9,1,2026-09-21 10:08:19,2026-09-21 11:06:19
941,PROD-941,Polera Sportswear Club Fleece,"Sudadera de felpa con capucha y ajuste estándar (Talla L, Color Blanco)",2028.57,45,1,2026-09-22 06:17:02,2026-09-22 06:24:02
942,PROD-942,Polera Sportswear Club Fleece,"Sudadera de felpa con capucha y ajuste estándar (Talla S, Color Gris)",2404.55,43,1,2026-09-18 15:01:21,2026-09-18 15:57:21
943,PROD-943,Smartphone Xiaomi 14 Ultra 1TB,Smartphone de gama alta enfocado en fotografía profesional Leica - Color Blanco,23414.65,11,1,2026-09-18 10:03:45,2026-09-18 11:12:45
944,PROD-944,Jeans 501 Original Fit,"Pantalón de mezclilla clásico de corte recto y ajuste cómodo (Talla XL, Color Verde)",906.84,14,1,2026-09-17 23:43:45,2026-09-17 23:52:45
945,PROD-945,Aspiradora Inalámbrica SpeedPro,Aspiradora escoba sin cable con cabezal de succión de 180 grados,542.61,39,1,2026-09-18 10:47:17,2026-09-18 12:10:17
946,PROD-946,Licuadora Reversible 2 Velocidades,Licuadora con motor reversible y vaso de vidrio resistente a choques térmicos,5451.00,25,1,2026-09-18 11:11:20,2026-09-18 12:40:20
947,PROD-947,Zapatillas Running Pegasus 40,"Calzado de correr con amortiguación reactiva para entrenamiento (Talla S, Color Rojo)",1871.35,72,1,2026-09-20 10:44:37,2026-09-20 11:39:37
948,PROD-948,Zapatillas Ultraboost Light,"Tenis de running con retorno de energía superior y ligereza (Talla M, Color Negro)",1176.51,98,1,2026-09-22 12:14:10,2026-09-22 13:53:10
949,PROD-949,Chaqueta Camionera de Mezclilla,"Chaqueta clásica de mezclilla resistente para uso diario (Talla L, Color Verde)",1001.08,17,1,2026-09-21 09:11:27,2026-09-21 10:33:27
950,PROD-950,Parlante Portátil SRS-XG300,Bocina inalámbrica portátil resistente al agua con graves potentes,30793.64,26,1,2026-09-18 00:49:37,2026-09-18 02:36:37
951,PROD-951,Zapatillas Air Max 270,"Calzado deportivo con cápsula de aire visible para máxima comodidad (Talla M, Color Rojo)",434.56,59,1,2026-09-21 13:20:09,2026-09-21 13:44:09
952,PROD-952,Zapatillas Samba OG,"Tenis de estilo retro icónicos en cuero de primera calidad (Talla S, Color Verde)",1831.01,72,1,2026-09-18 01:28:07,2026-09-18 03:21:07
953,PROD-953,Freidora XXL Airfryer,Freidora de aire de gran capacidad con tecnología de extracción de grasa,1463.57,20,1,2026-09-17 16:48:13,2026-09-17 18:20:13
954,PROD-954,Freidora de Aire 4L,Freidora sin aceite para cocinar de manera saludable y rápida,3354.63,58,1,2026-09-20 19:49:59,2026-09-20 21:11:59
955,PROD-955,Zapatillas Running Pegasus 40,"Calzado de correr con amortiguación reactiva para entrenamiento (Talla XL, Color Negro)",429.64,17,1,2026-09-19 14:17:36,2026-09-19 15:57:36
956,PROD-956,Freidora de Aire 4L,Freidora sin aceite para cocinar de manera saludable y rápida,1298.22,59,1,2026-09-21 12:20:00,2026-09-21 13:45:00
957,PROD-957,Freidora XXL Airfryer,Freidora de aire de gran capacidad con tecnología de extracción de grasa,6031.99,22,1,2026-09-17 23:36:01,2026-09-17 23:40:01
958,PROD-958,Freidora de Aire 4L,Freidora sin aceite para cocinar de manera saludable y rápida,5369.12,38,1,2026-09-21 07:10:00,2026-09-21 07:15:00
959,PROD-959,iPhone 16 Pro Max 256GB,Smartphone insignia de Apple con acabado en titanio y cámara profesional - Color Verde,2273.51,24,1,2026-09-22 12:38:18,2026-09-22 14:19:18
960,PROD-960,Robot Aspiradora X10+,Aspiradora robótica con estación de vaciado automático y mapeo láser,6559.47,42,1,2026-09-17 22:25:27,2026-09-18 00:09:27
961,PROD-961,Monitor Odyssey G9,Monitor curvo ultrawide diseñado para gaming profesional,21621.70,44,1,2026-09-18 21:13:58,2026-09-18 21:21:58
962,PROD-962,Patinete Eléctrico Pro 4,Scooter eléctrico con gran autonomía para movilidad urbana,29309.00,48,1,2026-09-19 23:39:23,2026-09-20 00:20:23
963,PROD-963,Refrigeradora InstaView,Refrigerador inteligente con panel de cristal panorámico,5375.19,18,1,2026-09-22 04:24:30,2026-09-22 04:29:30
964,PROD-964,Freidora de Aire 4L,Freidora sin aceite para cocinar de manera saludable y rápida,880.49,25,1,2026-09-18 09:40:43,2026-09-18 11:16:43
965,PROD-965,Chaqueta Camionera de Mezclilla,"Chaqueta clásica de mezclilla resistente para uso diario (Talla M, Color Azul)",873.84,84,1,2026-09-17 19:02:12,2026-09-17 19:19:12
966,PROD-966,Monitor UltraGear 27,Monitor de alta frecuencia de actualización para juegos competitivos,28106.99,6,1,2026-09-20 12:01:46,2026-09-20 12:11:46
967,PROD-967,Smartphone Galaxy S26 128GB,Smartphone compacto con pantalla fluida y excelente rendimiento - Color Verde,23637.33,23,1,2026-09-20 01:43:35,2026-09-20 03:11:35
968,PROD-968,Zapatillas Ultraboost Light,"Tenis de running con retorno de energía superior y ligereza (Talla M, Color Blanco)",1725.63,76,1,2026-09-20 06:42:24,2026-09-20 07:34:24
969,PROD-969,iPhone 16 Pro Max 256GB,Smartphone insignia de Apple con acabado en titanio y cámara profesional - Color Verde,18246.01,10,1,2026-09-21 08:27:04,2026-09-21 10:12:04
970,PROD-970,Pantalón de Buzo Tech Fleece,"Pantalón deportivo térmico con diseño estilizado (Talla S, Color Rojo)",856.62,25,1,2026-09-20 18:19:31,2026-09-20 18:31:31
971,PROD-971,Freidora XXL Airfryer,Freidora de aire de gran capacidad con tecnología de extracción de grasa,3928.04,48,1,2026-09-21 13:07:52,2026-09-21 13:33:52
972,PROD-972,Jeans 511 Slim Fit,"Pantalón de mezclilla ajustado de estilo moderno (Talla S, Color Blanco)",1823.27,70,1,2026-09-20 13:33:56,2026-09-20 13:55:56
973,PROD-973,Smartphone Galaxy S26 Ultra 512GB,Smartphone de alta gama con cámara de 200MP y pantalla Dynamic AMOLED - Color Gris,7940.44,21,1,2026-09-19 13:47:41,2026-09-19 15:05:41
974,PROD-974,Jeans 501 Original Fit,"Pantalón de mezclilla clásico de corte recto y ajuste cómodo (Talla S, Color Rojo)",728.16,13,1,2026-09-20 11:45:06,2026-09-20 12:50:06
975,PROD-975,Smartphone Galaxy Z Fold 6 1TB,Teléfono plegable con pantalla gigante para productividad y multitarea - Color Rojo,21081.54,31,1,2026-09-18 18:03:17,2026-09-18 19:38:17
976,PROD-976,Freidora XXL Airfryer,Freidora de aire de gran capacidad con tecnología de extracción de grasa,6320.21,28,1,2026-09-18 22:16:58,2026-09-18 22:28:58
977,PROD-977,Smartphone Xiaomi 14 Ultra 1TB,Smartphone de gama alta enfocado en fotografía profesional Leica - Color Blanco,3110.30,42,1,2026-09-20 11:39:24,2026-09-20 11:45:24
978,PROD-978,Jeans 511 Slim Fit,"Pantalón de mezclilla ajustado de estilo moderno (Talla XL, Color Blanco)",1182.76,27,1,2026-09-20 07:46:22,2026-09-20 09:18:22
979,PROD-979,Cámara Alpha 7 IV,Cámara mirrorless profesional de fotograma completo para foto y video,7678.49,13,1,2026-09-17 17:47:01,2026-09-17 19:15:01
980,PROD-980,Freidora de Aire 4L,Freidora sin aceite para cocinar de manera saludable y rápida,1437.41,37,1,2026-09-20 07:53:42,2026-09-20 08:46:42
981,PROD-981,Audífonos Bluetooth WH-1000XM5,Audífonos inalámbricos con la mejor cancelación de ruido del mercado,31967.52,43,1,2026-09-18 11:56:37,2026-09-18 13:37:37
982,PROD-982,Cafetera Programable 12 Tazas,Cafetera de goteo con temporizador programable y jarra de vidrio,7773.03,22,1,2026-09-18 01:42:12,2026-09-18 02:34:12
983,PROD-983,Freidora XXL Airfryer,Freidora de aire de gran capacidad con tecnología de extracción de grasa,4896.01,37,1,2026-09-19 05:46:00,2026-09-19 05:47:00
984,PROD-984,Freidora XXL Airfryer,Freidora de aire de gran capacidad con tecnología de extracción de grasa,2283.52,35,1,2026-09-21 01:30:02,2026-09-21 01:58:02
985,PROD-985,Cafetera Programable 12 Tazas,Cafetera de goteo con temporizador programable y jarra de vidrio,7226.71,34,1,2026-09-17 19:33:01,2026-09-17 19:38:01
986,PROD-986,Polerón Adicolor Classics,"Sudadera clásica con el logotipo de las tres tiras (Talla S, Color Azul)",1491.91,71,1,2026-09-22 11:01:59,2026-09-22 12:43:59
987,PROD-987,Freidora de Aire 4L,Freidora sin aceite para cocinar de manera saludable y rápida,4164.17,13,1,2026-09-20 22:26:43,2026-09-21 00:02:43
988,PROD-988,Smartphone Xiaomi 14 Ultra 256GB,Smartphone de gama alta enfocado en fotografía profesional Leica - Color Gris,11000.56,46,1,2026-09-18 02:19:23,2026-09-18 02:21:23
989,PROD-989,Zapatillas Samba OG,"Tenis de estilo retro icónicos en cuero de primera calidad (Talla M, Color Verde)",1337.46,83,1,2026-09-22 01:56:28,2026-09-22 03:10:28
990,PROD-990,Smart Band 8,Pulsera de actividad física con seguimiento del sueño y deporte,27900.14,50,1,2026-09-20 00:08:40,2026-09-20 00:31:40
991,PROD-991,Zapatillas Samba OG,"Tenis de estilo retro icónicos en cuero de primera calidad (Talla S, Color Verde)",502.00,98,1,2026-09-19 13:35:33,2026-09-19 14:42:33
992,PROD-992,Smart TV Bravia XR OLED 55,Televisor OLED con negros absolutos y procesador de imagen cognitivo,27227.52,49,1,2026-09-21 06:18:42,2026-09-21 07:27:42
993,PROD-993,Cafetera Programable 12 Tazas,Cafetera de goteo con temporizador programable y jarra de vidrio,1015.29,29,1,2026-09-22 00:15:45,2026-09-22 02:14:45
994,PROD-994,Refrigeradora InstaView,Refrigerador inteligente con panel de cristal panorámico,13421.66,8,1,2026-09-18 05:16:13,2026-09-18 06:05:13
995,PROD-995,Zapatillas Running Pegasus 40,"Calzado de correr con amortiguación reactiva para entrenamiento (Talla S, Color Gris)",1137.83,92,1,2026-09-20 22:29:22,2026-09-20 23:59:22
996,PROD-996,Refrigeradora InstaView,Refrigerador inteligente con panel de cristal panorámico,27961.93,13,1,2026-09-19 13:53:14,2026-09-19 14:23:14
997,PROD-997,Cafetera Programable 12 Tazas,Cafetera de goteo con temporizador programable y jarra de vidrio,4036.55,56,1,2026-09-21 01:35:44,2026-09-21 03:26:44
998,PROD-998,Cafetera Programable 12 Tazas,Cafetera de goteo con temporizador programable y jarra de vidrio,6182.73,28,1,2026-09-19 16:28:37,2026-09-19 18:22:37
999,PROD-999,Polerón Adicolor Classics,"Sudadera clásica con el logotipo de las tres tiras (Talla XL, Color Gris)",467.09,57,1,2026-09-19 15:23:13,2026-09-19 16:20:13
1000,PROD-1000,Polerón Adicolor Classics,"Sudadera clásica con el logotipo de las tres tiras (Talla S, Color Azul)",1876.12,96,1,2026-09-20 18:42:44,2026-09-20 20:37:44
1001,PROD-1001,Zapatillas Running Pegasus 40,"Calzado de correr con amortiguación reactiva para entrenamiento (Talla L, Color Verde)",2382.54,18,1,2026-09-18 16:32:26,2026-09-18 18:26:26
1002,PROD-1002,Jeans 501 Original Fit,"Pantalón de mezclilla clásico de corte recto y ajuste cómodo (Talla XL, Color Blanco)",970.00,19,1,2026-09-18 05:02:13,2026-09-18 05:23:13
1003,PROD-1003,Jeans 511 Slim Fit,"Pantalón de mezclilla ajustado de estilo moderno (Talla XL, Color Blanco)",2231.24,76,1,2026-09-21 08:27:48,2026-09-21 08:29:48
1004,PROD-1004,Zapatillas Running Pegasus 40,"Calzado de correr con amortiguación reactiva para entrenamiento (Talla M, Color Azul)",1095.41,66,1,2026-09-22 00:32:47,2026-09-22 01:54:47
1005,PROD-1005,Audífonos Bluetooth WH-1000XM5,Audífonos inalámbricos con la mejor cancelación de ruido del mercado,2734.71,19,1,2026-09-20 16:47:05,2026-09-20 18:09:05
1006,PROD-1006,Zapatillas Running Pegasus 40,"Calzado de correr con amortiguación reactiva para entrenamiento (Talla L, Color Verde)",1739.01,51,1,2026-09-20 11:54:36,2026-09-20 13:09:36
1007,PROD-1007,Aspiradora Inalámbrica SpeedPro,Aspiradora escoba sin cable con cabezal de succión de 180 grados,2711.03,16,1,2026-09-22 08:04:00,2026-09-22 08:43:00
1008,PROD-1008,Audífonos Bluetooth WH-1000XM5,Audífonos inalámbricos con la mejor cancelación de ruido del mercado,17690.63,23,1,2026-09-22 05:12:45,2026-09-22 07:00:45
1009,PROD-1009,iPad Pro 12.9,Tableta profesional con pantalla Liquid Retina XDR y chip M2,10595.56,15,1,2026-09-21 07:12:15,2026-09-21 09:10:15
1010,PROD-1010,Monitor UltraGear 27,Monitor de alta frecuencia de actualización para juegos competitivos,6970.96,16,1,2026-09-21 20:14:09,2026-09-21 21:42:09
1011,PROD-1011,Licuadora Reversible 2 Velocidades,Licuadora con motor reversible y vaso de vidrio resistente a choques térmicos,2208.08,10,1,2026-09-19 11:13:18,2026-09-19 12:26:18
1012,PROD-1012,Patinete Eléctrico Pro 4,Scooter eléctrico con gran autonomía para movilidad urbana,13623.36,18,1,2026-09-20 23:01:40,2026-09-21 00:31:40
1013,PROD-1013,Cámara Alpha 7 IV,Cámara mirrorless profesional de fotograma completo para foto y video,5752.02,33,1,2026-09-20 19:44:00,2026-09-20 20:04:00
1014,PROD-1014,Freidora XXL Airfryer,Freidora de aire de gran capacidad con tecnología de extracción de grasa,7395.30,33,1,2026-09-20 13:50:33,2026-09-20 15:28:33
1015,PROD-1015,Patinete Eléctrico Pro 4,Scooter eléctrico con gran autonomía para movilidad urbana,6039.89,39,1,2026-09-20 15:00:23,2026-09-20 15:42:23
1016,PROD-1016,Aspiradora Inalámbrica SpeedPro,Aspiradora escoba sin cable con cabezal de succión de 180 grados,7209.43,56,1,2026-09-21 00:39:53,2026-09-21 02:04:53
1017,PROD-1017,Refrigeradora InstaView,Refrigerador inteligente con panel de cristal panorámico,32694.27,33,1,2026-09-19 14:26:03,2026-09-19 15:54:03
1018,PROD-1018,Smartphone Redmi Note 13 Pro 256GB,Teléfono inteligente con excelente relación calidad-precio y gran cámara - Color Verde,20059.08,24,1,2026-09-17 16:43:15,2026-09-17 17:34:15
1019,PROD-1019,Freidora de Aire 4L,Freidora sin aceite para cocinar de manera saludable y rápida,3116.19,28,1,2026-09-17 21:07:28,2026-09-17 22:24:28
1020,PROD-1020,Cafetera Programable 12 Tazas,Cafetera de goteo con temporizador programable y jarra de vidrio,4400.90,58,1,2026-09-22 04:49:33,2026-09-22 05:24:33
1021,PROD-1021,Smartphone Galaxy S26+ 1TB,Teléfono inteligente con procesador de última generación y batería de larga duración - Color Verde,24340.30,10,1,2026-09-20 15:38:39,2026-09-20 16:28:39
1022,PROD-1022,Patinete Eléctrico Pro 4,Scooter eléctrico con gran autonomía para movilidad urbana,21912.60,37,1,2026-09-17 21:16:20,2026-09-17 23:12:20
1023,PROD-1023,Aspiradora Inalámbrica SpeedPro,Aspiradora escoba sin cable con cabezal de succión de 180 grados,1524.39,35,1,2026-09-19 18:56:27,2026-09-19 19:45:27
1024,PROD-1024,Chaqueta Camionera de Mezclilla,"Chaqueta clásica de mezclilla resistente para uso diario (Talla L, Color Gris)",1012.38,67,1,2026-09-20 22:48:57,2026-09-20 22:59:57
1025,PROD-1025,Smart Band 8,Pulsera de actividad física con seguimiento del sueño y deporte,29030.84,23,1,2026-09-18 12:57:48,2026-09-18 14:40:48
1026,PROD-1026,Aspiradora Inalámbrica SpeedPro,Aspiradora escoba sin cable con cabezal de succión de 180 grados,1460.71,45,1,2026-09-21 04:11:25,2026-09-21 04:22:25
1027,PROD-1027,MacBook Air 15 M2 1TB,Laptop ultra delgada y liviana con gran autonomía - Color Rojo,35525.66,9,1,2026-09-21 03:08:00,2026-09-21 04:44:00
1028,PROD-1028,Jeans 501 Original Fit,"Pantalón de mezclilla clásico de corte recto y ajuste cómodo (Talla XL, Color Verde)",2315.98,63,1,2026-09-18 14:34:49,2026-09-18 15:45:49
1029,PROD-1029,Polerón Adicolor Classics,"Sudadera clásica con el logotipo de las tres tiras (Talla M, Color Blanco)",749.91,58,1,2026-09-19 07:15:57,2026-09-19 08:25:57
1030,PROD-1030,Chaqueta Camionera de Mezclilla,"Chaqueta clásica de mezclilla resistente para uso diario (Talla L, Color Azul)",1552.45,69,1,2026-09-18 21:48:28,2026-09-18 21:51:28
1031,PROD-1031,MacBook Air 15 M2 512GB,Laptop ultra delgada y liviana con gran autonomía - Color Verde,30115.63,35,1,2026-09-18 07:11:39,2026-09-18 08:34:39
1032,PROD-1032,Aspiradora Inalámbrica SpeedPro,Aspiradora escoba sin cable con cabezal de succión de 180 grados,1763.23,52,1,2026-09-21 11:00:48,2026-09-21 11:31:48
1033,PROD-1033,Smartphone Galaxy Z Flip 6 1TB,Teléfono plegable compacto con pantalla exterior funcional - Color Negro,21760.64,28,1,2026-09-21 01:44:00,2026-09-21 02:45:00
1034,PROD-1034,Aspiradora Inalámbrica SpeedPro,Aspiradora escoba sin cable con cabezal de succión de 180 grados,5172.77,38,1,2026-09-21 18:12:59,2026-09-21 19:56:59
1035,PROD-1035,Parlante Portátil SRS-XG300,Bocina inalámbrica portátil resistente al agua con graves potentes,26519.98,6,1,2026-09-19 02:54:27,2026-09-19 03:14:27
1036,PROD-1036,Licuadora Reversible 2 Velocidades,Licuadora con motor reversible y vaso de vidrio resistente a choques térmicos,2829.58,52,1,2026-09-18 08:50:34,2026-09-18 09:35:34
1037,PROD-1037,Smartphone Galaxy Z Flip 6 512GB,Teléfono plegable compacto con pantalla exterior funcional - Color Azul,23086.77,27,1,2026-09-17 20:12:15,2026-09-17 20:49:15
1038,PROD-1038,Polerón Adicolor Classics,"Sudadera clásica con el logotipo de las tres tiras (Talla S, Color Rojo)",766.70,90,1,2026-09-18 15:47:49,2026-09-18 17:24:49
1039,PROD-1039,Smart TV OLED C3 65,Televisor inteligente ideal para videojuegos y películas con pánel OLED,19801.79,25,1,2026-09-21 16:51:55,2026-09-21 18:33:55
1040,PROD-1040,Polera Sportswear Club Fleece,"Sudadera de felpa con capucha y ajuste estándar (Talla S, Color Rojo)",1597.10,28,1,2026-09-17 14:59:17,2026-09-17 15:16:17
1041,PROD-1041,Aspiradora Inalámbrica SpeedPro,Aspiradora escoba sin cable con cabezal de succión de 180 grados,6318.94,34,1,2026-09-19 14:40:17,2026-09-19 16:37:17
1042,PROD-1042,Smartphone Galaxy Z Fold 6 256GB,Teléfono plegable con pantalla gigante para productividad y multitarea - Color Rojo,8349.53,17,1,2026-09-22 08:54:19,2026-09-22 10:48:19
1043,PROD-1043,Freidora de Aire 4L,Freidora sin aceite para cocinar de manera saludable y rápida,3899.73,12,1,2026-09-18 06:05:08,2026-09-18 07:49:08
1044,PROD-1044,Monitor Odyssey G9,Monitor curvo ultrawide diseñado para gaming profesional,12861.45,49,1,2026-09-19 17:54:45,2026-09-19 18:11:45
1045,PROD-1045,Polerón Adicolor Classics,"Sudadera clásica con el logotipo de las tres tiras (Talla L, Color Blanco)",1876.27,13,1,2026-09-22 01:31:46,2026-09-22 03:15:46
1046,PROD-1046,iPhone 16 256GB,Smartphone con pantalla Super Retina XDR y excelente duración de batería - Color Verde,8543.39,13,1,2026-09-18 19:40:12,2026-09-18 19:56:12
1047,PROD-1047,Smartphone Redmi Note 13 Pro 128GB,Teléfono inteligente con excelente relación calidad-precio y gran cámara - Color Negro,28001.58,32,1,2026-09-17 19:18:06,2026-09-17 19:43:06
1048,PROD-1048,Audífonos Galaxy Buds3 Pro,Audífonos inalámbricos con cancelación activa de ruido inteligente,21557.75,35,1,2026-09-18 06:25:44,2026-09-18 08:21:44
1049,PROD-1049,Jeans 501 Original Fit,"Pantalón de mezclilla clásico de corte recto y ajuste cómodo (Talla L, Color Verde)",372.09,22,1,2026-09-22 07:03:02,2026-09-22 07:18:02
1050,PROD-1050,Cafetera Programable 12 Tazas,Cafetera de goteo con temporizador programable y jarra de vidrio,7248.93,19,1,2026-09-21 14:46:22,2026-09-21 15:30:22
1051,PROD-1051,Smartphone Galaxy S26 512GB,Smartphone compacto con pantalla fluida y excelente rendimiento - Color Rojo,12848.20,15,1,2026-09-20 14:01:11,2026-09-20 15:40:11
1052,PROD-1052,Cafetera Programable 12 Tazas,Cafetera de goteo con temporizador programable y jarra de vidrio,4733.79,14,1,2026-09-22 12:28:14,2026-09-22 13:42:14
1053,PROD-1053,Smart TV OLED C3 65,Televisor inteligente ideal para videojuegos y películas con pánel OLED,25911.31,23,1,2026-09-18 14:07:33,2026-09-18 16:02:33
1054,PROD-1054,Cafetera Programable 12 Tazas,Cafetera de goteo con temporizador programable y jarra de vidrio,1150.01,21,1,2026-09-20 14:32:18,2026-09-20 16:20:18
1055,PROD-1055,Aspiradora Inalámbrica SpeedPro,Aspiradora escoba sin cable con cabezal de succión de 180 grados,5705.81,19,1,2026-09-20 05:08:26,2026-09-20 06:34:26
1056,PROD-1056,iPad Pro 12.9,Tableta profesional con pantalla Liquid Retina XDR y chip M2,35336.19,32,1,2026-09-18 20:18:56,2026-09-18 21:23:56
1057,PROD-1057,Smartphone Redmi Note 13 Pro 512GB,Teléfono inteligente con excelente relación calidad-precio y gran cámara - Color Negro,17039.51,38,1,2026-09-18 08:54:12,2026-09-18 09:57:12
1058,PROD-1058,Zapatillas Samba OG,"Tenis de estilo retro icónicos en cuero de primera calidad (Talla S, Color Negro)",1055.45,24,1,2026-09-19 21:08:51,2026-09-19 21:44:51
1059,PROD-1059,Polerón Adicolor Classics,"Sudadera clásica con el logotipo de las tres tiras (Talla L, Color Verde)",2448.78,66,1,2026-09-18 22:00:17,2026-09-18 23:10:17
1060,PROD-1060,Pantalón de Buzo Tech Fleece,"Pantalón deportivo térmico con diseño estilizado (Talla M, Color Negro)",2273.72,70,1,2026-09-21 16:00:55,2026-09-21 16:47:55
1061,PROD-1061,Monitor Odyssey G9,Monitor curvo ultrawide diseñado para gaming profesional,24359.39,30,1,2026-09-20 04:54:23,2026-09-20 06:00:23
1062,PROD-1062,Licuadora Reversible 2 Velocidades,Licuadora con motor reversible y vaso de vidrio resistente a choques térmicos,1489.59,33,1,2026-09-21 18:19:54,2026-09-21 19:34:54
1063,PROD-1063,iPhone 16 Pro 512GB,Teléfono inteligente premium con chip de alto rendimiento y triple cámara - Color Blanco,12521.42,43,1,2026-09-19 23:59:18,2026-09-20 00:14:18
1064,PROD-1064,Smart Band 8,Pulsera de actividad física con seguimiento del sueño y deporte,10387.40,50,1,2026-09-22 04:39:45,2026-09-22 05:53:45
1065,PROD-1065,Aspiradora Inalámbrica SpeedPro,Aspiradora escoba sin cable con cabezal de succión de 180 grados,3106.34,50,1,2026-09-21 04:57:07,2026-09-21 05:48:07
1066,PROD-1066,Zapatillas Samba OG,"Tenis de estilo retro icónicos en cuero de primera calidad (Talla M, Color Azul)",582.28,42,1,2026-09-20 12:22:30,2026-09-20 13:25:30
1067,PROD-1067,iPhone 16 Pro Max 128GB,Smartphone insignia de Apple con acabado en titanio y cámara profesional - Color Verde,2376.26,9,1,2026-09-20 13:39:21,2026-09-20 15:05:21
1068,PROD-1068,Apple Watch Series 10,Reloj inteligente con sensores avanzados de salud y actividad física,21962.73,25,1,2026-09-18 11:21:12,2026-09-18 11:59:12
1069,PROD-1069,Licuadora Reversible 2 Velocidades,Licuadora con motor reversible y vaso de vidrio resistente a choques térmicos,5424.21,41,1,2026-09-22 04:53:43,2026-09-22 05:56:43
1070,PROD-1070,Chaqueta Camionera de Mezclilla,"Chaqueta clásica de mezclilla resistente para uso diario (Talla XL, Color Azul)",1435.31,79,1,2026-09-19 15:09:08,2026-09-19 16:52:08
1071,PROD-1071,Licuadora Reversible 2 Velocidades,Licuadora con motor reversible y vaso de vidrio resistente a choques térmicos,7929.41,15,1,2026-09-19 20:58:47,2026-09-19 21:55:47
1072,PROD-1072,Pantalón de Buzo Tech Fleece,"Pantalón deportivo térmico con diseño estilizado (Talla XL, Color Negro)",420.65,81,1,2026-09-21 13:08:36,2026-09-21 14:58:36
1073,PROD-1073,Zapatillas Ultraboost Light,"Tenis de running con retorno de energía superior y ligereza (Talla XL, Color Azul)",639.15,59,1,2026-09-20 12:06:01,2026-09-20 13:43:01
1074,PROD-1074,Refrigeradora InstaView,Refrigerador inteligente con panel de cristal panorámico,17914.66,40,1,2026-09-21 16:55:28,2026-09-21 18:04:28
1075,PROD-1075,Aspiradora Inalámbrica SpeedPro,Aspiradora escoba sin cable con cabezal de succión de 180 grados,4673.14,18,1,2026-09-20 14:54:03,2026-09-20 15:01:03
1076,PROD-1076,Pantalón de Buzo Tech Fleece,"Pantalón deportivo térmico con diseño estilizado (Talla XL, Color Rojo)",1804.45,46,1,2026-09-19 11:47:00,2026-09-19 11:54:00
1077,PROD-1077,Smart TV OLED C3 65,Televisor inteligente ideal para videojuegos y películas con pánel OLED,5051.03,28,1,2026-09-19 15:55:06,2026-09-19 17:38:06
1078,PROD-1078,Cafetera Programable 12 Tazas,Cafetera de goteo con temporizador programable y jarra de vidrio,2993.55,14,1,2026-09-20 03:27:47,2026-09-20 04:11:47
1079,PROD-1079,Polera Sportswear Club Fleece,"Sudadera de felpa con capucha y ajuste estándar (Talla S, Color Verde)",875.09,40,1,2026-09-21 11:29:37,2026-09-21 12:08:37
1080,PROD-1080,Cafetera Programable 12 Tazas,Cafetera de goteo con temporizador programable y jarra de vidrio,897.80,27,1,2026-09-18 05:46:50,2026-09-18 06:29:50
1081,PROD-1081,Audífonos Galaxy Buds3 Pro,Audífonos inalámbricos con cancelación activa de ruido inteligente,12077.15,34,1,2026-09-21 12:54:14,2026-09-21 14:44:14
1082,PROD-1082,Polerón Adicolor Classics,"Sudadera clásica con el logotipo de las tres tiras (Talla XL, Color Gris)",393.86,70,1,2026-09-21 02:44:30,2026-09-21 02:46:30
1083,PROD-1083,Zapatillas Running Pegasus 40,"Calzado de correr con amortiguación reactiva para entrenamiento (Talla XL, Color Gris)",1580.96,72,1,2026-09-18 03:40:53,2026-09-18 05:08:53
1084,PROD-1084,Freidora de Aire 4L,Freidora sin aceite para cocinar de manera saludable y rápida,4175.16,59,1,2026-09-22 04:30:24,2026-09-22 05:55:24
1085,PROD-1085,Chaqueta Camionera de Mezclilla,"Chaqueta clásica de mezclilla resistente para uso diario (Talla L, Color Azul)",783.78,91,1,2026-09-22 07:44:48,2026-09-22 07:53:48
1086,PROD-1086,Freidora de Aire 4L,Freidora sin aceite para cocinar de manera saludable y rápida,2415.18,27,1,2026-09-21 00:38:05,2026-09-21 01:29:05
1087,PROD-1087,Refrigeradora InstaView,Refrigerador inteligente con panel de cristal panorámico,34506.91,50,1,2026-09-21 01:18:54,2026-09-21 01:30:54
1088,PROD-1088,Aspiradora Inalámbrica SpeedPro,Aspiradora escoba sin cable con cabezal de succión de 180 grados,911.25,59,1,2026-09-20 18:27:05,2026-09-20 19:27:05
1089,PROD-1089,Chaqueta Camionera de Mezclilla,"Chaqueta clásica de mezclilla resistente para uso diario (Talla S, Color Verde)",2121.04,74,1,2026-09-22 10:13:08,2026-09-22 10:51:08
1090,PROD-1090,Polerón Adicolor Classics,"Sudadera clásica con el logotipo de las tres tiras (Talla L, Color Blanco)",1240.78,42,1,2026-09-21 08:07:36,2026-09-21 09:12:36
1091,PROD-1091,Polerón Adicolor Classics,"Sudadera clásica con el logotipo de las tres tiras (Talla M, Color Negro)",1699.86,76,1,2026-09-18 16:16:35,2026-09-18 17:29:35
1092,PROD-1092,Camiseta Graphic Setin Neck,"Playera casual de algodón con estampado frontal (Talla L, Color Verde)",1495.35,88,1,2026-09-22 05:07:14,2026-09-22 07:03:14
1093,PROD-1093,Polerón Adicolor Classics,"Sudadera clásica con el logotipo de las tres tiras (Talla S, Color Rojo)",781.39,69,1,2026-09-18 10:37:35,2026-09-18 11:07:35
1094,PROD-1094,Smart TV Bravia XR OLED 55,Televisor OLED con negros absolutos y procesador de imagen cognitivo,15064.24,9,1,2026-09-21 09:25:55,2026-09-21 09:51:55
1095,PROD-1095,Polera Sportswear Club Fleece,"Sudadera de felpa con capucha y ajuste estándar (Talla M, Color Gris)",1826.74,40,1,2026-09-20 00:13:05,2026-09-20 00:43:05
1096,PROD-1096,MacBook Pro 16 M3 128GB,Computadora portátil profesional para edición de video y desarrollo - Color Blanco,28795.09,24,1,2026-09-20 08:42:28,2026-09-20 09:44:28
1097,PROD-1097,Aspiradora Inalámbrica SpeedPro,Aspiradora escoba sin cable con cabezal de succión de 180 grados,5316.61,10,1,2026-09-18 18:31:36,2026-09-18 18:51:36
1098,PROD-1098,Jeans 501 Original Fit,"Pantalón de mezclilla clásico de corte recto y ajuste cómodo (Talla L, Color Gris)",1766.14,32,1,2026-09-21 10:56:30,2026-09-21 12:45:30
1099,PROD-1099,Smartphone Redmi Note 13 Pro 128GB,Teléfono inteligente con excelente relación calidad-precio y gran cámara - Color Negro,11643.62,24,1,2026-09-17 22:22:10,2026-09-18 00:17:10
1100,PROD-1100,Zapatillas Air Force 1 '07,"Tenis clásicos de cuero blanco para uso urbano y casual (Talla XL, Color Verde)",2161.91,40,1,2026-09-18 05:24:39,2026-09-18 06:37:39
1101,PROD-1101,Cafetera Programable 12 Tazas,Cafetera de goteo con temporizador programable y jarra de vidrio,5448.05,45,1,2026-09-22 05:59:38,2026-09-22 07:58:38
1102,PROD-1102,Aspiradora Inalámbrica SpeedPro,Aspiradora escoba sin cable con cabezal de succión de 180 grados,7122.69,23,1,2026-09-21 04:27:54,2026-09-21 04:42:54
1103,PROD-1103,Zapatillas Running Pegasus 40,"Calzado de correr con amortiguación reactiva para entrenamiento (Talla XL, Color Verde)",1949.51,64,1,2026-09-18 20:51:34,2026-09-18 21:09:34
1104,PROD-1104,MacBook Pro 16 M3 512GB,Computadora portátil profesional para edición de video y desarrollo - Color Azul,14997.33,42,1,2026-09-17 21:15:16,2026-09-17 22:17:16
1105,PROD-1105,Freidora XXL Airfryer,Freidora de aire de gran capacidad con tecnología de extracción de grasa,2805.32,35,1,2026-09-20 10:15:55,2026-09-20 11:42:55
1106,PROD-1106,Audífonos Bluetooth WH-1000XM5,Audífonos inalámbricos con la mejor cancelación de ruido del mercado,13386.43,50,1,2026-09-19 18:39:56,2026-09-19 20:24:56
1107,PROD-1107,Jeans 501 Original Fit,"Pantalón de mezclilla clásico de corte recto y ajuste cómodo (Talla S, Color Verde)",2322.53,95,1,2026-09-19 00:00:54,2026-09-19 00:32:54
1108,PROD-1108,Aspiradora Inalámbrica SpeedPro,Aspiradora escoba sin cable con cabezal de succión de 180 grados,5256.01,52,1,2026-09-19 17:57:15,2026-09-19 19:52:15
1109,PROD-1109,Cafetera Programable 12 Tazas,Cafetera de goteo con temporizador programable y jarra de vidrio,6988.84,36,1,2026-09-19 21:41:05,2026-09-19 21:42:05
1110,PROD-1110,Polera Sportswear Club Fleece,"Sudadera de felpa con capucha y ajuste estándar (Talla S, Color Blanco)",989.46,30,1,2026-09-20 05:01:16,2026-09-20 06:21:16
1111,PROD-1111,Zapatillas Samba OG,"Tenis de estilo retro icónicos en cuero de primera calidad (Talla S, Color Gris)",2212.86,72,1,2026-09-20 09:43:02,2026-09-20 11:17:02
1112,PROD-1112,Pantalón de Buzo Tech Fleece,"Pantalón deportivo térmico con diseño estilizado (Talla S, Color Blanco)",1851.74,74,1,2026-09-17 22:46:30,2026-09-17 23:31:30
1113,PROD-1113,Polerón Adicolor Classics,"Sudadera clásica con el logotipo de las tres tiras (Talla L, Color Azul)",1844.70,16,1,2026-09-21 10:30:59,2026-09-21 11:52:59
1114,PROD-1114,Smartphone Xiaomi 14 Ultra 128GB,Smartphone de gama alta enfocado en fotografía profesional Leica - Color Azul,7602.67,24,1,2026-09-19 10:47:55,2026-09-19 12:00:55
1115,PROD-1115,Smartphone Galaxy S26 256GB,Smartphone compacto con pantalla fluida y excelente rendimiento - Color Rojo,25831.52,46,1,2026-09-22 04:15:12,2026-09-22 04:31:12
1116,PROD-1116,Aspiradora Inalámbrica SpeedPro,Aspiradora escoba sin cable con cabezal de succión de 180 grados,3831.32,55,1,2026-09-18 08:33:12,2026-09-18 09:06:12
1117,PROD-1117,Monitor UltraGear 27,Monitor de alta frecuencia de actualización para juegos competitivos,28883.27,17,1,2026-09-18 01:24:04,2026-09-18 02:17:04
1118,PROD-1118,Camiseta Graphic Setin Neck,"Playera casual de algodón con estampado frontal (Talla XL, Color Rojo)",832.65,12,1,2026-09-20 22:27:05,2026-09-20 23:49:05
1119,PROD-1119,Licuadora Reversible 2 Velocidades,Licuadora con motor reversible y vaso de vidrio resistente a choques térmicos,7803.37,20,1,2026-09-19 03:14:04,2026-09-19 04:43:04
1120,PROD-1120,Smart TV 65 Neo QLED,Televisor inteligente 4K con tecnología de puntos cuánticos y alto contraste,22439.14,43,1,2026-09-19 02:59:52,2026-09-19 03:18:52
1121,PROD-1121,Audífonos Bluetooth WH-1000XM5,Audífonos inalámbricos con la mejor cancelación de ruido del mercado,34127.14,12,1,2026-09-17 15:09:55,2026-09-17 16:40:55
1122,PROD-1122,Aspiradora Inalámbrica SpeedPro,Aspiradora escoba sin cable con cabezal de succión de 180 grados,6687.16,39,1,2026-09-18 06:22:09,2026-09-18 06:50:09
1123,PROD-1123,Licuadora Reversible 2 Velocidades,Licuadora con motor reversible y vaso de vidrio resistente a choques térmicos,7590.00,60,1,2026-09-22 07:00:52,2026-09-22 07:34:52
1124,PROD-1124,Zapatillas Samba OG,"Tenis de estilo retro icónicos en cuero de primera calidad (Talla XL, Color Blanco)",1277.31,36,1,2026-09-21 04:30:11,2026-09-21 04:57:11
1125,PROD-1125,Polerón Adicolor Classics,"Sudadera clásica con el logotipo de las tres tiras (Talla M, Color Azul)",737.80,28,1,2026-09-17 17:18:00,2026-09-17 17:55:00
1126,PROD-1126,Camiseta Graphic Setin Neck,"Playera casual de algodón con estampado frontal (Talla M, Color Gris)",1603.24,92,1,2026-09-20 07:50:04,2026-09-20 08:00:04
1127,PROD-1127,Smartphone Xiaomi 14 Ultra 512GB,Smartphone de gama alta enfocado en fotografía profesional Leica - Color Verde,14613.19,18,1,2026-09-21 20:59:48,2026-09-21 21:48:48
1128,PROD-1128,Aspiradora Inalámbrica SpeedPro,Aspiradora escoba sin cable con cabezal de succión de 180 grados,955.22,43,1,2026-09-17 21:39:58,2026-09-17 21:45:58
1129,PROD-1129,Camiseta Graphic Setin Neck,"Playera casual de algodón con estampado frontal (Talla L, Color Rojo)",2369.54,86,1,2026-09-21 20:26:51,2026-09-21 22:01:51
1130,PROD-1130,Smartphone Galaxy Z Flip 6 1TB,Teléfono plegable compacto con pantalla exterior funcional - Color Gris,35202.10,47,1,2026-09-19 19:07:34,2026-09-19 19:23:34
1131,PROD-1131,Cafetera Programable 12 Tazas,Cafetera de goteo con temporizador programable y jarra de vidrio,1763.23,18,1,2026-09-20 14:28:23,2026-09-20 15:31:23
1132,PROD-1132,Zapatillas Air Max 270,"Calzado deportivo con cápsula de aire visible para máxima comodidad (Talla S, Color Gris)",1877.05,65,1,2026-09-18 09:45:36,2026-09-18 10:18:36
1133,PROD-1133,Consola PlayStation 5 Slim,Consola de videojuegos de última generación con almacenamiento SSD ultra rápido,35237.34,36,1,2026-09-19 06:02:00,2026-09-19 07:37:00
1134,PROD-1134,Polera Sportswear Club Fleece,"Sudadera de felpa con capucha y ajuste estándar (Talla L, Color Rojo)",2133.62,43,1,2026-09-20 16:23:57,2026-09-20 17:03:57
1135,PROD-1135,Chaqueta Camionera de Mezclilla,"Chaqueta clásica de mezclilla resistente para uso diario (Talla XL, Color Blanco)",1544.70,94,1,2026-09-21 09:49:44,2026-09-21 11:31:44
1136,PROD-1136,Jeans 511 Slim Fit,"Pantalón de mezclilla ajustado de estilo moderno (Talla M, Color Negro)",844.20,14,1,2026-09-20 09:35:40,2026-09-20 10:08:40
1137,PROD-1137,Smart Band 8,Pulsera de actividad física con seguimiento del sueño y deporte,4618.85,36,1,2026-09-17 19:03:01,2026-09-17 19:59:01
1138,PROD-1138,Polerón Adicolor Classics,"Sudadera clásica con el logotipo de las tres tiras (Talla XL, Color Azul)",1409.93,28,1,2026-09-18 07:07:05,2026-09-18 07:51:05
1139,PROD-1139,MacBook Air 15 M2 256GB,Laptop ultra delgada y liviana con gran autonomía - Color Blanco,27122.75,22,1,2026-09-20 23:08:18,2026-09-21 01:02:18
1140,PROD-1140,Cafetera Programable 12 Tazas,Cafetera de goteo con temporizador programable y jarra de vidrio,7984.83,8,1,2026-09-20 17:42:58,2026-09-20 19:20:58
1141,PROD-1141,Freidora de Aire 4L,Freidora sin aceite para cocinar de manera saludable y rápida,7395.14,23,1,2026-09-22 04:59:41,2026-09-22 06:02:41
1142,PROD-1142,Freidora de Aire 4L,Freidora sin aceite para cocinar de manera saludable y rápida,597.31,51,1,2026-09-21 16:14:06,2026-09-21 16:29:06
1143,PROD-1143,Zapatillas Running Pegasus 40,"Calzado de correr con amortiguación reactiva para entrenamiento (Talla S, Color Gris)",680.62,20,1,2026-09-20 08:08:09,2026-09-20 09:54:09
1144,PROD-1144,Aspiradora Inalámbrica SpeedPro,Aspiradora escoba sin cable con cabezal de succión de 180 grados,5175.51,25,1,2026-09-21 03:38:49,2026-09-21 05:02:49
1145,PROD-1145,Consola PlayStation 5 Slim,Consola de videojuegos de última generación con almacenamiento SSD ultra rápido,23794.13,33,1,2026-09-19 12:25:44,2026-09-19 13:58:44
1146,PROD-1146,Licuadora Reversible 2 Velocidades,Licuadora con motor reversible y vaso de vidrio resistente a choques térmicos,6960.92,59,1,2026-09-21 10:50:49,2026-09-21 11:26:49
1147,PROD-1147,Jeans 501 Original Fit,"Pantalón de mezclilla clásico de corte recto y ajuste cómodo (Talla XL, Color Negro)",1207.55,32,1,2026-09-19 00:04:26,2026-09-19 01:42:26
1148,PROD-1148,Jeans 501 Original Fit,"Pantalón de mezclilla clásico de corte recto y ajuste cómodo (Talla M, Color Blanco)",1185.28,61,1,2026-09-19 06:36:23,2026-09-19 07:58:23
1149,PROD-1149,Licuadora Reversible 2 Velocidades,Licuadora con motor reversible y vaso de vidrio resistente a choques térmicos,2668.95,59,1,2026-09-20 04:04:35,2026-09-20 05:38:35
1150,PROD-1150,Polerón Adicolor Classics,"Sudadera clásica con el logotipo de las tres tiras (Talla M, Color Gris)",1780.87,57,1,2026-09-20 15:46:12,2026-09-20 16:11:12
1151,PROD-1151,Pantalón de Buzo Tech Fleece,"Pantalón deportivo térmico con diseño estilizado (Talla XL, Color Gris)",1560.57,64,1,2026-09-18 02:14:57,2026-09-18 03:50:57
1152,PROD-1152,Zapatillas Running Pegasus 40,"Calzado de correr con amortiguación reactiva para entrenamiento (Talla M, Color Azul)",1705.98,21,1,2026-09-17 18:59:56,2026-09-17 20:04:56
1153,PROD-1153,Zapatillas Air Max 270,"Calzado deportivo con cápsula de aire visible para máxima comodidad (Talla M, Color Azul)",1483.65,92,1,2026-09-20 17:31:17,2026-09-20 17:41:17
1154,PROD-1154,Pantalón de Buzo Tech Fleece,"Pantalón deportivo térmico con diseño estilizado (Talla S, Color Azul)",995.85,26,1,2026-09-21 16:46:12,2026-09-21 18:41:12
1155,PROD-1155,Camiseta Graphic Setin Neck,"Playera casual de algodón con estampado frontal (Talla L, Color Rojo)",452.62,19,1,2026-09-17 19:40:37,2026-09-17 20:45:37
1156,PROD-1156,Monitor UltraGear 27,Monitor de alta frecuencia de actualización para juegos competitivos,15162.19,34,1,2026-09-21 13:21:13,2026-09-21 14:53:13
1157,PROD-1157,Aspiradora Inalámbrica SpeedPro,Aspiradora escoba sin cable con cabezal de succión de 180 grados,2336.94,13,1,2026-09-22 05:03:07,2026-09-22 06:07:07
1158,PROD-1158,Monitor Odyssey G9,Monitor curvo ultrawide diseñado para gaming profesional,6874.10,16,1,2026-09-19 22:20:17,2026-09-19 22:25:17
1159,PROD-1159,Patinete Eléctrico Pro 4,Scooter eléctrico con gran autonomía para movilidad urbana,11645.10,34,1,2026-09-22 03:24:26,2026-09-22 04:49:26
1160,PROD-1160,Zapatillas Samba OG,"Tenis de estilo retro icónicos en cuero de primera calidad (Talla L, Color Blanco)",803.80,20,1,2026-09-22 01:54:13,2026-09-22 03:11:13
1161,PROD-1161,Zapatillas Ultraboost Light,"Tenis de running con retorno de energía superior y ligereza (Talla XL, Color Rojo)",388.52,60,1,2026-09-18 06:06:08,2026-09-18 06:07:08
1162,PROD-1162,Smart Band 8,Pulsera de actividad física con seguimiento del sueño y deporte,25059.12,47,1,2026-09-22 01:29:54,2026-09-22 02:46:54
1163,PROD-1163,Aspiradora Inalámbrica SpeedPro,Aspiradora escoba sin cable con cabezal de succión de 180 grados,5100.60,47,1,2026-09-19 17:38:40,2026-09-19 19:06:40
1164,PROD-1164,Aspiradora Inalámbrica SpeedPro,Aspiradora escoba sin cable con cabezal de succión de 180 grados,1066.03,16,1,2026-09-17 15:07:49,2026-09-17 15:31:49
1165,PROD-1165,Smartphone Galaxy Z Fold 6 128GB,Teléfono plegable con pantalla gigante para productividad y multitarea - Color Blanco,17579.66,14,1,2026-09-21 11:44:05,2026-09-21 12:14:05
1166,PROD-1166,Polerón Adicolor Classics,"Sudadera clásica con el logotipo de las tres tiras (Talla M, Color Negro)",996.97,69,1,2026-09-18 10:41:16,2026-09-18 11:41:16
1167,PROD-1167,Jeans 501 Original Fit,"Pantalón de mezclilla clásico de corte recto y ajuste cómodo (Talla M, Color Blanco)",1938.38,66,1,2026-09-20 11:44:59,2026-09-20 12:44:59
1168,PROD-1168,Robot Aspiradora X10+,Aspiradora robótica con estación de vaciado automático y mapeo láser,9113.35,23,1,2026-09-21 00:02:20,2026-09-21 01:48:20
1169,PROD-1169,Chaqueta Camionera de Mezclilla,"Chaqueta clásica de mezclilla resistente para uso diario (Talla S, Color Negro)",1705.38,65,1,2026-09-20 01:38:54,2026-09-20 03:26:54
1170,PROD-1170,Polerón Adicolor Classics,"Sudadera clásica con el logotipo de las tres tiras (Talla L, Color Negro)",1398.12,72,1,2026-09-20 15:52:21,2026-09-20 17:07:21
1171,PROD-1171,Freidora XXL Airfryer,Freidora de aire de gran capacidad con tecnología de extracción de grasa,5828.61,41,1,2026-09-17 15:52:46,2026-09-17 16:46:46
1172,PROD-1172,Freidora XXL Airfryer,Freidora de aire de gran capacidad con tecnología de extracción de grasa,2435.65,49,1,2026-09-20 01:51:35,2026-09-20 03:44:35
1173,PROD-1173,Camiseta Graphic Setin Neck,"Playera casual de algodón con estampado frontal (Talla L, Color Azul)",1849.66,12,1,2026-09-18 12:36:20,2026-09-18 13:12:20
1174,PROD-1174,Freidora de Aire 4L,Freidora sin aceite para cocinar de manera saludable y rápida,3013.24,22,1,2026-09-20 15:02:22,2026-09-20 15:30:22
1175,PROD-1175,Aspiradora Inalámbrica SpeedPro,Aspiradora escoba sin cable con cabezal de succión de 180 grados,1396.81,26,1,2026-09-21 22:24:12,2026-09-21 23:55:12
1176,PROD-1176,Polera Sportswear Club Fleece,"Sudadera de felpa con capucha y ajuste estándar (Talla XL, Color Blanco)",1686.96,46,1,2026-09-21 17:41:59,2026-09-21 19:16:59
1177,PROD-1177,Smartphone Xiaomi 14 Ultra 256GB,Smartphone de gama alta enfocado en fotografía profesional Leica - Color Blanco,6049.15,36,1,2026-09-18 03:48:17,2026-09-18 05:29:17
1178,PROD-1178,Polera Sportswear Club Fleece,"Sudadera de felpa con capucha y ajuste estándar (Talla M, Color Blanco)",1547.19,12,1,2026-09-19 17:21:42,2026-09-19 19:13:42
1179,PROD-1179,Zapatillas Air Max 270,"Calzado deportivo con cápsula de aire visible para máxima comodidad (Talla M, Color Rojo)",418.74,18,1,2026-09-19 14:17:45,2026-09-19 15:12:45
1180,PROD-1180,Smart TV OLED C3 65,Televisor inteligente ideal para videojuegos y películas con pánel OLED,4784.43,19,1,2026-09-20 11:56:30,2026-09-20 12:29:30
1181,PROD-1181,Zapatillas Air Force 1 '07,"Tenis clásicos de cuero blanco para uso urbano y casual (Talla L, Color Blanco)",2184.83,75,1,2026-09-21 05:06:56,2026-09-21 06:31:56
1182,PROD-1182,Monitor Odyssey G9,Monitor curvo ultrawide diseñado para gaming profesional,28864.03,12,1,2026-09-18 04:31:52,2026-09-18 06:11:52
1183,PROD-1183,Cafetera Programable 12 Tazas,Cafetera de goteo con temporizador programable y jarra de vidrio,718.97,14,1,2026-09-18 13:26:15,2026-09-18 14:46:15
1184,PROD-1184,iPad Pro 12.9,Tableta profesional con pantalla Liquid Retina XDR y chip M2,6074.66,23,1,2026-09-21 20:14:36,2026-09-21 21:10:36
1185,PROD-1185,Freidora XXL Airfryer,Freidora de aire de gran capacidad con tecnología de extracción de grasa,1572.65,31,1,2026-09-19 13:50:25,2026-09-19 15:34:25
1186,PROD-1186,Smartphone Galaxy Z Fold 6 1TB,Teléfono plegable con pantalla gigante para productividad y multitarea - Color Azul,27807.29,5,1,2026-09-19 00:50:11,2026-09-19 02:36:11
1187,PROD-1187,Polera Sportswear Club Fleece,"Sudadera de felpa con capucha y ajuste estándar (Talla M, Color Negro)",921.93,63,1,2026-09-19 17:37:56,2026-09-19 18:57:56
1188,PROD-1188,Licuadora Reversible 2 Velocidades,Licuadora con motor reversible y vaso de vidrio resistente a choques térmicos,6124.37,41,1,2026-09-20 02:31:38,2026-09-20 04:11:38
1189,PROD-1189,Apple Watch Series 10,Reloj inteligente con sensores avanzados de salud y actividad física,15176.03,31,1,2026-09-20 07:55:13,2026-09-20 09:44:13
1190,PROD-1190,Freidora XXL Airfryer,Freidora de aire de gran capacidad con tecnología de extracción de grasa,3763.60,57,1,2026-09-17 14:33:30,2026-09-17 16:04:30
1191,PROD-1191,Licuadora Reversible 2 Velocidades,Licuadora con motor reversible y vaso de vidrio resistente a choques térmicos,2971.11,33,1,2026-09-22 05:35:40,2026-09-22 05:56:40
1192,PROD-1192,Camiseta Graphic Setin Neck,"Playera casual de algodón con estampado frontal (Talla S, Color Verde)",2333.42,29,1,2026-09-21 00:47:08,2026-09-21 00:54:08
1193,PROD-1193,Aspiradora Inalámbrica SpeedPro,Aspiradora escoba sin cable con cabezal de succión de 180 grados,3455.22,51,1,2026-09-21 19:10:10,2026-09-21 20:20:10
1194,PROD-1194,Polerón Adicolor Classics,"Sudadera clásica con el logotipo de las tres tiras (Talla L, Color Gris)",366.99,45,1,2026-09-20 17:58:29,2026-09-20 19:16:29
1195,PROD-1195,Smart Band 8,Pulsera de actividad física con seguimiento del sueño y deporte,23357.72,39,1,2026-09-21 08:02:19,2026-09-21 09:42:19
1196,PROD-1196,Aspiradora Inalámbrica SpeedPro,Aspiradora escoba sin cable con cabezal de succión de 180 grados,7146.33,58,1,2026-09-21 11:35:30,2026-09-21 12:26:30
1197,PROD-1197,Consola PlayStation 5 Slim,Consola de videojuegos de última generación con almacenamiento SSD ultra rápido,1812.44,26,1,2026-09-19 21:54:23,2026-09-19 23:26:23
1198,PROD-1198,Cafetera Programable 12 Tazas,Cafetera de goteo con temporizador programable y jarra de vidrio,7938.62,26,1,2026-09-18 20:14:13,2026-09-18 20:25:13
1199,PROD-1199,Aspiradora Inalámbrica SpeedPro,Aspiradora escoba sin cable con cabezal de succión de 180 grados,6153.55,18,1,2026-09-17 16:31:14,2026-09-17 16:34:14
1200,PROD-1200,Freidora XXL Airfryer,Freidora de aire de gran capacidad con tecnología de extracción de grasa,6724.94,27,1,2026-09-21 22:54:55,2026-09-21 23:48:55
1201,PROD-1201,Cafetera Programable 12 Tazas,Cafetera de goteo con temporizador programable y jarra de vidrio,855.59,31,1,2026-09-19 02:56:22,2026-09-19 04:16:22
1202,PROD-1202,Freidora XXL Airfryer,Freidora de aire de gran capacidad con tecnología de extracción de grasa,762.77,49,1,2026-09-18 07:16:39,2026-09-18 08:13:39
1203,PROD-1203,Polerón Adicolor Classics,"Sudadera clásica con el logotipo de las tres tiras (Talla S, Color Azul)",1078.81,40,1,2026-09-22 10:24:10,2026-09-22 11:59:10
1204,PROD-1204,Freidora de Aire 4L,Freidora sin aceite para cocinar de manera saludable y rápida,2673.93,50,1,2026-09-22 07:24:10,2026-09-22 09:08:10
1205,PROD-1205,Cafetera Programable 12 Tazas,Cafetera de goteo con temporizador programable y jarra de vidrio,3270.26,55,1,2026-09-19 01:10:26,2026-09-19 01:23:26
1206,PROD-1206,Polerón Adicolor Classics,"Sudadera clásica con el logotipo de las tres tiras (Talla M, Color Gris)",1326.77,28,1,2026-09-21 20:44:59,2026-09-21 21:38:59
1207,PROD-1207,Jeans 501 Original Fit,"Pantalón de mezclilla clásico de corte recto y ajuste cómodo (Talla S, Color Azul)",2260.29,70,1,2026-09-18 20:23:23,2026-09-18 21:20:23
1208,PROD-1208,Barra de Sonido HT-A7000,Sistema de audio para cine en casa con soporte Dolby Atmos,19182.07,42,1,2026-09-20 22:30:55,2026-09-20 23:36:55
1209,PROD-1209,Zapatillas Running Pegasus 40,"Calzado de correr con amortiguación reactiva para entrenamiento (Talla XL, Color Verde)",1260.36,66,1,2026-09-21 17:27:18,2026-09-21 19:26:18
1210,PROD-1210,Zapatillas Samba OG,"Tenis de estilo retro icónicos en cuero de primera calidad (Talla M, Color Blanco)",1437.44,72,1,2026-09-21 20:40:42,2026-09-21 21:38:42
1211,PROD-1211,Refrigeradora InstaView,Refrigerador inteligente con panel de cristal panorámico,4691.06,18,1,2026-09-20 07:26:12,2026-09-20 08:26:12
1212,PROD-1212,Audífonos AirPods Pro 2,Audífonos intrauditivos con cancelación de ruido de nivel superior,13611.29,12,1,2026-09-21 04:43:26,2026-09-21 06:32:26
1213,PROD-1213,Jeans 501 Original Fit,"Pantalón de mezclilla clásico de corte recto y ajuste cómodo (Talla L, Color Rojo)",972.62,76,1,2026-09-18 11:26:10,2026-09-18 11:41:10
1214,PROD-1214,Polera Sportswear Club Fleece,"Sudadera de felpa con capucha y ajuste estándar (Talla L, Color Gris)",1394.74,28,1,2026-09-18 09:48:37,2026-09-18 11:28:37
1215,PROD-1215,Freidora XXL Airfryer,Freidora de aire de gran capacidad con tecnología de extracción de grasa,7519.84,27,1,2026-09-19 06:23:41,2026-09-19 06:50:41
1216,PROD-1216,Smartphone Redmi Note 13 Pro 128GB,Teléfono inteligente con excelente relación calidad-precio y gran cámara - Color Rojo,12877.04,7,1,2026-09-20 01:55:24,2026-09-20 02:56:24
1217,PROD-1217,Aspiradora Inalámbrica SpeedPro,Aspiradora escoba sin cable con cabezal de succión de 180 grados,7242.18,58,1,2026-09-19 20:03:31,2026-09-19 21:03:31
1218,PROD-1218,Licuadora Reversible 2 Velocidades,Licuadora con motor reversible y vaso de vidrio resistente a choques térmicos,4236.21,37,1,2026-09-22 04:02:14,2026-09-22 04:59:14
1219,PROD-1219,Freidora XXL Airfryer,Freidora de aire de gran capacidad con tecnología de extracción de grasa,6984.23,28,1,2026-09-18 02:07:01,2026-09-18 03:49:01
1220,PROD-1220,Aspiradora Inalámbrica SpeedPro,Aspiradora escoba sin cable con cabezal de succión de 180 grados,2169.45,33,1,2026-09-19 14:28:47,2026-09-19 15:37:47
1221,PROD-1221,Patinete Eléctrico Pro 4,Scooter eléctrico con gran autonomía para movilidad urbana,23430.04,15,1,2026-09-21 20:06:15,2026-09-21 20:09:15
1222,PROD-1222,Freidora XXL Airfryer,Freidora de aire de gran capacidad con tecnología de extracción de grasa,5293.75,13,1,2026-09-18 17:08:02,2026-09-18 18:27:02
1223,PROD-1223,Cafetera Programable 12 Tazas,Cafetera de goteo con temporizador programable y jarra de vidrio,4365.33,56,1,2026-09-20 10:24:29,2026-09-20 11:28:29
1224,PROD-1224,Audífonos Galaxy Buds3 Pro,Audífonos inalámbricos con cancelación activa de ruido inteligente,6880.89,6,1,2026-09-19 05:09:14,2026-09-19 06:49:14
1225,PROD-1225,Audífonos AirPods Max,Audífonos de diadema inalámbricos con sonido de alta fidelidad,3505.00,39,1,2026-09-21 05:29:21,2026-09-21 06:10:21
1226,PROD-1226,Zapatillas Ultraboost Light,"Tenis de running con retorno de energía superior y ligereza (Talla XL, Color Negro)",1080.91,33,1,2026-09-20 01:32:21,2026-09-20 01:35:21
1227,PROD-1227,Aspiradora Inalámbrica SpeedPro,Aspiradora escoba sin cable con cabezal de succión de 180 grados,2354.55,15,1,2026-09-18 03:34:34,2026-09-18 04:43:34
1228,PROD-1228,Audífonos Bluetooth WH-1000XM5,Audífonos inalámbricos con la mejor cancelación de ruido del mercado,6984.75,10,1,2026-09-18 11:34:14,2026-09-18 12:13:14
1229,PROD-1229,Zapatillas Ultraboost Light,"Tenis de running con retorno de energía superior y ligereza (Talla S, Color Rojo)",2416.42,33,1,2026-09-17 17:04:00,2026-09-17 18:35:00
1230,PROD-1230,Smart TV Bravia XR OLED 55,Televisor OLED con negros absolutos y procesador de imagen cognitivo,4005.42,14,1,2026-09-20 01:13:53,2026-09-20 03:07:53
1231,PROD-1231,Pantalón de Buzo Tech Fleece,"Pantalón deportivo térmico con diseño estilizado (Talla S, Color Negro)",785.50,86,1,2026-09-21 02:27:23,2026-09-21 02:57:23
1232,PROD-1232,Polerón Adicolor Classics,"Sudadera clásica con el logotipo de las tres tiras (Talla XL, Color Negro)",928.97,50,1,2026-09-20 08:48:16,2026-09-20 09:58:16
1233,PROD-1233,Camiseta Graphic Setin Neck,"Playera casual de algodón con estampado frontal (Talla S, Color Azul)",1712.11,12,1,2026-09-19 04:18:32,2026-09-19 05:28:32
1234,PROD-1234,Licuadora Reversible 2 Velocidades,Licuadora con motor reversible y vaso de vidrio resistente a choques térmicos,6198.64,49,1,2026-09-22 07:27:53,2026-09-22 07:43:53
1235,PROD-1235,Zapatillas Samba OG,"Tenis de estilo retro icónicos en cuero de primera calidad (Talla XL, Color Negro)",2169.50,74,1,2026-09-18 18:44:25,2026-09-18 20:24:25
1236,PROD-1236,Parlante Portátil SRS-XG300,Bocina inalámbrica portátil resistente al agua con graves potentes,35478.46,20,1,2026-09-20 19:23:38,2026-09-20 20:17:38
1237,PROD-1237,Freidora XXL Airfryer,Freidora de aire de gran capacidad con tecnología de extracción de grasa,407.61,37,1,2026-09-21 07:30:36,2026-09-21 08:07:36
1238,PROD-1238,Licuadora Reversible 2 Velocidades,Licuadora con motor reversible y vaso de vidrio resistente a choques térmicos,857.33,38,1,2026-09-19 04:54:44,2026-09-19 06:10:44
1239,PROD-1239,Zapatillas Samba OG,"Tenis de estilo retro icónicos en cuero de primera calidad (Talla L, Color Verde)",807.42,75,1,2026-09-19 06:04:43,2026-09-19 06:09:43
1240,PROD-1240,Refrigeradora InstaView,Refrigerador inteligente con panel de cristal panorámico,2982.70,10,1,2026-09-19 22:40:48,2026-09-20 00:09:48
1241,PROD-1241,Audífonos AirPods Pro 2,Audífonos intrauditivos con cancelación de ruido de nivel superior,35958.15,32,1,2026-09-18 19:49:01,2026-09-18 21:07:01
1242,PROD-1242,Aspiradora Inalámbrica SpeedPro,Aspiradora escoba sin cable con cabezal de succión de 180 grados,5227.29,56,1,2026-09-21 20:11:01,2026-09-21 21:08:01
1243,PROD-1243,Chaqueta Camionera de Mezclilla,"Chaqueta clásica de mezclilla resistente para uso diario (Talla L, Color Blanco)",1338.57,86,1,2026-09-19 12:56:41,2026-09-19 12:58:41
1244,PROD-1244,Cafetera Programable 12 Tazas,Cafetera de goteo con temporizador programable y jarra de vidrio,7409.16,46,1,2026-09-20 10:30:33,2026-09-20 10:30:33
1245,PROD-1245,Apple Watch Series 10,Reloj inteligente con sensores avanzados de salud y actividad física,20230.57,49,1,2026-09-21 19:32:06,2026-09-21 20:34:06
1246,PROD-1246,Zapatillas Ultraboost Light,"Tenis de running con retorno de energía superior y ligereza (Talla S, Color Rojo)",416.54,95,1,2026-09-20 05:56:35,2026-09-20 07:22:35
1247,PROD-1247,Smart TV Bravia XR OLED 55,Televisor OLED con negros absolutos y procesador de imagen cognitivo,29875.07,27,1,2026-09-19 21:26:03,2026-09-19 21:48:03
1248,PROD-1248,Licuadora Reversible 2 Velocidades,Licuadora con motor reversible y vaso de vidrio resistente a choques térmicos,3916.46,20,1,2026-09-20 05:51:21,2026-09-20 05:52:21
1249,PROD-1249,Smartphone Galaxy Z Flip 6 512GB,Teléfono plegable compacto con pantalla exterior funcional - Color Blanco,3693.81,44,1,2026-09-21 08:09:59,2026-09-21 08:47:59
1250,PROD-1250,Licuadora Reversible 2 Velocidades,Licuadora con motor reversible y vaso de vidrio resistente a choques térmicos,7848.91,31,1,2026-09-17 18:28:06,2026-09-17 19:03:06
1251,PROD-1251,Polerón Adicolor Classics,"Sudadera clásica con el logotipo de las tres tiras (Talla M, Color Negro)",771.59,91,1,2026-09-19 22:47:38,2026-09-19 23:01:38
1252,PROD-1252,Polerón Adicolor Classics,"Sudadera clásica con el logotipo de las tres tiras (Talla XL, Color Blanco)",1536.34,94,1,2026-09-22 00:42:26,2026-09-22 01:54:26
1253,PROD-1253,Licuadora Reversible 2 Velocidades,Licuadora con motor reversible y vaso de vidrio resistente a choques térmicos,4870.05,55,1,2026-09-17 22:34:59,2026-09-17 22:50:59
1254,PROD-1254,Zapatillas Ultraboost Light,"Tenis de running con retorno de energía superior y ligereza (Talla L, Color Blanco)",2172.48,12,1,2026-09-21 18:01:59,2026-09-21 19:27:59
1255,PROD-1255,Aspiradora Inalámbrica SpeedPro,Aspiradora escoba sin cable con cabezal de succión de 180 grados,414.86,35,1,2026-09-21 10:27:25,2026-09-21 11:53:25
1256,PROD-1256,Freidora de Aire 4L,Freidora sin aceite para cocinar de manera saludable y rápida,3687.37,34,1,2026-09-19 05:01:08,2026-09-19 05:16:08
1257,PROD-1257,Aspiradora Inalámbrica SpeedPro,Aspiradora escoba sin cable con cabezal de succión de 180 grados,3147.19,56,1,2026-09-17 19:26:23,2026-09-17 21:19:23
1258,PROD-1258,Licuadora Reversible 2 Velocidades,Licuadora con motor reversible y vaso de vidrio resistente a choques térmicos,2512.29,34,1,2026-09-20 18:38:51,2026-09-20 19:35:51
1259,PROD-1259,Camiseta Graphic Setin Neck,"Playera casual de algodón con estampado frontal (Talla M, Color Gris)",525.89,83,1,2026-09-22 10:44:08,2026-09-22 10:47:08
1260,PROD-1260,Cafetera Programable 12 Tazas,Cafetera de goteo con temporizador programable y jarra de vidrio,3621.03,12,1,2026-09-19 01:30:58,2026-09-19 01:55:58
1261,PROD-1261,Cámara Alpha 7 IV,Cámara mirrorless profesional de fotograma completo para foto y video,2730.97,45,1,2026-09-18 03:11:47,2026-09-18 03:14:47
1262,PROD-1262,Zapatillas Air Force 1 '07,"Tenis clásicos de cuero blanco para uso urbano y casual (Talla L, Color Gris)",881.38,70,1,2026-09-18 23:49:23,2026-09-19 00:32:23
1263,PROD-1263,Parlante Portátil SRS-XG300,Bocina inalámbrica portátil resistente al agua con graves potentes,28690.94,9,1,2026-09-22 06:05:11,2026-09-22 07:21:11
1264,PROD-1264,Freidora XXL Airfryer,Freidora de aire de gran capacidad con tecnología de extracción de grasa,5152.65,45,1,2026-09-18 07:17:19,2026-09-18 07:27:19
1265,PROD-1265,Smart TV 65 Neo QLED,Televisor inteligente 4K con tecnología de puntos cuánticos y alto contraste,11621.42,49,1,2026-09-17 22:34:48,2026-09-18 00:14:48
1266,PROD-1266,Monitor Odyssey G9,Monitor curvo ultrawide diseñado para gaming profesional,2445.00,44,1,2026-09-21 08:18:16,2026-09-21 09:13:16
1267,PROD-1267,Smartphone Galaxy S26 Ultra 128GB,Smartphone de alta gama con cámara de 200MP y pantalla Dynamic AMOLED - Color Gris,30672.49,30,1,2026-09-18 03:03:57,2026-09-18 04:22:57
1268,PROD-1268,Jeans 501 Original Fit,"Pantalón de mezclilla clásico de corte recto y ajuste cómodo (Talla XL, Color Azul)",1348.05,64,1,2026-09-21 07:26:04,2026-09-21 08:45:04
1269,PROD-1269,Barra de Sonido HT-A7000,Sistema de audio para cine en casa con soporte Dolby Atmos,33784.26,6,1,2026-09-20 07:14:21,2026-09-20 08:20:21
1270,PROD-1270,Zapatillas Ultraboost Light,"Tenis de running con retorno de energía superior y ligereza (Talla S, Color Negro)",376.42,18,1,2026-09-21 03:27:18,2026-09-21 05:08:18
1271,PROD-1271,Smart TV OLED C3 65,Televisor inteligente ideal para videojuegos y películas con pánel OLED,23126.41,21,1,2026-09-19 16:52:02,2026-09-19 17:45:02
1272,PROD-1272,Polerón Adicolor Classics,"Sudadera clásica con el logotipo de las tres tiras (Talla XL, Color Blanco)",872.78,15,1,2026-09-17 21:55:09,2026-09-17 22:11:09
1273,PROD-1273,Zapatillas Samba OG,"Tenis de estilo retro icónicos en cuero de primera calidad (Talla L, Color Gris)",1604.88,79,1,2026-09-22 06:02:58,2026-09-22 06:20:58
1274,PROD-1274,Patinete Eléctrico Pro 4,Scooter eléctrico con gran autonomía para movilidad urbana,21918.20,23,1,2026-09-19 18:49:28,2026-09-19 18:50:28
1275,PROD-1275,Licuadora Reversible 2 Velocidades,Licuadora con motor reversible y vaso de vidrio resistente a choques térmicos,2204.14,60,1,2026-09-20 22:35:07,2026-09-21 00:24:07
1276,PROD-1276,Patinete Eléctrico Pro 4,Scooter eléctrico con gran autonomía para movilidad urbana,7436.95,17,1,2026-09-21 10:23:50,2026-09-21 12:19:50
1277,PROD-1277,Tablet Galaxy Tab S9 256GB,"Tableta de alto rendimiento para diseño, trabajo y entretenimiento - Color Verde",17388.24,49,1,2026-09-20 09:10:48,2026-09-20 10:26:48
1278,PROD-1278,Aspiradora Inalámbrica SpeedPro,Aspiradora escoba sin cable con cabezal de succión de 180 grados,5082.38,34,1,2026-09-19 12:58:06,2026-09-19 13:18:06
1279,PROD-1279,Smartphone Redmi Note 13 Pro 1TB,Teléfono inteligente con excelente relación calidad-precio y gran cámara - Color Blanco,33158.35,45,1,2026-09-18 21:35:24,2026-09-18 23:03:24
1280,PROD-1280,Robot Aspiradora X10+,Aspiradora robótica con estación de vaciado automático y mapeo láser,8066.42,35,1,2026-09-22 00:05:29,2026-09-22 01:43:29
1281,PROD-1281,Zapatillas Samba OG,"Tenis de estilo retro icónicos en cuero de primera calidad (Talla M, Color Azul)",746.13,10,1,2026-09-19 17:56:55,2026-09-19 17:57:55
1282,PROD-1282,Consola PlayStation 5 Slim,Consola de videojuegos de última generación con almacenamiento SSD ultra rápido,20191.55,14,1,2026-09-19 07:25:40,2026-09-19 08:21:40
1283,PROD-1283,Monitor UltraGear 27,Monitor de alta frecuencia de actualización para juegos competitivos,2058.62,6,1,2026-09-18 18:06:32,2026-09-18 18:31:32
1284,PROD-1284,Jeans 511 Slim Fit,"Pantalón de mezclilla ajustado de estilo moderno (Talla L, Color Verde)",724.71,80,1,2026-09-19 00:55:51,2026-09-19 01:17:51
1285,PROD-1285,Smartphone Galaxy S26 512GB,Smartphone compacto con pantalla fluida y excelente rendimiento - Color Negro,1245.28,48,1,2026-09-18 09:05:50,2026-09-18 09:53:50
1286,PROD-1286,Freidora de Aire 4L,Freidora sin aceite para cocinar de manera saludable y rápida,7514.47,27,1,2026-09-20 07:32:57,2026-09-20 08:02:57
1287,PROD-1287,Zapatillas Air Max 270,"Calzado deportivo con cápsula de aire visible para máxima comodidad (Talla XL, Color Verde)",490.56,28,1,2026-09-18 08:09:29,2026-09-18 09:50:29
1288,PROD-1288,Audífonos AirPods Pro 2,Audífonos intrauditivos con cancelación de ruido de nivel superior,13925.94,28,1,2026-09-19 11:24:53,2026-09-19 12:40:53
1289,PROD-1289,Zapatillas Ultraboost Light,"Tenis de running con retorno de energía superior y ligereza (Talla S, Color Rojo)",1612.75,78,1,2026-09-19 07:57:11,2026-09-19 09:38:11
1290,PROD-1290,Audífonos Bluetooth WH-1000XM5,Audífonos inalámbricos con la mejor cancelación de ruido del mercado,2390.69,22,1,2026-09-18 07:31:35,2026-09-18 09:19:35
1291,PROD-1291,Freidora XXL Airfryer,Freidora de aire de gran capacidad con tecnología de extracción de grasa,5927.47,58,1,2026-09-20 09:39:20,2026-09-20 11:20:20
1292,PROD-1292,Licuadora Reversible 2 Velocidades,Licuadora con motor reversible y vaso de vidrio resistente a choques térmicos,4265.46,56,1,2026-09-21 11:03:18,2026-09-21 12:39:18
1293,PROD-1293,Aspiradora Inalámbrica SpeedPro,Aspiradora escoba sin cable con cabezal de succión de 180 grados,4343.58,19,1,2026-09-19 11:58:43,2026-09-19 13:29:43
1294,PROD-1294,Polerón Adicolor Classics,"Sudadera clásica con el logotipo de las tres tiras (Talla XL, Color Verde)",2404.87,70,1,2026-09-19 04:11:20,2026-09-19 05:25:20
1295,PROD-1295,Polerón Adicolor Classics,"Sudadera clásica con el logotipo de las tres tiras (Talla S, Color Blanco)",821.98,35,1,2026-09-20 06:56:55,2026-09-20 08:46:55
1296,PROD-1296,Smartphone Xiaomi 14 Ultra 512GB,Smartphone de gama alta enfocado en fotografía profesional Leica - Color Azul,32049.17,41,1,2026-09-18 12:00:17,2026-09-18 13:59:17
1297,PROD-1297,Zapatillas Running Pegasus 40,"Calzado de correr con amortiguación reactiva para entrenamiento (Talla S, Color Blanco)",1965.99,47,1,2026-09-20 05:50:43,2026-09-20 06:56:43
1298,PROD-1298,Jeans 501 Original Fit,"Pantalón de mezclilla clásico de corte recto y ajuste cómodo (Talla XL, Color Rojo)",1685.42,64,1,2026-09-20 06:48:48,2026-09-20 07:47:48
1299,PROD-1299,Polera Sportswear Club Fleece,"Sudadera de felpa con capucha y ajuste estándar (Talla XL, Color Gris)",936.99,13,1,2026-09-18 15:15:39,2026-09-18 16:11:39
1300,PROD-1300,Barra de Sonido HT-A7000,Sistema de audio para cine en casa con soporte Dolby Atmos,3194.04,10,1,2026-09-19 08:00:07,2026-09-19 09:47:07
1301,PROD-1301,Freidora de Aire 4L,Freidora sin aceite para cocinar de manera saludable y rápida,7442.20,14,1,2026-09-18 06:22:49,2026-09-18 06:31:49
1302,PROD-1302,Jeans 511 Slim Fit,"Pantalón de mezclilla ajustado de estilo moderno (Talla L, Color Blanco)",1801.48,42,1,2026-09-19 09:11:45,2026-09-19 10:46:45
1303,PROD-1303,Freidora XXL Airfryer,Freidora de aire de gran capacidad con tecnología de extracción de grasa,5762.88,16,1,2026-09-22 02:41:00,2026-09-22 04:12:00
1304,PROD-1304,Freidora XXL Airfryer,Freidora de aire de gran capacidad con tecnología de extracción de grasa,6252.58,26,1,2026-09-22 12:52:01,2026-09-22 13:36:01
1305,PROD-1305,Zapatillas Running Pegasus 40,"Calzado de correr con amortiguación reactiva para entrenamiento (Talla S, Color Azul)",1756.30,29,1,2026-09-19 23:00:02,2026-09-19 23:29:02
1306,PROD-1306,Audífonos AirPods Max,Audífonos de diadema inalámbricos con sonido de alta fidelidad,8797.17,42,1,2026-09-22 07:34:32,2026-09-22 08:44:32
1307,PROD-1307,Zapatillas Samba OG,"Tenis de estilo retro icónicos en cuero de primera calidad (Talla L, Color Negro)",1023.11,34,1,2026-09-20 03:33:26,2026-09-20 05:11:26
1308,PROD-1308,Freidora XXL Airfryer,Freidora de aire de gran capacidad con tecnología de extracción de grasa,3733.97,43,1,2026-09-17 17:29:38,2026-09-17 18:16:38
1309,PROD-1309,Smart TV OLED C3 65,Televisor inteligente ideal para videojuegos y películas con pánel OLED,11347.80,5,1,2026-09-20 13:53:54,2026-09-20 15:36:54
1310,PROD-1310,Aspiradora Inalámbrica SpeedPro,Aspiradora escoba sin cable con cabezal de succión de 180 grados,2113.73,35,1,2026-09-21 16:58:52,2026-09-21 18:34:52
1311,PROD-1311,Polerón Adicolor Classics,"Sudadera clásica con el logotipo de las tres tiras (Talla L, Color Gris)",1611.95,82,1,2026-09-22 07:29:08,2026-09-22 07:33:08
1312,PROD-1312,iPad Pro 12.9,Tableta profesional con pantalla Liquid Retina XDR y chip M2,20670.78,43,1,2026-09-21 05:37:56,2026-09-21 06:50:56
1313,PROD-1313,Zapatillas Air Max 270,"Calzado deportivo con cápsula de aire visible para máxima comodidad (Talla XL, Color Negro)",1499.15,34,1,2026-09-20 10:15:15,2026-09-20 10:28:15
1314,PROD-1314,Zapatillas Samba OG,"Tenis de estilo retro icónicos en cuero de primera calidad (Talla L, Color Negro)",718.56,96,1,2026-09-20 21:37:57,2026-09-20 21:59:57
1315,PROD-1315,Monitor UltraGear 27,Monitor de alta frecuencia de actualización para juegos competitivos,1452.77,17,1,2026-09-17 23:13:48,2026-09-18 01:09:48
1316,PROD-1316,Zapatillas Air Max 270,"Calzado deportivo con cápsula de aire visible para máxima comodidad (Talla M, Color Gris)",1768.08,18,1,2026-09-20 07:19:29,2026-09-20 07:26:29
1317,PROD-1317,Zapatillas Ultraboost Light,"Tenis de running con retorno de energía superior y ligereza (Talla M, Color Gris)",2198.37,62,1,2026-09-19 22:04:06,2026-09-19 22:24:06
1318,PROD-1318,Audífonos AirPods Pro 2,Audífonos intrauditivos con cancelación de ruido de nivel superior,15353.67,9,1,2026-09-19 21:45:39,2026-09-19 23:40:39
1319,PROD-1319,MacBook Pro 16 M3 512GB,Computadora portátil profesional para edición de video y desarrollo - Color Azul,29535.31,47,1,2026-09-20 10:15:16,2026-09-20 10:35:16
1320,PROD-1320,Freidora XXL Airfryer,Freidora de aire de gran capacidad con tecnología de extracción de grasa,4218.81,51,1,2026-09-20 07:57:00,2026-09-20 08:32:00
1321,PROD-1321,Smartphone Galaxy S26 1TB,Smartphone compacto con pantalla fluida y excelente rendimiento - Color Negro,29772.68,43,1,2026-09-22 10:43:12,2026-09-22 11:14:12
1322,PROD-1322,Aspiradora Inalámbrica SpeedPro,Aspiradora escoba sin cable con cabezal de succión de 180 grados,3897.55,44,1,2026-09-17 18:48:06,2026-09-17 20:22:06
1323,PROD-1323,Barra de Sonido HT-A7000,Sistema de audio para cine en casa con soporte Dolby Atmos,31775.29,34,1,2026-09-19 15:36:48,2026-09-19 17:05:48
1324,PROD-1324,Aspiradora Inalámbrica SpeedPro,Aspiradora escoba sin cable con cabezal de succión de 180 grados,5059.01,59,1,2026-09-18 14:36:51,2026-09-18 15:29:51
1325,PROD-1325,Apple Watch Series 10,Reloj inteligente con sensores avanzados de salud y actividad física,16752.90,47,1,2026-09-18 15:49:32,2026-09-18 17:18:32
1326,PROD-1326,Freidora de Aire 4L,Freidora sin aceite para cocinar de manera saludable y rápida,5709.70,10,1,2026-09-19 00:01:04,2026-09-19 01:54:04
1327,PROD-1327,Barra de Sonido HT-A7000,Sistema de audio para cine en casa con soporte Dolby Atmos,19589.68,47,1,2026-09-17 22:49:48,2026-09-18 00:18:48
1328,PROD-1328,Freidora de Aire 4L,Freidora sin aceite para cocinar de manera saludable y rápida,3525.71,56,1,2026-09-20 21:37:13,2026-09-20 21:52:13
1329,PROD-1329,Jeans 501 Original Fit,"Pantalón de mezclilla clásico de corte recto y ajuste cómodo (Talla L, Color Azul)",1319.51,42,1,2026-09-18 19:18:37,2026-09-18 20:22:37
1330,PROD-1330,Smartphone Redmi Note 13 Pro 128GB,Teléfono inteligente con excelente relación calidad-precio y gran cámara - Color Verde,25154.24,34,1,2026-09-19 20:37:10,2026-09-19 21:20:10
1331,PROD-1331,Freidora XXL Airfryer,Freidora de aire de gran capacidad con tecnología de extracción de grasa,3414.72,8,1,2026-09-19 01:36:24,2026-09-19 01:50:24
1332,PROD-1332,Freidora de Aire 4L,Freidora sin aceite para cocinar de manera saludable y rápida,5494.25,37,1,2026-09-20 11:42:28,2026-09-20 12:41:28
1333,PROD-1333,Audífonos Galaxy Buds3 Pro,Audífonos inalámbricos con cancelación activa de ruido inteligente,23824.30,50,1,2026-09-20 04:51:28,2026-09-20 05:08:28
1334,PROD-1334,Zapatillas Air Max 270,"Calzado deportivo con cápsula de aire visible para máxima comodidad (Talla M, Color Negro)",1655.03,32,1,2026-09-19 07:56:51,2026-09-19 08:11:51
1335,PROD-1335,Freidora XXL Airfryer,Freidora de aire de gran capacidad con tecnología de extracción de grasa,989.65,56,1,2026-09-17 14:44:32,2026-09-17 16:10:32
1336,PROD-1336,Camiseta Graphic Setin Neck,"Playera casual de algodón con estampado frontal (Talla L, Color Blanco)",815.85,14,1,2026-09-21 15:25:12,2026-09-21 16:33:12
1337,PROD-1337,Smartphone Redmi Note 13 Pro 128GB,Teléfono inteligente con excelente relación calidad-precio y gran cámara - Color Azul,25007.31,33,1,2026-09-17 20:44:35,2026-09-17 22:00:35
1338,PROD-1338,Smart TV 65 Neo QLED,Televisor inteligente 4K con tecnología de puntos cuánticos y alto contraste,27732.56,20,1,2026-09-19 19:40:16,2026-09-19 21:36:16
1339,PROD-1339,iPhone 16 Pro 128GB,Teléfono inteligente premium con chip de alto rendimiento y triple cámara - Color Azul,1492.02,5,1,2026-09-19 14:12:21,2026-09-19 15:57:21
1340,PROD-1340,Smartphone Galaxy Z Fold 6 128GB,Teléfono plegable con pantalla gigante para productividad y multitarea - Color Verde,6459.84,15,1,2026-09-17 19:31:10,2026-09-17 20:24:10
1341,PROD-1341,Freidora de Aire 4L,Freidora sin aceite para cocinar de manera saludable y rápida,2852.36,48,1,2026-09-18 16:42:52,2026-09-18 18:01:52
1342,PROD-1342,Monitor UltraGear 27,Monitor de alta frecuencia de actualización para juegos competitivos,33831.77,12,1,2026-09-18 22:57:23,2026-09-18 23:24:23
1343,PROD-1343,Cámara Alpha 7 IV,Cámara mirrorless profesional de fotograma completo para foto y video,6663.57,30,1,2026-09-21 12:21:15,2026-09-21 13:01:15
1344,PROD-1344,Smartphone Xiaomi 14 Ultra 1TB,Smartphone de gama alta enfocado en fotografía profesional Leica - Color Blanco,2843.58,22,1,2026-09-21 11:45:53,2026-09-21 13:04:53
1345,PROD-1345,Jeans 501 Original Fit,"Pantalón de mezclilla clásico de corte recto y ajuste cómodo (Talla M, Color Azul)",998.30,86,1,2026-09-20 13:51:56,2026-09-20 14:04:56
1346,PROD-1346,Freidora de Aire 4L,Freidora sin aceite para cocinar de manera saludable y rápida,7688.66,46,1,2026-09-19 12:20:50,2026-09-19 13:40:50
1347,PROD-1347,Freidora XXL Airfryer,Freidora de aire de gran capacidad con tecnología de extracción de grasa,2923.55,48,1,2026-09-22 04:02:33,2026-09-22 05:55:33
1348,PROD-1348,Aspiradora Inalámbrica SpeedPro,Aspiradora escoba sin cable con cabezal de succión de 180 grados,913.10,9,1,2026-09-21 05:44:01,2026-09-21 07:40:01
1349,PROD-1349,Aspiradora Inalámbrica SpeedPro,Aspiradora escoba sin cable con cabezal de succión de 180 grados,4283.80,55,1,2026-09-18 22:57:32,2026-09-19 00:01:32
1350,PROD-1350,Licuadora Reversible 2 Velocidades,Licuadora con motor reversible y vaso de vidrio resistente a choques térmicos,561.22,56,1,2026-09-18 07:10:36,2026-09-18 07:49:36
1351,PROD-1351,Smartphone Xiaomi 14 Ultra 128GB,Smartphone de gama alta enfocado en fotografía profesional Leica - Color Negro,5383.22,36,1,2026-09-19 08:18:26,2026-09-19 08:43:26
1352,PROD-1352,Smartphone Xiaomi 14 Ultra 128GB,Smartphone de gama alta enfocado en fotografía profesional Leica - Color Blanco,33281.02,43,1,2026-09-20 05:43:55,2026-09-20 07:17:55
1353,PROD-1353,Chaqueta Camionera de Mezclilla,"Chaqueta clásica de mezclilla resistente para uso diario (Talla L, Color Verde)",2041.99,15,1,2026-09-20 16:58:02,2026-09-20 18:39:02
1354,PROD-1354,Zapatillas Samba OG,"Tenis de estilo retro icónicos en cuero de primera calidad (Talla S, Color Blanco)",2170.91,52,1,2026-09-19 15:01:23,2026-09-19 15:32:23
1355,PROD-1355,Smart TV OLED C3 65,Televisor inteligente ideal para videojuegos y películas con pánel OLED,32685.44,47,1,2026-09-19 01:16:35,2026-09-19 02:58:35
1356,PROD-1356,Cafetera Programable 12 Tazas,Cafetera de goteo con temporizador programable y jarra de vidrio,7032.56,41,1,2026-09-19 11:57:05,2026-09-19 12:20:05
1357,PROD-1357,Zapatillas Ultraboost Light,"Tenis de running con retorno de energía superior y ligereza (Talla S, Color Azul)",500.47,34,1,2026-09-17 20:41:54,2026-09-17 22:02:54
1358,PROD-1358,iPhone 16 128GB,Smartphone con pantalla Super Retina XDR y excelente duración de batería - Color Blanco,21538.39,18,1,2026-09-18 23:31:29,2026-09-19 00:35:29
1359,PROD-1359,Smart Band 8,Pulsera de actividad física con seguimiento del sueño y deporte,11556.94,17,1,2026-09-19 00:46:46,2026-09-19 01:40:46
1360,PROD-1360,Smart TV OLED C3 65,Televisor inteligente ideal para videojuegos y películas con pánel OLED,11260.08,41,1,2026-09-20 06:23:38,2026-09-20 07:44:38
1361,PROD-1361,Smart TV Bravia XR OLED 55,Televisor OLED con negros absolutos y procesador de imagen cognitivo,3340.57,28,1,2026-09-19 23:06:29,2026-09-19 23:54:29
1362,PROD-1362,Smart Band 8,Pulsera de actividad física con seguimiento del sueño y deporte,15505.75,44,1,2026-09-22 00:08:28,2026-09-22 01:03:28
1363,PROD-1363,Smartphone Redmi Note 13 Pro 1TB,Teléfono inteligente con excelente relación calidad-precio y gran cámara - Color Azul,30818.50,24,1,2026-09-21 03:47:22,2026-09-21 04:55:22
1364,PROD-1364,Refrigeradora InstaView,Refrigerador inteligente con panel de cristal panorámico,6737.33,29,1,2026-09-20 08:38:01,2026-09-20 09:17:01
1365,PROD-1365,Pantalón de Buzo Tech Fleece,"Pantalón deportivo térmico con diseño estilizado (Talla XL, Color Negro)",1066.45,70,1,2026-09-18 17:36:46,2026-09-18 17:55:46
1366,PROD-1366,Smartphone Galaxy S26 Ultra 512GB,Smartphone de alta gama con cámara de 200MP y pantalla Dynamic AMOLED - Color Azul,14861.71,31,1,2026-09-19 22:35:05,2026-09-20 00:10:05
1367,PROD-1367,Pantalón de Buzo Tech Fleece,"Pantalón deportivo térmico con diseño estilizado (Talla L, Color Verde)",2473.17,19,1,2026-09-20 00:38:37,2026-09-20 02:31:37
1368,PROD-1368,Smart TV 65 Neo QLED,Televisor inteligente 4K con tecnología de puntos cuánticos y alto contraste,33590.60,15,1,2026-09-18 17:23:46,2026-09-18 19:00:46
1369,PROD-1369,Polera Sportswear Club Fleece,"Sudadera de felpa con capucha y ajuste estándar (Talla XL, Color Verde)",1830.25,99,1,2026-09-17 21:30:48,2026-09-17 22:53:48
1370,PROD-1370,Zapatillas Air Max 270,"Calzado deportivo con cápsula de aire visible para máxima comodidad (Talla M, Color Azul)",424.19,56,1,2026-09-21 08:59:55,2026-09-21 10:29:55
1371,PROD-1371,Cafetera Programable 12 Tazas,Cafetera de goteo con temporizador programable y jarra de vidrio,5459.13,17,1,2026-09-19 03:10:07,2026-09-19 04:27:07
1372,PROD-1372,Zapatillas Ultraboost Light,"Tenis de running con retorno de energía superior y ligereza (Talla L, Color Blanco)",1644.62,94,1,2026-09-18 12:37:09,2026-09-18 12:38:09
1373,PROD-1373,Smart TV 65 Neo QLED,Televisor inteligente 4K con tecnología de puntos cuánticos y alto contraste,14617.18,42,1,2026-09-18 00:48:40,2026-09-18 01:54:40
1374,PROD-1374,Smartphone Xiaomi 14 Ultra 1TB,Smartphone de gama alta enfocado en fotografía profesional Leica - Color Gris,25060.21,37,1,2026-09-20 18:45:46,2026-09-20 20:09:46
1375,PROD-1375,Zapatillas Samba OG,"Tenis de estilo retro icónicos en cuero de primera calidad (Talla XL, Color Verde)",2219.25,23,1,2026-09-21 09:45:36,2026-09-21 10:58:36
1376,PROD-1376,Chaqueta Camionera de Mezclilla,"Chaqueta clásica de mezclilla resistente para uso diario (Talla M, Color Verde)",1205.64,49,1,2026-09-17 14:02:41,2026-09-17 14:23:41
1377,PROD-1377,Jeans 501 Original Fit,"Pantalón de mezclilla clásico de corte recto y ajuste cómodo (Talla S, Color Verde)",1248.36,63,1,2026-09-21 12:25:52,2026-09-21 13:01:52
1378,PROD-1378,Freidora XXL Airfryer,Freidora de aire de gran capacidad con tecnología de extracción de grasa,1740.65,19,1,2026-09-21 19:38:38,2026-09-21 19:55:38
1379,PROD-1379,Smartphone Xiaomi 14 Ultra 128GB,Smartphone de gama alta enfocado en fotografía profesional Leica - Color Azul,20631.77,18,1,2026-09-18 16:08:42,2026-09-18 16:33:42
1380,PROD-1380,MacBook Pro 16 M3 512GB,Computadora portátil profesional para edición de video y desarrollo - Color Azul,16145.93,44,1,2026-09-18 05:00:44,2026-09-18 06:51:44
1381,PROD-1381,Licuadora Reversible 2 Velocidades,Licuadora con motor reversible y vaso de vidrio resistente a choques térmicos,2627.75,32,1,2026-09-18 07:16:04,2026-09-18 07:51:04
1382,PROD-1382,Consola PlayStation 5 Slim,Consola de videojuegos de última generación con almacenamiento SSD ultra rápido,21290.45,35,1,2026-09-20 11:46:16,2026-09-20 13:12:16
1383,PROD-1383,Smartphone Galaxy S26 Ultra 512GB,Smartphone de alta gama con cámara de 200MP y pantalla Dynamic AMOLED - Color Negro,24118.94,7,1,2026-09-18 03:12:48,2026-09-18 03:39:48
1384,PROD-1384,Freidora de Aire 4L,Freidora sin aceite para cocinar de manera saludable y rápida,4982.69,56,1,2026-09-19 03:49:29,2026-09-19 05:48:29
1385,PROD-1385,Polera Sportswear Club Fleece,"Sudadera de felpa con capucha y ajuste estándar (Talla XL, Color Gris)",1147.19,53,1,2026-09-19 11:01:03,2026-09-19 12:45:03
1386,PROD-1386,Barra de Sonido HT-A7000,Sistema de audio para cine en casa con soporte Dolby Atmos,14645.73,44,1,2026-09-17 21:26:46,2026-09-17 22:11:46
1387,PROD-1387,Jeans 501 Original Fit,"Pantalón de mezclilla clásico de corte recto y ajuste cómodo (Talla XL, Color Verde)",1213.89,27,1,2026-09-17 16:50:58,2026-09-17 18:07:58
1388,PROD-1388,Monitor UltraGear 27,Monitor de alta frecuencia de actualización para juegos competitivos,34262.70,20,1,2026-09-19 18:45:58,2026-09-19 19:42:58
1389,PROD-1389,Aspiradora Inalámbrica SpeedPro,Aspiradora escoba sin cable con cabezal de succión de 180 grados,5417.74,8,1,2026-09-21 10:02:09,2026-09-21 12:02:09
1390,PROD-1390,Chaqueta Camionera de Mezclilla,"Chaqueta clásica de mezclilla resistente para uso diario (Talla S, Color Verde)",1049.88,66,1,2026-09-18 23:07:26,2026-09-19 00:24:26
1391,PROD-1391,Zapatillas Running Pegasus 40,"Calzado de correr con amortiguación reactiva para entrenamiento (Talla S, Color Gris)",1270.02,70,1,2026-09-21 12:59:14,2026-09-21 14:48:14
1392,PROD-1392,Cafetera Programable 12 Tazas,Cafetera de goteo con temporizador programable y jarra de vidrio,3324.92,46,1,2026-09-18 17:31:11,2026-09-18 19:02:11
1393,PROD-1393,Refrigeradora InstaView,Refrigerador inteligente con panel de cristal panorámico,28362.60,50,1,2026-09-20 14:36:09,2026-09-20 14:40:09
1394,PROD-1394,Smartphone Redmi Note 13 Pro 512GB,Teléfono inteligente con excelente relación calidad-precio y gran cámara - Color Verde,35868.82,34,1,2026-09-18 13:35:03,2026-09-18 15:29:03
1395,PROD-1395,Camiseta Graphic Setin Neck,"Playera casual de algodón con estampado frontal (Talla M, Color Blanco)",805.03,94,1,2026-09-21 19:02:28,2026-09-21 19:13:28
1396,PROD-1396,Smartphone Redmi Note 13 Pro 256GB,Teléfono inteligente con excelente relación calidad-precio y gran cámara - Color Gris,32544.02,22,1,2026-09-18 21:12:15,2026-09-18 22:44:15
1397,PROD-1397,Zapatillas Samba OG,"Tenis de estilo retro icónicos en cuero de primera calidad (Talla S, Color Verde)",641.88,78,1,2026-09-21 09:22:36,2026-09-21 10:54:36
1398,PROD-1398,Chaqueta Camionera de Mezclilla,"Chaqueta clásica de mezclilla resistente para uso diario (Talla M, Color Rojo)",1997.63,86,1,2026-09-17 22:31:39,2026-09-17 23:53:39
1399,PROD-1399,Pantalón de Buzo Tech Fleece,"Pantalón deportivo térmico con diseño estilizado (Talla XL, Color Blanco)",830.63,24,1,2026-09-19 07:29:10,2026-09-19 07:40:10
1400,PROD-1400,Tablet Galaxy Tab S9 256GB,"Tableta de alto rendimiento para diseño, trabajo y entretenimiento - Color Verde",33941.27,41,1,2026-09-19 18:39:55,2026-09-19 18:55:55
1401,PROD-1401,Zapatillas Running Pegasus 40,"Calzado de correr con amortiguación reactiva para entrenamiento (Talla S, Color Gris)",483.05,78,1,2026-09-18 16:45:35,2026-09-18 18:33:35
1402,PROD-1402,Polera Sportswear Club Fleece,"Sudadera de felpa con capucha y ajuste estándar (Talla L, Color Verde)",2357.94,26,1,2026-09-20 16:48:14,2026-09-20 18:12:14
1403,PROD-1403,Licuadora Reversible 2 Velocidades,Licuadora con motor reversible y vaso de vidrio resistente a choques térmicos,3404.37,42,1,2026-09-20 08:11:23,2026-09-20 08:51:23
1404,PROD-1404,Audífonos Bluetooth WH-1000XM5,Audífonos inalámbricos con la mejor cancelación de ruido del mercado,18244.06,34,1,2026-09-18 10:34:48,2026-09-18 11:50:48
1405,PROD-1405,Jeans 501 Original Fit,"Pantalón de mezclilla clásico de corte recto y ajuste cómodo (Talla L, Color Gris)",1430.11,98,1,2026-09-18 07:05:25,2026-09-18 07:40:25
1406,PROD-1406,Freidora XXL Airfryer,Freidora de aire de gran capacidad con tecnología de extracción de grasa,4162.19,53,1,2026-09-19 19:58:18,2026-09-19 20:05:18
1407,PROD-1407,Jeans 511 Slim Fit,"Pantalón de mezclilla ajustado de estilo moderno (Talla M, Color Verde)",1931.81,32,1,2026-09-20 12:06:27,2026-09-20 13:39:27
1408,PROD-1408,Zapatillas Air Max 270,"Calzado deportivo con cápsula de aire visible para máxima comodidad (Talla S, Color Rojo)",1193.41,64,1,2026-09-21 15:50:09,2026-09-21 16:50:09
1409,PROD-1409,Pantalón de Buzo Tech Fleece,"Pantalón deportivo térmico con diseño estilizado (Talla S, Color Rojo)",1912.52,46,1,2026-09-21 18:31:36,2026-09-21 20:29:36
1410,PROD-1410,Monitor UltraGear 27,Monitor de alta frecuencia de actualización para juegos competitivos,3954.84,25,1,2026-09-22 02:39:59,2026-09-22 04:20:59
1411,PROD-1411,Cafetera Programable 12 Tazas,Cafetera de goteo con temporizador programable y jarra de vidrio,2710.96,49,1,2026-09-18 12:56:58,2026-09-18 14:09:58
1412,PROD-1412,Smart Band 8,Pulsera de actividad física con seguimiento del sueño y deporte,10833.40,14,1,2026-09-18 19:39:32,2026-09-18 20:06:32
1413,PROD-1413,Cafetera Programable 12 Tazas,Cafetera de goteo con temporizador programable y jarra de vidrio,5349.41,31,1,2026-09-21 22:50:05,2026-09-22 00:39:05
1414,PROD-1414,Cafetera Programable 12 Tazas,Cafetera de goteo con temporizador programable y jarra de vidrio,6369.79,17,1,2026-09-19 19:56:58,2026-09-19 20:50:58
1415,PROD-1415,Licuadora Reversible 2 Velocidades,Licuadora con motor reversible y vaso de vidrio resistente a choques térmicos,1129.96,38,1,2026-09-18 15:16:14,2026-09-18 17:16:14
1416,PROD-1416,Audífonos Galaxy Buds3 Pro,Audífonos inalámbricos con cancelación activa de ruido inteligente,23578.47,42,1,2026-09-20 04:17:22,2026-09-20 04:36:22
1417,PROD-1417,Freidora XXL Airfryer,Freidora de aire de gran capacidad con tecnología de extracción de grasa,658.35,23,1,2026-09-19 22:52:31,2026-09-19 23:54:31
1418,PROD-1418,Polerón Adicolor Classics,"Sudadera clásica con el logotipo de las tres tiras (Talla M, Color Verde)",1952.18,98,1,2026-09-22 08:56:14,2026-09-22 10:21:14
1419,PROD-1419,Freidora de Aire 4L,Freidora sin aceite para cocinar de manera saludable y rápida,6973.21,49,1,2026-09-19 20:45:25,2026-09-19 21:20:25
1420,PROD-1420,Aspiradora Inalámbrica SpeedPro,Aspiradora escoba sin cable con cabezal de succión de 180 grados,488.18,15,1,2026-09-18 01:08:40,2026-09-18 01:23:40
1421,PROD-1421,Polerón Adicolor Classics,"Sudadera clásica con el logotipo de las tres tiras (Talla M, Color Negro)",1611.73,83,1,2026-09-20 10:56:30,2026-09-20 11:31:30
1422,PROD-1422,Cafetera Programable 12 Tazas,Cafetera de goteo con temporizador programable y jarra de vidrio,1776.33,38,1,2026-09-21 10:59:09,2026-09-21 12:28:09
1423,PROD-1423,Zapatillas Running Pegasus 40,"Calzado de correr con amortiguación reactiva para entrenamiento (Talla M, Color Negro)",1049.24,78,1,2026-09-18 16:02:10,2026-09-18 16:53:10
1424,PROD-1424,Freidora de Aire 4L,Freidora sin aceite para cocinar de manera saludable y rápida,4626.06,42,1,2026-09-22 07:12:41,2026-09-22 08:55:41
1425,PROD-1425,Freidora XXL Airfryer,Freidora de aire de gran capacidad con tecnología de extracción de grasa,4343.65,45,1,2026-09-20 19:36:16,2026-09-20 21:07:16
1426,PROD-1426,Licuadora Reversible 2 Velocidades,Licuadora con motor reversible y vaso de vidrio resistente a choques térmicos,7739.18,15,1,2026-09-18 15:25:15,2026-09-18 17:15:15
1427,PROD-1427,Licuadora Reversible 2 Velocidades,Licuadora con motor reversible y vaso de vidrio resistente a choques térmicos,4615.89,59,1,2026-09-19 10:52:56,2026-09-19 11:07:56
1428,PROD-1428,MacBook Pro 16 M3 256GB,Computadora portátil profesional para edición de video y desarrollo - Color Negro,20468.62,7,1,2026-09-18 01:25:55,2026-09-18 01:40:55
1429,PROD-1429,Aspiradora Inalámbrica SpeedPro,Aspiradora escoba sin cable con cabezal de succión de 180 grados,7743.70,18,1,2026-09-20 02:43:15,2026-09-20 04:43:15
1430,PROD-1430,Licuadora Reversible 2 Velocidades,Licuadora con motor reversible y vaso de vidrio resistente a choques térmicos,2684.56,41,1,2026-09-22 07:06:48,2026-09-22 07:43:48
1431,PROD-1431,Freidora XXL Airfryer,Freidora de aire de gran capacidad con tecnología de extracción de grasa,4785.74,52,1,2026-09-19 10:41:03,2026-09-19 11:47:03
1432,PROD-1432,Polerón Adicolor Classics,"Sudadera clásica con el logotipo de las tres tiras (Talla M, Color Verde)",562.87,15,1,2026-09-18 23:38:23,2026-09-18 23:42:23
1433,PROD-1433,MacBook Air 15 M2 256GB,Laptop ultra delgada y liviana con gran autonomía - Color Blanco,21876.13,18,1,2026-09-21 03:17:39,2026-09-21 04:02:39
1434,PROD-1434,Camiseta Graphic Setin Neck,"Playera casual de algodón con estampado frontal (Talla S, Color Rojo)",898.18,58,1,2026-09-21 11:44:21,2026-09-21 13:39:21
1435,PROD-1435,Smart Band 8,Pulsera de actividad física con seguimiento del sueño y deporte,3455.52,21,1,2026-09-21 15:38:09,2026-09-21 16:32:09
1436,PROD-1436,Cafetera Programable 12 Tazas,Cafetera de goteo con temporizador programable y jarra de vidrio,1948.60,48,1,2026-09-21 23:48:47,2026-09-22 00:22:47
1437,PROD-1437,Cafetera Programable 12 Tazas,Cafetera de goteo con temporizador programable y jarra de vidrio,3228.28,50,1,2026-09-21 11:26:53,2026-09-21 13:11:53
1438,PROD-1438,Freidora de Aire 4L,Freidora sin aceite para cocinar de manera saludable y rápida,6643.92,28,1,2026-09-22 07:50:20,2026-09-22 08:45:20
1439,PROD-1439,Jeans 511 Slim Fit,"Pantalón de mezclilla ajustado de estilo moderno (Talla S, Color Gris)",617.94,24,1,2026-09-21 16:43:17,2026-09-21 17:53:17
1440,PROD-1440,Chaqueta Camionera de Mezclilla,"Chaqueta clásica de mezclilla resistente para uso diario (Talla S, Color Gris)",2304.88,44,1,2026-09-18 10:25:13,2026-09-18 12:16:13
1441,PROD-1441,Consola PlayStation 5 Slim,Consola de videojuegos de última generación con almacenamiento SSD ultra rápido,3977.11,19,1,2026-09-19 20:15:07,2026-09-19 20:28:07
1442,PROD-1442,Audífonos AirPods Pro 2,Audífonos intrauditivos con cancelación de ruido de nivel superior,26355.62,24,1,2026-09-21 02:51:49,2026-09-21 04:36:49
1443,PROD-1443,Chaqueta Camionera de Mezclilla,"Chaqueta clásica de mezclilla resistente para uso diario (Talla L, Color Rojo)",932.77,22,1,2026-09-17 20:05:41,2026-09-17 20:26:41
1444,PROD-1444,Zapatillas Air Max 270,"Calzado deportivo con cápsula de aire visible para máxima comodidad (Talla L, Color Verde)",1807.30,78,1,2026-09-20 21:27:09,2026-09-20 22:43:09
1445,PROD-1445,Zapatillas Running Pegasus 40,"Calzado de correr con amortiguación reactiva para entrenamiento (Talla M, Color Gris)",370.42,75,1,2026-09-21 20:58:49,2026-09-21 21:17:49
1446,PROD-1446,Licuadora Reversible 2 Velocidades,Licuadora con motor reversible y vaso de vidrio resistente a choques térmicos,3278.89,55,1,2026-09-19 04:02:53,2026-09-19 04:08:53
1447,PROD-1447,Freidora XXL Airfryer,Freidora de aire de gran capacidad con tecnología de extracción de grasa,5554.44,34,1,2026-09-21 20:02:34,2026-09-21 21:00:34
1448,PROD-1448,Patinete Eléctrico Pro 4,Scooter eléctrico con gran autonomía para movilidad urbana,28845.65,37,1,2026-09-19 06:52:51,2026-09-19 07:27:51
1449,PROD-1449,Polerón Adicolor Classics,"Sudadera clásica con el logotipo de las tres tiras (Talla M, Color Gris)",1716.62,21,1,2026-09-19 09:37:29,2026-09-19 10:29:29
1450,PROD-1450,Jeans 501 Original Fit,"Pantalón de mezclilla clásico de corte recto y ajuste cómodo (Talla S, Color Verde)",866.08,21,1,2026-09-18 13:09:21,2026-09-18 14:22:21
1451,PROD-1451,Smartphone Galaxy Z Flip 6 1TB,Teléfono plegable compacto con pantalla exterior funcional - Color Negro,34656.90,32,1,2026-09-21 15:42:35,2026-09-21 16:47:35
1452,PROD-1452,Freidora de Aire 4L,Freidora sin aceite para cocinar de manera saludable y rápida,4183.32,51,1,2026-09-21 15:40:19,2026-09-21 17:33:19
1453,PROD-1453,Freidora de Aire 4L,Freidora sin aceite para cocinar de manera saludable y rápida,505.64,20,1,2026-09-22 01:44:30,2026-09-22 01:44:30
1454,PROD-1454,Aspiradora Inalámbrica SpeedPro,Aspiradora escoba sin cable con cabezal de succión de 180 grados,2256.12,55,1,2026-09-21 13:24:00,2026-09-21 15:21:00
1455,PROD-1455,Cafetera Programable 12 Tazas,Cafetera de goteo con temporizador programable y jarra de vidrio,3809.76,18,1,2026-09-21 15:20:38,2026-09-21 17:19:38
1456,PROD-1456,Licuadora Reversible 2 Velocidades,Licuadora con motor reversible y vaso de vidrio resistente a choques térmicos,970.93,16,1,2026-09-20 15:55:13,2026-09-20 16:40:13
1457,PROD-1457,Smart Band 8,Pulsera de actividad física con seguimiento del sueño y deporte,13957.86,28,1,2026-09-18 05:36:01,2026-09-18 06:19:01
1458,PROD-1458,Cafetera Programable 12 Tazas,Cafetera de goteo con temporizador programable y jarra de vidrio,6865.91,15,1,2026-09-19 07:21:12,2026-09-19 07:59:12
1459,PROD-1459,Polera Sportswear Club Fleece,"Sudadera de felpa con capucha y ajuste estándar (Talla M, Color Negro)",1936.76,82,1,2026-09-19 22:26:06,2026-09-19 22:53:06
1460,PROD-1460,Polerón Adicolor Classics,"Sudadera clásica con el logotipo de las tres tiras (Talla S, Color Azul)",2268.86,72,1,2026-09-17 21:28:59,2026-09-17 22:13:59
1461,PROD-1461,Monitor UltraGear 27,Monitor de alta frecuencia de actualización para juegos competitivos,12163.59,27,1,2026-09-18 04:42:59,2026-09-18 04:42:59
1462,PROD-1462,Zapatillas Ultraboost Light,"Tenis de running con retorno de energía superior y ligereza (Talla XL, Color Gris)",369.06,65,1,2026-09-20 12:46:08,2026-09-20 13:11:08
1463,PROD-1463,Refrigeradora InstaView,Refrigerador inteligente con panel de cristal panorámico,32397.10,31,1,2026-09-18 07:08:44,2026-09-18 09:04:44
1464,PROD-1464,Jeans 511 Slim Fit,"Pantalón de mezclilla ajustado de estilo moderno (Talla L, Color Blanco)",1362.00,57,1,2026-09-19 08:41:46,2026-09-19 09:27:46
1465,PROD-1465,Chaqueta Camionera de Mezclilla,"Chaqueta clásica de mezclilla resistente para uso diario (Talla S, Color Azul)",1761.00,66,1,2026-09-18 12:40:42,2026-09-18 12:57:42
1466,PROD-1466,Zapatillas Samba OG,"Tenis de estilo retro icónicos en cuero de primera calidad (Talla S, Color Gris)",2249.69,100,1,2026-09-18 18:00:47,2026-09-18 18:14:47
1467,PROD-1467,Consola PlayStation 5 Slim,Consola de videojuegos de última generación con almacenamiento SSD ultra rápido,5245.65,31,1,2026-09-22 01:27:05,2026-09-22 02:09:05
1468,PROD-1468,MacBook Pro 16 M3 1TB,Computadora portátil profesional para edición de video y desarrollo - Color Verde,35393.97,12,1,2026-09-20 02:26:10,2026-09-20 03:28:10
1469,PROD-1469,Freidora XXL Airfryer,Freidora de aire de gran capacidad con tecnología de extracción de grasa,2869.15,56,1,2026-09-22 06:45:16,2026-09-22 08:37:16
1470,PROD-1470,Polerón Adicolor Classics,"Sudadera clásica con el logotipo de las tres tiras (Talla XL, Color Blanco)",585.93,23,1,2026-09-22 08:33:24,2026-09-22 08:35:24
1471,PROD-1471,iPad Pro 12.9,Tableta profesional con pantalla Liquid Retina XDR y chip M2,18250.03,48,1,2026-09-18 23:33:11,2026-09-18 23:39:11
1472,PROD-1472,Aspiradora Inalámbrica SpeedPro,Aspiradora escoba sin cable con cabezal de succión de 180 grados,7820.93,55,1,2026-09-17 14:16:44,2026-09-17 15:11:44
1473,PROD-1473,Polera Sportswear Club Fleece,"Sudadera de felpa con capucha y ajuste estándar (Talla XL, Color Negro)",1985.93,41,1,2026-09-21 07:03:22,2026-09-21 07:22:22
1474,PROD-1474,Licuadora Reversible 2 Velocidades,Licuadora con motor reversible y vaso de vidrio resistente a choques térmicos,2536.66,15,1,2026-09-19 03:29:20,2026-09-19 04:58:20
1475,PROD-1475,Smartphone Xiaomi 14 Ultra 1TB,Smartphone de gama alta enfocado en fotografía profesional Leica - Color Verde,28286.45,11,1,2026-09-21 19:13:16,2026-09-21 20:46:16
1476,PROD-1476,Licuadora Reversible 2 Velocidades,Licuadora con motor reversible y vaso de vidrio resistente a choques térmicos,7943.39,45,1,2026-09-21 08:42:03,2026-09-21 10:03:03
1477,PROD-1477,iPhone 16 Pro 256GB,Teléfono inteligente premium con chip de alto rendimiento y triple cámara - Color Azul,1862.01,17,1,2026-09-18 10:24:10,2026-09-18 11:18:10
1478,PROD-1478,Smart TV OLED C3 65,Televisor inteligente ideal para videojuegos y películas con pánel OLED,3728.21,8,1,2026-09-19 20:30:09,2026-09-19 21:22:09
1479,PROD-1479,Freidora XXL Airfryer,Freidora de aire de gran capacidad con tecnología de extracción de grasa,2085.49,35,1,2026-09-20 10:53:51,2026-09-20 11:00:51
1480,PROD-1480,Freidora XXL Airfryer,Freidora de aire de gran capacidad con tecnología de extracción de grasa,2712.60,25,1,2026-09-19 18:03:33,2026-09-19 18:38:33
1481,PROD-1481,Zapatillas Samba OG,"Tenis de estilo retro icónicos en cuero de primera calidad (Talla M, Color Gris)",2274.48,33,1,2026-09-17 19:03:52,2026-09-17 19:03:52
1482,PROD-1482,Audífonos Bluetooth WH-1000XM5,Audífonos inalámbricos con la mejor cancelación de ruido del mercado,10628.75,22,1,2026-09-21 05:26:27,2026-09-21 05:38:27
1483,PROD-1483,Chaqueta Camionera de Mezclilla,"Chaqueta clásica de mezclilla resistente para uso diario (Talla XL, Color Gris)",1068.71,24,1,2026-09-18 03:13:11,2026-09-18 04:38:11
1484,PROD-1484,Smart TV OLED C3 65,Televisor inteligente ideal para videojuegos y películas con pánel OLED,12258.02,28,1,2026-09-22 01:18:25,2026-09-22 02:57:25
1485,PROD-1485,Freidora XXL Airfryer,Freidora de aire de gran capacidad con tecnología de extracción de grasa,5341.89,21,1,2026-09-21 02:12:30,2026-09-21 03:01:30
1486,PROD-1486,Smartphone Galaxy S26 128GB,Smartphone compacto con pantalla fluida y excelente rendimiento - Color Negro,21322.93,46,1,2026-09-22 12:09:12,2026-09-22 12:33:12
1487,PROD-1487,Smartphone Redmi Note 13 Pro 128GB,Teléfono inteligente con excelente relación calidad-precio y gran cámara - Color Rojo,22474.87,24,1,2026-09-21 22:44:47,2026-09-21 23:44:47
1488,PROD-1488,Refrigeradora InstaView,Refrigerador inteligente con panel de cristal panorámico,5955.37,13,1,2026-09-18 17:01:44,2026-09-18 17:54:44
1489,PROD-1489,Aspiradora Inalámbrica SpeedPro,Aspiradora escoba sin cable con cabezal de succión de 180 grados,7201.34,36,1,2026-09-21 08:50:25,2026-09-21 10:21:25
1490,PROD-1490,Smartphone Redmi Note 13 Pro 1TB,Teléfono inteligente con excelente relación calidad-precio y gran cámara - Color Azul,19093.58,37,1,2026-09-22 08:17:26,2026-09-22 08:19:26
1491,PROD-1491,Monitor UltraGear 27,Monitor de alta frecuencia de actualización para juegos competitivos,25233.07,13,1,2026-09-19 07:17:38,2026-09-19 07:22:38
1492,PROD-1492,Cafetera Programable 12 Tazas,Cafetera de goteo con temporizador programable y jarra de vidrio,1845.45,60,1,2026-09-19 22:59:56,2026-09-20 00:02:56
1493,PROD-1493,Licuadora Reversible 2 Velocidades,Licuadora con motor reversible y vaso de vidrio resistente a choques térmicos,3726.86,40,1,2026-09-19 21:03:20,2026-09-19 22:14:20
1494,PROD-1494,Zapatillas Running Pegasus 40,"Calzado de correr con amortiguación reactiva para entrenamiento (Talla L, Color Blanco)",745.74,30,1,2026-09-21 00:23:54,2026-09-21 00:50:54
1495,PROD-1495,Cafetera Programable 12 Tazas,Cafetera de goteo con temporizador programable y jarra de vidrio,3861.35,53,1,2026-09-21 22:03:06,2026-09-21 23:10:06
1496,PROD-1496,Zapatillas Air Max 270,"Calzado deportivo con cápsula de aire visible para máxima comodidad (Talla L, Color Verde)",927.31,25,1,2026-09-18 14:01:45,2026-09-18 14:29:45
1497,PROD-1497,Smart TV OLED C3 65,Televisor inteligente ideal para videojuegos y películas con pánel OLED,10860.44,45,1,2026-09-18 10:41:02,2026-09-18 12:41:02
1498,PROD-1498,Chaqueta Camionera de Mezclilla,"Chaqueta clásica de mezclilla resistente para uso diario (Talla S, Color Verde)",2457.05,36,1,2026-09-20 18:57:56,2026-09-20 19:11:56
1499,PROD-1499,Barra de Sonido HT-A7000,Sistema de audio para cine en casa con soporte Dolby Atmos,21983.16,28,1,2026-09-19 12:22:38,2026-09-19 12:32:38
1500,PROD-1500,Freidora XXL Airfryer,Freidora de aire de gran capacidad con tecnología de extracción de grasa,3503.41,47,1,2026-09-19 08:03:25,2026-09-19 08:44:25
1501,PROD-1501,Tablet Galaxy Tab S9 256GB,"Tableta de alto rendimiento para diseño, trabajo y entretenimiento - Color Verde",34765.57,16,1,2026-09-19 02:23:26,2026-09-19 02:25:26
1502,PROD-1502,Cafetera Programable 12 Tazas,Cafetera de goteo con temporizador programable y jarra de vidrio,6067.85,32,1,2026-09-21 12:19:47,2026-09-21 12:51:47
1503,PROD-1503,Freidora de Aire 4L,Freidora sin aceite para cocinar de manera saludable y rápida,2076.86,25,1,2026-09-18 18:48:27,2026-09-18 20:02:27
1504,PROD-1504,Freidora XXL Airfryer,Freidora de aire de gran capacidad con tecnología de extracción de grasa,3790.02,54,1,2026-09-21 22:52:58,2026-09-21 23:47:58
1505,PROD-1505,Camiseta Graphic Setin Neck,"Playera casual de algodón con estampado frontal (Talla S, Color Azul)",740.25,33,1,2026-09-22 11:53:23,2026-09-22 13:43:23
1506,PROD-1506,Audífonos AirPods Max,Audífonos de diadema inalámbricos con sonido de alta fidelidad,33989.10,16,1,2026-09-21 11:25:05,2026-09-21 12:01:05
1507,PROD-1507,Audífonos Bluetooth WH-1000XM5,Audífonos inalámbricos con la mejor cancelación de ruido del mercado,31926.48,30,1,2026-09-21 17:12:53,2026-09-21 18:29:53
1508,PROD-1508,Smartphone Galaxy S26 128GB,Smartphone compacto con pantalla fluida y excelente rendimiento - Color Azul,9206.51,46,1,2026-09-19 23:43:43,2026-09-19 23:55:43
1509,PROD-1509,Cafetera Programable 12 Tazas,Cafetera de goteo con temporizador programable y jarra de vidrio,6103.38,8,1,2026-09-21 04:58:14,2026-09-21 05:10:14
1510,PROD-1510,Zapatillas Air Force 1 '07,"Tenis clásicos de cuero blanco para uso urbano y casual (Talla S, Color Negro)",1991.41,92,1,2026-09-17 19:28:47,2026-09-17 19:44:47
1511,PROD-1511,Smartphone Galaxy Z Flip 6 256GB,Teléfono plegable compacto con pantalla exterior funcional - Color Verde,21787.12,5,1,2026-09-22 08:24:13,2026-09-22 08:37:13
1512,PROD-1512,Freidora XXL Airfryer,Freidora de aire de gran capacidad con tecnología de extracción de grasa,1937.64,38,1,2026-09-22 03:44:41,2026-09-22 04:56:41
1513,PROD-1513,Chaqueta Camionera de Mezclilla,"Chaqueta clásica de mezclilla resistente para uso diario (Talla L, Color Azul)",682.20,17,1,2026-09-20 20:15:59,2026-09-20 21:43:59
1514,PROD-1514,Polerón Adicolor Classics,"Sudadera clásica con el logotipo de las tres tiras (Talla S, Color Negro)",2123.59,23,1,2026-09-20 20:25:44,2026-09-20 21:02:44
1515,PROD-1515,Monitor UltraGear 27,Monitor de alta frecuencia de actualización para juegos competitivos,5535.14,19,1,2026-09-17 16:36:18,2026-09-17 17:05:18
1516,PROD-1516,Zapatillas Air Max 270,"Calzado deportivo con cápsula de aire visible para máxima comodidad (Talla L, Color Verde)",966.72,97,1,2026-09-19 21:08:31,2026-09-19 22:35:31
1517,PROD-1517,Freidora de Aire 4L,Freidora sin aceite para cocinar de manera saludable y rápida,1688.65,15,1,2026-09-18 21:48:29,2026-09-18 22:01:29
1518,PROD-1518,Zapatillas Air Force 1 '07,"Tenis clásicos de cuero blanco para uso urbano y casual (Talla L, Color Negro)",1125.06,20,1,2026-09-17 19:25:21,2026-09-17 20:42:21
1519,PROD-1519,Apple Watch Series 10,Reloj inteligente con sensores avanzados de salud y actividad física,19332.06,43,1,2026-09-18 15:31:22,2026-09-18 16:57:22
1520,PROD-1520,Chaqueta Camionera de Mezclilla,"Chaqueta clásica de mezclilla resistente para uso diario (Talla L, Color Gris)",2232.11,44,1,2026-09-20 13:49:06,2026-09-20 15:13:06
1521,PROD-1521,Zapatillas Air Force 1 '07,"Tenis clásicos de cuero blanco para uso urbano y casual (Talla S, Color Blanco)",2022.24,28,1,2026-09-19 11:45:01,2026-09-19 12:03:01
1522,PROD-1522,Pantalón de Buzo Tech Fleece,"Pantalón deportivo térmico con diseño estilizado (Talla S, Color Negro)",1592.36,45,1,2026-09-18 10:10:42,2026-09-18 10:21:42
1523,PROD-1523,Jeans 511 Slim Fit,"Pantalón de mezclilla ajustado de estilo moderno (Talla XL, Color Gris)",1036.53,64,1,2026-09-20 11:12:08,2026-09-20 12:40:08
1524,PROD-1524,Polerón Adicolor Classics,"Sudadera clásica con el logotipo de las tres tiras (Talla L, Color Blanco)",2074.60,93,1,2026-09-19 00:55:21,2026-09-19 01:44:21
1525,PROD-1525,Zapatillas Samba OG,"Tenis de estilo retro icónicos en cuero de primera calidad (Talla XL, Color Rojo)",1502.86,39,1,2026-09-19 21:07:30,2026-09-19 21:17:30
1526,PROD-1526,Freidora XXL Airfryer,Freidora de aire de gran capacidad con tecnología de extracción de grasa,5743.51,23,1,2026-09-19 17:47:14,2026-09-19 17:47:14
1527,PROD-1527,Tablet Galaxy Tab S9 1TB,"Tableta de alto rendimiento para diseño, trabajo y entretenimiento - Color Blanco",33192.10,8,1,2026-09-19 15:59:13,2026-09-19 16:45:13
1528,PROD-1528,Smart TV Bravia XR OLED 55,Televisor OLED con negros absolutos y procesador de imagen cognitivo,5616.98,40,1,2026-09-20 02:26:00,2026-09-20 02:57:00
1529,PROD-1529,iPhone 16 Pro Max 256GB,Smartphone insignia de Apple con acabado en titanio y cámara profesional - Color Negro,34652.85,50,1,2026-09-18 09:56:48,2026-09-18 10:44:48
1530,PROD-1530,Cafetera Programable 12 Tazas,Cafetera de goteo con temporizador programable y jarra de vidrio,7733.34,31,1,2026-09-17 20:59:10,2026-09-17 22:28:10
1531,PROD-1531,Smart TV OLED C3 65,Televisor inteligente ideal para videojuegos y películas con pánel OLED,17427.34,43,1,2026-09-18 12:08:43,2026-09-18 12:11:43
1532,PROD-1532,Audífonos Bluetooth WH-1000XM5,Audífonos inalámbricos con la mejor cancelación de ruido del mercado,3304.26,9,1,2026-09-17 14:55:36,2026-09-17 16:07:36
1533,PROD-1533,Jeans 511 Slim Fit,"Pantalón de mezclilla ajustado de estilo moderno (Talla XL, Color Verde)",651.24,77,1,2026-09-21 18:50:43,2026-09-21 19:28:43
1534,PROD-1534,Polera Sportswear Club Fleece,"Sudadera de felpa con capucha y ajuste estándar (Talla XL, Color Verde)",1844.78,46,1,2026-09-18 05:18:50,2026-09-18 05:37:50
1535,PROD-1535,Smartphone Galaxy S26 256GB,Smartphone compacto con pantalla fluida y excelente rendimiento - Color Negro,14571.87,32,1,2026-09-21 16:07:40,2026-09-21 17:59:40
1536,PROD-1536,Polerón Adicolor Classics,"Sudadera clásica con el logotipo de las tres tiras (Talla L, Color Rojo)",1429.03,100,1,2026-09-18 22:12:53,2026-09-18 23:06:53
1537,PROD-1537,Consola PlayStation 5 Slim,Consola de videojuegos de última generación con almacenamiento SSD ultra rápido,19013.29,13,1,2026-09-22 01:20:11,2026-09-22 01:47:11
1538,PROD-1538,Zapatillas Ultraboost Light,"Tenis de running con retorno de energía superior y ligereza (Talla M, Color Azul)",744.94,81,1,2026-09-21 05:13:52,2026-09-21 07:00:52
1539,PROD-1539,Smart Band 8,Pulsera de actividad física con seguimiento del sueño y deporte,11618.23,46,1,2026-09-20 00:06:24,2026-09-20 01:51:24
1540,PROD-1540,Jeans 501 Original Fit,"Pantalón de mezclilla clásico de corte recto y ajuste cómodo (Talla L, Color Verde)",1262.08,44,1,2026-09-18 04:53:48,2026-09-18 05:06:48
1541,PROD-1541,Parlante Portátil SRS-XG300,Bocina inalámbrica portátil resistente al agua con graves potentes,28147.30,26,1,2026-09-17 17:11:40,2026-09-17 17:41:40
1542,PROD-1542,Jeans 501 Original Fit,"Pantalón de mezclilla clásico de corte recto y ajuste cómodo (Talla S, Color Blanco)",1633.79,49,1,2026-09-18 16:27:06,2026-09-18 17:37:06
1543,PROD-1543,Smartphone Galaxy Z Fold 6 512GB,Teléfono plegable con pantalla gigante para productividad y multitarea - Color Negro,35171.54,41,1,2026-09-17 19:38:42,2026-09-17 20:50:42
1544,PROD-1544,Jeans 501 Original Fit,"Pantalón de mezclilla clásico de corte recto y ajuste cómodo (Talla L, Color Negro)",2378.54,11,1,2026-09-19 17:03:01,2026-09-19 18:39:01
1545,PROD-1545,Zapatillas Running Pegasus 40,"Calzado de correr con amortiguación reactiva para entrenamiento (Talla M, Color Gris)",1966.46,55,1,2026-09-18 07:58:19,2026-09-18 09:27:19
1546,PROD-1546,Freidora de Aire 4L,Freidora sin aceite para cocinar de manera saludable y rápida,3495.38,55,1,2026-09-20 14:26:55,2026-09-20 14:38:55
1547,PROD-1547,Licuadora Reversible 2 Velocidades,Licuadora con motor reversible y vaso de vidrio resistente a choques térmicos,4862.53,32,1,2026-09-20 10:34:15,2026-09-20 11:49:15
1548,PROD-1548,Audífonos Bluetooth WH-1000XM5,Audífonos inalámbricos con la mejor cancelación de ruido del mercado,5879.59,34,1,2026-09-18 00:34:44,2026-09-18 02:27:44
1549,PROD-1549,Cafetera Programable 12 Tazas,Cafetera de goteo con temporizador programable y jarra de vidrio,2159.93,21,1,2026-09-22 10:42:24,2026-09-22 12:09:24
1550,PROD-1550,Cafetera Programable 12 Tazas,Cafetera de goteo con temporizador programable y jarra de vidrio,1623.96,40,1,2026-09-20 16:18:05,2026-09-20 17:51:05
1551,PROD-1551,Aspiradora Inalámbrica SpeedPro,Aspiradora escoba sin cable con cabezal de succión de 180 grados,6368.67,29,1,2026-09-19 07:27:59,2026-09-19 08:13:59
1552,PROD-1552,Freidora XXL Airfryer,Freidora de aire de gran capacidad con tecnología de extracción de grasa,7169.17,57,1,2026-09-21 16:33:37,2026-09-21 17:22:37
1553,PROD-1553,iPhone 16 Pro 256GB,Teléfono inteligente premium con chip de alto rendimiento y triple cámara - Color Rojo,22786.53,36,1,2026-09-18 03:17:43,2026-09-18 05:00:43
1554,PROD-1554,MacBook Air 15 M2 128GB,Laptop ultra delgada y liviana con gran autonomía - Color Azul,3841.05,25,1,2026-09-18 13:49:35,2026-09-18 15:48:35
1555,PROD-1555,Jeans 501 Original Fit,"Pantalón de mezclilla clásico de corte recto y ajuste cómodo (Talla L, Color Rojo)",1131.16,21,1,2026-09-17 23:28:09,2026-09-17 23:50:09
1556,PROD-1556,Aspiradora Inalámbrica SpeedPro,Aspiradora escoba sin cable con cabezal de succión de 180 grados,7894.69,24,1,2026-09-22 04:15:03,2026-09-22 06:07:03
1557,PROD-1557,Zapatillas Ultraboost Light,"Tenis de running con retorno de energía superior y ligereza (Talla S, Color Rojo)",1399.76,56,1,2026-09-19 06:51:09,2026-09-19 07:42:09
1558,PROD-1558,Polerón Adicolor Classics,"Sudadera clásica con el logotipo de las tres tiras (Talla M, Color Azul)",1138.47,89,1,2026-09-19 10:47:15,2026-09-19 11:34:15
1559,PROD-1559,Robot Aspiradora X10+,Aspiradora robótica con estación de vaciado automático y mapeo láser,16478.28,48,1,2026-09-17 19:19:29,2026-09-17 20:38:29
1560,PROD-1560,Cafetera Programable 12 Tazas,Cafetera de goteo con temporizador programable y jarra de vidrio,6408.49,52,1,2026-09-22 12:42:38,2026-09-22 13:53:38
1561,PROD-1561,iPhone 16 Pro 512GB,Teléfono inteligente premium con chip de alto rendimiento y triple cámara - Color Azul,6116.31,30,1,2026-09-17 23:44:16,2026-09-18 00:12:16
1562,PROD-1562,Zapatillas Air Force 1 '07,"Tenis clásicos de cuero blanco para uso urbano y casual (Talla L, Color Azul)",1357.25,78,1,2026-09-22 12:16:54,2026-09-22 13:15:54
1563,PROD-1563,Smartphone Galaxy S26 128GB,Smartphone compacto con pantalla fluida y excelente rendimiento - Color Azul,27771.69,17,1,2026-09-19 23:35:07,2026-09-20 00:17:07
1564,PROD-1564,Cámara Alpha 7 IV,Cámara mirrorless profesional de fotograma completo para foto y video,35873.56,36,1,2026-09-18 20:04:37,2026-09-18 21:33:37
1565,PROD-1565,Freidora XXL Airfryer,Freidora de aire de gran capacidad con tecnología de extracción de grasa,2515.65,10,1,2026-09-20 20:29:34,2026-09-20 20:48:34
1566,PROD-1566,Jeans 511 Slim Fit,"Pantalón de mezclilla ajustado de estilo moderno (Talla L, Color Rojo)",417.34,86,1,2026-09-22 05:51:41,2026-09-22 06:39:41
1567,PROD-1567,Smart TV Bravia XR OLED 55,Televisor OLED con negros absolutos y procesador de imagen cognitivo,35238.91,18,1,2026-09-17 20:59:07,2026-09-17 21:26:07
1568,PROD-1568,Patinete Eléctrico Pro 4,Scooter eléctrico con gran autonomía para movilidad urbana,9448.53,16,1,2026-09-18 01:17:00,2026-09-18 01:35:00
1569,PROD-1569,Smart TV Bravia XR OLED 55,Televisor OLED con negros absolutos y procesador de imagen cognitivo,3400.67,50,1,2026-09-20 06:51:09,2026-09-20 08:42:09
1570,PROD-1570,Zapatillas Ultraboost Light,"Tenis de running con retorno de energía superior y ligereza (Talla L, Color Blanco)",2135.68,21,1,2026-09-20 03:31:10,2026-09-20 04:14:10
1571,PROD-1571,Jeans 511 Slim Fit,"Pantalón de mezclilla ajustado de estilo moderno (Talla L, Color Azul)",1385.49,78,1,2026-09-21 17:25:40,2026-09-21 19:05:40
1572,PROD-1572,Patinete Eléctrico Pro 4,Scooter eléctrico con gran autonomía para movilidad urbana,32897.22,41,1,2026-09-19 21:46:55,2026-09-19 23:31:55
1573,PROD-1573,Refrigeradora InstaView,Refrigerador inteligente con panel de cristal panorámico,7548.88,47,1,2026-09-21 01:21:30,2026-09-21 02:39:30
1574,PROD-1574,Barra de Sonido HT-A7000,Sistema de audio para cine en casa con soporte Dolby Atmos,35516.06,25,1,2026-09-17 15:10:32,2026-09-17 15:29:32
1575,PROD-1575,Camiseta Graphic Setin Neck,"Playera casual de algodón con estampado frontal (Talla L, Color Negro)",2052.84,96,1,2026-09-20 00:17:38,2026-09-20 00:50:38
1576,PROD-1576,Freidora de Aire 4L,Freidora sin aceite para cocinar de manera saludable y rápida,7569.26,16,1,2026-09-21 09:29:07,2026-09-21 10:26:07
1577,PROD-1577,Licuadora Reversible 2 Velocidades,Licuadora con motor reversible y vaso de vidrio resistente a choques térmicos,2061.53,20,1,2026-09-20 02:18:08,2026-09-20 03:47:08
1578,PROD-1578,Cafetera Programable 12 Tazas,Cafetera de goteo con temporizador programable y jarra de vidrio,3269.43,30,1,2026-09-18 19:39:31,2026-09-18 20:03:31
1579,PROD-1579,Freidora de Aire 4L,Freidora sin aceite para cocinar de manera saludable y rápida,6584.72,9,1,2026-09-19 09:05:00,2026-09-19 10:59:00
1580,PROD-1580,Zapatillas Ultraboost Light,"Tenis de running con retorno de energía superior y ligereza (Talla XL, Color Verde)",2497.95,62,1,2026-09-20 00:52:35,2026-09-20 01:37:35
1581,PROD-1581,Zapatillas Samba OG,"Tenis de estilo retro icónicos en cuero de primera calidad (Talla L, Color Negro)",2341.65,68,1,2026-09-20 03:29:51,2026-09-20 04:16:51
1582,PROD-1582,Refrigeradora InstaView,Refrigerador inteligente con panel de cristal panorámico,6274.33,32,1,2026-09-19 20:40:44,2026-09-19 21:16:44
1583,PROD-1583,Aspiradora Inalámbrica SpeedPro,Aspiradora escoba sin cable con cabezal de succión de 180 grados,5735.90,14,1,2026-09-18 01:52:13,2026-09-18 03:35:13
1584,PROD-1584,Smartphone Galaxy S26 Ultra 1TB,Smartphone de alta gama con cámara de 200MP y pantalla Dynamic AMOLED - Color Negro,18122.37,44,1,2026-09-20 20:26:32,2026-09-20 20:38:32
1585,PROD-1585,Freidora XXL Airfryer,Freidora de aire de gran capacidad con tecnología de extracción de grasa,5474.60,34,1,2026-09-18 19:57:56,2026-09-18 20:25:56
1586,PROD-1586,Zapatillas Samba OG,"Tenis de estilo retro icónicos en cuero de primera calidad (Talla S, Color Blanco)",2191.14,25,1,2026-09-19 16:10:17,2026-09-19 17:51:17
1587,PROD-1587,Pantalón de Buzo Tech Fleece,"Pantalón deportivo térmico con diseño estilizado (Talla S, Color Gris)",2031.72,74,1,2026-09-19 06:24:45,2026-09-19 06:58:45
1588,PROD-1588,Aspiradora Inalámbrica SpeedPro,Aspiradora escoba sin cable con cabezal de succión de 180 grados,6772.48,58,1,2026-09-20 01:30:25,2026-09-20 02:56:25
1589,PROD-1589,Smart TV 65 Neo QLED,Televisor inteligente 4K con tecnología de puntos cuánticos y alto contraste,1659.95,6,1,2026-09-18 11:26:47,2026-09-18 13:07:47
1590,PROD-1590,Polerón Adicolor Classics,"Sudadera clásica con el logotipo de las tres tiras (Talla L, Color Gris)",716.38,83,1,2026-09-20 03:44:09,2026-09-20 04:14:09
1591,PROD-1591,Freidora XXL Airfryer,Freidora de aire de gran capacidad con tecnología de extracción de grasa,5083.64,33,1,2026-09-17 20:37:18,2026-09-17 22:19:18
1592,PROD-1592,Freidora XXL Airfryer,Freidora de aire de gran capacidad con tecnología de extracción de grasa,7539.38,32,1,2026-09-21 23:08:55,2026-09-21 23:30:55
1593,PROD-1593,Zapatillas Running Pegasus 40,"Calzado de correr con amortiguación reactiva para entrenamiento (Talla M, Color Azul)",846.58,100,1,2026-09-22 09:47:19,2026-09-22 10:03:19
1594,PROD-1594,Cafetera Programable 12 Tazas,Cafetera de goteo con temporizador programable y jarra de vidrio,4784.70,33,1,2026-09-22 04:06:32,2026-09-22 05:26:32
1595,PROD-1595,Zapatillas Ultraboost Light,"Tenis de running con retorno de energía superior y ligereza (Talla L, Color Blanco)",550.50,13,1,2026-09-20 04:48:49,2026-09-20 04:49:49
1596,PROD-1596,Licuadora Reversible 2 Velocidades,Licuadora con motor reversible y vaso de vidrio resistente a choques térmicos,5097.56,42,1,2026-09-18 00:34:54,2026-09-18 01:47:54
1597,PROD-1597,Jeans 511 Slim Fit,"Pantalón de mezclilla ajustado de estilo moderno (Talla XL, Color Verde)",1707.73,55,1,2026-09-18 16:16:43,2026-09-18 16:46:43
1598,PROD-1598,Freidora de Aire 4L,Freidora sin aceite para cocinar de manera saludable y rápida,1873.10,23,1,2026-09-21 22:53:11,2026-09-22 00:32:11
1599,PROD-1599,Zapatillas Air Force 1 '07,"Tenis clásicos de cuero blanco para uso urbano y casual (Talla L, Color Negro)",2360.20,90,1,2026-09-17 16:28:47,2026-09-17 17:49:47
1600,PROD-1600,Licuadora Reversible 2 Velocidades,Licuadora con motor reversible y vaso de vidrio resistente a choques térmicos,3889.37,46,1,2026-09-18 06:58:36,2026-09-18 07:11:36
1601,PROD-1601,Cámara Alpha 7 IV,Cámara mirrorless profesional de fotograma completo para foto y video,32258.47,10,1,2026-09-18 00:22:45,2026-09-18 01:25:45
1602,PROD-1602,Camiseta Graphic Setin Neck,"Playera casual de algodón con estampado frontal (Talla S, Color Azul)",2060.20,62,1,2026-09-17 23:49:29,2026-09-18 00:51:29
1603,PROD-1603,Licuadora Reversible 2 Velocidades,Licuadora con motor reversible y vaso de vidrio resistente a choques térmicos,5623.76,32,1,2026-09-19 10:46:43,2026-09-19 12:07:43
1604,PROD-1604,Jeans 511 Slim Fit,"Pantalón de mezclilla ajustado de estilo moderno (Talla L, Color Negro)",2292.82,94,1,2026-09-20 23:43:40,2026-09-21 01:03:40
1605,PROD-1605,Licuadora Reversible 2 Velocidades,Licuadora con motor reversible y vaso de vidrio resistente a choques térmicos,7816.96,30,1,2026-09-20 11:35:03,2026-09-20 12:53:03
1606,PROD-1606,Licuadora Reversible 2 Velocidades,Licuadora con motor reversible y vaso de vidrio resistente a choques térmicos,4365.29,24,1,2026-09-18 06:49:05,2026-09-18 07:13:05
1607,PROD-1607,Cafetera Programable 12 Tazas,Cafetera de goteo con temporizador programable y jarra de vidrio,575.09,40,1,2026-09-22 03:55:57,2026-09-22 04:14:57
1608,PROD-1608,Consola PlayStation 5 Slim,Consola de videojuegos de última generación con almacenamiento SSD ultra rápido,32399.32,6,1,2026-09-19 12:48:40,2026-09-19 13:05:40
1609,PROD-1609,Smartphone Galaxy S26 512GB,Smartphone compacto con pantalla fluida y excelente rendimiento - Color Gris,17595.91,10,1,2026-09-19 15:52:17,2026-09-19 17:22:17
1610,PROD-1610,Aspiradora Inalámbrica SpeedPro,Aspiradora escoba sin cable con cabezal de succión de 180 grados,6063.48,39,1,2026-09-20 04:36:57,2026-09-20 05:41:57
1611,PROD-1611,Chaqueta Camionera de Mezclilla,"Chaqueta clásica de mezclilla resistente para uso diario (Talla M, Color Blanco)",1827.17,45,1,2026-09-19 22:19:08,2026-09-19 22:32:08
1612,PROD-1612,Freidora XXL Airfryer,Freidora de aire de gran capacidad con tecnología de extracción de grasa,6435.16,54,1,2026-09-20 12:09:19,2026-09-20 13:04:19
1613,PROD-1613,Zapatillas Running Pegasus 40,"Calzado de correr con amortiguación reactiva para entrenamiento (Talla L, Color Gris)",1689.26,87,1,2026-09-19 20:53:41,2026-09-19 21:47:41
1614,PROD-1614,Monitor UltraGear 27,Monitor de alta frecuencia de actualización para juegos competitivos,13775.60,45,1,2026-09-22 12:26:06,2026-09-22 12:34:06
1615,PROD-1615,Jeans 501 Original Fit,"Pantalón de mezclilla clásico de corte recto y ajuste cómodo (Talla L, Color Rojo)",1231.09,87,1,2026-09-21 11:03:32,2026-09-21 12:10:32
1616,PROD-1616,Zapatillas Air Force 1 '07,"Tenis clásicos de cuero blanco para uso urbano y casual (Talla S, Color Blanco)",2089.44,64,1,2026-09-22 08:17:32,2026-09-22 08:40:32
1617,PROD-1617,Jeans 501 Original Fit,"Pantalón de mezclilla clásico de corte recto y ajuste cómodo (Talla M, Color Verde)",1149.07,28,1,2026-09-22 06:38:05,2026-09-22 07:18:05
1618,PROD-1618,Tablet Galaxy Tab S9 128GB,"Tableta de alto rendimiento para diseño, trabajo y entretenimiento - Color Verde",12174.86,34,1,2026-09-20 23:45:12,2026-09-21 01:26:12
1619,PROD-1619,Jeans 501 Original Fit,"Pantalón de mezclilla clásico de corte recto y ajuste cómodo (Talla XL, Color Gris)",1643.87,77,1,2026-09-18 20:46:48,2026-09-18 20:59:48
1620,PROD-1620,Freidora XXL Airfryer,Freidora de aire de gran capacidad con tecnología de extracción de grasa,4762.01,49,1,2026-09-20 02:31:53,2026-09-20 03:58:53
1621,PROD-1621,Polera Sportswear Club Fleece,"Sudadera de felpa con capucha y ajuste estándar (Talla M, Color Blanco)",456.77,73,1,2026-09-20 13:43:51,2026-09-20 13:48:51
1622,PROD-1622,Zapatillas Air Force 1 '07,"Tenis clásicos de cuero blanco para uso urbano y casual (Talla S, Color Azul)",717.95,51,1,2026-09-21 03:12:18,2026-09-21 04:01:18
1623,PROD-1623,Smart TV OLED C3 65,Televisor inteligente ideal para videojuegos y películas con pánel OLED,10618.81,46,1,2026-09-22 07:11:12,2026-09-22 09:00:12
1624,PROD-1624,Freidora de Aire 4L,Freidora sin aceite para cocinar de manera saludable y rápida,2561.18,33,1,2026-09-17 18:29:57,2026-09-17 20:23:57
1625,PROD-1625,Freidora de Aire 4L,Freidora sin aceite para cocinar de manera saludable y rápida,5300.30,12,1,2026-09-20 09:32:34,2026-09-20 09:44:34
1626,PROD-1626,Zapatillas Samba OG,"Tenis de estilo retro icónicos en cuero de primera calidad (Talla L, Color Gris)",1970.44,61,1,2026-09-18 00:43:35,2026-09-18 01:54:35
1627,PROD-1627,Zapatillas Running Pegasus 40,"Calzado de correr con amortiguación reactiva para entrenamiento (Talla S, Color Azul)",991.65,68,1,2026-09-20 12:57:25,2026-09-20 14:45:25
1628,PROD-1628,Freidora de Aire 4L,Freidora sin aceite para cocinar de manera saludable y rápida,7526.55,14,1,2026-09-17 17:22:30,2026-09-17 17:50:30
1629,PROD-1629,Smartphone Galaxy S26 128GB,Smartphone compacto con pantalla fluida y excelente rendimiento - Color Gris,31079.30,32,1,2026-09-18 22:04:23,2026-09-18 22:25:23
1630,PROD-1630,iPad Pro 12.9,Tableta profesional con pantalla Liquid Retina XDR y chip M2,29473.24,39,1,2026-09-17 13:49:45,2026-09-17 15:48:45
1631,PROD-1631,Freidora de Aire 4L,Freidora sin aceite para cocinar de manera saludable y rápida,7113.23,10,1,2026-09-18 05:14:47,2026-09-18 05:20:47
1632,PROD-1632,Chaqueta Camionera de Mezclilla,"Chaqueta clásica de mezclilla resistente para uso diario (Talla L, Color Verde)",1667.41,58,1,2026-09-19 04:25:06,2026-09-19 05:54:06
1633,PROD-1633,Audífonos AirPods Max,Audífonos de diadema inalámbricos con sonido de alta fidelidad,4756.50,25,1,2026-09-18 10:39:50,2026-09-18 12:15:50
1634,PROD-1634,Aspiradora Inalámbrica SpeedPro,Aspiradora escoba sin cable con cabezal de succión de 180 grados,5478.59,41,1,2026-09-20 17:56:43,2026-09-20 18:26:43
1635,PROD-1635,Aspiradora Inalámbrica SpeedPro,Aspiradora escoba sin cable con cabezal de succión de 180 grados,7820.26,28,1,2026-09-22 05:38:02,2026-09-22 07:11:02
1636,PROD-1636,Jeans 501 Original Fit,"Pantalón de mezclilla clásico de corte recto y ajuste cómodo (Talla L, Color Gris)",1879.47,55,1,2026-09-20 22:26:57,2026-09-21 00:12:57
1637,PROD-1637,iPhone 16 Pro 128GB,Teléfono inteligente premium con chip de alto rendimiento y triple cámara - Color Azul,2639.48,5,1,2026-09-21 14:45:29,2026-09-21 15:12:29
1638,PROD-1638,Zapatillas Air Max 270,"Calzado deportivo con cápsula de aire visible para máxima comodidad (Talla XL, Color Negro)",1081.97,85,1,2026-09-22 04:01:34,2026-09-22 05:08:34
1639,PROD-1639,Aspiradora Inalámbrica SpeedPro,Aspiradora escoba sin cable con cabezal de succión de 180 grados,5784.69,49,1,2026-09-18 11:32:14,2026-09-18 13:20:14
1640,PROD-1640,Licuadora Reversible 2 Velocidades,Licuadora con motor reversible y vaso de vidrio resistente a choques térmicos,2062.76,31,1,2026-09-19 21:15:47,2026-09-19 22:12:47
1641,PROD-1641,Freidora de Aire 4L,Freidora sin aceite para cocinar de manera saludable y rápida,1828.45,25,1,2026-09-20 02:43:38,2026-09-20 03:04:38
1642,PROD-1642,Freidora XXL Airfryer,Freidora de aire de gran capacidad con tecnología de extracción de grasa,1519.40,14,1,2026-09-22 01:36:43,2026-09-22 01:50:43
1643,PROD-1643,Monitor Odyssey G9,Monitor curvo ultrawide diseñado para gaming profesional,7139.56,6,1,2026-09-20 10:28:02,2026-09-20 11:52:02
1644,PROD-1644,Aspiradora Inalámbrica SpeedPro,Aspiradora escoba sin cable con cabezal de succión de 180 grados,2418.40,43,1,2026-09-18 01:21:10,2026-09-18 02:06:10
1645,PROD-1645,Jeans 511 Slim Fit,"Pantalón de mezclilla ajustado de estilo moderno (Talla XL, Color Rojo)",1276.32,52,1,2026-09-17 20:51:04,2026-09-17 21:47:04
1646,PROD-1646,Zapatillas Air Force 1 '07,"Tenis clásicos de cuero blanco para uso urbano y casual (Talla S, Color Verde)",1172.42,64,1,2026-09-18 17:21:11,2026-09-18 17:58:11
1647,PROD-1647,Smartphone Xiaomi 14 Ultra 512GB,Smartphone de gama alta enfocado en fotografía profesional Leica - Color Rojo,22064.41,38,1,2026-09-20 04:15:08,2026-09-20 04:28:08
1648,PROD-1648,Cafetera Programable 12 Tazas,Cafetera de goteo con temporizador programable y jarra de vidrio,2291.98,15,1,2026-09-18 21:05:18,2026-09-18 21:19:18
1649,PROD-1649,Smartphone Galaxy Z Flip 6 256GB,Teléfono plegable compacto con pantalla exterior funcional - Color Negro,19390.68,22,1,2026-09-18 22:05:27,2026-09-18 23:57:27
1650,PROD-1650,Aspiradora Inalámbrica SpeedPro,Aspiradora escoba sin cable con cabezal de succión de 180 grados,3385.93,22,1,2026-09-21 23:59:42,2026-09-22 01:44:42
1651,PROD-1651,Aspiradora Inalámbrica SpeedPro,Aspiradora escoba sin cable con cabezal de succión de 180 grados,1963.36,58,1,2026-09-18 18:45:27,2026-09-18 19:29:27
1652,PROD-1652,Aspiradora Inalámbrica SpeedPro,Aspiradora escoba sin cable con cabezal de succión de 180 grados,5977.51,14,1,2026-09-18 16:03:49,2026-09-18 17:07:49
1653,PROD-1653,Aspiradora Inalámbrica SpeedPro,Aspiradora escoba sin cable con cabezal de succión de 180 grados,6879.49,52,1,2026-09-18 23:51:40,2026-09-19 00:12:40
1654,PROD-1654,Zapatillas Ultraboost Light,"Tenis de running con retorno de energía superior y ligereza (Talla M, Color Blanco)",1064.13,68,1,2026-09-18 09:45:56,2026-09-18 09:46:56
1655,PROD-1655,Aspiradora Inalámbrica SpeedPro,Aspiradora escoba sin cable con cabezal de succión de 180 grados,2938.81,19,1,2026-09-19 03:31:59,2026-09-19 05:23:59
1656,PROD-1656,iPhone 16 Pro Max 512GB,Smartphone insignia de Apple con acabado en titanio y cámara profesional - Color Azul,21202.14,36,1,2026-09-19 01:09:21,2026-09-19 02:09:21
1657,PROD-1657,Smartphone Galaxy S26 Ultra 512GB,Smartphone de alta gama con cámara de 200MP y pantalla Dynamic AMOLED - Color Blanco,19147.06,15,1,2026-09-22 03:03:48,2026-09-22 03:21:48
1658,PROD-1658,Smartphone Galaxy Z Flip 6 512GB,Teléfono plegable compacto con pantalla exterior funcional - Color Azul,17918.50,27,1,2026-09-20 20:35:06,2026-09-20 21:07:06
1659,PROD-1659,Aspiradora Inalámbrica SpeedPro,Aspiradora escoba sin cable con cabezal de succión de 180 grados,3168.60,8,1,2026-09-19 16:27:52,2026-09-19 17:05:52
1660,PROD-1660,Aspiradora Inalámbrica SpeedPro,Aspiradora escoba sin cable con cabezal de succión de 180 grados,1256.98,51,1,2026-09-20 16:44:22,2026-09-20 18:17:22
1661,PROD-1661,Licuadora Reversible 2 Velocidades,Licuadora con motor reversible y vaso de vidrio resistente a choques térmicos,7837.64,22,1,2026-09-21 13:08:13,2026-09-21 13:26:13
1662,PROD-1662,Zapatillas Air Force 1 '07,"Tenis clásicos de cuero blanco para uso urbano y casual (Talla M, Color Rojo)",1943.18,65,1,2026-09-19 17:27:14,2026-09-19 17:53:14
1663,PROD-1663,Licuadora Reversible 2 Velocidades,Licuadora con motor reversible y vaso de vidrio resistente a choques térmicos,7396.92,32,1,2026-09-21 10:07:55,2026-09-21 10:20:55
1664,PROD-1664,Polerón Adicolor Classics,"Sudadera clásica con el logotipo de las tres tiras (Talla XL, Color Rojo)",726.15,96,1,2026-09-19 15:54:50,2026-09-19 17:47:50
1665,PROD-1665,Zapatillas Running Pegasus 40,"Calzado de correr con amortiguación reactiva para entrenamiento (Talla XL, Color Gris)",1015.05,15,1,2026-09-21 01:30:28,2026-09-21 02:36:28
1666,PROD-1666,Freidora XXL Airfryer,Freidora de aire de gran capacidad con tecnología de extracción de grasa,3694.29,37,1,2026-09-20 23:38:09,2026-09-21 01:19:09
1667,PROD-1667,Zapatillas Air Force 1 '07,"Tenis clásicos de cuero blanco para uso urbano y casual (Talla S, Color Azul)",2343.55,28,1,2026-09-20 09:01:19,2026-09-20 10:28:19
1668,PROD-1668,Monitor UltraGear 27,Monitor de alta frecuencia de actualización para juegos competitivos,22644.73,47,1,2026-09-18 12:47:27,2026-09-18 13:25:27
1669,PROD-1669,Zapatillas Air Force 1 '07,"Tenis clásicos de cuero blanco para uso urbano y casual (Talla L, Color Negro)",1325.80,37,1,2026-09-19 06:19:37,2026-09-19 08:04:37
1670,PROD-1670,Licuadora Reversible 2 Velocidades,Licuadora con motor reversible y vaso de vidrio resistente a choques térmicos,4111.58,8,1,2026-09-20 03:46:48,2026-09-20 04:31:48
1671,PROD-1671,Licuadora Reversible 2 Velocidades,Licuadora con motor reversible y vaso de vidrio resistente a choques térmicos,2310.89,30,1,2026-09-19 06:21:47,2026-09-19 08:01:47
1672,PROD-1672,Licuadora Reversible 2 Velocidades,Licuadora con motor reversible y vaso de vidrio resistente a choques térmicos,5820.30,17,1,2026-09-21 23:52:05,2026-09-22 00:17:05
1673,PROD-1673,Zapatillas Ultraboost Light,"Tenis de running con retorno de energía superior y ligereza (Talla L, Color Blanco)",419.09,55,1,2026-09-19 01:20:00,2026-09-19 03:03:00
1674,PROD-1674,Aspiradora Inalámbrica SpeedPro,Aspiradora escoba sin cable con cabezal de succión de 180 grados,3433.26,14,1,2026-09-19 03:09:30,2026-09-19 05:06:30
1675,PROD-1675,Zapatillas Samba OG,"Tenis de estilo retro icónicos en cuero de primera calidad (Talla M, Color Rojo)",1287.00,51,1,2026-09-22 10:15:21,2026-09-22 11:29:21
1676,PROD-1676,MacBook Air 15 M2 256GB,Laptop ultra delgada y liviana con gran autonomía - Color Azul,20177.07,24,1,2026-09-19 09:31:40,2026-09-19 09:41:40
1677,PROD-1677,Polerón Adicolor Classics,"Sudadera clásica con el logotipo de las tres tiras (Talla XL, Color Rojo)",744.25,65,1,2026-09-18 03:05:48,2026-09-18 03:22:48
1678,PROD-1678,Aspiradora Inalámbrica SpeedPro,Aspiradora escoba sin cable con cabezal de succión de 180 grados,4229.00,51,1,2026-09-21 20:53:21,2026-09-21 21:38:21
1679,PROD-1679,Pantalón de Buzo Tech Fleece,"Pantalón deportivo térmico con diseño estilizado (Talla XL, Color Azul)",2417.11,69,1,2026-09-17 17:08:23,2026-09-17 19:04:23
1680,PROD-1680,Freidora de Aire 4L,Freidora sin aceite para cocinar de manera saludable y rápida,1072.06,16,1,2026-09-21 06:42:21,2026-09-21 08:38:21
1681,PROD-1681,Chaqueta Camionera de Mezclilla,"Chaqueta clásica de mezclilla resistente para uso diario (Talla M, Color Rojo)",1518.03,82,1,2026-09-19 07:49:51,2026-09-19 07:55:51
1682,PROD-1682,Camiseta Graphic Setin Neck,"Playera casual de algodón con estampado frontal (Talla S, Color Azul)",2086.08,76,1,2026-09-20 08:08:03,2026-09-20 09:55:03
1683,PROD-1683,Smartphone Galaxy S26 Ultra 512GB,Smartphone de alta gama con cámara de 200MP y pantalla Dynamic AMOLED - Color Verde,4300.24,43,1,2026-09-18 03:17:40,2026-09-18 05:02:40
1684,PROD-1684,Zapatillas Samba OG,"Tenis de estilo retro icónicos en cuero de primera calidad (Talla L, Color Negro)",611.10,84,1,2026-09-21 15:19:41,2026-09-21 16:24:41
1685,PROD-1685,Cafetera Programable 12 Tazas,Cafetera de goteo con temporizador programable y jarra de vidrio,1958.49,17,1,2026-09-20 22:57:50,2026-09-21 00:31:50
1686,PROD-1686,Jeans 511 Slim Fit,"Pantalón de mezclilla ajustado de estilo moderno (Talla M, Color Gris)",1700.71,10,1,2026-09-22 10:26:10,2026-09-22 11:28:10
1687,PROD-1687,Licuadora Reversible 2 Velocidades,Licuadora con motor reversible y vaso de vidrio resistente a choques térmicos,910.28,17,1,2026-09-21 05:02:35,2026-09-21 06:54:35
1688,PROD-1688,Smart TV OLED C3 65,Televisor inteligente ideal para videojuegos y películas con pánel OLED,9275.82,11,1,2026-09-20 10:06:12,2026-09-20 10:09:12
1689,PROD-1689,Aspiradora Inalámbrica SpeedPro,Aspiradora escoba sin cable con cabezal de succión de 180 grados,822.96,15,1,2026-09-19 08:47:21,2026-09-19 09:38:21
1690,PROD-1690,Jeans 511 Slim Fit,"Pantalón de mezclilla ajustado de estilo moderno (Talla L, Color Rojo)",1814.84,94,1,2026-09-21 06:59:23,2026-09-21 07:14:23
1691,PROD-1691,Jeans 501 Original Fit,"Pantalón de mezclilla clásico de corte recto y ajuste cómodo (Talla M, Color Blanco)",2109.88,94,1,2026-09-19 00:09:41,2026-09-19 00:30:41
1692,PROD-1692,Freidora de Aire 4L,Freidora sin aceite para cocinar de manera saludable y rápida,4051.55,26,1,2026-09-21 14:19:35,2026-09-21 14:31:35
1693,PROD-1693,Aspiradora Inalámbrica SpeedPro,Aspiradora escoba sin cable con cabezal de succión de 180 grados,5474.52,33,1,2026-09-19 21:17:56,2026-09-19 22:46:56
1694,PROD-1694,Smart Band 8,Pulsera de actividad física con seguimiento del sueño y deporte,29379.02,14,1,2026-09-17 17:10:59,2026-09-17 17:46:59
1695,PROD-1695,Camiseta Graphic Setin Neck,"Playera casual de algodón con estampado frontal (Talla S, Color Rojo)",1000.94,92,1,2026-09-21 11:50:03,2026-09-21 13:44:03
1696,PROD-1696,Freidora XXL Airfryer,Freidora de aire de gran capacidad con tecnología de extracción de grasa,7301.62,30,1,2026-09-18 09:23:50,2026-09-18 10:22:50
1697,PROD-1697,Aspiradora Inalámbrica SpeedPro,Aspiradora escoba sin cable con cabezal de succión de 180 grados,469.31,18,1,2026-09-19 17:12:37,2026-09-19 18:16:37
1698,PROD-1698,Freidora de Aire 4L,Freidora sin aceite para cocinar de manera saludable y rápida,7259.38,41,1,2026-09-19 21:59:54,2026-09-19 23:04:54
1699,PROD-1699,iPhone 16 512GB,Smartphone con pantalla Super Retina XDR y excelente duración de batería - Color Verde,26031.92,26,1,2026-09-20 08:01:35,2026-09-20 09:32:35
1700,PROD-1700,Barra de Sonido HT-A7000,Sistema de audio para cine en casa con soporte Dolby Atmos,11254.01,30,1,2026-09-17 23:02:36,2026-09-18 00:59:36
1701,PROD-1701,Aspiradora Inalámbrica SpeedPro,Aspiradora escoba sin cable con cabezal de succión de 180 grados,7715.42,46,1,2026-09-21 13:04:46,2026-09-21 13:27:46
1702,PROD-1702,Freidora XXL Airfryer,Freidora de aire de gran capacidad con tecnología de extracción de grasa,5703.04,45,1,2026-09-21 01:41:02,2026-09-21 02:25:02
1703,PROD-1703,Freidora XXL Airfryer,Freidora de aire de gran capacidad con tecnología de extracción de grasa,741.46,54,1,2026-09-18 12:17:30,2026-09-18 12:46:30
1704,PROD-1704,Monitor Odyssey G9,Monitor curvo ultrawide diseñado para gaming profesional,33665.30,35,1,2026-09-19 12:14:45,2026-09-19 13:51:45
1705,PROD-1705,iPhone 16 Pro 256GB,Teléfono inteligente premium con chip de alto rendimiento y triple cámara - Color Verde,32182.79,31,1,2026-09-17 22:29:03,2026-09-17 22:36:03
1706,PROD-1706,Freidora XXL Airfryer,Freidora de aire de gran capacidad con tecnología de extracción de grasa,684.38,55,1,2026-09-17 23:43:25,2026-09-18 00:39:25
1707,PROD-1707,Polerón Adicolor Classics,"Sudadera clásica con el logotipo de las tres tiras (Talla S, Color Blanco)",1040.49,99,1,2026-09-20 06:34:27,2026-09-20 07:22:27
1708,PROD-1708,Refrigeradora InstaView,Refrigerador inteligente con panel de cristal panorámico,7590.57,21,1,2026-09-20 12:37:54,2026-09-20 13:33:54
1709,PROD-1709,Freidora XXL Airfryer,Freidora de aire de gran capacidad con tecnología de extracción de grasa,1929.06,18,1,2026-09-20 04:19:29,2026-09-20 06:03:29
1710,PROD-1710,Licuadora Reversible 2 Velocidades,Licuadora con motor reversible y vaso de vidrio resistente a choques térmicos,4824.02,48,1,2026-09-21 14:29:24,2026-09-21 14:41:24
1711,PROD-1711,Smartphone Galaxy S26 128GB,Smartphone compacto con pantalla fluida y excelente rendimiento - Color Gris,27990.69,41,1,2026-09-20 20:42:40,2026-09-20 22:32:40
1712,PROD-1712,Audífonos Bluetooth WH-1000XM5,Audífonos inalámbricos con la mejor cancelación de ruido del mercado,24723.82,46,1,2026-09-20 18:01:40,2026-09-20 19:04:40
1713,PROD-1713,Audífonos AirPods Max,Audífonos de diadema inalámbricos con sonido de alta fidelidad,18280.19,27,1,2026-09-21 07:10:56,2026-09-21 09:05:56
1714,PROD-1714,Licuadora Reversible 2 Velocidades,Licuadora con motor reversible y vaso de vidrio resistente a choques térmicos,3735.47,48,1,2026-09-19 19:53:09,2026-09-19 21:44:09
1715,PROD-1715,Smart TV OLED C3 65,Televisor inteligente ideal para videojuegos y películas con pánel OLED,5015.33,38,1,2026-09-19 08:32:31,2026-09-19 08:44:31
1716,PROD-1716,Smartphone Xiaomi 14 Ultra 128GB,Smartphone de gama alta enfocado en fotografía profesional Leica - Color Rojo,19689.10,6,1,2026-09-18 21:44:06,2026-09-18 23:29:06
1717,PROD-1717,Pantalón de Buzo Tech Fleece,"Pantalón deportivo térmico con diseño estilizado (Talla L, Color Negro)",2225.75,30,1,2026-09-19 07:03:46,2026-09-19 07:12:46
1718,PROD-1718,Cafetera Programable 12 Tazas,Cafetera de goteo con temporizador programable y jarra de vidrio,7481.75,40,1,2026-09-19 10:34:58,2026-09-19 11:25:58
1719,PROD-1719,Cafetera Programable 12 Tazas,Cafetera de goteo con temporizador programable y jarra de vidrio,5701.14,15,1,2026-09-21 01:58:55,2026-09-21 02:58:55
1720,PROD-1720,Zapatillas Ultraboost Light,"Tenis de running con retorno de energía superior y ligereza (Talla S, Color Gris)",1256.02,35,1,2026-09-19 13:49:50,2026-09-19 15:42:50
1721,PROD-1721,MacBook Pro 16 M3 512GB,Computadora portátil profesional para edición de video y desarrollo - Color Verde,32887.34,8,1,2026-09-18 23:25:26,2026-09-19 00:28:26
1722,PROD-1722,Refrigeradora InstaView,Refrigerador inteligente con panel de cristal panorámico,25459.72,7,1,2026-09-19 15:28:37,2026-09-19 15:37:37
1723,PROD-1723,Polerón Adicolor Classics,"Sudadera clásica con el logotipo de las tres tiras (Talla S, Color Rojo)",1379.36,26,1,2026-09-19 04:30:19,2026-09-19 06:02:19
1724,PROD-1724,Smartphone Galaxy S26 Ultra 1TB,Smartphone de alta gama con cámara de 200MP y pantalla Dynamic AMOLED - Color Rojo,8496.20,27,1,2026-09-20 03:57:13,2026-09-20 04:58:13
1725,PROD-1725,Jeans 501 Original Fit,"Pantalón de mezclilla clásico de corte recto y ajuste cómodo (Talla S, Color Negro)",2013.27,35,1,2026-09-20 18:54:22,2026-09-20 20:11:22
1726,PROD-1726,Polerón Adicolor Classics,"Sudadera clásica con el logotipo de las tres tiras (Talla S, Color Rojo)",1386.67,59,1,2026-09-22 04:37:12,2026-09-22 05:25:12
1727,PROD-1727,Freidora de Aire 4L,Freidora sin aceite para cocinar de manera saludable y rápida,5730.17,43,1,2026-09-18 09:10:26,2026-09-18 09:24:26
1728,PROD-1728,Chaqueta Camionera de Mezclilla,"Chaqueta clásica de mezclilla resistente para uso diario (Talla L, Color Blanco)",1087.72,17,1,2026-09-18 23:47:44,2026-09-19 00:16:44
1729,PROD-1729,Smart TV OLED C3 65,Televisor inteligente ideal para videojuegos y películas con pánel OLED,8562.97,39,1,2026-09-20 23:50:16,2026-09-20 23:55:16
1730,PROD-1730,iPhone 16 Pro Max 128GB,Smartphone insignia de Apple con acabado en titanio y cámara profesional - Color Negro,4998.41,16,1,2026-09-19 06:15:56,2026-09-19 06:20:56
1731,PROD-1731,Zapatillas Running Pegasus 40,"Calzado de correr con amortiguación reactiva para entrenamiento (Talla M, Color Gris)",628.89,60,1,2026-09-20 10:49:32,2026-09-20 12:13:32
1732,PROD-1732,Smartphone Galaxy S26+ 512GB,Teléfono inteligente con procesador de última generación y batería de larga duración - Color Rojo,7808.06,50,1,2026-09-22 00:11:01,2026-09-22 01:55:01
1733,PROD-1733,Camiseta Graphic Setin Neck,"Playera casual de algodón con estampado frontal (Talla L, Color Gris)",2027.45,47,1,2026-09-21 12:18:12,2026-09-21 12:49:12
1734,PROD-1734,Aspiradora Inalámbrica SpeedPro,Aspiradora escoba sin cable con cabezal de succión de 180 grados,5703.06,40,1,2026-09-18 04:18:39,2026-09-18 04:24:39
1735,PROD-1735,Zapatillas Running Pegasus 40,"Calzado de correr con amortiguación reactiva para entrenamiento (Talla XL, Color Gris)",518.66,27,1,2026-09-20 16:59:06,2026-09-20 17:28:06
1736,PROD-1736,Polerón Adicolor Classics,"Sudadera clásica con el logotipo de las tres tiras (Talla M, Color Negro)",1150.64,28,1,2026-09-17 18:19:59,2026-09-17 18:49:59
1737,PROD-1737,Aspiradora Inalámbrica SpeedPro,Aspiradora escoba sin cable con cabezal de succión de 180 grados,7643.14,9,1,2026-09-20 13:46:06,2026-09-20 15:33:06
1738,PROD-1738,Cámara Alpha 7 IV,Cámara mirrorless profesional de fotograma completo para foto y video,21382.53,24,1,2026-09-18 01:24:53,2026-09-18 01:31:53
1739,PROD-1739,Zapatillas Samba OG,"Tenis de estilo retro icónicos en cuero de primera calidad (Talla XL, Color Negro)",2204.96,59,1,2026-09-20 05:46:29,2026-09-20 05:51:29
1740,PROD-1740,Apple Watch Series 10,Reloj inteligente con sensores avanzados de salud y actividad física,7047.15,32,1,2026-09-20 18:39:34,2026-09-20 18:45:34
1741,PROD-1741,Freidora XXL Airfryer,Freidora de aire de gran capacidad con tecnología de extracción de grasa,4515.77,30,1,2026-09-17 16:53:42,2026-09-17 18:49:42
1742,PROD-1742,Aspiradora Inalámbrica SpeedPro,Aspiradora escoba sin cable con cabezal de succión de 180 grados,6557.85,45,1,2026-09-18 20:38:46,2026-09-18 22:14:46
1743,PROD-1743,Barra de Sonido HT-A7000,Sistema de audio para cine en casa con soporte Dolby Atmos,29938.00,32,1,2026-09-20 03:22:33,2026-09-20 05:02:33
1744,PROD-1744,Licuadora Reversible 2 Velocidades,Licuadora con motor reversible y vaso de vidrio resistente a choques térmicos,4605.04,54,1,2026-09-21 15:50:46,2026-09-21 16:26:46
1745,PROD-1745,Aspiradora Inalámbrica SpeedPro,Aspiradora escoba sin cable con cabezal de succión de 180 grados,4751.78,44,1,2026-09-22 05:06:18,2026-09-22 06:12:18
1746,PROD-1746,Camiseta Graphic Setin Neck,"Playera casual de algodón con estampado frontal (Talla XL, Color Verde)",2484.12,40,1,2026-09-18 08:18:54,2026-09-18 10:14:54
1747,PROD-1747,Barra de Sonido HT-A7000,Sistema de audio para cine en casa con soporte Dolby Atmos,34259.34,10,1,2026-09-19 01:30:31,2026-09-19 03:08:31
1748,PROD-1748,Aspiradora Inalámbrica SpeedPro,Aspiradora escoba sin cable con cabezal de succión de 180 grados,4740.23,10,1,2026-09-21 06:45:19,2026-09-21 07:20:19
1749,PROD-1749,Polera Sportswear Club Fleece,"Sudadera de felpa con capucha y ajuste estándar (Talla S, Color Negro)",1009.82,94,1,2026-09-19 11:51:25,2026-09-19 13:38:25
1750,PROD-1750,Camiseta Graphic Setin Neck,"Playera casual de algodón con estampado frontal (Talla XL, Color Negro)",1295.80,69,1,2026-09-17 18:29:55,2026-09-17 19:14:55
1751,PROD-1751,Polerón Adicolor Classics,"Sudadera clásica con el logotipo de las tres tiras (Talla M, Color Azul)",475.96,20,1,2026-09-19 05:22:12,2026-09-19 07:16:12
1752,PROD-1752,Freidora XXL Airfryer,Freidora de aire de gran capacidad con tecnología de extracción de grasa,3747.34,24,1,2026-09-22 04:39:47,2026-09-22 06:19:47
1753,PROD-1753,Pantalón de Buzo Tech Fleece,"Pantalón deportivo térmico con diseño estilizado (Talla M, Color Blanco)",1705.23,28,1,2026-09-21 07:06:18,2026-09-21 08:29:18
1754,PROD-1754,iPhone 16 Pro 128GB,Teléfono inteligente premium con chip de alto rendimiento y triple cámara - Color Blanco,24797.67,33,1,2026-09-21 01:33:44,2026-09-21 02:13:44
1755,PROD-1755,Refrigeradora InstaView,Refrigerador inteligente con panel de cristal panorámico,8592.31,50,1,2026-09-19 02:50:14,2026-09-19 03:22:14
1756,PROD-1756,Parlante Portátil SRS-XG300,Bocina inalámbrica portátil resistente al agua con graves potentes,26000.34,43,1,2026-09-18 23:17:23,2026-09-19 00:01:23
1757,PROD-1757,Audífonos Galaxy Buds3 Pro,Audífonos inalámbricos con cancelación activa de ruido inteligente,16255.35,37,1,2026-09-18 00:23:21,2026-09-18 00:53:21
1758,PROD-1758,Parlante Portátil SRS-XG300,Bocina inalámbrica portátil resistente al agua con graves potentes,13683.26,48,1,2026-09-20 01:41:22,2026-09-20 01:50:22
1759,PROD-1759,Aspiradora Inalámbrica SpeedPro,Aspiradora escoba sin cable con cabezal de succión de 180 grados,1487.40,28,1,2026-09-21 05:30:20,2026-09-21 07:10:20
1760,PROD-1760,Pantalón de Buzo Tech Fleece,"Pantalón deportivo térmico con diseño estilizado (Talla L, Color Azul)",2376.33,47,1,2026-09-21 07:40:58,2026-09-21 07:43:58
1761,PROD-1761,Consola PlayStation 5 Slim,Consola de videojuegos de última generación con almacenamiento SSD ultra rápido,10825.98,14,1,2026-09-21 03:12:48,2026-09-21 03:15:48
1762,PROD-1762,Smart TV OLED C3 65,Televisor inteligente ideal para videojuegos y películas con pánel OLED,29185.21,37,1,2026-09-21 21:21:03,2026-09-21 23:00:03
1763,PROD-1763,Freidora XXL Airfryer,Freidora de aire de gran capacidad con tecnología de extracción de grasa,3279.18,45,1,2026-09-17 17:51:26,2026-09-17 19:15:26
1764,PROD-1764,Freidora de Aire 4L,Freidora sin aceite para cocinar de manera saludable y rápida,6195.85,49,1,2026-09-18 00:32:02,2026-09-18 00:41:02
1765,PROD-1765,Refrigeradora InstaView,Refrigerador inteligente con panel de cristal panorámico,35922.36,45,1,2026-09-20 20:57:06,2026-09-20 22:30:06
1766,PROD-1766,Polerón Adicolor Classics,"Sudadera clásica con el logotipo de las tres tiras (Talla S, Color Rojo)",2066.14,87,1,2026-09-20 09:53:51,2026-09-20 11:17:51
1767,PROD-1767,Aspiradora Inalámbrica SpeedPro,Aspiradora escoba sin cable con cabezal de succión de 180 grados,2445.79,44,1,2026-09-19 07:47:25,2026-09-19 09:43:25
1768,PROD-1768,Audífonos Bluetooth WH-1000XM5,Audífonos inalámbricos con la mejor cancelación de ruido del mercado,28864.71,28,1,2026-09-18 22:44:08,2026-09-18 23:42:08
1769,PROD-1769,Zapatillas Ultraboost Light,"Tenis de running con retorno de energía superior y ligereza (Talla M, Color Azul)",1925.52,62,1,2026-09-19 17:48:44,2026-09-19 17:58:44
1770,PROD-1770,Polerón Adicolor Classics,"Sudadera clásica con el logotipo de las tres tiras (Talla S, Color Gris)",1754.66,87,1,2026-09-18 22:39:24,2026-09-18 23:36:24
1771,PROD-1771,Jeans 511 Slim Fit,"Pantalón de mezclilla ajustado de estilo moderno (Talla M, Color Azul)",1799.33,95,1,2026-09-18 09:13:40,2026-09-18 10:30:40
1772,PROD-1772,Polera Sportswear Club Fleece,"Sudadera de felpa con capucha y ajuste estándar (Talla L, Color Negro)",525.24,63,1,2026-09-20 14:39:34,2026-09-20 14:57:34
1773,PROD-1773,Freidora XXL Airfryer,Freidora de aire de gran capacidad con tecnología de extracción de grasa,7239.03,37,1,2026-09-17 15:22:07,2026-09-17 15:43:07
1774,PROD-1774,Patinete Eléctrico Pro 4,Scooter eléctrico con gran autonomía para movilidad urbana,27675.59,50,1,2026-09-20 09:32:17,2026-09-20 11:07:17
1775,PROD-1775,iPhone 16 Pro Max 1TB,Smartphone insignia de Apple con acabado en titanio y cámara profesional - Color Negro,24996.65,9,1,2026-09-18 08:23:19,2026-09-18 09:28:19
1776,PROD-1776,Aspiradora Inalámbrica SpeedPro,Aspiradora escoba sin cable con cabezal de succión de 180 grados,3093.20,33,1,2026-09-21 18:36:26,2026-09-21 19:47:26
1777,PROD-1777,Consola PlayStation 5 Slim,Consola de videojuegos de última generación con almacenamiento SSD ultra rápido,12456.69,26,1,2026-09-21 03:14:59,2026-09-21 04:31:59
1778,PROD-1778,Cafetera Programable 12 Tazas,Cafetera de goteo con temporizador programable y jarra de vidrio,743.81,55,1,2026-09-19 16:48:15,2026-09-19 17:45:15
1779,PROD-1779,Zapatillas Samba OG,"Tenis de estilo retro icónicos en cuero de primera calidad (Talla XL, Color Gris)",1978.97,99,1,2026-09-18 08:42:47,2026-09-18 10:15:47
1780,PROD-1780,Refrigeradora InstaView,Refrigerador inteligente con panel de cristal panorámico,3474.53,5,1,2026-09-21 03:33:07,2026-09-21 04:48:07
1781,PROD-1781,Polerón Adicolor Classics,"Sudadera clásica con el logotipo de las tres tiras (Talla XL, Color Azul)",1038.94,32,1,2026-09-20 15:11:23,2026-09-20 16:43:23
1782,PROD-1782,Freidora XXL Airfryer,Freidora de aire de gran capacidad con tecnología de extracción de grasa,2165.20,39,1,2026-09-19 14:47:18,2026-09-19 14:53:18
1783,PROD-1783,Aspiradora Inalámbrica SpeedPro,Aspiradora escoba sin cable con cabezal de succión de 180 grados,2853.28,28,1,2026-09-22 03:23:58,2026-09-22 03:45:58
1784,PROD-1784,Smartphone Galaxy Z Fold 6 1TB,Teléfono plegable con pantalla gigante para productividad y multitarea - Color Rojo,10378.10,44,1,2026-09-19 10:53:34,2026-09-19 11:05:34
1785,PROD-1785,Zapatillas Air Max 270,"Calzado deportivo con cápsula de aire visible para máxima comodidad (Talla S, Color Gris)",938.77,66,1,2026-09-18 21:40:43,2026-09-18 23:33:43
1786,PROD-1786,Cámara Alpha 7 IV,Cámara mirrorless profesional de fotograma completo para foto y video,35602.60,11,1,2026-09-18 22:50:59,2026-09-19 00:15:59
1787,PROD-1787,Jeans 501 Original Fit,"Pantalón de mezclilla clásico de corte recto y ajuste cómodo (Talla M, Color Rojo)",2153.40,31,1,2026-09-17 17:05:34,2026-09-17 18:21:34
1788,PROD-1788,Refrigeradora InstaView,Refrigerador inteligente con panel de cristal panorámico,28864.22,5,1,2026-09-20 12:13:59,2026-09-20 13:59:59
1789,PROD-1789,Audífonos Bluetooth WH-1000XM5,Audífonos inalámbricos con la mejor cancelación de ruido del mercado,10505.23,41,1,2026-09-20 03:13:25,2026-09-20 04:46:25
1790,PROD-1790,Zapatillas Ultraboost Light,"Tenis de running con retorno de energía superior y ligereza (Talla XL, Color Gris)",2323.69,100,1,2026-09-18 06:34:38,2026-09-18 07:30:38
1791,PROD-1791,Polera Sportswear Club Fleece,"Sudadera de felpa con capucha y ajuste estándar (Talla S, Color Blanco)",2485.12,95,1,2026-09-18 06:04:14,2026-09-18 06:49:14
1792,PROD-1792,iPhone 16 Pro 512GB,Teléfono inteligente premium con chip de alto rendimiento y triple cámara - Color Blanco,18500.64,22,1,2026-09-20 07:09:00,2026-09-20 08:29:00
1793,PROD-1793,Cafetera Programable 12 Tazas,Cafetera de goteo con temporizador programable y jarra de vidrio,5628.33,10,1,2026-09-20 04:13:29,2026-09-20 04:25:29
1794,PROD-1794,Freidora XXL Airfryer,Freidora de aire de gran capacidad con tecnología de extracción de grasa,6794.88,50,1,2026-09-21 08:17:21,2026-09-21 08:21:21
1795,PROD-1795,Licuadora Reversible 2 Velocidades,Licuadora con motor reversible y vaso de vidrio resistente a choques térmicos,1440.25,32,1,2026-09-18 21:10:48,2026-09-18 22:36:48
1796,PROD-1796,Smart TV Bravia XR OLED 55,Televisor OLED con negros absolutos y procesador de imagen cognitivo,5875.88,16,1,2026-09-21 23:56:32,2026-09-22 00:59:32
1797,PROD-1797,Jeans 511 Slim Fit,"Pantalón de mezclilla ajustado de estilo moderno (Talla S, Color Rojo)",2192.89,37,1,2026-09-17 13:34:31,2026-09-17 14:29:31
1798,PROD-1798,Robot Aspiradora X10+,Aspiradora robótica con estación de vaciado automático y mapeo láser,22198.21,50,1,2026-09-18 15:02:58,2026-09-18 15:06:58
1799,PROD-1799,Zapatillas Samba OG,"Tenis de estilo retro icónicos en cuero de primera calidad (Talla XL, Color Verde)",1605.38,91,1,2026-09-19 15:53:36,2026-09-19 16:54:36
1800,PROD-1800,Freidora de Aire 4L,Freidora sin aceite para cocinar de manera saludable y rápida,6789.26,26,1,2026-09-21 14:23:26,2026-09-21 15:25:26
1801,PROD-1801,Zapatillas Samba OG,"Tenis de estilo retro icónicos en cuero de primera calidad (Talla L, Color Rojo)",1384.06,22,1,2026-09-18 20:59:37,2026-09-18 21:13:37
1802,PROD-1802,Pantalón de Buzo Tech Fleece,"Pantalón deportivo térmico con diseño estilizado (Talla L, Color Blanco)",1774.20,24,1,2026-09-18 14:46:11,2026-09-18 15:45:11
1803,PROD-1803,Zapatillas Ultraboost Light,"Tenis de running con retorno de energía superior y ligereza (Talla L, Color Verde)",1205.89,26,1,2026-09-22 05:47:07,2026-09-22 07:39:07
1804,PROD-1804,Zapatillas Running Pegasus 40,"Calzado de correr con amortiguación reactiva para entrenamiento (Talla XL, Color Verde)",854.95,47,1,2026-09-19 04:07:44,2026-09-19 05:11:44
1805,PROD-1805,Smartphone Redmi Note 13 Pro 512GB,Teléfono inteligente con excelente relación calidad-precio y gran cámara - Color Gris,24462.11,31,1,2026-09-19 22:06:29,2026-09-19 23:49:29
1806,PROD-1806,Pantalón de Buzo Tech Fleece,"Pantalón deportivo térmico con diseño estilizado (Talla L, Color Negro)",926.88,38,1,2026-09-19 14:36:09,2026-09-19 15:57:09
1807,PROD-1807,Smart TV Bravia XR OLED 55,Televisor OLED con negros absolutos y procesador de imagen cognitivo,15048.31,41,1,2026-09-18 13:21:47,2026-09-18 14:29:47
1808,PROD-1808,Tablet Galaxy Tab S9 256GB,"Tableta de alto rendimiento para diseño, trabajo y entretenimiento - Color Rojo",19661.74,6,1,2026-09-22 09:58:10,2026-09-22 10:46:10
1809,PROD-1809,Cámara Alpha 7 IV,Cámara mirrorless profesional de fotograma completo para foto y video,27722.89,40,1,2026-09-17 22:21:08,2026-09-17 23:44:08
1810,PROD-1810,Smart TV OLED C3 65,Televisor inteligente ideal para videojuegos y películas con pánel OLED,13354.47,17,1,2026-09-18 11:58:24,2026-09-18 13:45:24
1811,PROD-1811,Freidora XXL Airfryer,Freidora de aire de gran capacidad con tecnología de extracción de grasa,2605.42,18,1,2026-09-19 19:33:35,2026-09-19 20:15:35
1812,PROD-1812,Jeans 511 Slim Fit,"Pantalón de mezclilla ajustado de estilo moderno (Talla S, Color Negro)",2167.79,77,1,2026-09-18 04:02:25,2026-09-18 05:06:25
1813,PROD-1813,Zapatillas Air Force 1 '07,"Tenis clásicos de cuero blanco para uso urbano y casual (Talla M, Color Gris)",998.15,39,1,2026-09-21 09:05:11,2026-09-21 10:43:11
1814,PROD-1814,Licuadora Reversible 2 Velocidades,Licuadora con motor reversible y vaso de vidrio resistente a choques térmicos,2470.68,15,1,2026-09-22 11:30:38,2026-09-22 13:10:38
1815,PROD-1815,Zapatillas Samba OG,"Tenis de estilo retro icónicos en cuero de primera calidad (Talla M, Color Verde)",2234.74,20,1,2026-09-18 00:15:17,2026-09-18 00:24:17
1816,PROD-1816,Freidora XXL Airfryer,Freidora de aire de gran capacidad con tecnología de extracción de grasa,512.04,42,1,2026-09-21 05:12:02,2026-09-21 07:09:02
1817,PROD-1817,Smart TV 65 Neo QLED,Televisor inteligente 4K con tecnología de puntos cuánticos y alto contraste,7397.08,43,1,2026-09-19 10:34:32,2026-09-19 12:14:32
1818,PROD-1818,Zapatillas Running Pegasus 40,"Calzado de correr con amortiguación reactiva para entrenamiento (Talla S, Color Gris)",939.21,35,1,2026-09-18 03:37:35,2026-09-18 04:10:35
1819,PROD-1819,Aspiradora Inalámbrica SpeedPro,Aspiradora escoba sin cable con cabezal de succión de 180 grados,2613.41,13,1,2026-09-18 21:28:39,2026-09-18 22:20:39
1820,PROD-1820,Aspiradora Inalámbrica SpeedPro,Aspiradora escoba sin cable con cabezal de succión de 180 grados,2561.61,52,1,2026-09-20 18:45:47,2026-09-20 19:49:47
1821,PROD-1821,Smartphone Redmi Note 13 Pro 1TB,Teléfono inteligente con excelente relación calidad-precio y gran cámara - Color Verde,14474.40,28,1,2026-09-22 04:11:09,2026-09-22 05:20:09
1822,PROD-1822,Freidora de Aire 4L,Freidora sin aceite para cocinar de manera saludable y rápida,2102.86,9,1,2026-09-19 22:58:40,2026-09-20 00:36:40
1823,PROD-1823,Patinete Eléctrico Pro 4,Scooter eléctrico con gran autonomía para movilidad urbana,17426.62,11,1,2026-09-21 10:43:37,2026-09-21 11:22:37
1824,PROD-1824,Jeans 501 Original Fit,"Pantalón de mezclilla clásico de corte recto y ajuste cómodo (Talla S, Color Rojo)",713.90,72,1,2026-09-21 03:31:52,2026-09-21 04:02:52
1825,PROD-1825,Apple Watch Series 10,Reloj inteligente con sensores avanzados de salud y actividad física,22385.34,35,1,2026-09-20 17:20:10,2026-09-20 18:52:10
1826,PROD-1826,Licuadora Reversible 2 Velocidades,Licuadora con motor reversible y vaso de vidrio resistente a choques térmicos,6232.30,24,1,2026-09-20 01:05:27,2026-09-20 01:44:27
1827,PROD-1827,Freidora XXL Airfryer,Freidora de aire de gran capacidad con tecnología de extracción de grasa,677.47,52,1,2026-09-20 23:26:21,2026-09-21 00:42:21
1828,PROD-1828,Chaqueta Camionera de Mezclilla,"Chaqueta clásica de mezclilla resistente para uso diario (Talla M, Color Rojo)",2058.60,79,1,2026-09-20 13:54:02,2026-09-20 14:34:02
1829,PROD-1829,Freidora de Aire 4L,Freidora sin aceite para cocinar de manera saludable y rápida,3906.43,38,1,2026-09-20 16:01:45,2026-09-20 17:12:45
1830,PROD-1830,Licuadora Reversible 2 Velocidades,Licuadora con motor reversible y vaso de vidrio resistente a choques térmicos,3635.34,12,1,2026-09-19 19:49:22,2026-09-19 20:05:22
1831,PROD-1831,Audífonos AirPods Pro 2,Audífonos intrauditivos con cancelación de ruido de nivel superior,27059.28,15,1,2026-09-18 17:51:12,2026-09-18 18:47:12
1832,PROD-1832,Smart TV 65 Neo QLED,Televisor inteligente 4K con tecnología de puntos cuánticos y alto contraste,18079.05,45,1,2026-09-22 10:04:38,2026-09-22 11:11:38
1833,PROD-1833,Camiseta Graphic Setin Neck,"Playera casual de algodón con estampado frontal (Talla XL, Color Negro)",988.01,65,1,2026-09-19 07:57:32,2026-09-19 09:29:32
1834,PROD-1834,Aspiradora Inalámbrica SpeedPro,Aspiradora escoba sin cable con cabezal de succión de 180 grados,5074.76,31,1,2026-09-20 23:13:14,2026-09-21 00:36:14
1835,PROD-1835,MacBook Air 15 M2 256GB,Laptop ultra delgada y liviana con gran autonomía - Color Rojo,34295.84,28,1,2026-09-20 16:44:59,2026-09-20 18:01:59
1836,PROD-1836,Pantalón de Buzo Tech Fleece,"Pantalón deportivo térmico con diseño estilizado (Talla M, Color Gris)",2343.22,27,1,2026-09-18 13:01:43,2026-09-18 14:08:43
1837,PROD-1837,Freidora XXL Airfryer,Freidora de aire de gran capacidad con tecnología de extracción de grasa,2814.43,19,1,2026-09-18 11:00:21,2026-09-18 12:00:21
1838,PROD-1838,Smartphone Galaxy Z Flip 6 256GB,Teléfono plegable compacto con pantalla exterior funcional - Color Blanco,25138.60,39,1,2026-09-20 07:53:50,2026-09-20 08:35:50
1839,PROD-1839,Monitor Odyssey G9,Monitor curvo ultrawide diseñado para gaming profesional,21603.13,9,1,2026-09-19 16:08:53,2026-09-19 17:29:53
1840,PROD-1840,Freidora de Aire 4L,Freidora sin aceite para cocinar de manera saludable y rápida,5179.05,20,1,2026-09-19 05:05:54,2026-09-19 05:41:54
1841,PROD-1841,Polerón Adicolor Classics,"Sudadera clásica con el logotipo de las tres tiras (Talla L, Color Gris)",1692.68,61,1,2026-09-19 02:12:37,2026-09-19 03:23:37
1842,PROD-1842,Licuadora Reversible 2 Velocidades,Licuadora con motor reversible y vaso de vidrio resistente a choques térmicos,4904.06,14,1,2026-09-21 23:31:10,2026-09-21 23:58:10
1843,PROD-1843,Chaqueta Camionera de Mezclilla,"Chaqueta clásica de mezclilla resistente para uso diario (Talla S, Color Blanco)",2063.30,85,1,2026-09-21 11:01:11,2026-09-21 12:39:11
1844,PROD-1844,Zapatillas Running Pegasus 40,"Calzado de correr con amortiguación reactiva para entrenamiento (Talla L, Color Verde)",2223.37,95,1,2026-09-20 10:03:16,2026-09-20 10:29:16
1845,PROD-1845,Smartphone Galaxy Z Fold 6 256GB,Teléfono plegable con pantalla gigante para productividad y multitarea - Color Negro,33498.92,44,1,2026-09-18 10:26:38,2026-09-18 10:44:38
1846,PROD-1846,Smartphone Redmi Note 13 Pro 512GB,Teléfono inteligente con excelente relación calidad-precio y gran cámara - Color Negro,32306.34,8,1,2026-09-18 09:03:29,2026-09-18 10:08:29
1847,PROD-1847,Pantalón de Buzo Tech Fleece,"Pantalón deportivo térmico con diseño estilizado (Talla L, Color Gris)",1425.81,25,1,2026-09-19 00:10:29,2026-09-19 01:21:29
1848,PROD-1848,Pantalón de Buzo Tech Fleece,"Pantalón deportivo térmico con diseño estilizado (Talla XL, Color Gris)",1020.29,76,1,2026-09-19 11:16:19,2026-09-19 12:23:19
1849,PROD-1849,Smart TV OLED C3 65,Televisor inteligente ideal para videojuegos y películas con pánel OLED,34415.28,45,1,2026-09-19 05:33:29,2026-09-19 07:04:29
1850,PROD-1850,Robot Aspiradora X10+,Aspiradora robótica con estación de vaciado automático y mapeo láser,16178.46,49,1,2026-09-22 08:00:39,2026-09-22 08:32:39
1851,PROD-1851,Cafetera Programable 12 Tazas,Cafetera de goteo con temporizador programable y jarra de vidrio,7238.19,49,1,2026-09-19 15:49:01,2026-09-19 16:11:01
1852,PROD-1852,Smart TV Bravia XR OLED 55,Televisor OLED con negros absolutos y procesador de imagen cognitivo,27861.44,27,1,2026-09-21 23:12:14,2026-09-22 00:06:14
1853,PROD-1853,Refrigeradora InstaView,Refrigerador inteligente con panel de cristal panorámico,31608.47,17,1,2026-09-19 20:48:32,2026-09-19 21:35:32
1854,PROD-1854,Smartphone Galaxy Z Fold 6 1TB,Teléfono plegable con pantalla gigante para productividad y multitarea - Color Gris,19173.09,5,1,2026-09-21 02:28:46,2026-09-21 03:07:46
1855,PROD-1855,Chaqueta Camionera de Mezclilla,"Chaqueta clásica de mezclilla resistente para uso diario (Talla L, Color Rojo)",2331.36,87,1,2026-09-19 04:52:20,2026-09-19 04:56:20
1856,PROD-1856,Aspiradora Inalámbrica SpeedPro,Aspiradora escoba sin cable con cabezal de succión de 180 grados,3427.03,52,1,2026-09-21 19:40:32,2026-09-21 20:12:32
1857,PROD-1857,Zapatillas Ultraboost Light,"Tenis de running con retorno de energía superior y ligereza (Talla S, Color Verde)",2344.29,87,1,2026-09-21 09:11:10,2026-09-21 10:09:10
1858,PROD-1858,Camiseta Graphic Setin Neck,"Playera casual de algodón con estampado frontal (Talla S, Color Negro)",1144.50,88,1,2026-09-21 20:59:35,2026-09-21 21:18:35
1859,PROD-1859,Licuadora Reversible 2 Velocidades,Licuadora con motor reversible y vaso de vidrio resistente a choques térmicos,1029.47,15,1,2026-09-17 21:16:20,2026-09-17 22:12:20
1860,PROD-1860,Freidora de Aire 4L,Freidora sin aceite para cocinar de manera saludable y rápida,1140.81,42,1,2026-09-19 05:31:13,2026-09-19 07:20:13
1861,PROD-1861,Refrigeradora InstaView,Refrigerador inteligente con panel de cristal panorámico,1091.94,48,1,2026-09-19 11:12:01,2026-09-19 13:06:01
1862,PROD-1862,Cafetera Programable 12 Tazas,Cafetera de goteo con temporizador programable y jarra de vidrio,5888.23,31,1,2026-09-20 16:18:26,2026-09-20 16:19:26
1863,PROD-1863,Aspiradora Inalámbrica SpeedPro,Aspiradora escoba sin cable con cabezal de succión de 180 grados,6766.65,50,1,2026-09-17 22:03:50,2026-09-17 22:11:50
1864,PROD-1864,Smart TV OLED C3 65,Televisor inteligente ideal para videojuegos y películas con pánel OLED,26377.98,10,1,2026-09-18 14:14:39,2026-09-18 15:10:39
1865,PROD-1865,Parlante Portátil SRS-XG300,Bocina inalámbrica portátil resistente al agua con graves potentes,7553.26,37,1,2026-09-20 00:42:40,2026-09-20 01:04:40
1866,PROD-1866,Freidora de Aire 4L,Freidora sin aceite para cocinar de manera saludable y rápida,2480.60,30,1,2026-09-18 06:15:11,2026-09-18 06:58:11
1867,PROD-1867,Polerón Adicolor Classics,"Sudadera clásica con el logotipo de las tres tiras (Talla S, Color Rojo)",2350.09,21,1,2026-09-18 06:02:29,2026-09-18 07:59:29
1868,PROD-1868,iPhone 16 Pro 256GB,Teléfono inteligente premium con chip de alto rendimiento y triple cámara - Color Gris,21485.77,6,1,2026-09-22 04:46:18,2026-09-22 05:07:18
1869,PROD-1869,iPad Pro 12.9,Tableta profesional con pantalla Liquid Retina XDR y chip M2,16842.39,20,1,2026-09-19 09:56:01,2026-09-19 11:43:01
1870,PROD-1870,Cafetera Programable 12 Tazas,Cafetera de goteo con temporizador programable y jarra de vidrio,6144.33,16,1,2026-09-19 10:19:39,2026-09-19 10:25:39
1871,PROD-1871,Zapatillas Samba OG,"Tenis de estilo retro icónicos en cuero de primera calidad (Talla M, Color Gris)",651.92,50,1,2026-09-20 01:24:01,2026-09-20 01:52:01
1872,PROD-1872,Audífonos Bluetooth WH-1000XM5,Audífonos inalámbricos con la mejor cancelación de ruido del mercado,6787.48,23,1,2026-09-19 02:52:51,2026-09-19 04:21:51
1873,PROD-1873,Zapatillas Air Force 1 '07,"Tenis clásicos de cuero blanco para uso urbano y casual (Talla XL, Color Gris)",1594.20,54,1,2026-09-22 05:35:39,2026-09-22 06:57:39
1874,PROD-1874,Freidora XXL Airfryer,Freidora de aire de gran capacidad con tecnología de extracción de grasa,679.16,45,1,2026-09-19 21:16:42,2026-09-19 21:35:42
1875,PROD-1875,Cafetera Programable 12 Tazas,Cafetera de goteo con temporizador programable y jarra de vidrio,3697.29,49,1,2026-09-22 11:12:24,2026-09-22 12:39:24
1876,PROD-1876,Chaqueta Camionera de Mezclilla,"Chaqueta clásica de mezclilla resistente para uso diario (Talla L, Color Negro)",1453.54,36,1,2026-09-19 02:42:53,2026-09-19 03:09:53
1877,PROD-1877,Zapatillas Air Force 1 '07,"Tenis clásicos de cuero blanco para uso urbano y casual (Talla S, Color Rojo)",1765.41,33,1,2026-09-20 10:19:01,2026-09-20 10:36:01
1878,PROD-1878,Zapatillas Samba OG,"Tenis de estilo retro icónicos en cuero de primera calidad (Talla L, Color Rojo)",1162.51,85,1,2026-09-17 18:02:22,2026-09-17 18:43:22
1879,PROD-1879,Cafetera Programable 12 Tazas,Cafetera de goteo con temporizador programable y jarra de vidrio,3127.52,8,1,2026-09-18 12:13:45,2026-09-18 13:06:45
1880,PROD-1880,Polera Sportswear Club Fleece,"Sudadera de felpa con capucha y ajuste estándar (Talla S, Color Blanco)",2313.27,49,1,2026-09-18 12:48:40,2026-09-18 13:47:40
1881,PROD-1881,Licuadora Reversible 2 Velocidades,Licuadora con motor reversible y vaso de vidrio resistente a choques térmicos,3736.47,47,1,2026-09-20 07:35:03,2026-09-20 08:50:03
1882,PROD-1882,Aspiradora Inalámbrica SpeedPro,Aspiradora escoba sin cable con cabezal de succión de 180 grados,3999.15,23,1,2026-09-19 01:53:36,2026-09-19 03:25:36
1883,PROD-1883,Zapatillas Samba OG,"Tenis de estilo retro icónicos en cuero de primera calidad (Talla XL, Color Verde)",1212.48,15,1,2026-09-18 23:13:57,2026-09-19 00:50:57
1884,PROD-1884,Freidora de Aire 4L,Freidora sin aceite para cocinar de manera saludable y rápida,3636.80,25,1,2026-09-21 01:12:45,2026-09-21 02:03:45
1885,PROD-1885,Licuadora Reversible 2 Velocidades,Licuadora con motor reversible y vaso de vidrio resistente a choques térmicos,4292.75,27,1,2026-09-21 04:01:56,2026-09-21 05:30:56
1886,PROD-1886,Cafetera Programable 12 Tazas,Cafetera de goteo con temporizador programable y jarra de vidrio,6114.06,16,1,2026-09-21 13:43:31,2026-09-21 14:25:31
1887,PROD-1887,Smartphone Galaxy Z Flip 6 256GB,Teléfono plegable compacto con pantalla exterior funcional - Color Gris,16784.33,15,1,2026-09-20 08:11:15,2026-09-20 08:11:15
1888,PROD-1888,Licuadora Reversible 2 Velocidades,Licuadora con motor reversible y vaso de vidrio resistente a choques térmicos,7110.46,27,1,2026-09-19 09:53:47,2026-09-19 10:03:47
1889,PROD-1889,MacBook Pro 16 M3 1TB,Computadora portátil profesional para edición de video y desarrollo - Color Negro,26206.77,14,1,2026-09-21 16:49:42,2026-09-21 18:00:42
1890,PROD-1890,Camiseta Graphic Setin Neck,"Playera casual de algodón con estampado frontal (Talla M, Color Gris)",564.81,80,1,2026-09-21 17:07:48,2026-09-21 17:57:48
1891,PROD-1891,Freidora de Aire 4L,Freidora sin aceite para cocinar de manera saludable y rápida,5480.12,37,1,2026-09-21 19:57:39,2026-09-21 20:28:39
1892,PROD-1892,Smartphone Xiaomi 14 Ultra 512GB,Smartphone de gama alta enfocado en fotografía profesional Leica - Color Blanco,14695.87,25,1,2026-09-19 06:21:10,2026-09-19 08:05:10
1893,PROD-1893,Aspiradora Inalámbrica SpeedPro,Aspiradora escoba sin cable con cabezal de succión de 180 grados,4459.28,30,1,2026-09-20 12:13:29,2026-09-20 13:38:29
1894,PROD-1894,Licuadora Reversible 2 Velocidades,Licuadora con motor reversible y vaso de vidrio resistente a choques térmicos,7130.47,19,1,2026-09-22 04:56:06,2026-09-22 05:26:06
1895,PROD-1895,Polera Sportswear Club Fleece,"Sudadera de felpa con capucha y ajuste estándar (Talla S, Color Rojo)",1638.22,60,1,2026-09-18 00:21:46,2026-09-18 01:43:46
1896,PROD-1896,Audífonos AirPods Max,Audífonos de diadema inalámbricos con sonido de alta fidelidad,7172.95,18,1,2026-09-19 09:04:57,2026-09-19 09:59:57
1897,PROD-1897,Smart TV Bravia XR OLED 55,Televisor OLED con negros absolutos y procesador de imagen cognitivo,23718.60,32,1,2026-09-18 11:03:50,2026-09-18 11:39:50
1898,PROD-1898,Pantalón de Buzo Tech Fleece,"Pantalón deportivo térmico con diseño estilizado (Talla S, Color Gris)",2410.80,63,1,2026-09-18 15:15:14,2026-09-18 15:35:14
1899,PROD-1899,Polerón Adicolor Classics,"Sudadera clásica con el logotipo de las tres tiras (Talla S, Color Azul)",2083.39,54,1,2026-09-21 17:01:30,2026-09-21 18:34:30
1900,PROD-1900,Smartphone Redmi Note 13 Pro 256GB,Teléfono inteligente con excelente relación calidad-precio y gran cámara - Color Gris,5070.25,37,1,2026-09-19 21:01:56,2026-09-19 22:28:56
1901,PROD-1901,Camiseta Graphic Setin Neck,"Playera casual de algodón con estampado frontal (Talla XL, Color Azul)",2008.42,48,1,2026-09-20 03:00:07,2026-09-20 03:33:07
1902,PROD-1902,Cafetera Programable 12 Tazas,Cafetera de goteo con temporizador programable y jarra de vidrio,6534.15,36,1,2026-09-20 14:13:39,2026-09-20 15:00:39
1903,PROD-1903,Zapatillas Samba OG,"Tenis de estilo retro icónicos en cuero de primera calidad (Talla L, Color Negro)",2038.81,64,1,2026-09-20 18:32:45,2026-09-20 20:09:45
1904,PROD-1904,Zapatillas Ultraboost Light,"Tenis de running con retorno de energía superior y ligereza (Talla M, Color Negro)",1074.80,100,1,2026-09-21 03:03:25,2026-09-21 03:36:25
1905,PROD-1905,Refrigeradora InstaView,Refrigerador inteligente con panel de cristal panorámico,26330.82,34,1,2026-09-20 04:26:41,2026-09-20 04:32:41
1906,PROD-1906,Zapatillas Air Force 1 '07,"Tenis clásicos de cuero blanco para uso urbano y casual (Talla S, Color Azul)",1339.54,16,1,2026-09-21 04:23:35,2026-09-21 05:50:35
1907,PROD-1907,Pantalón de Buzo Tech Fleece,"Pantalón deportivo térmico con diseño estilizado (Talla L, Color Verde)",986.71,13,1,2026-09-20 20:09:11,2026-09-20 20:43:11
1908,PROD-1908,Cámara Alpha 7 IV,Cámara mirrorless profesional de fotograma completo para foto y video,15305.64,33,1,2026-09-19 12:23:15,2026-09-19 13:01:15
1909,PROD-1909,Cafetera Programable 12 Tazas,Cafetera de goteo con temporizador programable y jarra de vidrio,1248.79,54,1,2026-09-17 18:26:30,2026-09-17 19:34:30
1910,PROD-1910,Freidora XXL Airfryer,Freidora de aire de gran capacidad con tecnología de extracción de grasa,1731.78,42,1,2026-09-18 02:52:58,2026-09-18 03:08:58
1911,PROD-1911,Cafetera Programable 12 Tazas,Cafetera de goteo con temporizador programable y jarra de vidrio,4150.22,25,1,2026-09-19 15:24:36,2026-09-19 16:22:36
1912,PROD-1912,Cafetera Programable 12 Tazas,Cafetera de goteo con temporizador programable y jarra de vidrio,6635.69,44,1,2026-09-20 07:52:18,2026-09-20 07:57:18
1913,PROD-1913,Cámara Alpha 7 IV,Cámara mirrorless profesional de fotograma completo para foto y video,1859.20,43,1,2026-09-21 22:31:20,2026-09-21 23:52:20
1914,PROD-1914,Robot Aspiradora X10+,Aspiradora robótica con estación de vaciado automático y mapeo láser,35299.46,10,1,2026-09-19 14:18:05,2026-09-19 16:16:05
1915,PROD-1915,Aspiradora Inalámbrica SpeedPro,Aspiradora escoba sin cable con cabezal de succión de 180 grados,3445.62,19,1,2026-09-22 01:51:55,2026-09-22 02:23:55
1916,PROD-1916,Freidora de Aire 4L,Freidora sin aceite para cocinar de manera saludable y rápida,7735.22,58,1,2026-09-18 17:01:11,2026-09-18 18:14:11
1917,PROD-1917,Zapatillas Running Pegasus 40,"Calzado de correr con amortiguación reactiva para entrenamiento (Talla M, Color Verde)",2067.75,57,1,2026-09-21 00:36:28,2026-09-21 01:36:28
1918,PROD-1918,Patinete Eléctrico Pro 4,Scooter eléctrico con gran autonomía para movilidad urbana,27013.88,16,1,2026-09-19 05:25:46,2026-09-19 06:29:46
1919,PROD-1919,Cafetera Programable 12 Tazas,Cafetera de goteo con temporizador programable y jarra de vidrio,3429.90,19,1,2026-09-21 15:52:51,2026-09-21 16:28:51
1920,PROD-1920,Camiseta Graphic Setin Neck,"Playera casual de algodón con estampado frontal (Talla M, Color Negro)",2031.41,94,1,2026-09-18 08:00:30,2026-09-18 08:35:30
1921,PROD-1921,Zapatillas Running Pegasus 40,"Calzado de correr con amortiguación reactiva para entrenamiento (Talla L, Color Negro)",825.85,12,1,2026-09-21 20:21:59,2026-09-21 21:02:59
1922,PROD-1922,Smartphone Galaxy Z Flip 6 1TB,Teléfono plegable compacto con pantalla exterior funcional - Color Rojo,15437.15,43,1,2026-09-19 12:59:15,2026-09-19 14:08:15
1923,PROD-1923,Zapatillas Running Pegasus 40,"Calzado de correr con amortiguación reactiva para entrenamiento (Talla S, Color Gris)",1082.28,54,1,2026-09-22 12:54:49,2026-09-22 13:50:49
1924,PROD-1924,Smart Band 8,Pulsera de actividad física con seguimiento del sueño y deporte,7977.63,49,1,2026-09-18 13:52:10,2026-09-18 15:18:10
1925,PROD-1925,Pantalón de Buzo Tech Fleece,"Pantalón deportivo térmico con diseño estilizado (Talla S, Color Verde)",2182.43,20,1,2026-09-21 09:03:42,2026-09-21 10:05:42
1926,PROD-1926,Freidora XXL Airfryer,Freidora de aire de gran capacidad con tecnología de extracción de grasa,1977.39,41,1,2026-09-19 18:52:37,2026-09-19 19:30:37
1927,PROD-1927,Pantalón de Buzo Tech Fleece,"Pantalón deportivo térmico con diseño estilizado (Talla XL, Color Negro)",685.19,84,1,2026-09-18 13:23:31,2026-09-18 14:42:31
1928,PROD-1928,Zapatillas Samba OG,"Tenis de estilo retro icónicos en cuero de primera calidad (Talla XL, Color Negro)",1965.49,46,1,2026-09-20 22:08:49,2026-09-20 23:43:49
1929,PROD-1929,Camiseta Graphic Setin Neck,"Playera casual de algodón con estampado frontal (Talla M, Color Azul)",1655.31,25,1,2026-09-18 03:14:00,2026-09-18 04:04:00
1930,PROD-1930,iPhone 16 Pro 512GB,Teléfono inteligente premium con chip de alto rendimiento y triple cámara - Color Blanco,31203.71,30,1,2026-09-20 21:13:10,2026-09-20 22:05:10
1931,PROD-1931,Camiseta Graphic Setin Neck,"Playera casual de algodón con estampado frontal (Talla L, Color Gris)",2006.57,90,1,2026-09-18 04:29:40,2026-09-18 05:54:40
1932,PROD-1932,Aspiradora Inalámbrica SpeedPro,Aspiradora escoba sin cable con cabezal de succión de 180 grados,2110.75,33,1,2026-09-20 13:10:30,2026-09-20 14:46:30
1933,PROD-1933,Pantalón de Buzo Tech Fleece,"Pantalón deportivo térmico con diseño estilizado (Talla M, Color Blanco)",1210.12,10,1,2026-09-20 18:41:05,2026-09-20 20:27:05
1934,PROD-1934,Zapatillas Air Max 270,"Calzado deportivo con cápsula de aire visible para máxima comodidad (Talla S, Color Azul)",1597.34,63,1,2026-09-20 02:01:28,2026-09-20 02:53:28
1935,PROD-1935,Smartphone Galaxy Z Fold 6 256GB,Teléfono plegable con pantalla gigante para productividad y multitarea - Color Rojo,22507.17,10,1,2026-09-21 04:25:41,2026-09-21 05:38:41
1936,PROD-1936,Freidora XXL Airfryer,Freidora de aire de gran capacidad con tecnología de extracción de grasa,2870.15,23,1,2026-09-18 13:21:07,2026-09-18 14:33:07
1937,PROD-1937,Freidora XXL Airfryer,Freidora de aire de gran capacidad con tecnología de extracción de grasa,7634.03,9,1,2026-09-22 01:18:42,2026-09-22 02:34:42
1938,PROD-1938,Freidora XXL Airfryer,Freidora de aire de gran capacidad con tecnología de extracción de grasa,6862.35,18,1,2026-09-20 07:46:37,2026-09-20 08:33:37
1939,PROD-1939,Licuadora Reversible 2 Velocidades,Licuadora con motor reversible y vaso de vidrio resistente a choques térmicos,3988.48,53,1,2026-09-18 18:12:20,2026-09-18 18:53:20
1940,PROD-1940,Consola PlayStation 5 Slim,Consola de videojuegos de última generación con almacenamiento SSD ultra rápido,32252.82,18,1,2026-09-21 01:13:44,2026-09-21 02:12:44
1941,PROD-1941,Camiseta Graphic Setin Neck,"Playera casual de algodón con estampado frontal (Talla M, Color Blanco)",2441.53,74,1,2026-09-21 10:31:02,2026-09-21 10:45:02
1942,PROD-1942,Freidora XXL Airfryer,Freidora de aire de gran capacidad con tecnología de extracción de grasa,2260.96,54,1,2026-09-17 23:16:52,2026-09-17 23:16:52
1943,PROD-1943,Cafetera Programable 12 Tazas,Cafetera de goteo con temporizador programable y jarra de vidrio,5544.23,41,1,2026-09-20 09:35:20,2026-09-20 11:25:20
1944,PROD-1944,Camiseta Graphic Setin Neck,"Playera casual de algodón con estampado frontal (Talla L, Color Verde)",1505.28,87,1,2026-09-21 11:20:56,2026-09-21 12:28:56
1945,PROD-1945,Freidora de Aire 4L,Freidora sin aceite para cocinar de manera saludable y rápida,4054.14,54,1,2026-09-17 21:49:00,2026-09-17 22:26:00
1946,PROD-1946,Zapatillas Ultraboost Light,"Tenis de running con retorno de energía superior y ligereza (Talla L, Color Azul)",1890.74,75,1,2026-09-21 08:45:12,2026-09-21 10:08:12
1947,PROD-1947,Zapatillas Air Force 1 '07,"Tenis clásicos de cuero blanco para uso urbano y casual (Talla S, Color Blanco)",2171.20,84,1,2026-09-22 02:51:26,2026-09-22 04:32:26
1948,PROD-1948,iPad Pro 12.9,Tableta profesional con pantalla Liquid Retina XDR y chip M2,15157.70,26,1,2026-09-18 09:46:57,2026-09-18 11:42:57
1949,PROD-1949,Smartphone Xiaomi 14 Ultra 512GB,Smartphone de gama alta enfocado en fotografía profesional Leica - Color Negro,12215.91,49,1,2026-09-17 23:53:48,2026-09-18 00:51:48
1950,PROD-1950,Freidora XXL Airfryer,Freidora de aire de gran capacidad con tecnología de extracción de grasa,6153.05,29,1,2026-09-19 08:06:53,2026-09-19 09:34:53
1951,PROD-1951,Pantalón de Buzo Tech Fleece,"Pantalón deportivo térmico con diseño estilizado (Talla L, Color Rojo)",941.89,14,1,2026-09-22 03:59:07,2026-09-22 04:16:07
1952,PROD-1952,Monitor UltraGear 27,Monitor de alta frecuencia de actualización para juegos competitivos,1420.89,28,1,2026-09-20 23:10:51,2026-09-20 23:56:51
1953,PROD-1953,Aspiradora Inalámbrica SpeedPro,Aspiradora escoba sin cable con cabezal de succión de 180 grados,7580.42,18,1,2026-09-20 23:46:41,2026-09-21 01:07:41
1954,PROD-1954,Pantalón de Buzo Tech Fleece,"Pantalón deportivo térmico con diseño estilizado (Talla L, Color Blanco)",1949.03,98,1,2026-09-18 07:49:53,2026-09-18 08:07:53
1955,PROD-1955,Aspiradora Inalámbrica SpeedPro,Aspiradora escoba sin cable con cabezal de succión de 180 grados,2355.52,22,1,2026-09-17 17:11:17,2026-09-17 18:59:17
1956,PROD-1956,Monitor UltraGear 27,Monitor de alta frecuencia de actualización para juegos competitivos,5766.90,5,1,2026-09-19 02:53:26,2026-09-19 03:39:26
1957,PROD-1957,Aspiradora Inalámbrica SpeedPro,Aspiradora escoba sin cable con cabezal de succión de 180 grados,5100.30,18,1,2026-09-19 15:14:22,2026-09-19 16:36:22
1958,PROD-1958,Refrigeradora InstaView,Refrigerador inteligente con panel de cristal panorámico,11657.52,28,1,2026-09-19 20:09:24,2026-09-19 21:59:24
1959,PROD-1959,Zapatillas Ultraboost Light,"Tenis de running con retorno de energía superior y ligereza (Talla XL, Color Blanco)",1390.60,58,1,2026-09-17 15:10:56,2026-09-17 16:35:56
1960,PROD-1960,Audífonos Bluetooth WH-1000XM5,Audífonos inalámbricos con la mejor cancelación de ruido del mercado,11480.44,19,1,2026-09-18 10:58:04,2026-09-18 11:33:04
1961,PROD-1961,Cafetera Programable 12 Tazas,Cafetera de goteo con temporizador programable y jarra de vidrio,1896.76,39,1,2026-09-20 08:00:11,2026-09-20 09:12:11
1962,PROD-1962,Cafetera Programable 12 Tazas,Cafetera de goteo con temporizador programable y jarra de vidrio,6827.67,58,1,2026-09-22 07:49:29,2026-09-22 08:56:29
1963,PROD-1963,iPad Pro 12.9,Tableta profesional con pantalla Liquid Retina XDR y chip M2,24080.67,30,1,2026-09-21 08:20:10,2026-09-21 08:32:10
1964,PROD-1964,Zapatillas Ultraboost Light,"Tenis de running con retorno de energía superior y ligereza (Talla L, Color Rojo)",2417.56,78,1,2026-09-18 00:40:48,2026-09-18 02:22:48
1965,PROD-1965,Robot Aspiradora X10+,Aspiradora robótica con estación de vaciado automático y mapeo láser,19064.68,20,1,2026-09-19 02:24:10,2026-09-19 04:06:10
1966,PROD-1966,Cafetera Programable 12 Tazas,Cafetera de goteo con temporizador programable y jarra de vidrio,7516.13,23,1,2026-09-18 22:21:50,2026-09-18 23:49:50
1967,PROD-1967,Freidora XXL Airfryer,Freidora de aire de gran capacidad con tecnología de extracción de grasa,705.77,46,1,2026-09-19 03:48:51,2026-09-19 04:58:51
1968,PROD-1968,Jeans 511 Slim Fit,"Pantalón de mezclilla ajustado de estilo moderno (Talla S, Color Blanco)",1473.50,17,1,2026-09-18 19:21:46,2026-09-18 19:50:46
1969,PROD-1969,Refrigeradora InstaView,Refrigerador inteligente con panel de cristal panorámico,17443.52,11,1,2026-09-20 19:18:22,2026-09-20 21:10:22
1970,PROD-1970,Barra de Sonido HT-A7000,Sistema de audio para cine en casa con soporte Dolby Atmos,3093.44,35,1,2026-09-18 06:03:45,2026-09-18 06:59:45
1971,PROD-1971,Smartphone Xiaomi 14 Ultra 128GB,Smartphone de gama alta enfocado en fotografía profesional Leica - Color Rojo,21422.84,43,1,2026-09-20 12:04:04,2026-09-20 12:42:04
1972,PROD-1972,Cafetera Programable 12 Tazas,Cafetera de goteo con temporizador programable y jarra de vidrio,3666.14,15,1,2026-09-21 21:57:52,2026-09-21 23:50:52
1973,PROD-1973,Zapatillas Ultraboost Light,"Tenis de running con retorno de energía superior y ligereza (Talla XL, Color Negro)",891.26,62,1,2026-09-21 04:41:17,2026-09-21 05:15:17
1974,PROD-1974,Zapatillas Ultraboost Light,"Tenis de running con retorno de energía superior y ligereza (Talla L, Color Rojo)",1389.05,46,1,2026-09-21 11:05:07,2026-09-21 11:43:07
1975,PROD-1975,Zapatillas Ultraboost Light,"Tenis de running con retorno de energía superior y ligereza (Talla L, Color Gris)",1807.36,74,1,2026-09-19 10:04:57,2026-09-19 11:24:57
1976,PROD-1976,Jeans 511 Slim Fit,"Pantalón de mezclilla ajustado de estilo moderno (Talla XL, Color Negro)",1036.30,75,1,2026-09-20 09:37:55,2026-09-20 10:40:55
1977,PROD-1977,iPhone 16 Pro 1TB,Teléfono inteligente premium con chip de alto rendimiento y triple cámara - Color Verde,11314.75,33,1,2026-09-19 14:58:47,2026-09-19 16:19:47
1978,PROD-1978,Licuadora Reversible 2 Velocidades,Licuadora con motor reversible y vaso de vidrio resistente a choques térmicos,6318.82,56,1,2026-09-18 22:52:06,2026-09-18 23:19:06
1979,PROD-1979,Zapatillas Samba OG,"Tenis de estilo retro icónicos en cuero de primera calidad (Talla L, Color Rojo)",1364.53,97,1,2026-09-19 08:48:33,2026-09-19 10:46:33
1980,PROD-1980,Cafetera Programable 12 Tazas,Cafetera de goteo con temporizador programable y jarra de vidrio,5506.34,28,1,2026-09-18 11:53:07,2026-09-18 12:17:07
1981,PROD-1981,Jeans 511 Slim Fit,"Pantalón de mezclilla ajustado de estilo moderno (Talla M, Color Gris)",2406.92,70,1,2026-09-21 12:16:52,2026-09-21 13:32:52
1982,PROD-1982,Zapatillas Samba OG,"Tenis de estilo retro icónicos en cuero de primera calidad (Talla M, Color Gris)",1364.76,48,1,2026-09-19 19:06:36,2026-09-19 19:24:36
1983,PROD-1983,Polera Sportswear Club Fleece,"Sudadera de felpa con capucha y ajuste estándar (Talla L, Color Azul)",1012.24,82,1,2026-09-19 22:25:24,2026-09-20 00:02:24
1984,PROD-1984,Camiseta Graphic Setin Neck,"Playera casual de algodón con estampado frontal (Talla S, Color Azul)",1110.27,27,1,2026-09-20 07:38:56,2026-09-20 09:16:56
1985,PROD-1985,Jeans 511 Slim Fit,"Pantalón de mezclilla ajustado de estilo moderno (Talla M, Color Verde)",1890.85,47,1,2026-09-19 19:30:03,2026-09-19 19:33:03
1986,PROD-1986,Pantalón de Buzo Tech Fleece,"Pantalón deportivo térmico con diseño estilizado (Talla L, Color Rojo)",1553.94,35,1,2026-09-22 09:15:01,2026-09-22 09:42:01
1987,PROD-1987,Aspiradora Inalámbrica SpeedPro,Aspiradora escoba sin cable con cabezal de succión de 180 grados,1211.94,23,1,2026-09-18 12:28:20,2026-09-18 13:09:20
1988,PROD-1988,Aspiradora Inalámbrica SpeedPro,Aspiradora escoba sin cable con cabezal de succión de 180 grados,7635.54,10,1,2026-09-22 06:53:03,2026-09-22 08:17:03
1989,PROD-1989,Polerón Adicolor Classics,"Sudadera clásica con el logotipo de las tres tiras (Talla XL, Color Blanco)",952.31,87,1,2026-09-21 02:28:07,2026-09-21 03:16:07
1990,PROD-1990,Smartphone Galaxy S26 Ultra 512GB,Smartphone de alta gama con cámara de 200MP y pantalla Dynamic AMOLED - Color Gris,19595.30,33,1,2026-09-19 06:30:16,2026-09-19 06:44:16
1991,PROD-1991,Jeans 501 Original Fit,"Pantalón de mezclilla clásico de corte recto y ajuste cómodo (Talla L, Color Verde)",1239.62,29,1,2026-09-18 11:00:58,2026-09-18 12:15:58
1992,PROD-1992,Zapatillas Ultraboost Light,"Tenis de running con retorno de energía superior y ligereza (Talla S, Color Azul)",877.24,83,1,2026-09-20 20:42:43,2026-09-20 22:19:43
1993,PROD-1993,Aspiradora Inalámbrica SpeedPro,Aspiradora escoba sin cable con cabezal de succión de 180 grados,5640.73,16,1,2026-09-22 05:33:18,2026-09-22 07:11:18
1994,PROD-1994,Cámara Alpha 7 IV,Cámara mirrorless profesional de fotograma completo para foto y video,32631.17,33,1,2026-09-22 01:56:21,2026-09-22 03:49:21
1995,PROD-1995,iPad Pro 12.9,Tableta profesional con pantalla Liquid Retina XDR y chip M2,17125.59,34,1,2026-09-19 17:51:34,2026-09-19 18:33:34
1996,PROD-1996,Cámara Alpha 7 IV,Cámara mirrorless profesional de fotograma completo para foto y video,21928.40,6,1,2026-09-18 09:32:16,2026-09-18 09:47:16
1997,PROD-1997,Aspiradora Inalámbrica SpeedPro,Aspiradora escoba sin cable con cabezal de succión de 180 grados,3411.94,39,1,2026-09-22 09:20:27,2026-09-22 09:26:27
1998,PROD-1998,Cafetera Programable 12 Tazas,Cafetera de goteo con temporizador programable y jarra de vidrio,3238.41,44,1,2026-09-20 04:46:57,2026-09-20 04:50:57
1999,PROD-1999,Aspiradora Inalámbrica SpeedPro,Aspiradora escoba sin cable con cabezal de succión de 180 grados,2548.11,29,1,2026-09-21 09:29:49,2026-09-21 09:37:49
2000,PROD-2000,Cafetera Programable 12 Tazas,Cafetera de goteo con temporizador programable y jarra de vidrio,1100.29,43,1,2026-09-22 06:47:28,2026-09-22 07:01:28
2001,PROD-2001,Cafetera Programable 12 Tazas,Cafetera de goteo con temporizador programable y jarra de vidrio,6831.87,13,1,2026-09-21 00:41:37,2026-09-21 02:39:37
2002,PROD-2002,Polerón Adicolor Classics,"Sudadera clásica con el logotipo de las tres tiras (Talla M, Color Negro)",1999.30,65,1,2026-09-22 12:12:14,2026-09-22 12:47:14
2003,PROD-2003,Zapatillas Air Max 270,"Calzado deportivo con cápsula de aire visible para máxima comodidad (Talla L, Color Negro)",740.60,83,1,2026-09-19 14:35:53,2026-09-19 15:33:53
2004,PROD-2004,Freidora XXL Airfryer,Freidora de aire de gran capacidad con tecnología de extracción de grasa,3451.14,26,1,2026-09-17 14:02:06,2026-09-17 15:21:06
2005,PROD-2005,Jeans 501 Original Fit,"Pantalón de mezclilla clásico de corte recto y ajuste cómodo (Talla M, Color Gris)",1268.37,43,1,2026-09-18 21:34:13,2026-09-18 22:48:13
2006,PROD-2006,Aspiradora Inalámbrica SpeedPro,Aspiradora escoba sin cable con cabezal de succión de 180 grados,5367.46,20,1,2026-09-22 05:14:18,2026-09-22 06:59:18
2007,PROD-2007,Freidora XXL Airfryer,Freidora de aire de gran capacidad con tecnología de extracción de grasa,1835.24,17,1,2026-09-18 19:07:53,2026-09-18 19:46:53
2008,PROD-2008,Smartphone Galaxy S26 Ultra 128GB,Smartphone de alta gama con cámara de 200MP y pantalla Dynamic AMOLED - Color Blanco,19672.71,9,1,2026-09-19 12:47:58,2026-09-19 14:38:58
2009,PROD-2009,Jeans 511 Slim Fit,"Pantalón de mezclilla ajustado de estilo moderno (Talla M, Color Gris)",701.07,44,1,2026-09-18 23:02:23,2026-09-19 01:01:23
2010,PROD-2010,Consola PlayStation 5 Slim,Consola de videojuegos de última generación con almacenamiento SSD ultra rápido,5374.58,33,1,2026-09-18 07:02:20,2026-09-18 08:48:20
2011,PROD-2011,Camiseta Graphic Setin Neck,"Playera casual de algodón con estampado frontal (Talla M, Color Azul)",455.81,66,1,2026-09-19 23:14:39,2026-09-19 23:39:39
2012,PROD-2012,Robot Aspiradora X10+,Aspiradora robótica con estación de vaciado automático y mapeo láser,29414.73,10,1,2026-09-18 14:36:36,2026-09-18 15:40:36
2013,PROD-2013,Licuadora Reversible 2 Velocidades,Licuadora con motor reversible y vaso de vidrio resistente a choques térmicos,6150.21,15,1,2026-09-20 12:20:28,2026-09-20 13:54:28
2014,PROD-2014,Aspiradora Inalámbrica SpeedPro,Aspiradora escoba sin cable con cabezal de succión de 180 grados,3554.97,21,1,2026-09-18 02:19:55,2026-09-18 04:01:55
2015,PROD-2015,Aspiradora Inalámbrica SpeedPro,Aspiradora escoba sin cable con cabezal de succión de 180 grados,2340.16,15,1,2026-09-20 07:39:30,2026-09-20 07:41:30
2016,PROD-2016,Smart Band 8,Pulsera de actividad física con seguimiento del sueño y deporte,14710.95,11,1,2026-09-19 16:45:50,2026-09-19 17:31:50
2017,PROD-2017,Camiseta Graphic Setin Neck,"Playera casual de algodón con estampado frontal (Talla L, Color Blanco)",2499.37,20,1,2026-09-21 11:50:09,2026-09-21 13:12:09
2018,PROD-2018,Zapatillas Air Force 1 '07,"Tenis clásicos de cuero blanco para uso urbano y casual (Talla L, Color Verde)",1741.82,51,1,2026-09-17 19:43:01,2026-09-17 20:01:01
2019,PROD-2019,iPhone 16 Pro Max 256GB,Smartphone insignia de Apple con acabado en titanio y cámara profesional - Color Rojo,6029.42,49,1,2026-09-20 09:31:52,2026-09-20 11:08:52
2020,PROD-2020,Smartphone Galaxy Z Fold 6 512GB,Teléfono plegable con pantalla gigante para productividad y multitarea - Color Gris,22423.20,15,1,2026-09-20 02:09:57,2026-09-20 02:31:57
2021,PROD-2021,Smart TV OLED C3 65,Televisor inteligente ideal para videojuegos y películas con pánel OLED,26839.82,47,1,2026-09-18 15:33:33,2026-09-18 16:19:33
2022,PROD-2022,iPhone 16 Pro Max 1TB,Smartphone insignia de Apple con acabado en titanio y cámara profesional - Color Blanco,11365.30,45,1,2026-09-19 19:27:30,2026-09-19 21:23:30
2023,PROD-2023,Zapatillas Samba OG,"Tenis de estilo retro icónicos en cuero de primera calidad (Talla S, Color Negro)",1062.90,70,1,2026-09-17 18:05:37,2026-09-17 19:39:37
2024,PROD-2024,Smartphone Redmi Note 13 Pro 1TB,Teléfono inteligente con excelente relación calidad-precio y gran cámara - Color Rojo,26149.56,15,1,2026-09-18 12:08:42,2026-09-18 12:20:42
2025,PROD-2025,Audífonos Bluetooth WH-1000XM5,Audífonos inalámbricos con la mejor cancelación de ruido del mercado,3770.40,9,1,2026-09-18 05:28:50,2026-09-18 06:28:50
2026,PROD-2026,Zapatillas Running Pegasus 40,"Calzado de correr con amortiguación reactiva para entrenamiento (Talla XL, Color Blanco)",2192.37,91,1,2026-09-17 13:12:53,2026-09-17 13:51:53
2027,PROD-2027,Polera Sportswear Club Fleece,"Sudadera de felpa con capucha y ajuste estándar (Talla M, Color Gris)",1761.20,56,1,2026-09-21 06:28:23,2026-09-21 07:53:23
2028,PROD-2028,Freidora de Aire 4L,Freidora sin aceite para cocinar de manera saludable y rápida,4145.29,44,1,2026-09-18 17:41:45,2026-09-18 17:57:45
2029,PROD-2029,Smart TV OLED C3 65,Televisor inteligente ideal para videojuegos y películas con pánel OLED,29093.39,14,1,2026-09-18 21:57:29,2026-09-18 23:21:29
2030,PROD-2030,Smart TV 65 Neo QLED,Televisor inteligente 4K con tecnología de puntos cuánticos y alto contraste,10521.64,44,1,2026-09-18 04:26:04,2026-09-18 04:57:04
2031,PROD-2031,Audífonos Bluetooth WH-1000XM5,Audífonos inalámbricos con la mejor cancelación de ruido del mercado,26416.07,24,1,2026-09-19 12:58:09,2026-09-19 14:28:09
2032,PROD-2032,Polerón Adicolor Classics,"Sudadera clásica con el logotipo de las tres tiras (Talla L, Color Blanco)",1055.08,57,1,2026-09-21 13:24:15,2026-09-21 13:42:15
2033,PROD-2033,Cafetera Programable 12 Tazas,Cafetera de goteo con temporizador programable y jarra de vidrio,7285.71,32,1,2026-09-21 09:08:02,2026-09-21 09:14:02
2034,PROD-2034,iPhone 16 Pro Max 256GB,Smartphone insignia de Apple con acabado en titanio y cámara profesional - Color Verde,1711.05,20,1,2026-09-18 12:41:09,2026-09-18 13:31:09
2035,PROD-2035,Camiseta Graphic Setin Neck,"Playera casual de algodón con estampado frontal (Talla XL, Color Gris)",753.66,83,1,2026-09-20 00:11:16,2026-09-20 01:08:16
2036,PROD-2036,Robot Aspiradora X10+,Aspiradora robótica con estación de vaciado automático y mapeo láser,9829.56,33,1,2026-09-18 06:16:06,2026-09-18 07:51:06
2037,PROD-2037,Polerón Adicolor Classics,"Sudadera clásica con el logotipo de las tres tiras (Talla L, Color Gris)",2492.87,33,1,2026-09-19 02:17:17,2026-09-19 03:00:17
2038,PROD-2038,Zapatillas Samba OG,"Tenis de estilo retro icónicos en cuero de primera calidad (Talla S, Color Verde)",2190.86,76,1,2026-09-19 03:23:31,2026-09-19 03:31:31
2039,PROD-2039,Zapatillas Air Force 1 '07,"Tenis clásicos de cuero blanco para uso urbano y casual (Talla M, Color Negro)",838.32,68,1,2026-09-18 05:17:42,2026-09-18 05:32:42
2040,PROD-2040,Freidora XXL Airfryer,Freidora de aire de gran capacidad con tecnología de extracción de grasa,7037.13,27,1,2026-09-20 07:01:09,2026-09-20 07:56:09
2041,PROD-2041,Cafetera Programable 12 Tazas,Cafetera de goteo con temporizador programable y jarra de vidrio,1787.85,60,1,2026-09-20 15:30:56,2026-09-20 15:54:56
2042,PROD-2042,iPhone 16 Pro Max 256GB,Smartphone insignia de Apple con acabado en titanio y cámara profesional - Color Verde,26933.15,38,1,2026-09-21 04:37:38,2026-09-21 06:16:38
2043,PROD-2043,Refrigeradora InstaView,Refrigerador inteligente con panel de cristal panorámico,19139.11,39,1,2026-09-19 17:55:31,2026-09-19 19:04:31
2044,PROD-2044,Smart TV OLED C3 65,Televisor inteligente ideal para videojuegos y películas con pánel OLED,13793.76,11,1,2026-09-21 16:11:58,2026-09-21 16:32:58
2045,PROD-2045,Cafetera Programable 12 Tazas,Cafetera de goteo con temporizador programable y jarra de vidrio,1555.59,47,1,2026-09-20 02:51:41,2026-09-20 04:40:41
2046,PROD-2046,Consola PlayStation 5 Slim,Consola de videojuegos de última generación con almacenamiento SSD ultra rápido,34546.52,30,1,2026-09-19 08:17:24,2026-09-19 09:06:24
2047,PROD-2047,Aspiradora Inalámbrica SpeedPro,Aspiradora escoba sin cable con cabezal de succión de 180 grados,3956.83,16,1,2026-09-21 22:11:33,2026-09-22 00:11:33
2048,PROD-2048,Jeans 501 Original Fit,"Pantalón de mezclilla clásico de corte recto y ajuste cómodo (Talla L, Color Verde)",1544.88,49,1,2026-09-18 19:30:42,2026-09-18 21:28:42
2049,PROD-2049,Licuadora Reversible 2 Velocidades,Licuadora con motor reversible y vaso de vidrio resistente a choques térmicos,6139.29,16,1,2026-09-18 10:03:03,2026-09-18 11:04:03
2050,PROD-2050,Apple Watch Series 10,Reloj inteligente con sensores avanzados de salud y actividad física,28414.11,46,1,2026-09-20 02:07:56,2026-09-20 02:57:56
2051,PROD-2051,Licuadora Reversible 2 Velocidades,Licuadora con motor reversible y vaso de vidrio resistente a choques térmicos,6740.90,12,1,2026-09-18 22:04:04,2026-09-18 22:39:04
2052,PROD-2052,Smartphone Redmi Note 13 Pro 256GB,Teléfono inteligente con excelente relación calidad-precio y gran cámara - Color Blanco,16240.04,48,1,2026-09-19 05:13:40,2026-09-19 06:50:40
2053,PROD-2053,Jeans 501 Original Fit,"Pantalón de mezclilla clásico de corte recto y ajuste cómodo (Talla L, Color Rojo)",570.62,90,1,2026-09-21 04:15:53,2026-09-21 05:15:53
2054,PROD-2054,Patinete Eléctrico Pro 4,Scooter eléctrico con gran autonomía para movilidad urbana,29689.53,39,1,2026-09-22 01:18:14,2026-09-22 02:36:14
2055,PROD-2055,Jeans 501 Original Fit,"Pantalón de mezclilla clásico de corte recto y ajuste cómodo (Talla L, Color Gris)",2391.40,15,1,2026-09-19 20:40:11,2026-09-19 22:27:11
2056,PROD-2056,Camiseta Graphic Setin Neck,"Playera casual de algodón con estampado frontal (Talla XL, Color Rojo)",712.18,100,1,2026-09-21 17:48:27,2026-09-21 19:38:27
2057,PROD-2057,Zapatillas Air Max 270,"Calzado deportivo con cápsula de aire visible para máxima comodidad (Talla S, Color Negro)",2494.85,87,1,2026-09-21 04:21:08,2026-09-21 06:11:08
2058,PROD-2058,Camiseta Graphic Setin Neck,"Playera casual de algodón con estampado frontal (Talla XL, Color Azul)",471.80,23,1,2026-09-22 05:14:28,2026-09-22 05:49:28
2059,PROD-2059,Aspiradora Inalámbrica SpeedPro,Aspiradora escoba sin cable con cabezal de succión de 180 grados,5266.02,29,1,2026-09-20 02:13:30,2026-09-20 03:38:30
2060,PROD-2060,Zapatillas Air Force 1 '07,"Tenis clásicos de cuero blanco para uso urbano y casual (Talla S, Color Negro)",1883.16,72,1,2026-09-19 00:27:42,2026-09-19 01:41:42
2061,PROD-2061,Camiseta Graphic Setin Neck,"Playera casual de algodón con estampado frontal (Talla L, Color Negro)",2494.20,100,1,2026-09-20 12:09:35,2026-09-20 13:20:35
2062,PROD-2062,Aspiradora Inalámbrica SpeedPro,Aspiradora escoba sin cable con cabezal de succión de 180 grados,719.97,14,1,2026-09-21 03:05:04,2026-09-21 04:52:04
2063,PROD-2063,Cafetera Programable 12 Tazas,Cafetera de goteo con temporizador programable y jarra de vidrio,1121.34,56,1,2026-09-18 23:51:37,2026-09-19 00:37:37
2064,PROD-2064,Aspiradora Inalámbrica SpeedPro,Aspiradora escoba sin cable con cabezal de succión de 180 grados,5859.00,10,1,2026-09-19 15:41:22,2026-09-19 17:03:22
2065,PROD-2065,Zapatillas Running Pegasus 40,"Calzado de correr con amortiguación reactiva para entrenamiento (Talla S, Color Azul)",2098.30,90,1,2026-09-22 01:31:07,2026-09-22 03:10:07
2066,PROD-2066,Zapatillas Ultraboost Light,"Tenis de running con retorno de energía superior y ligereza (Talla M, Color Rojo)",738.59,90,1,2026-09-19 13:01:05,2026-09-19 13:13:05
2067,PROD-2067,Zapatillas Air Force 1 '07,"Tenis clásicos de cuero blanco para uso urbano y casual (Talla XL, Color Gris)",1120.97,97,1,2026-09-19 15:12:56,2026-09-19 15:57:56
2068,PROD-2068,Smart TV Bravia XR OLED 55,Televisor OLED con negros absolutos y procesador de imagen cognitivo,28321.70,25,1,2026-09-20 07:50:26,2026-09-20 09:19:26
2069,PROD-2069,Freidora XXL Airfryer,Freidora de aire de gran capacidad con tecnología de extracción de grasa,1991.30,57,1,2026-09-20 20:48:46,2026-09-20 22:10:46
2070,PROD-2070,Zapatillas Samba OG,"Tenis de estilo retro icónicos en cuero de primera calidad (Talla L, Color Blanco)",2166.15,21,1,2026-09-19 13:43:03,2026-09-19 14:28:03
2071,PROD-2071,Freidora de Aire 4L,Freidora sin aceite para cocinar de manera saludable y rápida,6697.99,14,1,2026-09-21 22:14:59,2026-09-21 22:25:59
2072,PROD-2072,Aspiradora Inalámbrica SpeedPro,Aspiradora escoba sin cable con cabezal de succión de 180 grados,5125.68,48,1,2026-09-18 16:13:33,2026-09-18 17:49:33
2073,PROD-2073,Chaqueta Camionera de Mezclilla,"Chaqueta clásica de mezclilla resistente para uso diario (Talla XL, Color Gris)",1074.55,66,1,2026-09-19 17:45:05,2026-09-19 19:21:05
2074,PROD-2074,iPad Pro 12.9,Tableta profesional con pantalla Liquid Retina XDR y chip M2,1065.42,17,1,2026-09-21 01:50:50,2026-09-21 02:29:50
2075,PROD-2075,Freidora XXL Airfryer,Freidora de aire de gran capacidad con tecnología de extracción de grasa,3424.58,52,1,2026-09-18 00:10:06,2026-09-18 00:35:06
2076,PROD-2076,Smart TV 65 Neo QLED,Televisor inteligente 4K con tecnología de puntos cuánticos y alto contraste,30753.41,14,1,2026-09-21 21:22:06,2026-09-21 22:05:06
2077,PROD-2077,Aspiradora Inalámbrica SpeedPro,Aspiradora escoba sin cable con cabezal de succión de 180 grados,1411.05,32,1,2026-09-18 04:12:04,2026-09-18 06:00:04
2078,PROD-2078,Freidora XXL Airfryer,Freidora de aire de gran capacidad con tecnología de extracción de grasa,2861.16,22,1,2026-09-20 05:33:31,2026-09-20 07:18:31
2079,PROD-2079,Audífonos AirPods Pro 2,Audífonos intrauditivos con cancelación de ruido de nivel superior,6002.92,22,1,2026-09-17 16:56:54,2026-09-17 17:59:54
2080,PROD-2080,MacBook Pro 16 M3 256GB,Computadora portátil profesional para edición de video y desarrollo - Color Azul,23500.27,18,1,2026-09-18 10:16:54,2026-09-18 10:17:54
2081,PROD-2081,Jeans 501 Original Fit,"Pantalón de mezclilla clásico de corte recto y ajuste cómodo (Talla XL, Color Azul)",1241.23,80,1,2026-09-20 23:50:35,2026-09-21 00:14:35
2082,PROD-2082,Camiseta Graphic Setin Neck,"Playera casual de algodón con estampado frontal (Talla XL, Color Verde)",912.21,56,1,2026-09-22 10:07:01,2026-09-22 11:49:01
2083,PROD-2083,Polera Sportswear Club Fleece,"Sudadera de felpa con capucha y ajuste estándar (Talla L, Color Blanco)",1038.33,55,1,2026-09-18 00:19:46,2026-09-18 01:47:46
2084,PROD-2084,Barra de Sonido HT-A7000,Sistema de audio para cine en casa con soporte Dolby Atmos,9264.79,39,1,2026-09-21 01:25:35,2026-09-21 01:41:35
2085,PROD-2085,Refrigeradora InstaView,Refrigerador inteligente con panel de cristal panorámico,17388.69,25,1,2026-09-18 04:22:24,2026-09-18 06:05:24
2086,PROD-2086,Cafetera Programable 12 Tazas,Cafetera de goteo con temporizador programable y jarra de vidrio,3047.41,52,1,2026-09-21 11:02:22,2026-09-21 12:12:22
2087,PROD-2087,Patinete Eléctrico Pro 4,Scooter eléctrico con gran autonomía para movilidad urbana,20886.20,8,1,2026-09-20 08:08:12,2026-09-20 09:27:12
2088,PROD-2088,Zapatillas Running Pegasus 40,"Calzado de correr con amortiguación reactiva para entrenamiento (Talla XL, Color Negro)",2399.30,31,1,2026-09-17 16:19:49,2026-09-17 17:30:49
2089,PROD-2089,Polerón Adicolor Classics,"Sudadera clásica con el logotipo de las tres tiras (Talla S, Color Gris)",1374.75,100,1,2026-09-18 10:38:46,2026-09-18 10:46:46
2090,PROD-2090,Freidora XXL Airfryer,Freidora de aire de gran capacidad con tecnología de extracción de grasa,7655.98,25,1,2026-09-21 00:05:09,2026-09-21 00:37:09
2091,PROD-2091,Cafetera Programable 12 Tazas,Cafetera de goteo con temporizador programable y jarra de vidrio,4942.81,35,1,2026-09-21 19:40:07,2026-09-21 21:17:07
2092,PROD-2092,Smartphone Xiaomi 14 Ultra 1TB,Smartphone de gama alta enfocado en fotografía profesional Leica - Color Gris,19613.05,48,1,2026-09-19 09:28:45,2026-09-19 10:10:45
2093,PROD-2093,Refrigeradora InstaView,Refrigerador inteligente con panel de cristal panorámico,34092.51,14,1,2026-09-22 04:42:37,2026-09-22 05:51:37
2094,PROD-2094,Freidora XXL Airfryer,Freidora de aire de gran capacidad con tecnología de extracción de grasa,7778.75,11,1,2026-09-21 20:49:07,2026-09-21 22:25:07
2095,PROD-2095,Zapatillas Ultraboost Light,"Tenis de running con retorno de energía superior y ligereza (Talla S, Color Rojo)",486.80,62,1,2026-09-21 23:28:44,2026-09-21 23:48:44
2096,PROD-2096,Licuadora Reversible 2 Velocidades,Licuadora con motor reversible y vaso de vidrio resistente a choques térmicos,7846.34,57,1,2026-09-22 03:37:15,2026-09-22 03:59:15
2097,PROD-2097,Monitor Odyssey G9,Monitor curvo ultrawide diseñado para gaming profesional,26367.68,26,1,2026-09-18 02:05:12,2026-09-18 02:17:12
2098,PROD-2098,Polerón Adicolor Classics,"Sudadera clásica con el logotipo de las tres tiras (Talla XL, Color Azul)",1169.78,70,1,2026-09-18 09:16:53,2026-09-18 11:04:53
2099,PROD-2099,Jeans 501 Original Fit,"Pantalón de mezclilla clásico de corte recto y ajuste cómodo (Talla L, Color Gris)",731.43,65,1,2026-09-19 01:48:42,2026-09-19 02:51:42
2100,PROD-2100,MacBook Air 15 M2 1TB,Laptop ultra delgada y liviana con gran autonomía - Color Blanco,8545.73,46,1,2026-09-21 09:17:53,2026-09-21 09:27:53
2101,PROD-2101,Zapatillas Air Force 1 '07,"Tenis clásicos de cuero blanco para uso urbano y casual (Talla L, Color Negro)",2240.50,17,1,2026-09-20 22:14:50,2026-09-20 22:21:50
2102,PROD-2102,Freidora XXL Airfryer,Freidora de aire de gran capacidad con tecnología de extracción de grasa,1680.70,41,1,2026-09-17 14:56:29,2026-09-17 14:56:29
2103,PROD-2103,Polera Sportswear Club Fleece,"Sudadera de felpa con capucha y ajuste estándar (Talla S, Color Rojo)",1561.23,18,1,2026-09-18 14:12:58,2026-09-18 14:36:58
2104,PROD-2104,Freidora XXL Airfryer,Freidora de aire de gran capacidad con tecnología de extracción de grasa,4467.63,30,1,2026-09-18 03:13:52,2026-09-18 05:04:52
2105,PROD-2105,Cafetera Programable 12 Tazas,Cafetera de goteo con temporizador programable y jarra de vidrio,3243.68,19,1,2026-09-20 05:17:27,2026-09-20 06:47:27
2106,PROD-2106,Smart TV OLED C3 65,Televisor inteligente ideal para videojuegos y películas con pánel OLED,29409.83,33,1,2026-09-17 17:31:42,2026-09-17 18:50:42
2107,PROD-2107,Smart TV OLED C3 65,Televisor inteligente ideal para videojuegos y películas con pánel OLED,29155.77,24,1,2026-09-19 07:33:08,2026-09-19 07:46:08
2108,PROD-2108,Zapatillas Ultraboost Light,"Tenis de running con retorno de energía superior y ligereza (Talla M, Color Negro)",1419.95,87,1,2026-09-18 11:43:12,2026-09-18 13:01:12
2109,PROD-2109,Zapatillas Running Pegasus 40,"Calzado de correr con amortiguación reactiva para entrenamiento (Talla XL, Color Azul)",2379.62,95,1,2026-09-20 21:51:32,2026-09-20 21:59:32
2110,PROD-2110,Chaqueta Camionera de Mezclilla,"Chaqueta clásica de mezclilla resistente para uso diario (Talla M, Color Blanco)",2414.83,72,1,2026-09-18 16:32:19,2026-09-18 18:13:19
2111,PROD-2111,Chaqueta Camionera de Mezclilla,"Chaqueta clásica de mezclilla resistente para uso diario (Talla S, Color Azul)",2093.45,94,1,2026-09-21 20:10:00,2026-09-21 21:46:00
2112,PROD-2112,Cafetera Programable 12 Tazas,Cafetera de goteo con temporizador programable y jarra de vidrio,1091.25,49,1,2026-09-19 11:47:37,2026-09-19 13:43:37
2113,PROD-2113,Freidora XXL Airfryer,Freidora de aire de gran capacidad con tecnología de extracción de grasa,2547.47,16,1,2026-09-20 06:20:25,2026-09-20 07:57:25
2114,PROD-2114,Barra de Sonido HT-A7000,Sistema de audio para cine en casa con soporte Dolby Atmos,15634.33,32,1,2026-09-19 20:01:26,2026-09-19 20:11:26
2115,PROD-2115,Camiseta Graphic Setin Neck,"Playera casual de algodón con estampado frontal (Talla S, Color Gris)",1556.69,88,1,2026-09-19 21:44:02,2026-09-19 22:23:02
2116,PROD-2116,Zapatillas Air Force 1 '07,"Tenis clásicos de cuero blanco para uso urbano y casual (Talla S, Color Blanco)",2385.58,49,1,2026-09-21 02:39:58,2026-09-21 04:14:58
2117,PROD-2117,Cafetera Programable 12 Tazas,Cafetera de goteo con temporizador programable y jarra de vidrio,2783.77,11,1,2026-09-20 18:55:17,2026-09-20 18:58:17
2118,PROD-2118,Smart TV Bravia XR OLED 55,Televisor OLED con negros absolutos y procesador de imagen cognitivo,7182.48,39,1,2026-09-17 20:44:46,2026-09-17 22:29:46
2119,PROD-2119,Freidora XXL Airfryer,Freidora de aire de gran capacidad con tecnología de extracción de grasa,4266.47,51,1,2026-09-21 18:56:08,2026-09-21 19:01:08
2120,PROD-2120,Monitor Odyssey G9,Monitor curvo ultrawide diseñado para gaming profesional,34223.73,19,1,2026-09-21 20:51:43,2026-09-21 21:31:43
2121,PROD-2121,Audífonos AirPods Max,Audífonos de diadema inalámbricos con sonido de alta fidelidad,7839.16,45,1,2026-09-21 06:23:12,2026-09-21 06:24:12
2122,PROD-2122,Smartphone Xiaomi 14 Ultra 128GB,Smartphone de gama alta enfocado en fotografía profesional Leica - Color Gris,668.23,20,1,2026-09-21 13:10:12,2026-09-21 14:54:12
2123,PROD-2123,Camiseta Graphic Setin Neck,"Playera casual de algodón con estampado frontal (Talla M, Color Gris)",2322.80,61,1,2026-09-17 19:37:40,2026-09-17 19:56:40
2124,PROD-2124,Smart TV OLED C3 65,Televisor inteligente ideal para videojuegos y películas con pánel OLED,22572.61,21,1,2026-09-20 02:41:25,2026-09-20 04:08:25
2125,PROD-2125,Freidora XXL Airfryer,Freidora de aire de gran capacidad con tecnología de extracción de grasa,7546.07,49,1,2026-09-22 00:23:23,2026-09-22 02:19:23
2126,PROD-2126,Zapatillas Air Force 1 '07,"Tenis clásicos de cuero blanco para uso urbano y casual (Talla XL, Color Azul)",1160.83,34,1,2026-09-22 12:03:13,2026-09-22 13:42:13
2127,PROD-2127,Zapatillas Running Pegasus 40,"Calzado de correr con amortiguación reactiva para entrenamiento (Talla S, Color Verde)",1838.92,15,1,2026-09-21 18:28:20,2026-09-21 20:06:20
2128,PROD-2128,Jeans 511 Slim Fit,"Pantalón de mezclilla ajustado de estilo moderno (Talla S, Color Verde)",595.92,30,1,2026-09-22 08:20:06,2026-09-22 09:22:06
2129,PROD-2129,Audífonos AirPods Pro 2,Audífonos intrauditivos con cancelación de ruido de nivel superior,12121.94,21,1,2026-09-21 16:16:25,2026-09-21 17:47:25
2130,PROD-2130,Aspiradora Inalámbrica SpeedPro,Aspiradora escoba sin cable con cabezal de succión de 180 grados,4475.58,26,1,2026-09-21 00:08:15,2026-09-21 00:41:15
2131,PROD-2131,Smart TV 65 Neo QLED,Televisor inteligente 4K con tecnología de puntos cuánticos y alto contraste,29712.15,17,1,2026-09-18 01:42:27,2026-09-18 02:53:27
2132,PROD-2132,Jeans 511 Slim Fit,"Pantalón de mezclilla ajustado de estilo moderno (Talla S, Color Azul)",1379.46,24,1,2026-09-18 22:24:30,2026-09-18 22:28:30
2133,PROD-2133,Jeans 501 Original Fit,"Pantalón de mezclilla clásico de corte recto y ajuste cómodo (Talla S, Color Blanco)",1287.29,57,1,2026-09-20 04:54:50,2026-09-20 06:28:50
2134,PROD-2134,Robot Aspiradora X10+,Aspiradora robótica con estación de vaciado automático y mapeo láser,27803.99,47,1,2026-09-20 14:27:16,2026-09-20 16:05:16
2135,PROD-2135,iPad Pro 12.9,Tableta profesional con pantalla Liquid Retina XDR y chip M2,2053.41,5,1,2026-09-18 11:20:59,2026-09-18 12:03:59
2136,PROD-2136,Chaqueta Camionera de Mezclilla,"Chaqueta clásica de mezclilla resistente para uso diario (Talla XL, Color Blanco)",2288.36,17,1,2026-09-19 22:05:55,2026-09-19 22:53:55
2137,PROD-2137,Parlante Portátil SRS-XG300,Bocina inalámbrica portátil resistente al agua con graves potentes,2759.55,16,1,2026-09-21 08:27:15,2026-09-21 08:51:15
2138,PROD-2138,Polerón Adicolor Classics,"Sudadera clásica con el logotipo de las tres tiras (Talla XL, Color Negro)",2223.38,18,1,2026-09-19 00:54:12,2026-09-19 02:11:12
2139,PROD-2139,Freidora XXL Airfryer,Freidora de aire de gran capacidad con tecnología de extracción de grasa,1489.56,28,1,2026-09-17 21:22:09,2026-09-17 21:36:09
2140,PROD-2140,Freidora de Aire 4L,Freidora sin aceite para cocinar de manera saludable y rápida,4337.16,9,1,2026-09-21 07:11:52,2026-09-21 08:43:52
2141,PROD-2141,Cámara Alpha 7 IV,Cámara mirrorless profesional de fotograma completo para foto y video,1864.27,11,1,2026-09-21 16:46:13,2026-09-21 17:15:13
2142,PROD-2142,Smartphone Redmi Note 13 Pro 128GB,Teléfono inteligente con excelente relación calidad-precio y gran cámara - Color Azul,27788.69,12,1,2026-09-18 21:48:27,2026-09-18 23:25:27
2143,PROD-2143,Cafetera Programable 12 Tazas,Cafetera de goteo con temporizador programable y jarra de vidrio,4546.43,9,1,2026-09-21 11:36:25,2026-09-21 13:21:25
2144,PROD-2144,Polerón Adicolor Classics,"Sudadera clásica con el logotipo de las tres tiras (Talla XL, Color Gris)",1824.06,59,1,2026-09-20 06:35:52,2026-09-20 08:31:52
2145,PROD-2145,Cafetera Programable 12 Tazas,Cafetera de goteo con temporizador programable y jarra de vidrio,4128.27,24,1,2026-09-19 15:22:31,2026-09-19 16:43:31
2146,PROD-2146,Zapatillas Air Max 270,"Calzado deportivo con cápsula de aire visible para máxima comodidad (Talla XL, Color Rojo)",2240.81,38,1,2026-09-18 10:08:26,2026-09-18 10:44:26
2147,PROD-2147,Freidora de Aire 4L,Freidora sin aceite para cocinar de manera saludable y rápida,7993.47,18,1,2026-09-19 18:42:53,2026-09-19 20:16:53
2148,PROD-2148,Patinete Eléctrico Pro 4,Scooter eléctrico con gran autonomía para movilidad urbana,5611.42,34,1,2026-09-20 00:52:27,2026-09-20 02:22:27
2149,PROD-2149,Freidora de Aire 4L,Freidora sin aceite para cocinar de manera saludable y rápida,1350.18,48,1,2026-09-19 16:30:37,2026-09-19 16:56:37
2150,PROD-2150,Pantalón de Buzo Tech Fleece,"Pantalón deportivo térmico con diseño estilizado (Talla XL, Color Verde)",1322.47,59,1,2026-09-20 08:36:51,2026-09-20 09:22:51
2151,PROD-2151,Pantalón de Buzo Tech Fleece,"Pantalón deportivo térmico con diseño estilizado (Talla M, Color Verde)",1489.36,41,1,2026-09-18 20:42:24,2026-09-18 22:13:24
2152,PROD-2152,Smart TV OLED C3 65,Televisor inteligente ideal para videojuegos y películas con pánel OLED,34154.18,47,1,2026-09-22 07:18:22,2026-09-22 08:37:22
2153,PROD-2153,Zapatillas Running Pegasus 40,"Calzado de correr con amortiguación reactiva para entrenamiento (Talla XL, Color Gris)",1734.60,37,1,2026-09-19 22:19:10,2026-09-19 22:37:10
2154,PROD-2154,Camiseta Graphic Setin Neck,"Playera casual de algodón con estampado frontal (Talla L, Color Rojo)",1236.05,35,1,2026-09-18 20:44:18,2026-09-18 21:27:18
2155,PROD-2155,Cafetera Programable 12 Tazas,Cafetera de goteo con temporizador programable y jarra de vidrio,3320.61,41,1,2026-09-20 03:59:34,2026-09-20 04:22:34
2156,PROD-2156,Jeans 511 Slim Fit,"Pantalón de mezclilla ajustado de estilo moderno (Talla XL, Color Rojo)",1784.04,44,1,2026-09-22 01:44:59,2026-09-22 03:11:59
2157,PROD-2157,Cafetera Programable 12 Tazas,Cafetera de goteo con temporizador programable y jarra de vidrio,3454.26,58,1,2026-09-22 09:44:24,2026-09-22 10:09:24
2158,PROD-2158,Patinete Eléctrico Pro 4,Scooter eléctrico con gran autonomía para movilidad urbana,17134.58,13,1,2026-09-22 04:10:27,2026-09-22 06:09:27
2159,PROD-2159,Zapatillas Running Pegasus 40,"Calzado de correr con amortiguación reactiva para entrenamiento (Talla S, Color Verde)",558.69,18,1,2026-09-18 01:35:52,2026-09-18 01:37:52
2160,PROD-2160,Tablet Galaxy Tab S9 128GB,"Tableta de alto rendimiento para diseño, trabajo y entretenimiento - Color Gris",33570.47,27,1,2026-09-18 18:40:29,2026-09-18 20:15:29
2161,PROD-2161,MacBook Air 15 M2 128GB,Laptop ultra delgada y liviana con gran autonomía - Color Gris,22624.72,25,1,2026-09-21 02:04:50,2026-09-21 03:59:50
2162,PROD-2162,Polera Sportswear Club Fleece,"Sudadera de felpa con capucha y ajuste estándar (Talla M, Color Gris)",1001.97,81,1,2026-09-18 12:23:02,2026-09-18 14:18:02
2163,PROD-2163,Apple Watch Series 10,Reloj inteligente con sensores avanzados de salud y actividad física,4704.64,44,1,2026-09-20 00:46:25,2026-09-20 01:06:25
2164,PROD-2164,Aspiradora Inalámbrica SpeedPro,Aspiradora escoba sin cable con cabezal de succión de 180 grados,5643.72,23,1,2026-09-18 05:37:08,2026-09-18 07:01:08
2165,PROD-2165,Smartphone Redmi Note 13 Pro 128GB,Teléfono inteligente con excelente relación calidad-precio y gran cámara - Color Blanco,31748.23,35,1,2026-09-19 20:21:34,2026-09-19 21:22:34
2166,PROD-2166,Tablet Galaxy Tab S9 1TB,"Tableta de alto rendimiento para diseño, trabajo y entretenimiento - Color Rojo",20802.81,33,1,2026-09-17 16:00:05,2026-09-17 17:02:05
2167,PROD-2167,Aspiradora Inalámbrica SpeedPro,Aspiradora escoba sin cable con cabezal de succión de 180 grados,7907.40,31,1,2026-09-17 23:08:33,2026-09-17 23:30:33
2168,PROD-2168,Monitor UltraGear 27,Monitor de alta frecuencia de actualización para juegos competitivos,24546.75,14,1,2026-09-18 05:16:16,2026-09-18 07:15:16
2169,PROD-2169,Cafetera Programable 12 Tazas,Cafetera de goteo con temporizador programable y jarra de vidrio,2837.31,53,1,2026-09-22 08:34:01,2026-09-22 10:14:01
2170,PROD-2170,Parlante Portátil SRS-XG300,Bocina inalámbrica portátil resistente al agua con graves potentes,35416.77,36,1,2026-09-17 15:26:00,2026-09-17 16:45:00
2171,PROD-2171,Freidora XXL Airfryer,Freidora de aire de gran capacidad con tecnología de extracción de grasa,3175.64,24,1,2026-09-18 17:04:30,2026-09-18 18:09:30
2172,PROD-2172,Zapatillas Ultraboost Light,"Tenis de running con retorno de energía superior y ligereza (Talla XL, Color Gris)",2297.51,16,1,2026-09-21 11:41:10,2026-09-21 12:11:10
2173,PROD-2173,Aspiradora Inalámbrica SpeedPro,Aspiradora escoba sin cable con cabezal de succión de 180 grados,3811.88,35,1,2026-09-19 14:15:51,2026-09-19 14:20:51
2174,PROD-2174,Polerón Adicolor Classics,"Sudadera clásica con el logotipo de las tres tiras (Talla XL, Color Verde)",522.52,80,1,2026-09-17 17:40:43,2026-09-17 17:56:43
2175,PROD-2175,Cafetera Programable 12 Tazas,Cafetera de goteo con temporizador programable y jarra de vidrio,4759.76,27,1,2026-09-19 20:32:56,2026-09-19 20:57:56
2176,PROD-2176,Pantalón de Buzo Tech Fleece,"Pantalón deportivo térmico con diseño estilizado (Talla S, Color Verde)",1794.59,99,1,2026-09-19 19:44:37,2026-09-19 20:26:37
2177,PROD-2177,Zapatillas Samba OG,"Tenis de estilo retro icónicos en cuero de primera calidad (Talla XL, Color Verde)",1085.58,54,1,2026-09-21 21:50:19,2026-09-21 22:23:19
2178,PROD-2178,Freidora de Aire 4L,Freidora sin aceite para cocinar de manera saludable y rápida,2540.47,13,1,2026-09-20 06:37:38,2026-09-20 08:34:38
2179,PROD-2179,Cafetera Programable 12 Tazas,Cafetera de goteo con temporizador programable y jarra de vidrio,7341.40,40,1,2026-09-18 05:38:34,2026-09-18 05:40:34
2180,PROD-2180,Smartphone Galaxy Z Fold 6 128GB,Teléfono plegable con pantalla gigante para productividad y multitarea - Color Blanco,13755.28,14,1,2026-09-21 00:23:59,2026-09-21 02:05:59
2181,PROD-2181,Smartphone Galaxy S26+ 128GB,Teléfono inteligente con procesador de última generación y batería de larga duración - Color Verde,977.38,26,1,2026-09-21 07:02:02,2026-09-21 07:11:02
2182,PROD-2182,Refrigeradora InstaView,Refrigerador inteligente con panel de cristal panorámico,34780.37,34,1,2026-09-21 09:00:22,2026-09-21 10:51:22
2183,PROD-2183,Zapatillas Ultraboost Light,"Tenis de running con retorno de energía superior y ligereza (Talla S, Color Negro)",1863.92,35,1,2026-09-22 01:45:47,2026-09-22 03:43:47
2184,PROD-2184,iPhone 16 Pro 128GB,Teléfono inteligente premium con chip de alto rendimiento y triple cámara - Color Negro,15870.41,48,1,2026-09-18 23:03:13,2026-09-18 23:29:13
2185,PROD-2185,Smart TV 65 Neo QLED,Televisor inteligente 4K con tecnología de puntos cuánticos y alto contraste,11874.38,38,1,2026-09-18 17:09:53,2026-09-18 18:09:53
2186,PROD-2186,Robot Aspiradora X10+,Aspiradora robótica con estación de vaciado automático y mapeo láser,25572.73,35,1,2026-09-19 07:03:43,2026-09-19 08:36:43
2187,PROD-2187,Freidora de Aire 4L,Freidora sin aceite para cocinar de manera saludable y rápida,1805.45,8,1,2026-09-18 00:41:46,2026-09-18 01:03:46
2188,PROD-2188,Audífonos Bluetooth WH-1000XM5,Audífonos inalámbricos con la mejor cancelación de ruido del mercado,31675.27,41,1,2026-09-18 16:41:06,2026-09-18 18:10:06
2189,PROD-2189,Smartphone Galaxy Z Fold 6 256GB,Teléfono plegable con pantalla gigante para productividad y multitarea - Color Gris,27348.16,19,1,2026-09-18 12:45:51,2026-09-18 13:35:51
2190,PROD-2190,Aspiradora Inalámbrica SpeedPro,Aspiradora escoba sin cable con cabezal de succión de 180 grados,4250.57,26,1,2026-09-18 20:53:45,2026-09-18 21:47:45
2191,PROD-2191,Zapatillas Air Max 270,"Calzado deportivo con cápsula de aire visible para máxima comodidad (Talla S, Color Verde)",2264.70,97,1,2026-09-19 01:45:41,2026-09-19 02:21:41
2192,PROD-2192,Smartphone Galaxy S26 Ultra 128GB,Smartphone de alta gama con cámara de 200MP y pantalla Dynamic AMOLED - Color Azul,12719.93,8,1,2026-09-21 07:22:52,2026-09-21 08:58:52
2193,PROD-2193,Camiseta Graphic Setin Neck,"Playera casual de algodón con estampado frontal (Talla S, Color Verde)",1800.18,50,1,2026-09-21 02:45:49,2026-09-21 04:23:49
2194,PROD-2194,Polerón Adicolor Classics,"Sudadera clásica con el logotipo de las tres tiras (Talla S, Color Rojo)",914.24,50,1,2026-09-20 06:45:37,2026-09-20 07:30:37
2195,PROD-2195,Aspiradora Inalámbrica SpeedPro,Aspiradora escoba sin cable con cabezal de succión de 180 grados,4197.68,56,1,2026-09-20 12:20:17,2026-09-20 13:00:17
2196,PROD-2196,Licuadora Reversible 2 Velocidades,Licuadora con motor reversible y vaso de vidrio resistente a choques térmicos,4862.94,10,1,2026-09-21 17:43:27,2026-09-21 18:28:27
2197,PROD-2197,Pantalón de Buzo Tech Fleece,"Pantalón deportivo térmico con diseño estilizado (Talla L, Color Azul)",1346.79,69,1,2026-09-20 06:57:45,2026-09-20 07:16:45
2198,PROD-2198,Smart Band 8,Pulsera de actividad física con seguimiento del sueño y deporte,34212.01,13,1,2026-09-22 07:54:33,2026-09-22 08:34:33
2199,PROD-2199,Zapatillas Ultraboost Light,"Tenis de running con retorno de energía superior y ligereza (Talla XL, Color Gris)",379.99,94,1,2026-09-18 14:16:21,2026-09-18 14:35:21
2200,PROD-2200,Licuadora Reversible 2 Velocidades,Licuadora con motor reversible y vaso de vidrio resistente a choques térmicos,1120.83,33,1,2026-09-20 09:53:30,2026-09-20 10:12:30
2201,PROD-2201,Zapatillas Air Max 270,"Calzado deportivo con cápsula de aire visible para máxima comodidad (Talla S, Color Azul)",1193.30,48,1,2026-09-20 21:06:41,2026-09-20 21:41:41
2202,PROD-2202,Audífonos AirPods Max,Audífonos de diadema inalámbricos con sonido de alta fidelidad,22042.29,36,1,2026-09-20 04:08:56,2026-09-20 05:03:56
2203,PROD-2203,Smartphone Redmi Note 13 Pro 512GB,Teléfono inteligente con excelente relación calidad-precio y gran cámara - Color Negro,2875.17,25,1,2026-09-21 19:55:54,2026-09-21 20:56:54
2204,PROD-2204,Freidora XXL Airfryer,Freidora de aire de gran capacidad con tecnología de extracción de grasa,2187.16,39,1,2026-09-22 10:08:44,2026-09-22 10:35:44
2205,PROD-2205,Zapatillas Air Force 1 '07,"Tenis clásicos de cuero blanco para uso urbano y casual (Talla L, Color Verde)",691.00,90,1,2026-09-19 10:20:45,2026-09-19 11:47:45
2206,PROD-2206,Freidora XXL Airfryer,Freidora de aire de gran capacidad con tecnología de extracción de grasa,4953.28,41,1,2026-09-19 06:09:50,2026-09-19 06:52:50
2207,PROD-2207,Freidora XXL Airfryer,Freidora de aire de gran capacidad con tecnología de extracción de grasa,3208.71,38,1,2026-09-17 22:18:10,2026-09-17 22:20:10
2208,PROD-2208,Pantalón de Buzo Tech Fleece,"Pantalón deportivo térmico con diseño estilizado (Talla M, Color Blanco)",2380.84,98,1,2026-09-18 23:06:23,2026-09-19 01:02:23
2209,PROD-2209,Zapatillas Samba OG,"Tenis de estilo retro icónicos en cuero de primera calidad (Talla L, Color Rojo)",1082.63,52,1,2026-09-21 18:48:40,2026-09-21 19:12:40
2210,PROD-2210,Barra de Sonido HT-A7000,Sistema de audio para cine en casa con soporte Dolby Atmos,20815.76,19,1,2026-09-21 20:14:05,2026-09-21 21:29:05
2211,PROD-2211,Licuadora Reversible 2 Velocidades,Licuadora con motor reversible y vaso de vidrio resistente a choques térmicos,4113.27,38,1,2026-09-17 15:56:04,2026-09-17 16:36:04
2212,PROD-2212,Freidora de Aire 4L,Freidora sin aceite para cocinar de manera saludable y rápida,6101.46,47,1,2026-09-19 11:57:14,2026-09-19 12:07:14
2213,PROD-2213,Aspiradora Inalámbrica SpeedPro,Aspiradora escoba sin cable con cabezal de succión de 180 grados,4979.76,54,1,2026-09-19 03:50:59,2026-09-19 03:58:59
2214,PROD-2214,Zapatillas Air Max 270,"Calzado deportivo con cápsula de aire visible para máxima comodidad (Talla L, Color Verde)",657.63,17,1,2026-09-20 10:06:14,2026-09-20 10:37:14
2215,PROD-2215,Tablet Galaxy Tab S9 512GB,"Tableta de alto rendimiento para diseño, trabajo y entretenimiento - Color Rojo",17630.64,14,1,2026-09-22 07:14:31,2026-09-22 07:48:31
2216,PROD-2216,Polera Sportswear Club Fleece,"Sudadera de felpa con capucha y ajuste estándar (Talla M, Color Verde)",754.62,86,1,2026-09-21 05:13:51,2026-09-21 05:28:51
2217,PROD-2217,Zapatillas Ultraboost Light,"Tenis de running con retorno de energía superior y ligereza (Talla M, Color Rojo)",2067.52,46,1,2026-09-19 01:15:37,2026-09-19 02:56:37
2218,PROD-2218,Zapatillas Air Force 1 '07,"Tenis clásicos de cuero blanco para uso urbano y casual (Talla L, Color Gris)",789.12,47,1,2026-09-17 16:47:30,2026-09-17 16:50:30
2219,PROD-2219,Freidora XXL Airfryer,Freidora de aire de gran capacidad con tecnología de extracción de grasa,3201.60,57,1,2026-09-18 10:36:27,2026-09-18 11:33:27
2220,PROD-2220,Freidora XXL Airfryer,Freidora de aire de gran capacidad con tecnología de extracción de grasa,4913.22,56,1,2026-09-19 10:51:07,2026-09-19 11:04:07
2221,PROD-2221,Polera Sportswear Club Fleece,"Sudadera de felpa con capucha y ajuste estándar (Talla M, Color Verde)",1654.07,46,1,2026-09-18 12:50:02,2026-09-18 14:05:02
2222,PROD-2222,Consola PlayStation 5 Slim,Consola de videojuegos de última generación con almacenamiento SSD ultra rápido,4898.98,25,1,2026-09-20 21:35:03,2026-09-20 22:36:03
2223,PROD-2223,Chaqueta Camionera de Mezclilla,"Chaqueta clásica de mezclilla resistente para uso diario (Talla XL, Color Rojo)",404.75,65,1,2026-09-21 11:14:17,2026-09-21 11:55:17
2224,PROD-2224,Chaqueta Camionera de Mezclilla,"Chaqueta clásica de mezclilla resistente para uso diario (Talla S, Color Verde)",958.25,82,1,2026-09-22 03:16:54,2026-09-22 04:28:54
2225,PROD-2225,Smart TV OLED C3 65,Televisor inteligente ideal para videojuegos y películas con pánel OLED,26158.57,50,1,2026-09-18 08:18:51,2026-09-18 09:21:51
2226,PROD-2226,Smartphone Galaxy S26 256GB,Smartphone compacto con pantalla fluida y excelente rendimiento - Color Negro,19058.71,50,1,2026-09-18 23:20:09,2026-09-18 23:31:09
2227,PROD-2227,Polera Sportswear Club Fleece,"Sudadera de felpa con capucha y ajuste estándar (Talla S, Color Azul)",1088.68,18,1,2026-09-20 12:49:43,2026-09-20 13:40:43
2228,PROD-2228,Cafetera Programable 12 Tazas,Cafetera de goteo con temporizador programable y jarra de vidrio,3564.28,58,1,2026-09-19 22:46:47,2026-09-20 00:14:47
2229,PROD-2229,Smart TV OLED C3 65,Televisor inteligente ideal para videojuegos y películas con pánel OLED,29409.93,33,1,2026-09-18 12:16:28,2026-09-18 12:30:28
2230,PROD-2230,Jeans 511 Slim Fit,"Pantalón de mezclilla ajustado de estilo moderno (Talla S, Color Verde)",1819.57,13,1,2026-09-17 20:45:11,2026-09-17 22:07:11
2231,PROD-2231,Freidora de Aire 4L,Freidora sin aceite para cocinar de manera saludable y rápida,722.20,22,1,2026-09-22 03:34:41,2026-09-22 04:03:41
2232,PROD-2232,Audífonos AirPods Pro 2,Audífonos intrauditivos con cancelación de ruido de nivel superior,11840.80,29,1,2026-09-22 03:12:17,2026-09-22 04:33:17
2233,PROD-2233,Freidora XXL Airfryer,Freidora de aire de gran capacidad con tecnología de extracción de grasa,4277.88,26,1,2026-09-20 12:47:43,2026-09-20 12:50:43
2234,PROD-2234,Freidora XXL Airfryer,Freidora de aire de gran capacidad con tecnología de extracción de grasa,704.99,45,1,2026-09-17 18:21:12,2026-09-17 18:47:12
2235,PROD-2235,Monitor UltraGear 27,Monitor de alta frecuencia de actualización para juegos competitivos,753.91,49,1,2026-09-18 00:51:06,2026-09-18 02:05:06
2236,PROD-2236,Zapatillas Ultraboost Light,"Tenis de running con retorno de energía superior y ligereza (Talla XL, Color Blanco)",677.35,10,1,2026-09-21 08:31:19,2026-09-21 10:06:19
2237,PROD-2237,Aspiradora Inalámbrica SpeedPro,Aspiradora escoba sin cable con cabezal de succión de 180 grados,4627.60,40,1,2026-09-19 21:40:38,2026-09-19 22:00:38
2238,PROD-2238,Monitor UltraGear 27,Monitor de alta frecuencia de actualización para juegos competitivos,12374.24,25,1,2026-09-19 03:01:29,2026-09-19 03:51:29
2239,PROD-2239,Smart TV Bravia XR OLED 55,Televisor OLED con negros absolutos y procesador de imagen cognitivo,1523.02,43,1,2026-09-21 11:58:40,2026-09-21 13:23:40
2240,PROD-2240,Freidora XXL Airfryer,Freidora de aire de gran capacidad con tecnología de extracción de grasa,1804.72,10,1,2026-09-19 21:32:11,2026-09-19 23:14:11
2241,PROD-2241,MacBook Pro 16 M3 512GB,Computadora portátil profesional para edición de video y desarrollo - Color Verde,24434.32,42,1,2026-09-22 12:13:09,2026-09-22 12:51:09
2242,PROD-2242,Zapatillas Air Force 1 '07,"Tenis clásicos de cuero blanco para uso urbano y casual (Talla M, Color Rojo)",2263.94,42,1,2026-09-18 20:41:03,2026-09-18 21:46:03
2243,PROD-2243,Consola PlayStation 5 Slim,Consola de videojuegos de última generación con almacenamiento SSD ultra rápido,8183.04,16,1,2026-09-19 13:44:31,2026-09-19 14:10:31
2244,PROD-2244,Zapatillas Samba OG,"Tenis de estilo retro icónicos en cuero de primera calidad (Talla L, Color Azul)",2466.09,87,1,2026-09-22 02:53:54,2026-09-22 03:14:54
2245,PROD-2245,Zapatillas Running Pegasus 40,"Calzado de correr con amortiguación reactiva para entrenamiento (Talla L, Color Verde)",2193.32,41,1,2026-09-18 00:25:18,2026-09-18 01:43:18
2246,PROD-2246,Smartphone Galaxy S26 Ultra 128GB,Smartphone de alta gama con cámara de 200MP y pantalla Dynamic AMOLED - Color Negro,34110.94,5,1,2026-09-19 09:18:08,2026-09-19 10:14:08
2247,PROD-2247,Polerón Adicolor Classics,"Sudadera clásica con el logotipo de las tres tiras (Talla M, Color Negro)",465.11,37,1,2026-09-21 11:09:25,2026-09-21 11:33:25
2248,PROD-2248,Zapatillas Samba OG,"Tenis de estilo retro icónicos en cuero de primera calidad (Talla S, Color Gris)",1247.60,12,1,2026-09-19 08:25:54,2026-09-19 10:03:54
2249,PROD-2249,Smartphone Galaxy Z Flip 6 256GB,Teléfono plegable compacto con pantalla exterior funcional - Color Gris,16720.93,18,1,2026-09-18 06:37:59,2026-09-18 08:34:59
2250,PROD-2250,Freidora de Aire 4L,Freidora sin aceite para cocinar de manera saludable y rápida,1726.82,15,1,2026-09-18 01:38:53,2026-09-18 03:10:53
2251,PROD-2251,Robot Aspiradora X10+,Aspiradora robótica con estación de vaciado automático y mapeo láser,25169.61,22,1,2026-09-19 04:26:27,2026-09-19 04:28:27
2252,PROD-2252,Freidora XXL Airfryer,Freidora de aire de gran capacidad con tecnología de extracción de grasa,5958.90,17,1,2026-09-18 20:29:26,2026-09-18 20:37:26
2253,PROD-2253,Zapatillas Samba OG,"Tenis de estilo retro icónicos en cuero de primera calidad (Talla S, Color Negro)",1419.46,69,1,2026-09-20 01:10:24,2026-09-20 01:32:24
2254,PROD-2254,Smart TV OLED C3 65,Televisor inteligente ideal para videojuegos y películas con pánel OLED,23809.66,22,1,2026-09-21 20:29:47,2026-09-21 21:05:47
2255,PROD-2255,Freidora XXL Airfryer,Freidora de aire de gran capacidad con tecnología de extracción de grasa,6494.75,9,1,2026-09-21 14:51:59,2026-09-21 15:25:59
2256,PROD-2256,Audífonos AirPods Max,Audífonos de diadema inalámbricos con sonido de alta fidelidad,29267.56,46,1,2026-09-17 19:32:08,2026-09-17 21:23:08
2257,PROD-2257,Aspiradora Inalámbrica SpeedPro,Aspiradora escoba sin cable con cabezal de succión de 180 grados,6418.92,53,1,2026-09-22 01:14:52,2026-09-22 01:20:52
2258,PROD-2258,Zapatillas Air Force 1 '07,"Tenis clásicos de cuero blanco para uso urbano y casual (Talla L, Color Azul)",2114.54,79,1,2026-09-18 12:58:43,2026-09-18 13:45:43
2259,PROD-2259,Freidora XXL Airfryer,Freidora de aire de gran capacidad con tecnología de extracción de grasa,2837.41,48,1,2026-09-19 15:36:51,2026-09-19 16:28:51
2260,PROD-2260,Monitor UltraGear 27,Monitor de alta frecuencia de actualización para juegos competitivos,13709.90,27,1,2026-09-22 04:51:28,2026-09-22 05:28:28
2261,PROD-2261,Robot Aspiradora X10+,Aspiradora robótica con estación de vaciado automático y mapeo láser,14977.82,32,1,2026-09-18 01:41:57,2026-09-18 02:58:57
2262,PROD-2262,Chaqueta Camionera de Mezclilla,"Chaqueta clásica de mezclilla resistente para uso diario (Talla L, Color Verde)",1353.09,79,1,2026-09-21 16:11:27,2026-09-21 16:32:27
2263,PROD-2263,Parlante Portátil SRS-XG300,Bocina inalámbrica portátil resistente al agua con graves potentes,33099.60,45,1,2026-09-18 10:14:03,2026-09-18 11:30:03
2264,PROD-2264,Polerón Adicolor Classics,"Sudadera clásica con el logotipo de las tres tiras (Talla M, Color Rojo)",649.97,36,1,2026-09-21 18:03:59,2026-09-21 18:53:59
2265,PROD-2265,Smartphone Redmi Note 13 Pro 128GB,Teléfono inteligente con excelente relación calidad-precio y gran cámara - Color Rojo,4185.44,5,1,2026-09-19 02:12:20,2026-09-19 04:11:20
2266,PROD-2266,Cafetera Programable 12 Tazas,Cafetera de goteo con temporizador programable y jarra de vidrio,2123.55,53,1,2026-09-22 07:49:49,2026-09-22 08:31:49
2267,PROD-2267,Chaqueta Camionera de Mezclilla,"Chaqueta clásica de mezclilla resistente para uso diario (Talla L, Color Rojo)",2364.40,76,1,2026-09-21 12:46:35,2026-09-21 14:30:35
2268,PROD-2268,Chaqueta Camionera de Mezclilla,"Chaqueta clásica de mezclilla resistente para uso diario (Talla XL, Color Verde)",1965.87,23,1,2026-09-18 21:59:46,2026-09-18 23:20:46
2269,PROD-2269,Freidora XXL Airfryer,Freidora de aire de gran capacidad con tecnología de extracción de grasa,6741.05,56,1,2026-09-18 16:32:14,2026-09-18 18:03:14
2270,PROD-2270,Smart TV OLED C3 65,Televisor inteligente ideal para videojuegos y películas con pánel OLED,18079.70,9,1,2026-09-21 18:19:02,2026-09-21 18:58:02
2271,PROD-2271,Patinete Eléctrico Pro 4,Scooter eléctrico con gran autonomía para movilidad urbana,29795.73,39,1,2026-09-21 10:03:41,2026-09-21 10:15:41
2272,PROD-2272,Smartphone Galaxy S26 Ultra 128GB,Smartphone de alta gama con cámara de 200MP y pantalla Dynamic AMOLED - Color Gris,4798.18,16,1,2026-09-22 06:07:58,2026-09-22 07:34:58
2273,PROD-2273,Smartphone Galaxy Z Flip 6 1TB,Teléfono plegable compacto con pantalla exterior funcional - Color Negro,15478.07,27,1,2026-09-21 13:27:36,2026-09-21 14:18:36
2274,PROD-2274,Monitor UltraGear 27,Monitor de alta frecuencia de actualización para juegos competitivos,12682.52,28,1,2026-09-18 19:28:01,2026-09-18 20:06:01
2275,PROD-2275,Polerón Adicolor Classics,"Sudadera clásica con el logotipo de las tres tiras (Talla XL, Color Verde)",1671.83,15,1,2026-09-21 16:00:48,2026-09-21 17:02:48
2276,PROD-2276,Patinete Eléctrico Pro 4,Scooter eléctrico con gran autonomía para movilidad urbana,12978.14,21,1,2026-09-21 19:08:47,2026-09-21 20:08:47
2277,PROD-2277,Zapatillas Ultraboost Light,"Tenis de running con retorno de energía superior y ligereza (Talla XL, Color Verde)",1612.32,54,1,2026-09-21 16:50:52,2026-09-21 17:52:52
2278,PROD-2278,Smartphone Redmi Note 13 Pro 1TB,Teléfono inteligente con excelente relación calidad-precio y gran cámara - Color Negro,17357.95,39,1,2026-09-18 02:30:55,2026-09-18 02:40:55
2279,PROD-2279,Monitor Odyssey G9,Monitor curvo ultrawide diseñado para gaming profesional,13984.71,26,1,2026-09-19 00:15:46,2026-09-19 01:32:46
2280,PROD-2280,Chaqueta Camionera de Mezclilla,"Chaqueta clásica de mezclilla resistente para uso diario (Talla L, Color Rojo)",2020.90,67,1,2026-09-18 20:38:52,2026-09-18 21:56:52
2281,PROD-2281,Jeans 501 Original Fit,"Pantalón de mezclilla clásico de corte recto y ajuste cómodo (Talla M, Color Rojo)",2204.84,13,1,2026-09-20 14:50:39,2026-09-20 15:46:39
2282,PROD-2282,Smart TV OLED C3 65,Televisor inteligente ideal para videojuegos y películas con pánel OLED,16942.89,49,1,2026-09-20 23:24:03,2026-09-21 00:13:03
2283,PROD-2283,Freidora de Aire 4L,Freidora sin aceite para cocinar de manera saludable y rápida,4851.02,52,1,2026-09-20 16:21:53,2026-09-20 17:23:53
2284,PROD-2284,Patinete Eléctrico Pro 4,Scooter eléctrico con gran autonomía para movilidad urbana,30801.20,7,1,2026-09-19 07:23:08,2026-09-19 08:39:08
2285,PROD-2285,Zapatillas Air Force 1 '07,"Tenis clásicos de cuero blanco para uso urbano y casual (Talla M, Color Negro)",778.11,72,1,2026-09-19 01:22:45,2026-09-19 01:22:45
2286,PROD-2286,Polerón Adicolor Classics,"Sudadera clásica con el logotipo de las tres tiras (Talla M, Color Azul)",444.33,33,1,2026-09-18 21:38:52,2026-09-18 22:21:52
2287,PROD-2287,Freidora XXL Airfryer,Freidora de aire de gran capacidad con tecnología de extracción de grasa,5825.09,59,1,2026-09-21 19:10:05,2026-09-21 21:06:05
2288,PROD-2288,Smartphone Galaxy S26 256GB,Smartphone compacto con pantalla fluida y excelente rendimiento - Color Blanco,26782.65,43,1,2026-09-20 23:04:08,2026-09-20 23:07:08
2289,PROD-2289,Polera Sportswear Club Fleece,"Sudadera de felpa con capucha y ajuste estándar (Talla XL, Color Negro)",1873.08,98,1,2026-09-19 18:44:44,2026-09-19 20:05:44
2290,PROD-2290,Freidora de Aire 4L,Freidora sin aceite para cocinar de manera saludable y rápida,3999.80,25,1,2026-09-20 04:38:57,2026-09-20 05:49:57
2291,PROD-2291,Freidora XXL Airfryer,Freidora de aire de gran capacidad con tecnología de extracción de grasa,895.33,24,1,2026-09-21 13:54:50,2026-09-21 14:39:50
2292,PROD-2292,Zapatillas Running Pegasus 40,"Calzado de correr con amortiguación reactiva para entrenamiento (Talla M, Color Blanco)",610.17,30,1,2026-09-18 01:41:21,2026-09-18 02:54:21
2293,PROD-2293,Audífonos AirPods Max,Audífonos de diadema inalámbricos con sonido de alta fidelidad,23925.10,39,1,2026-09-19 19:28:40,2026-09-19 20:39:40
2294,PROD-2294,Zapatillas Air Force 1 '07,"Tenis clásicos de cuero blanco para uso urbano y casual (Talla M, Color Rojo)",1238.50,81,1,2026-09-17 18:53:58,2026-09-17 19:22:58
2295,PROD-2295,MacBook Air 15 M2 256GB,Laptop ultra delgada y liviana con gran autonomía - Color Verde,25402.32,5,1,2026-09-19 19:15:55,2026-09-19 19:22:55
2296,PROD-2296,Licuadora Reversible 2 Velocidades,Licuadora con motor reversible y vaso de vidrio resistente a choques térmicos,4386.68,25,1,2026-09-21 02:23:23,2026-09-21 03:30:23
2297,PROD-2297,Audífonos Bluetooth WH-1000XM5,Audífonos inalámbricos con la mejor cancelación de ruido del mercado,11843.29,20,1,2026-09-20 11:04:17,2026-09-20 12:46:17
2298,PROD-2298,Audífonos AirPods Max,Audífonos de diadema inalámbricos con sonido de alta fidelidad,17478.78,18,1,2026-09-18 03:32:04,2026-09-18 03:54:04
2299,PROD-2299,Polerón Adicolor Classics,"Sudadera clásica con el logotipo de las tres tiras (Talla S, Color Blanco)",1784.23,75,1,2026-09-18 10:17:07,2026-09-18 12:07:07
2300,PROD-2300,Robot Aspiradora X10+,Aspiradora robótica con estación de vaciado automático y mapeo láser,35640.28,9,1,2026-09-20 23:33:44,2026-09-20 23:54:44
2301,PROD-2301,Patinete Eléctrico Pro 4,Scooter eléctrico con gran autonomía para movilidad urbana,33785.10,21,1,2026-09-20 00:17:41,2026-09-20 00:24:41
2302,PROD-2302,Chaqueta Camionera de Mezclilla,"Chaqueta clásica de mezclilla resistente para uso diario (Talla XL, Color Negro)",764.10,57,1,2026-09-19 22:01:14,2026-09-19 22:58:14
2303,PROD-2303,Cafetera Programable 12 Tazas,Cafetera de goteo con temporizador programable y jarra de vidrio,7297.06,38,1,2026-09-21 06:39:37,2026-09-21 08:20:37
2304,PROD-2304,Freidora XXL Airfryer,Freidora de aire de gran capacidad con tecnología de extracción de grasa,2234.19,41,1,2026-09-19 06:59:54,2026-09-19 08:02:54
2305,PROD-2305,Robot Aspiradora X10+,Aspiradora robótica con estación de vaciado automático y mapeo láser,1597.45,9,1,2026-09-20 22:54:40,2026-09-20 23:04:40
2306,PROD-2306,Cafetera Programable 12 Tazas,Cafetera de goteo con temporizador programable y jarra de vidrio,703.61,25,1,2026-09-19 22:23:00,2026-09-19 22:58:00
2307,PROD-2307,Zapatillas Samba OG,"Tenis de estilo retro icónicos en cuero de primera calidad (Talla L, Color Rojo)",1651.39,49,1,2026-09-20 09:32:44,2026-09-20 10:37:44
2308,PROD-2308,Zapatillas Running Pegasus 40,"Calzado de correr con amortiguación reactiva para entrenamiento (Talla M, Color Azul)",1074.71,98,1,2026-09-20 12:25:26,2026-09-20 13:08:26
2309,PROD-2309,Freidora de Aire 4L,Freidora sin aceite para cocinar de manera saludable y rápida,5181.32,25,1,2026-09-19 07:11:26,2026-09-19 08:27:26
2310,PROD-2310,Freidora de Aire 4L,Freidora sin aceite para cocinar de manera saludable y rápida,7443.83,28,1,2026-09-18 23:58:37,2026-09-19 01:10:37
2311,PROD-2311,Cámara Alpha 7 IV,Cámara mirrorless profesional de fotograma completo para foto y video,7310.55,26,1,2026-09-20 16:30:04,2026-09-20 17:56:04
2312,PROD-2312,Polera Sportswear Club Fleece,"Sudadera de felpa con capucha y ajuste estándar (Talla XL, Color Verde)",1767.09,88,1,2026-09-22 07:42:33,2026-09-22 07:59:33
2313,PROD-2313,Freidora XXL Airfryer,Freidora de aire de gran capacidad con tecnología de extracción de grasa,5621.99,31,1,2026-09-21 20:53:33,2026-09-21 22:02:33
2314,PROD-2314,Freidora XXL Airfryer,Freidora de aire de gran capacidad con tecnología de extracción de grasa,6465.03,45,1,2026-09-20 16:51:23,2026-09-20 17:13:23
2315,PROD-2315,Barra de Sonido HT-A7000,Sistema de audio para cine en casa con soporte Dolby Atmos,9269.46,43,1,2026-09-22 08:09:13,2026-09-22 09:30:13
2316,PROD-2316,Camiseta Graphic Setin Neck,"Playera casual de algodón con estampado frontal (Talla L, Color Blanco)",1192.01,44,1,2026-09-20 23:51:29,2026-09-21 00:49:29
2317,PROD-2317,Freidora XXL Airfryer,Freidora de aire de gran capacidad con tecnología de extracción de grasa,2335.92,12,1,2026-09-19 01:53:16,2026-09-19 02:08:16
2318,PROD-2318,Zapatillas Samba OG,"Tenis de estilo retro icónicos en cuero de primera calidad (Talla S, Color Negro)",756.20,42,1,2026-09-20 13:12:26,2026-09-20 14:10:26
2319,PROD-2319,Aspiradora Inalámbrica SpeedPro,Aspiradora escoba sin cable con cabezal de succión de 180 grados,1913.84,11,1,2026-09-20 03:23:56,2026-09-20 04:43:56
2320,PROD-2320,Zapatillas Ultraboost Light,"Tenis de running con retorno de energía superior y ligereza (Talla XL, Color Azul)",1181.80,25,1,2026-09-18 09:27:32,2026-09-18 09:50:32
2321,PROD-2321,Consola PlayStation 5 Slim,Consola de videojuegos de última generación con almacenamiento SSD ultra rápido,1956.73,9,1,2026-09-19 05:30:09,2026-09-19 05:43:09
2322,PROD-2322,Freidora XXL Airfryer,Freidora de aire de gran capacidad con tecnología de extracción de grasa,6357.42,55,1,2026-09-21 17:07:16,2026-09-21 18:01:16
2323,PROD-2323,Smartphone Galaxy S26 Ultra 128GB,Smartphone de alta gama con cámara de 200MP y pantalla Dynamic AMOLED - Color Negro,12485.01,44,1,2026-09-21 21:54:17,2026-09-21 22:29:17
2324,PROD-2324,Zapatillas Air Max 270,"Calzado deportivo con cápsula de aire visible para máxima comodidad (Talla M, Color Blanco)",1679.37,83,1,2026-09-22 02:35:16,2026-09-22 03:09:16
2325,PROD-2325,Freidora XXL Airfryer,Freidora de aire de gran capacidad con tecnología de extracción de grasa,1552.94,43,1,2026-09-21 02:10:42,2026-09-21 02:50:42
2326,PROD-2326,Apple Watch Series 10,Reloj inteligente con sensores avanzados de salud y actividad física,7711.51,44,1,2026-09-17 15:38:58,2026-09-17 15:58:58
2327,PROD-2327,Refrigeradora InstaView,Refrigerador inteligente con panel de cristal panorámico,22301.70,22,1,2026-09-22 11:00:32,2026-09-22 12:02:32
2328,PROD-2328,Smartphone Galaxy Z Fold 6 1TB,Teléfono plegable con pantalla gigante para productividad y multitarea - Color Blanco,9091.87,44,1,2026-09-18 13:13:59,2026-09-18 15:07:59
2329,PROD-2329,MacBook Air 15 M2 128GB,Laptop ultra delgada y liviana con gran autonomía - Color Negro,8976.36,24,1,2026-09-20 04:29:21,2026-09-20 05:43:21
2330,PROD-2330,Aspiradora Inalámbrica SpeedPro,Aspiradora escoba sin cable con cabezal de succión de 180 grados,2021.75,14,1,2026-09-18 01:03:05,2026-09-18 01:55:05
2331,PROD-2331,Aspiradora Inalámbrica SpeedPro,Aspiradora escoba sin cable con cabezal de succión de 180 grados,1542.93,32,1,2026-09-21 06:40:59,2026-09-21 08:16:59
2332,PROD-2332,Chaqueta Camionera de Mezclilla,"Chaqueta clásica de mezclilla resistente para uso diario (Talla M, Color Verde)",1406.77,77,1,2026-09-19 14:57:32,2026-09-19 15:38:32
2333,PROD-2333,Robot Aspiradora X10+,Aspiradora robótica con estación de vaciado automático y mapeo láser,22355.14,33,1,2026-09-21 05:26:43,2026-09-21 05:52:43
2334,PROD-2334,Jeans 501 Original Fit,"Pantalón de mezclilla clásico de corte recto y ajuste cómodo (Talla XL, Color Blanco)",2044.35,36,1,2026-09-18 20:50:52,2026-09-18 21:30:52
2335,PROD-2335,Polera Sportswear Club Fleece,"Sudadera de felpa con capucha y ajuste estándar (Talla M, Color Verde)",974.96,39,1,2026-09-19 20:22:12,2026-09-19 21:38:12
2336,PROD-2336,Jeans 511 Slim Fit,"Pantalón de mezclilla ajustado de estilo moderno (Talla S, Color Azul)",1883.10,12,1,2026-09-19 21:44:34,2026-09-19 22:57:34
2337,PROD-2337,Pantalón de Buzo Tech Fleece,"Pantalón deportivo térmico con diseño estilizado (Talla S, Color Azul)",1288.03,67,1,2026-09-20 02:52:45,2026-09-20 03:03:45
2338,PROD-2338,Polera Sportswear Club Fleece,"Sudadera de felpa con capucha y ajuste estándar (Talla M, Color Gris)",1138.18,43,1,2026-09-20 10:48:02,2026-09-20 11:08:02
2339,PROD-2339,Audífonos AirPods Pro 2,Audífonos intrauditivos con cancelación de ruido de nivel superior,21768.24,17,1,2026-09-17 18:23:43,2026-09-17 19:11:43
2340,PROD-2340,Jeans 511 Slim Fit,"Pantalón de mezclilla ajustado de estilo moderno (Talla S, Color Verde)",2319.08,21,1,2026-09-21 06:44:28,2026-09-21 08:13:28
2341,PROD-2341,Freidora de Aire 4L,Freidora sin aceite para cocinar de manera saludable y rápida,1002.34,24,1,2026-09-20 07:05:50,2026-09-20 07:24:50
2342,PROD-2342,Camiseta Graphic Setin Neck,"Playera casual de algodón con estampado frontal (Talla L, Color Blanco)",842.54,49,1,2026-09-18 13:22:36,2026-09-18 14:28:36
2343,PROD-2343,iPhone 16 Pro 128GB,Teléfono inteligente premium con chip de alto rendimiento y triple cámara - Color Rojo,23739.08,16,1,2026-09-19 07:05:17,2026-09-19 08:15:17
2344,PROD-2344,Zapatillas Air Max 270,"Calzado deportivo con cápsula de aire visible para máxima comodidad (Talla M, Color Negro)",2086.62,35,1,2026-09-21 04:52:28,2026-09-21 06:23:28
2345,PROD-2345,Smartphone Galaxy S26+ 512GB,Teléfono inteligente con procesador de última generación y batería de larga duración - Color Blanco,19455.34,34,1,2026-09-20 21:42:36,2026-09-20 23:19:36
2346,PROD-2346,Zapatillas Ultraboost Light,"Tenis de running con retorno de energía superior y ligereza (Talla M, Color Rojo)",2354.12,41,1,2026-09-22 07:42:41,2026-09-22 07:43:41
2347,PROD-2347,Chaqueta Camionera de Mezclilla,"Chaqueta clásica de mezclilla resistente para uso diario (Talla S, Color Rojo)",1434.70,17,1,2026-09-19 22:27:42,2026-09-19 22:44:42
2348,PROD-2348,Monitor Odyssey G9,Monitor curvo ultrawide diseñado para gaming profesional,6034.78,13,1,2026-09-19 00:20:33,2026-09-19 02:10:33
2349,PROD-2349,Aspiradora Inalámbrica SpeedPro,Aspiradora escoba sin cable con cabezal de succión de 180 grados,3914.28,37,1,2026-09-18 14:37:01,2026-09-18 16:07:01
2350,PROD-2350,iPhone 16 128GB,Smartphone con pantalla Super Retina XDR y excelente duración de batería - Color Negro,35391.40,13,1,2026-09-17 13:11:35,2026-09-17 13:47:35
2351,PROD-2351,Zapatillas Samba OG,"Tenis de estilo retro icónicos en cuero de primera calidad (Talla XL, Color Rojo)",1514.16,61,1,2026-09-20 17:34:32,2026-09-20 18:33:32
2352,PROD-2352,Aspiradora Inalámbrica SpeedPro,Aspiradora escoba sin cable con cabezal de succión de 180 grados,6112.40,41,1,2026-09-20 00:28:55,2026-09-20 00:49:55
2353,PROD-2353,Freidora XXL Airfryer,Freidora de aire de gran capacidad con tecnología de extracción de grasa,6516.77,21,1,2026-09-17 23:48:06,2026-09-18 01:04:06
2354,PROD-2354,Zapatillas Air Force 1 '07,"Tenis clásicos de cuero blanco para uso urbano y casual (Talla XL, Color Azul)",1158.28,57,1,2026-09-17 16:35:12,2026-09-17 17:15:12
2355,PROD-2355,Jeans 501 Original Fit,"Pantalón de mezclilla clásico de corte recto y ajuste cómodo (Talla M, Color Azul)",2016.40,28,1,2026-09-20 06:38:13,2026-09-20 08:28:13
2356,PROD-2356,Cafetera Programable 12 Tazas,Cafetera de goteo con temporizador programable y jarra de vidrio,6432.58,33,1,2026-09-19 00:42:59,2026-09-19 01:00:59
2357,PROD-2357,Audífonos AirPods Max,Audífonos de diadema inalámbricos con sonido de alta fidelidad,9478.66,30,1,2026-09-20 09:01:36,2026-09-20 10:32:36
2358,PROD-2358,Zapatillas Air Max 270,"Calzado deportivo con cápsula de aire visible para máxima comodidad (Talla XL, Color Blanco)",1243.97,16,1,2026-09-19 00:50:37,2026-09-19 01:08:37
2359,PROD-2359,Freidora de Aire 4L,Freidora sin aceite para cocinar de manera saludable y rápida,3242.67,30,1,2026-09-20 08:50:35,2026-09-20 10:46:35
2360,PROD-2360,Zapatillas Samba OG,"Tenis de estilo retro icónicos en cuero de primera calidad (Talla S, Color Rojo)",981.99,75,1,2026-09-20 21:26:35,2026-09-20 22:27:35
2361,PROD-2361,Smartphone Redmi Note 13 Pro 512GB,Teléfono inteligente con excelente relación calidad-precio y gran cámara - Color Gris,7368.52,37,1,2026-09-18 13:16:38,2026-09-18 13:17:38
2362,PROD-2362,Audífonos AirPods Pro 2,Audífonos intrauditivos con cancelación de ruido de nivel superior,10071.11,6,1,2026-09-20 15:18:43,2026-09-20 15:45:43
2363,PROD-2363,Freidora XXL Airfryer,Freidora de aire de gran capacidad con tecnología de extracción de grasa,3807.53,29,1,2026-09-22 09:24:04,2026-09-22 10:42:04
2364,PROD-2364,Zapatillas Running Pegasus 40,"Calzado de correr con amortiguación reactiva para entrenamiento (Talla L, Color Gris)",1141.13,76,1,2026-09-21 02:23:49,2026-09-21 02:38:49
2365,PROD-2365,Pantalón de Buzo Tech Fleece,"Pantalón deportivo térmico con diseño estilizado (Talla S, Color Verde)",2025.51,82,1,2026-09-20 14:47:37,2026-09-20 14:55:37
2366,PROD-2366,Patinete Eléctrico Pro 4,Scooter eléctrico con gran autonomía para movilidad urbana,23951.88,33,1,2026-09-21 23:38:05,2026-09-22 01:10:05
2367,PROD-2367,Freidora XXL Airfryer,Freidora de aire de gran capacidad con tecnología de extracción de grasa,1480.81,20,1,2026-09-18 02:40:53,2026-09-18 03:58:53
2368,PROD-2368,Pantalón de Buzo Tech Fleece,"Pantalón deportivo térmico con diseño estilizado (Talla M, Color Negro)",444.63,11,1,2026-09-18 08:28:14,2026-09-18 08:52:14
2369,PROD-2369,Zapatillas Ultraboost Light,"Tenis de running con retorno de energía superior y ligereza (Talla XL, Color Blanco)",1267.86,82,1,2026-09-19 02:16:05,2026-09-19 04:13:05
2370,PROD-2370,Smartphone Galaxy S26+ 256GB,Teléfono inteligente con procesador de última generación y batería de larga duración - Color Negro,9925.52,35,1,2026-09-22 07:43:36,2026-09-22 07:51:36
2371,PROD-2371,Smartphone Xiaomi 14 Ultra 1TB,Smartphone de gama alta enfocado en fotografía profesional Leica - Color Negro,3338.92,34,1,2026-09-22 11:19:14,2026-09-22 13:14:14
2372,PROD-2372,Polerón Adicolor Classics,"Sudadera clásica con el logotipo de las tres tiras (Talla L, Color Azul)",2404.69,43,1,2026-09-21 01:08:51,2026-09-21 02:19:51
2373,PROD-2373,Aspiradora Inalámbrica SpeedPro,Aspiradora escoba sin cable con cabezal de succión de 180 grados,4402.99,50,1,2026-09-21 16:25:37,2026-09-21 18:11:37
2374,PROD-2374,Freidora XXL Airfryer,Freidora de aire de gran capacidad con tecnología de extracción de grasa,2119.11,9,1,2026-09-20 04:17:49,2026-09-20 05:18:49
2375,PROD-2375,Zapatillas Running Pegasus 40,"Calzado de correr con amortiguación reactiva para entrenamiento (Talla L, Color Azul)",2441.44,61,1,2026-09-17 20:34:43,2026-09-17 21:49:43
2376,PROD-2376,Zapatillas Air Force 1 '07,"Tenis clásicos de cuero blanco para uso urbano y casual (Talla M, Color Rojo)",830.79,38,1,2026-09-19 01:20:05,2026-09-19 02:19:05
2377,PROD-2377,Audífonos Galaxy Buds3 Pro,Audífonos inalámbricos con cancelación activa de ruido inteligente,18457.45,31,1,2026-09-22 01:14:51,2026-09-22 02:05:51
2378,PROD-2378,Zapatillas Samba OG,"Tenis de estilo retro icónicos en cuero de primera calidad (Talla L, Color Negro)",871.36,89,1,2026-09-20 11:11:08,2026-09-20 13:09:08
2379,PROD-2379,Freidora de Aire 4L,Freidora sin aceite para cocinar de manera saludable y rápida,7438.55,11,1,2026-09-20 04:33:07,2026-09-20 05:24:07
2380,PROD-2380,Camiseta Graphic Setin Neck,"Playera casual de algodón con estampado frontal (Talla XL, Color Negro)",1067.64,57,1,2026-09-18 06:19:39,2026-09-18 06:58:39
2381,PROD-2381,Smart Band 8,Pulsera de actividad física con seguimiento del sueño y deporte,33438.16,30,1,2026-09-21 02:48:18,2026-09-21 03:15:18
2382,PROD-2382,Zapatillas Air Max 270,"Calzado deportivo con cápsula de aire visible para máxima comodidad (Talla L, Color Blanco)",1662.73,31,1,2026-09-19 14:03:34,2026-09-19 14:23:34
2383,PROD-2383,Aspiradora Inalámbrica SpeedPro,Aspiradora escoba sin cable con cabezal de succión de 180 grados,6884.31,14,1,2026-09-18 01:03:56,2026-09-18 01:13:56
2384,PROD-2384,Licuadora Reversible 2 Velocidades,Licuadora con motor reversible y vaso de vidrio resistente a choques térmicos,4506.82,39,1,2026-09-18 02:33:14,2026-09-18 04:32:14
2385,PROD-2385,Licuadora Reversible 2 Velocidades,Licuadora con motor reversible y vaso de vidrio resistente a choques térmicos,415.86,19,1,2026-09-17 17:52:11,2026-09-17 18:09:11
2386,PROD-2386,Polera Sportswear Club Fleece,"Sudadera de felpa con capucha y ajuste estándar (Talla S, Color Negro)",705.23,49,1,2026-09-19 13:11:24,2026-09-19 13:23:24
2387,PROD-2387,Smart TV OLED C3 65,Televisor inteligente ideal para videojuegos y películas con pánel OLED,35580.56,44,1,2026-09-17 13:08:26,2026-09-17 14:53:26
2388,PROD-2388,Apple Watch Series 10,Reloj inteligente con sensores avanzados de salud y actividad física,29758.78,36,1,2026-09-18 04:46:16,2026-09-18 05:20:16
2389,PROD-2389,Freidora XXL Airfryer,Freidora de aire de gran capacidad con tecnología de extracción de grasa,6721.70,26,1,2026-09-18 09:17:49,2026-09-18 09:25:49
2390,PROD-2390,Zapatillas Samba OG,"Tenis de estilo retro icónicos en cuero de primera calidad (Talla M, Color Verde)",2018.56,75,1,2026-09-18 03:06:29,2026-09-18 04:09:29
2391,PROD-2391,Cafetera Programable 12 Tazas,Cafetera de goteo con temporizador programable y jarra de vidrio,2556.10,33,1,2026-09-19 14:25:49,2026-09-19 15:50:49
2392,PROD-2392,Smart Band 8,Pulsera de actividad física con seguimiento del sueño y deporte,13235.69,37,1,2026-09-19 09:43:56,2026-09-19 10:20:56
2393,PROD-2393,Aspiradora Inalámbrica SpeedPro,Aspiradora escoba sin cable con cabezal de succión de 180 grados,6532.94,23,1,2026-09-22 08:46:54,2026-09-22 10:34:54
2394,PROD-2394,Zapatillas Samba OG,"Tenis de estilo retro icónicos en cuero de primera calidad (Talla M, Color Blanco)",1341.77,100,1,2026-09-18 11:42:54,2026-09-18 11:46:54
2395,PROD-2395,Smartphone Galaxy S26+ 256GB,Teléfono inteligente con procesador de última generación y batería de larga duración - Color Negro,35937.01,13,1,2026-09-18 10:51:25,2026-09-18 12:23:25
2396,PROD-2396,Cámara Alpha 7 IV,Cámara mirrorless profesional de fotograma completo para foto y video,24914.27,42,1,2026-09-18 23:57:13,2026-09-19 01:28:13
2397,PROD-2397,Pantalón de Buzo Tech Fleece,"Pantalón deportivo térmico con diseño estilizado (Talla S, Color Verde)",1786.78,95,1,2026-09-20 21:31:05,2026-09-20 23:04:05
2398,PROD-2398,Freidora XXL Airfryer,Freidora de aire de gran capacidad con tecnología de extracción de grasa,7206.48,49,1,2026-09-17 18:02:14,2026-09-17 18:48:14
2399,PROD-2399,Smartphone Xiaomi 14 Ultra 512GB,Smartphone de gama alta enfocado en fotografía profesional Leica - Color Negro,2236.38,21,1,2026-09-19 21:50:36,2026-09-19 22:13:36
2400,PROD-2400,Pantalón de Buzo Tech Fleece,"Pantalón deportivo térmico con diseño estilizado (Talla L, Color Azul)",635.74,51,1,2026-09-22 01:38:57,2026-09-22 03:08:57
2401,PROD-2401,Zapatillas Samba OG,"Tenis de estilo retro icónicos en cuero de primera calidad (Talla M, Color Negro)",2218.72,31,1,2026-09-19 01:36:21,2026-09-19 02:29:21
2402,PROD-2402,Patinete Eléctrico Pro 4,Scooter eléctrico con gran autonomía para movilidad urbana,5759.96,13,1,2026-09-19 00:03:56,2026-09-19 01:08:56
2403,PROD-2403,Aspiradora Inalámbrica SpeedPro,Aspiradora escoba sin cable con cabezal de succión de 180 grados,7295.53,54,1,2026-09-18 15:23:55,2026-09-18 16:16:55
2404,PROD-2404,Tablet Galaxy Tab S9 512GB,"Tableta de alto rendimiento para diseño, trabajo y entretenimiento - Color Rojo",13742.35,5,1,2026-09-18 04:20:34,2026-09-18 05:21:34
2405,PROD-2405,Licuadora Reversible 2 Velocidades,Licuadora con motor reversible y vaso de vidrio resistente a choques térmicos,1523.32,51,1,2026-09-21 13:02:05,2026-09-21 14:51:05
2406,PROD-2406,Aspiradora Inalámbrica SpeedPro,Aspiradora escoba sin cable con cabezal de succión de 180 grados,7160.86,45,1,2026-09-21 06:18:22,2026-09-21 08:16:22
2407,PROD-2407,Freidora de Aire 4L,Freidora sin aceite para cocinar de manera saludable y rápida,6249.81,54,1,2026-09-22 09:39:31,2026-09-22 09:44:31
2408,PROD-2408,Polerón Adicolor Classics,"Sudadera clásica con el logotipo de las tres tiras (Talla L, Color Rojo)",2493.10,68,1,2026-09-17 19:35:32,2026-09-17 20:11:32
2409,PROD-2409,Camiseta Graphic Setin Neck,"Playera casual de algodón con estampado frontal (Talla S, Color Azul)",2133.54,63,1,2026-09-20 08:37:05,2026-09-20 10:34:05
2410,PROD-2410,Freidora de Aire 4L,Freidora sin aceite para cocinar de manera saludable y rápida,6744.50,22,1,2026-09-20 06:32:22,2026-09-20 07:05:22
2411,PROD-2411,Zapatillas Ultraboost Light,"Tenis de running con retorno de energía superior y ligereza (Talla M, Color Verde)",2294.42,42,1,2026-09-19 22:36:30,2026-09-19 23:09:30
2412,PROD-2412,Smart TV OLED C3 65,Televisor inteligente ideal para videojuegos y películas con pánel OLED,1939.32,33,1,2026-09-18 23:54:49,2026-09-19 00:44:49
2413,PROD-2413,Smartphone Redmi Note 13 Pro 128GB,Teléfono inteligente con excelente relación calidad-precio y gran cámara - Color Gris,19501.65,39,1,2026-09-20 01:48:14,2026-09-20 01:50:14
2414,PROD-2414,Freidora XXL Airfryer,Freidora de aire de gran capacidad con tecnología de extracción de grasa,4174.43,45,1,2026-09-18 20:11:25,2026-09-18 21:19:25
2415,PROD-2415,Freidora XXL Airfryer,Freidora de aire de gran capacidad con tecnología de extracción de grasa,6899.78,32,1,2026-09-20 22:46:31,2026-09-21 00:18:31
2416,PROD-2416,Jeans 511 Slim Fit,"Pantalón de mezclilla ajustado de estilo moderno (Talla S, Color Verde)",1273.43,52,1,2026-09-21 11:18:47,2026-09-21 11:49:47
2417,PROD-2417,Jeans 501 Original Fit,"Pantalón de mezclilla clásico de corte recto y ajuste cómodo (Talla M, Color Verde)",1921.69,31,1,2026-09-21 12:51:31,2026-09-21 13:28:31
2418,PROD-2418,Aspiradora Inalámbrica SpeedPro,Aspiradora escoba sin cable con cabezal de succión de 180 grados,1630.15,35,1,2026-09-18 18:49:58,2026-09-18 20:22:58
2419,PROD-2419,Consola PlayStation 5 Slim,Consola de videojuegos de última generación con almacenamiento SSD ultra rápido,27660.79,23,1,2026-09-19 10:10:58,2026-09-19 11:19:58
2420,PROD-2420,Licuadora Reversible 2 Velocidades,Licuadora con motor reversible y vaso de vidrio resistente a choques térmicos,7869.38,15,1,2026-09-17 13:35:39,2026-09-17 14:05:39
2421,PROD-2421,Audífonos Bluetooth WH-1000XM5,Audífonos inalámbricos con la mejor cancelación de ruido del mercado,4524.66,33,1,2026-09-19 14:15:57,2026-09-19 14:30:57
2422,PROD-2422,Freidora XXL Airfryer,Freidora de aire de gran capacidad con tecnología de extracción de grasa,4057.44,47,1,2026-09-19 05:38:24,2026-09-19 07:18:24
2423,PROD-2423,Consola PlayStation 5 Slim,Consola de videojuegos de última generación con almacenamiento SSD ultra rápido,13040.03,29,1,2026-09-22 10:34:46,2026-09-22 10:58:46
2424,PROD-2424,Freidora XXL Airfryer,Freidora de aire de gran capacidad con tecnología de extracción de grasa,7322.99,47,1,2026-09-22 10:15:19,2026-09-22 11:56:19
2425,PROD-2425,Smartphone Galaxy S26 256GB,Smartphone compacto con pantalla fluida y excelente rendimiento - Color Gris,6192.06,49,1,2026-09-20 18:59:49,2026-09-20 19:23:49
2426,PROD-2426,Zapatillas Samba OG,"Tenis de estilo retro icónicos en cuero de primera calidad (Talla S, Color Gris)",2185.04,65,1,2026-09-18 04:11:35,2026-09-18 05:54:35
2427,PROD-2427,Freidora XXL Airfryer,Freidora de aire de gran capacidad con tecnología de extracción de grasa,1673.17,47,1,2026-09-21 09:57:02,2026-09-21 10:58:02
2428,PROD-2428,Cafetera Programable 12 Tazas,Cafetera de goteo con temporizador programable y jarra de vidrio,2123.31,50,1,2026-09-22 06:49:00,2026-09-22 07:52:00
2429,PROD-2429,Aspiradora Inalámbrica SpeedPro,Aspiradora escoba sin cable con cabezal de succión de 180 grados,2848.83,31,1,2026-09-18 18:06:27,2026-09-18 20:01:27
2430,PROD-2430,Monitor Odyssey G9,Monitor curvo ultrawide diseñado para gaming profesional,7176.86,41,1,2026-09-19 16:52:18,2026-09-19 16:54:18
2431,PROD-2431,Aspiradora Inalámbrica SpeedPro,Aspiradora escoba sin cable con cabezal de succión de 180 grados,3558.06,8,1,2026-09-19 11:00:34,2026-09-19 12:50:34
2432,PROD-2432,Jeans 511 Slim Fit,"Pantalón de mezclilla ajustado de estilo moderno (Talla S, Color Rojo)",1469.11,24,1,2026-09-21 03:27:17,2026-09-21 03:44:17
2433,PROD-2433,Zapatillas Running Pegasus 40,"Calzado de correr con amortiguación reactiva para entrenamiento (Talla L, Color Negro)",1693.64,14,1,2026-09-22 07:36:02,2026-09-22 09:22:02
2434,PROD-2434,Freidora XXL Airfryer,Freidora de aire de gran capacidad con tecnología de extracción de grasa,2771.64,60,1,2026-09-20 03:05:53,2026-09-20 03:42:53
2435,PROD-2435,Smartphone Galaxy S26 Ultra 512GB,Smartphone de alta gama con cámara de 200MP y pantalla Dynamic AMOLED - Color Verde,34724.77,13,1,2026-09-21 18:27:30,2026-09-21 19:00:30
2436,PROD-2436,Chaqueta Camionera de Mezclilla,"Chaqueta clásica de mezclilla resistente para uso diario (Talla L, Color Azul)",2459.82,77,1,2026-09-19 18:05:23,2026-09-19 18:14:23
2437,PROD-2437,Polera Sportswear Club Fleece,"Sudadera de felpa con capucha y ajuste estándar (Talla XL, Color Negro)",406.22,46,1,2026-09-19 12:50:32,2026-09-19 13:13:32
2438,PROD-2438,Licuadora Reversible 2 Velocidades,Licuadora con motor reversible y vaso de vidrio resistente a choques térmicos,7478.72,46,1,2026-09-21 04:25:29,2026-09-21 06:14:29
2439,PROD-2439,Consola PlayStation 5 Slim,Consola de videojuegos de última generación con almacenamiento SSD ultra rápido,3878.08,21,1,2026-09-22 04:57:27,2026-09-22 05:39:27
2440,PROD-2440,Jeans 511 Slim Fit,"Pantalón de mezclilla ajustado de estilo moderno (Talla M, Color Rojo)",2070.80,39,1,2026-09-17 20:15:26,2026-09-17 20:50:26
2441,PROD-2441,Polerón Adicolor Classics,"Sudadera clásica con el logotipo de las tres tiras (Talla S, Color Verde)",1530.21,83,1,2026-09-21 17:40:06,2026-09-21 18:49:06
2442,PROD-2442,Polerón Adicolor Classics,"Sudadera clásica con el logotipo de las tres tiras (Talla L, Color Negro)",2274.95,15,1,2026-09-19 10:31:56,2026-09-19 12:28:56
2443,PROD-2443,Chaqueta Camionera de Mezclilla,"Chaqueta clásica de mezclilla resistente para uso diario (Talla L, Color Verde)",461.91,18,1,2026-09-18 02:50:43,2026-09-18 04:50:43
2444,PROD-2444,Licuadora Reversible 2 Velocidades,Licuadora con motor reversible y vaso de vidrio resistente a choques térmicos,7174.66,10,1,2026-09-20 09:26:43,2026-09-20 11:09:43
2445,PROD-2445,Zapatillas Running Pegasus 40,"Calzado de correr con amortiguación reactiva para entrenamiento (Talla S, Color Gris)",691.43,81,1,2026-09-22 08:45:35,2026-09-22 09:16:35
2446,PROD-2446,Audífonos Bluetooth WH-1000XM5,Audífonos inalámbricos con la mejor cancelación de ruido del mercado,7072.09,41,1,2026-09-21 19:09:22,2026-09-21 20:59:22
2447,PROD-2447,Monitor Odyssey G9,Monitor curvo ultrawide diseñado para gaming profesional,8253.83,50,1,2026-09-18 07:33:22,2026-09-18 07:54:22
2448,PROD-2448,Freidora de Aire 4L,Freidora sin aceite para cocinar de manera saludable y rápida,440.18,41,1,2026-09-19 04:54:50,2026-09-19 06:07:50
2449,PROD-2449,Freidora de Aire 4L,Freidora sin aceite para cocinar de manera saludable y rápida,4561.48,11,1,2026-09-20 03:41:33,2026-09-20 04:08:33
2450,PROD-2450,Freidora XXL Airfryer,Freidora de aire de gran capacidad con tecnología de extracción de grasa,6670.19,26,1,2026-09-19 15:14:50,2026-09-19 15:31:50
2451,PROD-2451,Zapatillas Samba OG,"Tenis de estilo retro icónicos en cuero de primera calidad (Talla L, Color Gris)",885.42,25,1,2026-09-21 20:03:36,2026-09-21 20:56:36
2452,PROD-2452,Polerón Adicolor Classics,"Sudadera clásica con el logotipo de las tres tiras (Talla XL, Color Negro)",2452.30,61,1,2026-09-21 03:08:31,2026-09-21 03:32:31
2453,PROD-2453,Freidora XXL Airfryer,Freidora de aire de gran capacidad con tecnología de extracción de grasa,4782.28,60,1,2026-09-21 10:26:09,2026-09-21 11:40:09
2454,PROD-2454,iPhone 16 128GB,Smartphone con pantalla Super Retina XDR y excelente duración de batería - Color Blanco,35934.15,7,1,2026-09-21 23:36:21,2026-09-21 23:45:21
2455,PROD-2455,Freidora XXL Airfryer,Freidora de aire de gran capacidad con tecnología de extracción de grasa,7735.67,25,1,2026-09-18 05:30:36,2026-09-18 06:43:36
2456,PROD-2456,iPhone 16 Pro 128GB,Teléfono inteligente premium con chip de alto rendimiento y triple cámara - Color Azul,4296.85,18,1,2026-09-20 06:13:10,2026-09-20 06:31:10
2457,PROD-2457,Tablet Galaxy Tab S9 512GB,"Tableta de alto rendimiento para diseño, trabajo y entretenimiento - Color Azul",13944.72,38,1,2026-09-21 16:11:15,2026-09-21 16:46:15
2458,PROD-2458,Zapatillas Ultraboost Light,"Tenis de running con retorno de energía superior y ligereza (Talla M, Color Blanco)",1186.80,34,1,2026-09-21 14:04:55,2026-09-21 15:53:55
2459,PROD-2459,Freidora de Aire 4L,Freidora sin aceite para cocinar de manera saludable y rápida,4115.74,25,1,2026-09-20 04:49:05,2026-09-20 04:55:05
2460,PROD-2460,Camiseta Graphic Setin Neck,"Playera casual de algodón con estampado frontal (Talla XL, Color Blanco)",482.02,17,1,2026-09-22 02:05:32,2026-09-22 03:03:32
2461,PROD-2461,Freidora XXL Airfryer,Freidora de aire de gran capacidad con tecnología de extracción de grasa,3541.87,26,1,2026-09-18 09:36:01,2026-09-18 10:12:01
2462,PROD-2462,Camiseta Graphic Setin Neck,"Playera casual de algodón con estampado frontal (Talla S, Color Azul)",2039.24,77,1,2026-09-17 22:37:08,2026-09-17 23:52:08
2463,PROD-2463,Polera Sportswear Club Fleece,"Sudadera de felpa con capucha y ajuste estándar (Talla M, Color Azul)",781.99,45,1,2026-09-20 10:33:13,2026-09-20 11:22:13
2464,PROD-2464,Camiseta Graphic Setin Neck,"Playera casual de algodón con estampado frontal (Talla M, Color Azul)",2295.33,12,1,2026-09-22 06:51:08,2026-09-22 07:21:08
2465,PROD-2465,Aspiradora Inalámbrica SpeedPro,Aspiradora escoba sin cable con cabezal de succión de 180 grados,2063.43,43,1,2026-09-20 15:20:23,2026-09-20 16:42:23
2466,PROD-2466,Smartphone Galaxy Z Flip 6 512GB,Teléfono plegable compacto con pantalla exterior funcional - Color Rojo,9545.80,11,1,2026-09-19 04:41:42,2026-09-19 06:31:42
2467,PROD-2467,Aspiradora Inalámbrica SpeedPro,Aspiradora escoba sin cable con cabezal de succión de 180 grados,554.28,44,1,2026-09-18 04:42:36,2026-09-18 05:12:36
2468,PROD-2468,Zapatillas Air Max 270,"Calzado deportivo con cápsula de aire visible para máxima comodidad (Talla M, Color Verde)",1418.63,77,1,2026-09-17 13:36:02,2026-09-17 13:55:02
2469,PROD-2469,Barra de Sonido HT-A7000,Sistema de audio para cine en casa con soporte Dolby Atmos,27823.87,31,1,2026-09-20 23:49:24,2026-09-21 00:32:24
2470,PROD-2470,Smartphone Xiaomi 14 Ultra 256GB,Smartphone de gama alta enfocado en fotografía profesional Leica - Color Negro,26507.97,32,1,2026-09-19 01:41:19,2026-09-19 03:10:19
2471,PROD-2471,Zapatillas Ultraboost Light,"Tenis de running con retorno de energía superior y ligereza (Talla XL, Color Verde)",2160.11,87,1,2026-09-20 23:25:30,2026-09-21 00:37:30
2472,PROD-2472,Camiseta Graphic Setin Neck,"Playera casual de algodón con estampado frontal (Talla XL, Color Rojo)",771.98,41,1,2026-09-19 12:23:59,2026-09-19 12:28:59
2473,PROD-2473,Pantalón de Buzo Tech Fleece,"Pantalón deportivo térmico con diseño estilizado (Talla M, Color Rojo)",1066.87,39,1,2026-09-20 03:51:10,2026-09-20 05:02:10
2474,PROD-2474,Smartphone Galaxy S26+ 256GB,Teléfono inteligente con procesador de última generación y batería de larga duración - Color Blanco,15081.10,7,1,2026-09-18 18:57:32,2026-09-18 19:56:32
2475,PROD-2475,Polerón Adicolor Classics,"Sudadera clásica con el logotipo de las tres tiras (Talla S, Color Negro)",1814.07,80,1,2026-09-20 05:22:33,2026-09-20 06:53:33
2476,PROD-2476,MacBook Pro 16 M3 256GB,Computadora portátil profesional para edición de video y desarrollo - Color Gris,3938.39,21,1,2026-09-17 14:48:48,2026-09-17 16:45:48
2477,PROD-2477,Freidora XXL Airfryer,Freidora de aire de gran capacidad con tecnología de extracción de grasa,7934.00,49,1,2026-09-21 02:50:04,2026-09-21 04:43:04
2478,PROD-2478,Jeans 501 Original Fit,"Pantalón de mezclilla clásico de corte recto y ajuste cómodo (Talla L, Color Blanco)",1665.31,21,1,2026-09-22 10:24:24,2026-09-22 10:56:24
2479,PROD-2479,Licuadora Reversible 2 Velocidades,Licuadora con motor reversible y vaso de vidrio resistente a choques térmicos,4017.69,25,1,2026-09-20 19:54:34,2026-09-20 20:15:34
2480,PROD-2480,Freidora de Aire 4L,Freidora sin aceite para cocinar de manera saludable y rápida,6609.70,21,1,2026-09-22 08:59:42,2026-09-22 09:51:42
2481,PROD-2481,Jeans 501 Original Fit,"Pantalón de mezclilla clásico de corte recto y ajuste cómodo (Talla M, Color Rojo)",946.99,64,1,2026-09-21 18:31:38,2026-09-21 19:15:38
2482,PROD-2482,Zapatillas Running Pegasus 40,"Calzado de correr con amortiguación reactiva para entrenamiento (Talla M, Color Negro)",1938.64,90,1,2026-09-21 00:22:12,2026-09-21 00:24:12
2483,PROD-2483,Freidora XXL Airfryer,Freidora de aire de gran capacidad con tecnología de extracción de grasa,1707.72,18,1,2026-09-18 23:13:13,2026-09-19 00:47:13
2484,PROD-2484,MacBook Pro 16 M3 256GB,Computadora portátil profesional para edición de video y desarrollo - Color Blanco,5208.30,34,1,2026-09-17 22:02:00,2026-09-17 23:26:00
2485,PROD-2485,Jeans 511 Slim Fit,"Pantalón de mezclilla ajustado de estilo moderno (Talla S, Color Negro)",1910.35,36,1,2026-09-19 18:30:21,2026-09-19 19:50:21
2486,PROD-2486,Zapatillas Samba OG,"Tenis de estilo retro icónicos en cuero de primera calidad (Talla M, Color Verde)",486.03,30,1,2026-09-20 10:06:05,2026-09-20 10:54:05
2487,PROD-2487,iPad Pro 12.9,Tableta profesional con pantalla Liquid Retina XDR y chip M2,1747.10,16,1,2026-09-21 16:47:18,2026-09-21 18:34:18
2488,PROD-2488,Jeans 501 Original Fit,"Pantalón de mezclilla clásico de corte recto y ajuste cómodo (Talla M, Color Blanco)",507.41,63,1,2026-09-18 04:54:08,2026-09-18 05:49:08
2489,PROD-2489,MacBook Air 15 M2 512GB,Laptop ultra delgada y liviana con gran autonomía - Color Azul,6087.60,43,1,2026-09-20 18:42:40,2026-09-20 20:06:40
2490,PROD-2490,Freidora de Aire 4L,Freidora sin aceite para cocinar de manera saludable y rápida,3629.14,47,1,2026-09-22 08:50:55,2026-09-22 09:46:55
2491,PROD-2491,Polera Sportswear Club Fleece,"Sudadera de felpa con capucha y ajuste estándar (Talla M, Color Verde)",2066.35,12,1,2026-09-18 17:41:36,2026-09-18 18:32:36
2492,PROD-2492,Zapatillas Running Pegasus 40,"Calzado de correr con amortiguación reactiva para entrenamiento (Talla XL, Color Negro)",2230.66,24,1,2026-09-22 09:07:23,2026-09-22 10:35:23
2493,PROD-2493,Smartphone Galaxy Z Fold 6 128GB,Teléfono plegable con pantalla gigante para productividad y multitarea - Color Rojo,17515.92,46,1,2026-09-21 01:40:29,2026-09-21 03:11:29
2494,PROD-2494,Licuadora Reversible 2 Velocidades,Licuadora con motor reversible y vaso de vidrio resistente a choques térmicos,4336.45,42,1,2026-09-18 22:52:05,2026-09-19 00:34:05
2495,PROD-2495,iPhone 16 Pro Max 128GB,Smartphone insignia de Apple con acabado en titanio y cámara profesional - Color Blanco,19634.60,10,1,2026-09-19 14:29:47,2026-09-19 15:36:47
2496,PROD-2496,Freidora de Aire 4L,Freidora sin aceite para cocinar de manera saludable y rápida,2384.67,43,1,2026-09-18 08:56:32,2026-09-18 10:41:32
2497,PROD-2497,Smart TV 65 Neo QLED,Televisor inteligente 4K con tecnología de puntos cuánticos y alto contraste,17913.05,18,1,2026-09-18 09:27:24,2026-09-18 11:09:24
2498,PROD-2498,Audífonos Galaxy Buds3 Pro,Audífonos inalámbricos con cancelación activa de ruido inteligente,5747.69,33,1,2026-09-17 23:30:47,2026-09-18 00:24:47
2499,PROD-2499,Cafetera Programable 12 Tazas,Cafetera de goteo con temporizador programable y jarra de vidrio,6177.06,37,1,2026-09-18 13:05:10,2026-09-18 14:32:10
2500,PROD-2500,Zapatillas Air Force 1 '07,"Tenis clásicos de cuero blanco para uso urbano y casual (Talla S, Color Negro)",2027.10,95,1,2026-09-21 17:43:36,2026-09-21 17:46:36
2501,PROD-2501,Licuadora Reversible 2 Velocidades,Licuadora con motor reversible y vaso de vidrio resistente a choques térmicos,2850.97,56,1,2026-09-22 01:12:00,2026-09-22 02:55:00
2502,PROD-2502,Licuadora Reversible 2 Velocidades,Licuadora con motor reversible y vaso de vidrio resistente a choques térmicos,5628.47,38,1,2026-09-22 10:24:02,2026-09-22 10:36:02
2503,PROD-2503,Polerón Adicolor Classics,"Sudadera clásica con el logotipo de las tres tiras (Talla L, Color Negro)",2043.05,87,1,2026-09-17 16:52:23,2026-09-17 18:24:23
2504,PROD-2504,Cámara Alpha 7 IV,Cámara mirrorless profesional de fotograma completo para foto y video,13956.10,12,1,2026-09-22 08:50:41,2026-09-22 10:47:41
2505,PROD-2505,Aspiradora Inalámbrica SpeedPro,Aspiradora escoba sin cable con cabezal de succión de 180 grados,2382.11,13,1,2026-09-20 20:35:38,2026-09-20 22:19:38
2506,PROD-2506,Refrigeradora InstaView,Refrigerador inteligente con panel de cristal panorámico,20961.67,35,1,2026-09-19 06:56:02,2026-09-19 07:58:02
2507,PROD-2507,Licuadora Reversible 2 Velocidades,Licuadora con motor reversible y vaso de vidrio resistente a choques térmicos,1735.51,56,1,2026-09-19 07:11:42,2026-09-19 08:15:42
2508,PROD-2508,Freidora de Aire 4L,Freidora sin aceite para cocinar de manera saludable y rápida,3283.78,10,1,2026-09-20 14:58:04,2026-09-20 15:53:04
2509,PROD-2509,Jeans 501 Original Fit,"Pantalón de mezclilla clásico de corte recto y ajuste cómodo (Talla S, Color Negro)",1773.38,41,1,2026-09-19 20:08:41,2026-09-19 20:52:41
2510,PROD-2510,Freidora XXL Airfryer,Freidora de aire de gran capacidad con tecnología de extracción de grasa,3147.15,41,1,2026-09-19 05:10:15,2026-09-19 06:17:15
2511,PROD-2511,Smart Band 8,Pulsera de actividad física con seguimiento del sueño y deporte,20486.55,20,1,2026-09-20 01:15:11,2026-09-20 01:34:11
2512,PROD-2512,Zapatillas Ultraboost Light,"Tenis de running con retorno de energía superior y ligereza (Talla L, Color Gris)",1771.85,56,1,2026-09-19 10:16:30,2026-09-19 12:01:30
2513,PROD-2513,Monitor UltraGear 27,Monitor de alta frecuencia de actualización para juegos competitivos,26400.79,40,1,2026-09-21 21:08:07,2026-09-21 21:13:07
2514,PROD-2514,Freidora XXL Airfryer,Freidora de aire de gran capacidad con tecnología de extracción de grasa,3491.16,23,1,2026-09-20 00:50:49,2026-09-20 02:07:49
2515,PROD-2515,Aspiradora Inalámbrica SpeedPro,Aspiradora escoba sin cable con cabezal de succión de 180 grados,6377.58,9,1,2026-09-22 05:35:37,2026-09-22 06:54:37
2516,PROD-2516,Licuadora Reversible 2 Velocidades,Licuadora con motor reversible y vaso de vidrio resistente a choques térmicos,890.31,25,1,2026-09-22 09:54:30,2026-09-22 10:00:30
2517,PROD-2517,Patinete Eléctrico Pro 4,Scooter eléctrico con gran autonomía para movilidad urbana,30138.89,12,1,2026-09-20 22:03:10,2026-09-21 00:00:10
2518,PROD-2518,Freidora de Aire 4L,Freidora sin aceite para cocinar de manera saludable y rápida,5154.40,24,1,2026-09-21 10:51:59,2026-09-21 11:13:59
2519,PROD-2519,Aspiradora Inalámbrica SpeedPro,Aspiradora escoba sin cable con cabezal de succión de 180 grados,7091.45,23,1,2026-09-20 16:12:31,2026-09-20 16:36:31
2520,PROD-2520,Zapatillas Ultraboost Light,"Tenis de running con retorno de energía superior y ligereza (Talla S, Color Azul)",925.77,29,1,2026-09-21 15:07:20,2026-09-21 15:15:20
2521,PROD-2521,Robot Aspiradora X10+,Aspiradora robótica con estación de vaciado automático y mapeo láser,24565.56,15,1,2026-09-20 17:05:28,2026-09-20 18:18:28
2522,PROD-2522,Aspiradora Inalámbrica SpeedPro,Aspiradora escoba sin cable con cabezal de succión de 180 grados,2661.66,9,1,2026-09-19 00:27:28,2026-09-19 02:19:28
2523,PROD-2523,Zapatillas Ultraboost Light,"Tenis de running con retorno de energía superior y ligereza (Talla L, Color Verde)",1909.24,77,1,2026-09-20 03:51:44,2026-09-20 04:18:44
2524,PROD-2524,Cámara Alpha 7 IV,Cámara mirrorless profesional de fotograma completo para foto y video,3416.97,7,1,2026-09-22 12:49:39,2026-09-22 13:38:39
2525,PROD-2525,Zapatillas Samba OG,"Tenis de estilo retro icónicos en cuero de primera calidad (Talla M, Color Gris)",2384.20,57,1,2026-09-22 03:27:06,2026-09-22 04:04:06
2526,PROD-2526,Apple Watch Series 10,Reloj inteligente con sensores avanzados de salud y actividad física,28497.40,48,1,2026-09-19 18:51:22,2026-09-19 19:34:22
2527,PROD-2527,Freidora de Aire 4L,Freidora sin aceite para cocinar de manera saludable y rápida,1856.71,54,1,2026-09-17 16:29:52,2026-09-17 17:54:52
2528,PROD-2528,Smart Band 8,Pulsera de actividad física con seguimiento del sueño y deporte,11424.40,22,1,2026-09-19 07:25:53,2026-09-19 08:30:53
2529,PROD-2529,Licuadora Reversible 2 Velocidades,Licuadora con motor reversible y vaso de vidrio resistente a choques térmicos,5953.93,31,1,2026-09-19 00:16:20,2026-09-19 01:27:20
2530,PROD-2530,Freidora de Aire 4L,Freidora sin aceite para cocinar de manera saludable y rápida,2919.79,16,1,2026-09-20 08:55:46,2026-09-20 10:13:46
2531,PROD-2531,Cafetera Programable 12 Tazas,Cafetera de goteo con temporizador programable y jarra de vidrio,5630.76,10,1,2026-09-19 07:17:59,2026-09-19 08:44:59
2532,PROD-2532,Freidora de Aire 4L,Freidora sin aceite para cocinar de manera saludable y rápida,2215.01,21,1,2026-09-18 19:32:18,2026-09-18 21:09:18
2533,PROD-2533,Chaqueta Camionera de Mezclilla,"Chaqueta clásica de mezclilla resistente para uso diario (Talla L, Color Verde)",612.69,38,1,2026-09-22 10:35:40,2026-09-22 10:53:40
2534,PROD-2534,Smartphone Galaxy S26+ 1TB,Teléfono inteligente con procesador de última generación y batería de larga duración - Color Rojo,17058.98,12,1,2026-09-20 20:23:25,2026-09-20 20:29:25
2535,PROD-2535,Licuadora Reversible 2 Velocidades,Licuadora con motor reversible y vaso de vidrio resistente a choques térmicos,4909.21,48,1,2026-09-21 15:57:52,2026-09-21 16:22:52
2536,PROD-2536,Jeans 511 Slim Fit,"Pantalón de mezclilla ajustado de estilo moderno (Talla XL, Color Verde)",1044.49,38,1,2026-09-17 18:49:12,2026-09-17 20:41:12
2537,PROD-2537,Jeans 501 Original Fit,"Pantalón de mezclilla clásico de corte recto y ajuste cómodo (Talla S, Color Rojo)",1986.91,73,1,2026-09-22 03:33:34,2026-09-22 04:14:34
2538,PROD-2538,Camiseta Graphic Setin Neck,"Playera casual de algodón con estampado frontal (Talla XL, Color Rojo)",1898.62,77,1,2026-09-17 14:19:49,2026-09-17 14:20:49
2539,PROD-2539,iPhone 16 Pro Max 128GB,Smartphone insignia de Apple con acabado en titanio y cámara profesional - Color Rojo,4289.48,31,1,2026-09-18 05:25:22,2026-09-18 06:35:22
2540,PROD-2540,Refrigeradora InstaView,Refrigerador inteligente con panel de cristal panorámico,33313.59,20,1,2026-09-21 17:21:53,2026-09-21 18:09:53
2541,PROD-2541,Pantalón de Buzo Tech Fleece,"Pantalón deportivo térmico con diseño estilizado (Talla L, Color Verde)",959.85,86,1,2026-09-18 06:32:32,2026-09-18 08:04:32
2542,PROD-2542,Jeans 511 Slim Fit,"Pantalón de mezclilla ajustado de estilo moderno (Talla XL, Color Gris)",1660.95,54,1,2026-09-18 08:36:50,2026-09-18 10:29:50
2543,PROD-2543,Smartphone Galaxy Z Flip 6 128GB,Teléfono plegable compacto con pantalla exterior funcional - Color Negro,31414.88,45,1,2026-09-22 05:31:15,2026-09-22 06:44:15
2544,PROD-2544,Chaqueta Camionera de Mezclilla,"Chaqueta clásica de mezclilla resistente para uso diario (Talla M, Color Blanco)",1203.55,71,1,2026-09-19 15:03:19,2026-09-19 16:50:19
2545,PROD-2545,Smart TV OLED C3 65,Televisor inteligente ideal para videojuegos y películas con pánel OLED,27356.50,31,1,2026-09-18 17:27:56,2026-09-18 17:48:56
2546,PROD-2546,Licuadora Reversible 2 Velocidades,Licuadora con motor reversible y vaso de vidrio resistente a choques térmicos,5009.92,40,1,2026-09-18 10:38:47,2026-09-18 10:47:47
2547,PROD-2547,Patinete Eléctrico Pro 4,Scooter eléctrico con gran autonomía para movilidad urbana,12399.29,31,1,2026-09-18 00:17:11,2026-09-18 00:28:11
2548,PROD-2548,Chaqueta Camionera de Mezclilla,"Chaqueta clásica de mezclilla resistente para uso diario (Talla M, Color Rojo)",1502.63,15,1,2026-09-19 18:32:02,2026-09-19 19:52:02
2549,PROD-2549,Audífonos Bluetooth WH-1000XM5,Audífonos inalámbricos con la mejor cancelación de ruido del mercado,17979.33,30,1,2026-09-20 03:32:21,2026-09-20 04:27:21
2550,PROD-2550,Cafetera Programable 12 Tazas,Cafetera de goteo con temporizador programable y jarra de vidrio,5672.02,15,1,2026-09-22 01:48:13,2026-09-22 02:04:13
2551,PROD-2551,Jeans 501 Original Fit,"Pantalón de mezclilla clásico de corte recto y ajuste cómodo (Talla M, Color Negro)",1468.55,36,1,2026-09-19 17:43:51,2026-09-19 18:32:51
2552,PROD-2552,Zapatillas Ultraboost Light,"Tenis de running con retorno de energía superior y ligereza (Talla S, Color Azul)",681.08,68,1,2026-09-17 23:41:39,2026-09-18 00:22:39
2553,PROD-2553,Licuadora Reversible 2 Velocidades,Licuadora con motor reversible y vaso de vidrio resistente a choques térmicos,7641.18,57,1,2026-09-18 20:56:46,2026-09-18 21:28:46
2554,PROD-2554,Zapatillas Air Force 1 '07,"Tenis clásicos de cuero blanco para uso urbano y casual (Talla XL, Color Rojo)",1533.13,65,1,2026-09-21 00:25:09,2026-09-21 00:38:09
2555,PROD-2555,Zapatillas Samba OG,"Tenis de estilo retro icónicos en cuero de primera calidad (Talla XL, Color Rojo)",1734.92,28,1,2026-09-21 07:34:31,2026-09-21 08:00:31
2556,PROD-2556,Aspiradora Inalámbrica SpeedPro,Aspiradora escoba sin cable con cabezal de succión de 180 grados,6097.44,10,1,2026-09-18 05:58:42,2026-09-18 06:28:42
2557,PROD-2557,Zapatillas Ultraboost Light,"Tenis de running con retorno de energía superior y ligereza (Talla XL, Color Blanco)",1086.61,40,1,2026-09-20 10:33:41,2026-09-20 12:23:41
2558,PROD-2558,Freidora de Aire 4L,Freidora sin aceite para cocinar de manera saludable y rápida,750.52,22,1,2026-09-21 11:03:51,2026-09-21 11:50:51
2559,PROD-2559,Licuadora Reversible 2 Velocidades,Licuadora con motor reversible y vaso de vidrio resistente a choques térmicos,1178.81,31,1,2026-09-20 06:52:08,2026-09-20 08:20:08
2560,PROD-2560,Cafetera Programable 12 Tazas,Cafetera de goteo con temporizador programable y jarra de vidrio,6649.15,40,1,2026-09-19 18:44:20,2026-09-19 19:56:20
2561,PROD-2561,Freidora de Aire 4L,Freidora sin aceite para cocinar de manera saludable y rápida,2571.81,19,1,2026-09-17 15:24:24,2026-09-17 16:55:24
2562,PROD-2562,Zapatillas Running Pegasus 40,"Calzado de correr con amortiguación reactiva para entrenamiento (Talla M, Color Azul)",1975.87,100,1,2026-09-21 00:31:40,2026-09-21 01:50:40
2563,PROD-2563,Aspiradora Inalámbrica SpeedPro,Aspiradora escoba sin cable con cabezal de succión de 180 grados,7008.81,50,1,2026-09-19 08:16:40,2026-09-19 10:02:40
2564,PROD-2564,Freidora XXL Airfryer,Freidora de aire de gran capacidad con tecnología de extracción de grasa,7157.55,26,1,2026-09-18 10:15:11,2026-09-18 11:23:11
2565,PROD-2565,Zapatillas Samba OG,"Tenis de estilo retro icónicos en cuero de primera calidad (Talla M, Color Blanco)",1060.26,23,1,2026-09-19 07:59:09,2026-09-19 08:01:09
2566,PROD-2566,Freidora XXL Airfryer,Freidora de aire de gran capacidad con tecnología de extracción de grasa,7644.99,20,1,2026-09-18 04:53:24,2026-09-18 05:16:24
2567,PROD-2567,Audífonos Bluetooth WH-1000XM5,Audífonos inalámbricos con la mejor cancelación de ruido del mercado,28057.54,32,1,2026-09-19 23:58:38,2026-09-20 01:10:38
2568,PROD-2568,Freidora de Aire 4L,Freidora sin aceite para cocinar de manera saludable y rápida,5128.86,9,1,2026-09-20 22:21:39,2026-09-20 23:21:39
2569,PROD-2569,Smartphone Redmi Note 13 Pro 1TB,Teléfono inteligente con excelente relación calidad-precio y gran cámara - Color Azul,35018.16,6,1,2026-09-21 10:35:54,2026-09-21 11:31:54
2570,PROD-2570,MacBook Air 15 M2 256GB,Laptop ultra delgada y liviana con gran autonomía - Color Rojo,22038.95,25,1,2026-09-21 14:42:24,2026-09-21 16:06:24
2571,PROD-2571,Freidora XXL Airfryer,Freidora de aire de gran capacidad con tecnología de extracción de grasa,7228.77,41,1,2026-09-18 09:17:00,2026-09-18 10:41:00
2572,PROD-2572,Freidora de Aire 4L,Freidora sin aceite para cocinar de manera saludable y rápida,6692.90,30,1,2026-09-20 00:27:07,2026-09-20 02:20:07
2573,PROD-2573,Licuadora Reversible 2 Velocidades,Licuadora con motor reversible y vaso de vidrio resistente a choques térmicos,7257.09,44,1,2026-09-21 05:56:54,2026-09-21 06:51:54
2574,PROD-2574,Jeans 511 Slim Fit,"Pantalón de mezclilla ajustado de estilo moderno (Talla XL, Color Rojo)",1990.68,79,1,2026-09-21 15:38:24,2026-09-21 15:56:24
2575,PROD-2575,Zapatillas Samba OG,"Tenis de estilo retro icónicos en cuero de primera calidad (Talla S, Color Rojo)",1172.23,58,1,2026-09-19 15:18:46,2026-09-19 16:10:46
2576,PROD-2576,Licuadora Reversible 2 Velocidades,Licuadora con motor reversible y vaso de vidrio resistente a choques térmicos,513.49,38,1,2026-09-22 10:53:28,2026-09-22 11:47:28
2577,PROD-2577,MacBook Pro 16 M3 512GB,Computadora portátil profesional para edición de video y desarrollo - Color Rojo,12458.26,12,1,2026-09-19 01:47:59,2026-09-19 03:34:59
2578,PROD-2578,Smart TV Bravia XR OLED 55,Televisor OLED con negros absolutos y procesador de imagen cognitivo,19722.12,20,1,2026-09-21 02:41:12,2026-09-21 04:22:12
2579,PROD-2579,Zapatillas Samba OG,"Tenis de estilo retro icónicos en cuero de primera calidad (Talla S, Color Negro)",2139.94,31,1,2026-09-20 10:47:03,2026-09-20 12:23:03
2580,PROD-2580,Smartphone Galaxy S26 Ultra 1TB,Smartphone de alta gama con cámara de 200MP y pantalla Dynamic AMOLED - Color Rojo,14368.89,29,1,2026-09-17 22:13:38,2026-09-17 22:20:38
2581,PROD-2581,Robot Aspiradora X10+,Aspiradora robótica con estación de vaciado automático y mapeo láser,7673.08,10,1,2026-09-21 14:26:24,2026-09-21 14:50:24
2582,PROD-2582,Freidora XXL Airfryer,Freidora de aire de gran capacidad con tecnología de extracción de grasa,764.16,12,1,2026-09-19 19:45:03,2026-09-19 20:52:03
2583,PROD-2583,Refrigeradora InstaView,Refrigerador inteligente con panel de cristal panorámico,10413.27,23,1,2026-09-21 08:50:24,2026-09-21 10:07:24
2584,PROD-2584,Consola PlayStation 5 Slim,Consola de videojuegos de última generación con almacenamiento SSD ultra rápido,16586.36,16,1,2026-09-21 08:47:33,2026-09-21 09:53:33
2585,PROD-2585,Monitor UltraGear 27,Monitor de alta frecuencia de actualización para juegos competitivos,23293.60,45,1,2026-09-18 10:01:47,2026-09-18 10:07:47
2586,PROD-2586,Freidora XXL Airfryer,Freidora de aire de gran capacidad con tecnología de extracción de grasa,5245.02,25,1,2026-09-17 15:33:32,2026-09-17 17:27:32
2587,PROD-2587,Pantalón de Buzo Tech Fleece,"Pantalón deportivo térmico con diseño estilizado (Talla L, Color Azul)",698.97,67,1,2026-09-18 09:27:34,2026-09-18 10:59:34
2588,PROD-2588,Zapatillas Air Max 270,"Calzado deportivo con cápsula de aire visible para máxima comodidad (Talla M, Color Gris)",391.84,21,1,2026-09-22 01:44:02,2026-09-22 03:35:02
2589,PROD-2589,Polerón Adicolor Classics,"Sudadera clásica con el logotipo de las tres tiras (Talla XL, Color Azul)",2334.64,30,1,2026-09-20 23:27:18,2026-09-21 00:56:18
2590,PROD-2590,Freidora de Aire 4L,Freidora sin aceite para cocinar de manera saludable y rápida,572.79,41,1,2026-09-21 15:21:36,2026-09-21 16:29:36
2591,PROD-2591,Jeans 511 Slim Fit,"Pantalón de mezclilla ajustado de estilo moderno (Talla M, Color Blanco)",1325.81,21,1,2026-09-18 08:25:50,2026-09-18 10:24:50
2592,PROD-2592,Zapatillas Air Max 270,"Calzado deportivo con cápsula de aire visible para máxima comodidad (Talla M, Color Gris)",2319.01,61,1,2026-09-18 04:56:32,2026-09-18 05:55:32
2593,PROD-2593,Freidora de Aire 4L,Freidora sin aceite para cocinar de manera saludable y rápida,480.87,18,1,2026-09-21 15:51:19,2026-09-21 16:04:19
2594,PROD-2594,Smart TV OLED C3 65,Televisor inteligente ideal para videojuegos y películas con pánel OLED,516.49,12,1,2026-09-18 20:59:06,2026-09-18 22:35:06
2595,PROD-2595,Chaqueta Camionera de Mezclilla,"Chaqueta clásica de mezclilla resistente para uso diario (Talla M, Color Azul)",1415.86,83,1,2026-09-19 15:20:56,2026-09-19 16:08:56
2596,PROD-2596,MacBook Pro 16 M3 1TB,Computadora portátil profesional para edición de video y desarrollo - Color Negro,32144.72,39,1,2026-09-19 08:19:26,2026-09-19 08:58:26
2597,PROD-2597,Zapatillas Ultraboost Light,"Tenis de running con retorno de energía superior y ligereza (Talla M, Color Rojo)",1044.50,28,1,2026-09-19 22:43:17,2026-09-19 23:20:17
2598,PROD-2598,Licuadora Reversible 2 Velocidades,Licuadora con motor reversible y vaso de vidrio resistente a choques térmicos,3676.81,26,1,2026-09-17 20:48:49,2026-09-17 21:18:49
2599,PROD-2599,Chaqueta Camionera de Mezclilla,"Chaqueta clásica de mezclilla resistente para uso diario (Talla S, Color Azul)",1361.36,23,1,2026-09-18 09:45:25,2026-09-18 11:40:25
2600,PROD-2600,Zapatillas Samba OG,"Tenis de estilo retro icónicos en cuero de primera calidad (Talla M, Color Blanco)",511.63,30,1,2026-09-21 10:10:47,2026-09-21 10:21:47
2601,PROD-2601,Polerón Adicolor Classics,"Sudadera clásica con el logotipo de las tres tiras (Talla M, Color Negro)",1700.77,43,1,2026-09-20 16:45:23,2026-09-20 18:44:23
2602,PROD-2602,Chaqueta Camionera de Mezclilla,"Chaqueta clásica de mezclilla resistente para uso diario (Talla XL, Color Verde)",1826.58,66,1,2026-09-18 23:10:07,2026-09-19 00:47:07
2603,PROD-2603,Jeans 511 Slim Fit,"Pantalón de mezclilla ajustado de estilo moderno (Talla S, Color Rojo)",731.02,97,1,2026-09-19 11:29:10,2026-09-19 12:21:10
2604,PROD-2604,Audífonos Bluetooth WH-1000XM5,Audífonos inalámbricos con la mejor cancelación de ruido del mercado,20821.10,33,1,2026-09-22 00:42:11,2026-09-22 00:44:11
2605,PROD-2605,Polerón Adicolor Classics,"Sudadera clásica con el logotipo de las tres tiras (Talla XL, Color Azul)",1813.60,25,1,2026-09-20 07:09:58,2026-09-20 08:10:58
2606,PROD-2606,Freidora de Aire 4L,Freidora sin aceite para cocinar de manera saludable y rápida,6942.87,39,1,2026-09-18 23:28:20,2026-09-19 01:23:20
2607,PROD-2607,Zapatillas Ultraboost Light,"Tenis de running con retorno de energía superior y ligereza (Talla S, Color Gris)",1993.75,58,1,2026-09-20 19:50:35,2026-09-20 20:08:35
2608,PROD-2608,iPhone 16 256GB,Smartphone con pantalla Super Retina XDR y excelente duración de batería - Color Verde,12900.29,48,1,2026-09-18 12:17:50,2026-09-18 12:28:50
2609,PROD-2609,Polerón Adicolor Classics,"Sudadera clásica con el logotipo de las tres tiras (Talla L, Color Negro)",2021.17,79,1,2026-09-20 06:14:59,2026-09-20 08:13:59
2610,PROD-2610,Smart TV Bravia XR OLED 55,Televisor OLED con negros absolutos y procesador de imagen cognitivo,20714.83,9,1,2026-09-20 17:15:12,2026-09-20 18:38:12
2611,PROD-2611,Smartphone Galaxy S26 512GB,Smartphone compacto con pantalla fluida y excelente rendimiento - Color Rojo,14626.53,34,1,2026-09-22 03:03:33,2026-09-22 04:19:33
2612,PROD-2612,Refrigeradora InstaView,Refrigerador inteligente con panel de cristal panorámico,19466.21,48,1,2026-09-19 04:12:55,2026-09-19 04:42:55
2613,PROD-2613,Polerón Adicolor Classics,"Sudadera clásica con el logotipo de las tres tiras (Talla L, Color Rojo)",2216.37,30,1,2026-09-18 07:35:13,2026-09-18 09:29:13
2614,PROD-2614,Consola PlayStation 5 Slim,Consola de videojuegos de última generación con almacenamiento SSD ultra rápido,34274.70,49,1,2026-09-21 23:22:14,2026-09-21 23:51:14
2615,PROD-2615,Aspiradora Inalámbrica SpeedPro,Aspiradora escoba sin cable con cabezal de succión de 180 grados,4255.95,26,1,2026-09-21 11:32:07,2026-09-21 11:48:07
2616,PROD-2616,Zapatillas Samba OG,"Tenis de estilo retro icónicos en cuero de primera calidad (Talla S, Color Verde)",530.63,54,1,2026-09-20 06:55:01,2026-09-20 08:15:01
2617,PROD-2617,Freidora XXL Airfryer,Freidora de aire de gran capacidad con tecnología de extracción de grasa,5684.13,36,1,2026-09-18 02:27:34,2026-09-18 03:12:34
2618,PROD-2618,Audífonos AirPods Pro 2,Audífonos intrauditivos con cancelación de ruido de nivel superior,14758.69,29,1,2026-09-20 10:39:55,2026-09-20 11:04:55
2619,PROD-2619,Licuadora Reversible 2 Velocidades,Licuadora con motor reversible y vaso de vidrio resistente a choques térmicos,7497.67,36,1,2026-09-19 05:08:41,2026-09-19 05:56:41
2620,PROD-2620,Smart TV OLED C3 65,Televisor inteligente ideal para videojuegos y películas con pánel OLED,26039.01,47,1,2026-09-20 08:18:24,2026-09-20 09:21:24
2621,PROD-2621,Aspiradora Inalámbrica SpeedPro,Aspiradora escoba sin cable con cabezal de succión de 180 grados,4519.02,47,1,2026-09-21 00:47:27,2026-09-21 02:44:27
2622,PROD-2622,Zapatillas Samba OG,"Tenis de estilo retro icónicos en cuero de primera calidad (Talla M, Color Blanco)",1038.25,83,1,2026-09-18 17:40:35,2026-09-18 18:43:35
2623,PROD-2623,Cafetera Programable 12 Tazas,Cafetera de goteo con temporizador programable y jarra de vidrio,4444.27,51,1,2026-09-20 17:28:44,2026-09-20 17:28:44
2624,PROD-2624,Zapatillas Ultraboost Light,"Tenis de running con retorno de energía superior y ligereza (Talla M, Color Gris)",461.52,44,1,2026-09-17 17:27:50,2026-09-17 18:51:50
2625,PROD-2625,Pantalón de Buzo Tech Fleece,"Pantalón deportivo térmico con diseño estilizado (Talla L, Color Verde)",1331.77,14,1,2026-09-17 17:34:16,2026-09-17 19:00:16
2626,PROD-2626,MacBook Air 15 M2 256GB,Laptop ultra delgada y liviana con gran autonomía - Color Verde,12663.42,28,1,2026-09-19 04:11:13,2026-09-19 04:43:13
2627,PROD-2627,Monitor UltraGear 27,Monitor de alta frecuencia de actualización para juegos competitivos,16854.35,30,1,2026-09-18 17:40:11,2026-09-18 17:57:11
2628,PROD-2628,Zapatillas Samba OG,"Tenis de estilo retro icónicos en cuero de primera calidad (Talla M, Color Verde)",880.24,27,1,2026-09-21 16:39:19,2026-09-21 17:47:19
2629,PROD-2629,Aspiradora Inalámbrica SpeedPro,Aspiradora escoba sin cable con cabezal de succión de 180 grados,6710.34,22,1,2026-09-18 17:26:44,2026-09-18 18:35:44
2630,PROD-2630,Freidora de Aire 4L,Freidora sin aceite para cocinar de manera saludable y rápida,3477.25,24,1,2026-09-18 00:42:11,2026-09-18 02:09:11
2631,PROD-2631,Freidora XXL Airfryer,Freidora de aire de gran capacidad con tecnología de extracción de grasa,4451.11,29,1,2026-09-21 22:19:11,2026-09-22 00:18:11
2632,PROD-2632,Chaqueta Camionera de Mezclilla,"Chaqueta clásica de mezclilla resistente para uso diario (Talla XL, Color Blanco)",2432.55,31,1,2026-09-19 23:53:44,2026-09-20 01:08:44
2633,PROD-2633,iPad Pro 12.9,Tableta profesional con pantalla Liquid Retina XDR y chip M2,19305.80,48,1,2026-09-19 19:00:08,2026-09-19 19:13:08
2634,PROD-2634,Smart TV OLED C3 65,Televisor inteligente ideal para videojuegos y películas con pánel OLED,20377.64,30,1,2026-09-19 18:52:58,2026-09-19 19:38:58
2635,PROD-2635,Robot Aspiradora X10+,Aspiradora robótica con estación de vaciado automático y mapeo láser,9831.15,29,1,2026-09-20 22:28:26,2026-09-20 23:09:26
2636,PROD-2636,Monitor UltraGear 27,Monitor de alta frecuencia de actualización para juegos competitivos,27337.57,48,1,2026-09-19 06:57:05,2026-09-19 08:42:05
2637,PROD-2637,Jeans 501 Original Fit,"Pantalón de mezclilla clásico de corte recto y ajuste cómodo (Talla M, Color Gris)",1700.47,25,1,2026-09-21 15:28:33,2026-09-21 17:22:33
2638,PROD-2638,Licuadora Reversible 2 Velocidades,Licuadora con motor reversible y vaso de vidrio resistente a choques térmicos,7345.49,46,1,2026-09-20 11:38:00,2026-09-20 11:59:00
2639,PROD-2639,Audífonos AirPods Pro 2,Audífonos intrauditivos con cancelación de ruido de nivel superior,30072.37,26,1,2026-09-21 01:51:58,2026-09-21 02:21:58
2640,PROD-2640,Jeans 501 Original Fit,"Pantalón de mezclilla clásico de corte recto y ajuste cómodo (Talla L, Color Blanco)",1198.24,21,1,2026-09-19 12:28:37,2026-09-19 13:05:37
2641,PROD-2641,Chaqueta Camionera de Mezclilla,"Chaqueta clásica de mezclilla resistente para uso diario (Talla L, Color Blanco)",580.53,32,1,2026-09-19 18:25:42,2026-09-19 19:44:42
2642,PROD-2642,Smart Band 8,Pulsera de actividad física con seguimiento del sueño y deporte,26338.38,38,1,2026-09-18 03:17:29,2026-09-18 03:47:29
2643,PROD-2643,Polera Sportswear Club Fleece,"Sudadera de felpa con capucha y ajuste estándar (Talla S, Color Negro)",2413.57,44,1,2026-09-18 10:54:33,2026-09-18 12:23:33
2644,PROD-2644,Freidora de Aire 4L,Freidora sin aceite para cocinar de manera saludable y rápida,7622.94,58,1,2026-09-18 01:47:59,2026-09-18 01:51:59
2645,PROD-2645,Camiseta Graphic Setin Neck,"Playera casual de algodón con estampado frontal (Talla XL, Color Rojo)",1487.81,25,1,2026-09-21 18:29:00,2026-09-21 19:44:00
2646,PROD-2646,Freidora XXL Airfryer,Freidora de aire de gran capacidad con tecnología de extracción de grasa,4998.55,16,1,2026-09-22 03:28:01,2026-09-22 04:29:01
2647,PROD-2647,Cámara Alpha 7 IV,Cámara mirrorless profesional de fotograma completo para foto y video,5107.04,37,1,2026-09-20 17:49:41,2026-09-20 19:00:41
2648,PROD-2648,Zapatillas Air Max 270,"Calzado deportivo con cápsula de aire visible para máxima comodidad (Talla M, Color Gris)",1548.42,64,1,2026-09-20 01:42:22,2026-09-20 01:49:22
2649,PROD-2649,Polerón Adicolor Classics,"Sudadera clásica con el logotipo de las tres tiras (Talla XL, Color Azul)",1508.67,45,1,2026-09-19 08:36:13,2026-09-19 10:26:13
2650,PROD-2650,Audífonos AirPods Max,Audífonos de diadema inalámbricos con sonido de alta fidelidad,25566.61,37,1,2026-09-19 14:13:49,2026-09-19 15:47:49
2651,PROD-2651,Aspiradora Inalámbrica SpeedPro,Aspiradora escoba sin cable con cabezal de succión de 180 grados,5969.95,35,1,2026-09-19 18:04:43,2026-09-19 19:45:43
2652,PROD-2652,Polerón Adicolor Classics,"Sudadera clásica con el logotipo de las tres tiras (Talla L, Color Blanco)",1429.37,48,1,2026-09-21 06:35:08,2026-09-21 08:31:08
2653,PROD-2653,Smart TV 65 Neo QLED,Televisor inteligente 4K con tecnología de puntos cuánticos y alto contraste,35481.21,6,1,2026-09-18 08:56:03,2026-09-18 10:55:03
2654,PROD-2654,Smartphone Galaxy S26 Ultra 256GB,Smartphone de alta gama con cámara de 200MP y pantalla Dynamic AMOLED - Color Gris,13723.88,19,1,2026-09-21 02:30:01,2026-09-21 03:52:01
2655,PROD-2655,Smartphone Galaxy Z Fold 6 256GB,Teléfono plegable con pantalla gigante para productividad y multitarea - Color Verde,31646.70,12,1,2026-09-22 09:31:04,2026-09-22 10:12:04
2656,PROD-2656,Jeans 511 Slim Fit,"Pantalón de mezclilla ajustado de estilo moderno (Talla S, Color Gris)",1080.85,14,1,2026-09-20 17:06:01,2026-09-20 17:32:01
2657,PROD-2657,Freidora XXL Airfryer,Freidora de aire de gran capacidad con tecnología de extracción de grasa,5583.16,26,1,2026-09-19 09:16:31,2026-09-19 09:52:31
2658,PROD-2658,Aspiradora Inalámbrica SpeedPro,Aspiradora escoba sin cable con cabezal de succión de 180 grados,4856.89,53,1,2026-09-20 12:33:46,2026-09-20 12:51:46
2659,PROD-2659,Zapatillas Ultraboost Light,"Tenis de running con retorno de energía superior y ligereza (Talla XL, Color Azul)",2282.57,66,1,2026-09-21 21:52:27,2026-09-21 22:29:27
2660,PROD-2660,Freidora XXL Airfryer,Freidora de aire de gran capacidad con tecnología de extracción de grasa,6076.44,16,1,2026-09-19 18:27:18,2026-09-19 20:15:18
2661,PROD-2661,Freidora de Aire 4L,Freidora sin aceite para cocinar de manera saludable y rápida,2588.14,12,1,2026-09-20 17:41:20,2026-09-20 18:08:20
2662,PROD-2662,Smart TV OLED C3 65,Televisor inteligente ideal para videojuegos y películas con pánel OLED,26665.14,17,1,2026-09-17 22:16:20,2026-09-17 22:32:20
2663,PROD-2663,Smart TV OLED C3 65,Televisor inteligente ideal para videojuegos y películas con pánel OLED,31692.57,46,1,2026-09-17 14:08:29,2026-09-17 15:28:29
2664,PROD-2664,Zapatillas Ultraboost Light,"Tenis de running con retorno de energía superior y ligereza (Talla S, Color Azul)",1937.34,21,1,2026-09-20 16:46:50,2026-09-20 17:17:50
2665,PROD-2665,Pantalón de Buzo Tech Fleece,"Pantalón deportivo térmico con diseño estilizado (Talla M, Color Blanco)",1892.72,69,1,2026-09-19 15:21:18,2026-09-19 15:24:18
2666,PROD-2666,Freidora de Aire 4L,Freidora sin aceite para cocinar de manera saludable y rápida,3470.59,53,1,2026-09-18 01:47:36,2026-09-18 03:12:36
2667,PROD-2667,Jeans 511 Slim Fit,"Pantalón de mezclilla ajustado de estilo moderno (Talla L, Color Azul)",1348.16,43,1,2026-09-22 01:52:27,2026-09-22 02:38:27
2668,PROD-2668,Aspiradora Inalámbrica SpeedPro,Aspiradora escoba sin cable con cabezal de succión de 180 grados,1431.07,17,1,2026-09-21 00:17:58,2026-09-21 02:17:58
2669,PROD-2669,Audífonos Bluetooth WH-1000XM5,Audífonos inalámbricos con la mejor cancelación de ruido del mercado,22460.71,37,1,2026-09-22 12:02:44,2026-09-22 13:41:44
2670,PROD-2670,Aspiradora Inalámbrica SpeedPro,Aspiradora escoba sin cable con cabezal de succión de 180 grados,7237.35,43,1,2026-09-19 00:13:15,2026-09-19 01:46:15
2671,PROD-2671,Smartphone Redmi Note 13 Pro 256GB,Teléfono inteligente con excelente relación calidad-precio y gran cámara - Color Verde,16103.55,12,1,2026-09-21 11:06:21,2026-09-21 12:06:21
2672,PROD-2672,Monitor Odyssey G9,Monitor curvo ultrawide diseñado para gaming profesional,24905.64,17,1,2026-09-20 05:36:41,2026-09-20 07:16:41
2673,PROD-2673,Cafetera Programable 12 Tazas,Cafetera de goteo con temporizador programable y jarra de vidrio,5381.01,19,1,2026-09-17 17:22:19,2026-09-17 18:03:19
2674,PROD-2674,iPhone 16 256GB,Smartphone con pantalla Super Retina XDR y excelente duración de batería - Color Verde,15123.88,15,1,2026-09-18 03:47:28,2026-09-18 05:20:28
2675,PROD-2675,Zapatillas Running Pegasus 40,"Calzado de correr con amortiguación reactiva para entrenamiento (Talla S, Color Verde)",1001.88,80,1,2026-09-20 21:18:18,2026-09-20 21:36:18
2676,PROD-2676,iPad Pro 12.9,Tableta profesional con pantalla Liquid Retina XDR y chip M2,23692.85,49,1,2026-09-19 00:43:14,2026-09-19 02:24:14
2677,PROD-2677,Freidora de Aire 4L,Freidora sin aceite para cocinar de manera saludable y rápida,4625.18,27,1,2026-09-19 03:57:43,2026-09-19 04:50:43
2678,PROD-2678,Smart Band 8,Pulsera de actividad física con seguimiento del sueño y deporte,26667.58,36,1,2026-09-18 20:59:03,2026-09-18 21:19:03
2679,PROD-2679,Zapatillas Air Max 270,"Calzado deportivo con cápsula de aire visible para máxima comodidad (Talla S, Color Rojo)",1065.14,42,1,2026-09-21 01:13:48,2026-09-21 02:56:48
2680,PROD-2680,Polerón Adicolor Classics,"Sudadera clásica con el logotipo de las tres tiras (Talla S, Color Blanco)",2270.53,87,1,2026-09-21 01:54:29,2026-09-21 02:50:29
2681,PROD-2681,iPhone 16 1TB,Smartphone con pantalla Super Retina XDR y excelente duración de batería - Color Negro,6254.18,26,1,2026-09-19 01:00:26,2026-09-19 02:25:26
2682,PROD-2682,Aspiradora Inalámbrica SpeedPro,Aspiradora escoba sin cable con cabezal de succión de 180 grados,5862.61,21,1,2026-09-20 12:31:07,2026-09-20 14:01:07
2683,PROD-2683,Jeans 511 Slim Fit,"Pantalón de mezclilla ajustado de estilo moderno (Talla M, Color Blanco)",410.37,96,1,2026-09-22 02:44:12,2026-09-22 02:56:12
2684,PROD-2684,Smart TV Bravia XR OLED 55,Televisor OLED con negros absolutos y procesador de imagen cognitivo,26386.71,8,1,2026-09-20 20:54:54,2026-09-20 21:18:54
2685,PROD-2685,Smartphone Galaxy S26 Ultra 512GB,Smartphone de alta gama con cámara de 200MP y pantalla Dynamic AMOLED - Color Rojo,17857.56,48,1,2026-09-20 08:55:04,2026-09-20 10:01:04
2686,PROD-2686,Aspiradora Inalámbrica SpeedPro,Aspiradora escoba sin cable con cabezal de succión de 180 grados,5595.34,52,1,2026-09-22 00:52:38,2026-09-22 02:24:38
2687,PROD-2687,Aspiradora Inalámbrica SpeedPro,Aspiradora escoba sin cable con cabezal de succión de 180 grados,1803.39,48,1,2026-09-20 19:01:23,2026-09-20 19:51:23
2688,PROD-2688,Smartphone Galaxy Z Fold 6 128GB,Teléfono plegable con pantalla gigante para productividad y multitarea - Color Gris,35218.64,20,1,2026-09-19 21:35:40,2026-09-19 22:57:40
2689,PROD-2689,Refrigeradora InstaView,Refrigerador inteligente con panel de cristal panorámico,11886.06,34,1,2026-09-17 22:46:52,2026-09-17 23:30:52
2690,PROD-2690,iPhone 16 Pro 128GB,Teléfono inteligente premium con chip de alto rendimiento y triple cámara - Color Blanco,23323.36,15,1,2026-09-22 06:35:30,2026-09-22 08:33:30
2691,PROD-2691,Freidora XXL Airfryer,Freidora de aire de gran capacidad con tecnología de extracción de grasa,1102.81,20,1,2026-09-20 10:43:08,2026-09-20 11:18:08
2692,PROD-2692,Licuadora Reversible 2 Velocidades,Licuadora con motor reversible y vaso de vidrio resistente a choques térmicos,5051.81,20,1,2026-09-17 13:49:30,2026-09-17 15:02:30
2693,PROD-2693,Zapatillas Air Force 1 '07,"Tenis clásicos de cuero blanco para uso urbano y casual (Talla M, Color Verde)",1625.99,21,1,2026-09-21 05:45:27,2026-09-21 05:59:27
2694,PROD-2694,Smartphone Redmi Note 13 Pro 256GB,Teléfono inteligente con excelente relación calidad-precio y gran cámara - Color Verde,5888.45,18,1,2026-09-18 12:02:00,2026-09-18 12:17:00
2695,PROD-2695,Aspiradora Inalámbrica SpeedPro,Aspiradora escoba sin cable con cabezal de succión de 180 grados,3945.80,50,1,2026-09-18 09:26:43,2026-09-18 09:32:43
2696,PROD-2696,Refrigeradora InstaView,Refrigerador inteligente con panel de cristal panorámico,24407.04,12,1,2026-09-18 05:31:27,2026-09-18 06:19:27
2697,PROD-2697,Jeans 511 Slim Fit,"Pantalón de mezclilla ajustado de estilo moderno (Talla M, Color Negro)",610.06,14,1,2026-09-20 06:08:04,2026-09-20 06:25:04
2698,PROD-2698,Aspiradora Inalámbrica SpeedPro,Aspiradora escoba sin cable con cabezal de succión de 180 grados,7486.26,20,1,2026-09-21 07:50:12,2026-09-21 09:25:12
2699,PROD-2699,Licuadora Reversible 2 Velocidades,Licuadora con motor reversible y vaso de vidrio resistente a choques térmicos,2631.45,20,1,2026-09-20 03:56:38,2026-09-20 04:44:38
2700,PROD-2700,Jeans 501 Original Fit,"Pantalón de mezclilla clásico de corte recto y ajuste cómodo (Talla M, Color Azul)",1748.85,95,1,2026-09-22 11:15:28,2026-09-22 11:53:28
2701,PROD-2701,Licuadora Reversible 2 Velocidades,Licuadora con motor reversible y vaso de vidrio resistente a choques térmicos,6209.14,26,1,2026-09-18 14:45:41,2026-09-18 14:57:41
2702,PROD-2702,Consola PlayStation 5 Slim,Consola de videojuegos de última generación con almacenamiento SSD ultra rápido,28539.21,48,1,2026-09-19 22:36:15,2026-09-19 23:56:15
2703,PROD-2703,Freidora de Aire 4L,Freidora sin aceite para cocinar de manera saludable y rápida,6934.81,44,1,2026-09-21 13:56:46,2026-09-21 14:37:46
2704,PROD-2704,MacBook Air 15 M2 1TB,Laptop ultra delgada y liviana con gran autonomía - Color Blanco,1107.58,42,1,2026-09-18 17:18:45,2026-09-18 18:47:45
2705,PROD-2705,Pantalón de Buzo Tech Fleece,"Pantalón deportivo térmico con diseño estilizado (Talla S, Color Verde)",1932.36,10,1,2026-09-22 10:23:56,2026-09-22 12:22:56
2706,PROD-2706,Refrigeradora InstaView,Refrigerador inteligente con panel de cristal panorámico,12755.98,49,1,2026-09-21 02:04:55,2026-09-21 03:07:55
2707,PROD-2707,Smartphone Galaxy Z Fold 6 1TB,Teléfono plegable con pantalla gigante para productividad y multitarea - Color Negro,5536.71,17,1,2026-09-20 02:50:20,2026-09-20 04:49:20
2708,PROD-2708,Zapatillas Samba OG,"Tenis de estilo retro icónicos en cuero de primera calidad (Talla L, Color Azul)",1009.93,26,1,2026-09-18 19:59:10,2026-09-18 21:47:10
2709,PROD-2709,Consola PlayStation 5 Slim,Consola de videojuegos de última generación con almacenamiento SSD ultra rápido,32027.63,14,1,2026-09-17 16:50:40,2026-09-17 17:08:40
2710,PROD-2710,Camiseta Graphic Setin Neck,"Playera casual de algodón con estampado frontal (Talla S, Color Gris)",1670.64,71,1,2026-09-18 22:43:24,2026-09-18 23:54:24
2711,PROD-2711,Zapatillas Air Force 1 '07,"Tenis clásicos de cuero blanco para uso urbano y casual (Talla M, Color Rojo)",1681.76,66,1,2026-09-21 21:47:54,2026-09-21 23:19:54
2712,PROD-2712,Smart Band 8,Pulsera de actividad física con seguimiento del sueño y deporte,31099.73,6,1,2026-09-20 01:09:40,2026-09-20 01:38:40
2713,PROD-2713,MacBook Air 15 M2 128GB,Laptop ultra delgada y liviana con gran autonomía - Color Gris,11839.95,15,1,2026-09-21 16:47:23,2026-09-21 18:07:23
2714,PROD-2714,Licuadora Reversible 2 Velocidades,Licuadora con motor reversible y vaso de vidrio resistente a choques térmicos,5729.13,26,1,2026-09-17 17:49:33,2026-09-17 18:20:33
2715,PROD-2715,Smartphone Galaxy S26 Ultra 512GB,Smartphone de alta gama con cámara de 200MP y pantalla Dynamic AMOLED - Color Azul,34458.91,41,1,2026-09-22 05:01:04,2026-09-22 06:22:04
2716,PROD-2716,Pantalón de Buzo Tech Fleece,"Pantalón deportivo térmico con diseño estilizado (Talla L, Color Rojo)",489.50,66,1,2026-09-21 03:03:09,2026-09-21 04:29:09
2717,PROD-2717,Polera Sportswear Club Fleece,"Sudadera de felpa con capucha y ajuste estándar (Talla XL, Color Blanco)",2383.41,42,1,2026-09-20 10:57:08,2026-09-20 12:44:08
2718,PROD-2718,MacBook Air 15 M2 1TB,Laptop ultra delgada y liviana con gran autonomía - Color Azul,596.99,7,1,2026-09-20 21:55:44,2026-09-20 22:02:44
2719,PROD-2719,Smart TV OLED C3 65,Televisor inteligente ideal para videojuegos y películas con pánel OLED,1874.93,6,1,2026-09-22 10:30:21,2026-09-22 12:26:21
2720,PROD-2720,Freidora XXL Airfryer,Freidora de aire de gran capacidad con tecnología de extracción de grasa,1162.87,33,1,2026-09-19 05:19:47,2026-09-19 06:56:47
2721,PROD-2721,Smartphone Xiaomi 14 Ultra 1TB,Smartphone de gama alta enfocado en fotografía profesional Leica - Color Rojo,2013.13,5,1,2026-09-20 16:22:54,2026-09-20 16:34:54
2722,PROD-2722,Aspiradora Inalámbrica SpeedPro,Aspiradora escoba sin cable con cabezal de succión de 180 grados,1216.26,45,1,2026-09-17 17:32:56,2026-09-17 19:23:56
2723,PROD-2723,Freidora de Aire 4L,Freidora sin aceite para cocinar de manera saludable y rápida,5752.71,37,1,2026-09-18 01:24:23,2026-09-18 01:49:23
2724,PROD-2724,Freidora de Aire 4L,Freidora sin aceite para cocinar de manera saludable y rápida,3842.52,23,1,2026-09-17 20:57:25,2026-09-17 21:56:25
2725,PROD-2725,Freidora de Aire 4L,Freidora sin aceite para cocinar de manera saludable y rápida,1005.78,11,1,2026-09-22 11:30:39,2026-09-22 13:21:39
2726,PROD-2726,Zapatillas Running Pegasus 40,"Calzado de correr con amortiguación reactiva para entrenamiento (Talla L, Color Azul)",995.51,61,1,2026-09-18 14:35:35,2026-09-18 14:49:35
2727,PROD-2727,Licuadora Reversible 2 Velocidades,Licuadora con motor reversible y vaso de vidrio resistente a choques térmicos,532.47,35,1,2026-09-18 15:34:31,2026-09-18 16:18:31
2728,PROD-2728,Aspiradora Inalámbrica SpeedPro,Aspiradora escoba sin cable con cabezal de succión de 180 grados,3636.90,35,1,2026-09-21 03:55:54,2026-09-21 04:27:54
2729,PROD-2729,Jeans 511 Slim Fit,"Pantalón de mezclilla ajustado de estilo moderno (Talla S, Color Rojo)",361.75,35,1,2026-09-21 14:50:18,2026-09-21 16:32:18
2730,PROD-2730,Monitor UltraGear 27,Monitor de alta frecuencia de actualización para juegos competitivos,6058.75,33,1,2026-09-19 02:08:00,2026-09-19 03:55:00
2731,PROD-2731,Pantalón de Buzo Tech Fleece,"Pantalón deportivo térmico con diseño estilizado (Talla M, Color Negro)",1109.45,18,1,2026-09-20 17:30:44,2026-09-20 18:00:44
2732,PROD-2732,Smartphone Redmi Note 13 Pro 128GB,Teléfono inteligente con excelente relación calidad-precio y gran cámara - Color Negro,35283.71,30,1,2026-09-20 01:31:11,2026-09-20 02:25:11
2733,PROD-2733,Cámara Alpha 7 IV,Cámara mirrorless profesional de fotograma completo para foto y video,22752.74,6,1,2026-09-22 03:04:42,2026-09-22 03:12:42
2734,PROD-2734,Monitor Odyssey G9,Monitor curvo ultrawide diseñado para gaming profesional,21392.26,47,1,2026-09-20 09:10:25,2026-09-20 09:25:25
2735,PROD-2735,Jeans 501 Original Fit,"Pantalón de mezclilla clásico de corte recto y ajuste cómodo (Talla L, Color Rojo)",857.30,80,1,2026-09-17 23:00:17,2026-09-18 00:45:17
2736,PROD-2736,Freidora XXL Airfryer,Freidora de aire de gran capacidad con tecnología de extracción de grasa,2794.36,50,1,2026-09-21 20:10:48,2026-09-21 20:18:48
2737,PROD-2737,Jeans 501 Original Fit,"Pantalón de mezclilla clásico de corte recto y ajuste cómodo (Talla L, Color Rojo)",1659.03,14,1,2026-09-22 10:45:31,2026-09-22 12:00:31
2738,PROD-2738,Polerón Adicolor Classics,"Sudadera clásica con el logotipo de las tres tiras (Talla XL, Color Azul)",2034.15,77,1,2026-09-20 12:52:56,2026-09-20 14:13:56
2739,PROD-2739,Smartphone Galaxy Z Fold 6 1TB,Teléfono plegable con pantalla gigante para productividad y multitarea - Color Rojo,16085.12,12,1,2026-09-22 11:36:29,2026-09-22 12:29:29
2740,PROD-2740,Polerón Adicolor Classics,"Sudadera clásica con el logotipo de las tres tiras (Talla L, Color Negro)",1233.41,58,1,2026-09-18 03:36:41,2026-09-18 03:55:41
2741,PROD-2741,Patinete Eléctrico Pro 4,Scooter eléctrico con gran autonomía para movilidad urbana,34315.40,36,1,2026-09-20 10:59:56,2026-09-20 12:12:56
2742,PROD-2742,Jeans 511 Slim Fit,"Pantalón de mezclilla ajustado de estilo moderno (Talla M, Color Gris)",1289.32,36,1,2026-09-22 00:26:18,2026-09-22 01:54:18
2743,PROD-2743,Freidora XXL Airfryer,Freidora de aire de gran capacidad con tecnología de extracción de grasa,7967.10,36,1,2026-09-22 10:38:22,2026-09-22 10:39:22
2744,PROD-2744,Audífonos Bluetooth WH-1000XM5,Audífonos inalámbricos con la mejor cancelación de ruido del mercado,31861.59,47,1,2026-09-18 09:26:08,2026-09-18 09:29:08
2745,PROD-2745,Smartphone Redmi Note 13 Pro 1TB,Teléfono inteligente con excelente relación calidad-precio y gran cámara - Color Rojo,30470.91,11,1,2026-09-18 02:04:28,2026-09-18 02:56:28
2746,PROD-2746,iPhone 16 Pro Max 512GB,Smartphone insignia de Apple con acabado en titanio y cámara profesional - Color Negro,30661.49,39,1,2026-09-22 09:29:58,2026-09-22 09:39:58
2747,PROD-2747,Barra de Sonido HT-A7000,Sistema de audio para cine en casa con soporte Dolby Atmos,25414.50,44,1,2026-09-21 00:20:58,2026-09-21 01:25:58
2748,PROD-2748,Freidora XXL Airfryer,Freidora de aire de gran capacidad con tecnología de extracción de grasa,7220.60,13,1,2026-09-20 05:50:18,2026-09-20 05:52:18
2749,PROD-2749,Freidora XXL Airfryer,Freidora de aire de gran capacidad con tecnología de extracción de grasa,6596.42,12,1,2026-09-20 20:43:00,2026-09-20 22:41:00
2750,PROD-2750,Polera Sportswear Club Fleece,"Sudadera de felpa con capucha y ajuste estándar (Talla M, Color Blanco)",1979.34,67,1,2026-09-19 16:57:48,2026-09-19 18:03:48
2751,PROD-2751,Cafetera Programable 12 Tazas,Cafetera de goteo con temporizador programable y jarra de vidrio,7869.71,40,1,2026-09-19 19:32:53,2026-09-19 20:28:53
2752,PROD-2752,Smart TV OLED C3 65,Televisor inteligente ideal para videojuegos y películas con pánel OLED,2690.86,6,1,2026-09-19 02:54:08,2026-09-19 04:03:08
2753,PROD-2753,Smart Band 8,Pulsera de actividad física con seguimiento del sueño y deporte,11867.03,47,1,2026-09-18 02:45:19,2026-09-18 04:31:19
2754,PROD-2754,Apple Watch Series 10,Reloj inteligente con sensores avanzados de salud y actividad física,20501.73,24,1,2026-09-21 03:51:43,2026-09-21 04:42:43
2755,PROD-2755,Smartphone Galaxy S26 1TB,Smartphone compacto con pantalla fluida y excelente rendimiento - Color Verde,29508.55,22,1,2026-09-22 08:22:29,2026-09-22 08:43:29
2756,PROD-2756,Freidora XXL Airfryer,Freidora de aire de gran capacidad con tecnología de extracción de grasa,3921.53,56,1,2026-09-19 22:12:50,2026-09-19 23:26:50
2757,PROD-2757,Freidora XXL Airfryer,Freidora de aire de gran capacidad con tecnología de extracción de grasa,2430.22,45,1,2026-09-19 16:45:29,2026-09-19 17:14:29
2758,PROD-2758,Freidora de Aire 4L,Freidora sin aceite para cocinar de manera saludable y rápida,7275.88,13,1,2026-09-22 08:10:43,2026-09-22 09:24:43
2759,PROD-2759,Chaqueta Camionera de Mezclilla,"Chaqueta clásica de mezclilla resistente para uso diario (Talla XL, Color Negro)",1412.86,80,1,2026-09-21 10:39:19,2026-09-21 11:10:19
2760,PROD-2760,Patinete Eléctrico Pro 4,Scooter eléctrico con gran autonomía para movilidad urbana,24433.83,49,1,2026-09-20 21:40:37,2026-09-20 22:51:37
2761,PROD-2761,Barra de Sonido HT-A7000,Sistema de audio para cine en casa con soporte Dolby Atmos,13897.23,11,1,2026-09-22 06:33:51,2026-09-22 08:32:51
2762,PROD-2762,Polerón Adicolor Classics,"Sudadera clásica con el logotipo de las tres tiras (Talla XL, Color Blanco)",979.63,15,1,2026-09-21 05:10:56,2026-09-21 07:08:56
2763,PROD-2763,Polerón Adicolor Classics,"Sudadera clásica con el logotipo de las tres tiras (Talla L, Color Rojo)",1159.08,79,1,2026-09-19 01:19:21,2026-09-19 02:51:21
2764,PROD-2764,Zapatillas Samba OG,"Tenis de estilo retro icónicos en cuero de primera calidad (Talla S, Color Gris)",1324.08,49,1,2026-09-18 11:12:03,2026-09-18 11:20:03
2765,PROD-2765,Jeans 511 Slim Fit,"Pantalón de mezclilla ajustado de estilo moderno (Talla L, Color Negro)",1179.76,30,1,2026-09-19 16:53:36,2026-09-19 18:07:36
2766,PROD-2766,Patinete Eléctrico Pro 4,Scooter eléctrico con gran autonomía para movilidad urbana,19763.00,13,1,2026-09-17 13:09:34,2026-09-17 14:13:34
2767,PROD-2767,Freidora de Aire 4L,Freidora sin aceite para cocinar de manera saludable y rápida,4463.13,42,1,2026-09-21 18:34:20,2026-09-21 19:38:20
2768,PROD-2768,Smart TV OLED C3 65,Televisor inteligente ideal para videojuegos y películas con pánel OLED,31751.87,13,1,2026-09-19 02:45:40,2026-09-19 03:35:40
2769,PROD-2769,Camiseta Graphic Setin Neck,"Playera casual de algodón con estampado frontal (Talla S, Color Azul)",397.42,18,1,2026-09-18 02:05:51,2026-09-18 02:43:51
2770,PROD-2770,iPhone 16 Pro 256GB,Teléfono inteligente premium con chip de alto rendimiento y triple cámara - Color Gris,23971.93,43,1,2026-09-21 10:19:50,2026-09-21 12:03:50
2771,PROD-2771,Apple Watch Series 10,Reloj inteligente con sensores avanzados de salud y actividad física,4332.60,18,1,2026-09-20 10:18:09,2026-09-20 11:50:09
2772,PROD-2772,Chaqueta Camionera de Mezclilla,"Chaqueta clásica de mezclilla resistente para uso diario (Talla M, Color Blanco)",444.15,42,1,2026-09-19 11:53:25,2026-09-19 13:04:25
2773,PROD-2773,Freidora de Aire 4L,Freidora sin aceite para cocinar de manera saludable y rápida,2926.63,52,1,2026-09-17 16:18:13,2026-09-17 18:14:13
2774,PROD-2774,Cámara Alpha 7 IV,Cámara mirrorless profesional de fotograma completo para foto y video,27141.91,36,1,2026-09-18 10:10:30,2026-09-18 10:43:30
2775,PROD-2775,Smart TV OLED C3 65,Televisor inteligente ideal para videojuegos y películas con pánel OLED,15726.58,46,1,2026-09-17 17:42:24,2026-09-17 19:33:24
2776,PROD-2776,Cámara Alpha 7 IV,Cámara mirrorless profesional de fotograma completo para foto y video,1503.05,41,1,2026-09-20 01:45:03,2026-09-20 02:36:03
2777,PROD-2777,Smart Band 8,Pulsera de actividad física con seguimiento del sueño y deporte,32328.44,9,1,2026-09-22 05:35:54,2026-09-22 06:41:54
2778,PROD-2778,Parlante Portátil SRS-XG300,Bocina inalámbrica portátil resistente al agua con graves potentes,19607.53,39,1,2026-09-21 08:55:51,2026-09-21 09:00:51
2779,PROD-2779,Freidora de Aire 4L,Freidora sin aceite para cocinar de manera saludable y rápida,3909.11,43,1,2026-09-18 10:17:38,2026-09-18 10:29:38
2780,PROD-2780,Camiseta Graphic Setin Neck,"Playera casual de algodón con estampado frontal (Talla L, Color Azul)",1461.49,23,1,2026-09-22 07:45:54,2026-09-22 08:13:54
2781,PROD-2781,Zapatillas Ultraboost Light,"Tenis de running con retorno de energía superior y ligereza (Talla XL, Color Verde)",1159.54,43,1,2026-09-20 20:36:51,2026-09-20 21:30:51
2782,PROD-2782,Cafetera Programable 12 Tazas,Cafetera de goteo con temporizador programable y jarra de vidrio,7811.94,33,1,2026-09-21 18:32:30,2026-09-21 19:51:30
2783,PROD-2783,Aspiradora Inalámbrica SpeedPro,Aspiradora escoba sin cable con cabezal de succión de 180 grados,7470.35,32,1,2026-09-20 23:43:02,2026-09-21 00:22:02
2784,PROD-2784,Freidora de Aire 4L,Freidora sin aceite para cocinar de manera saludable y rápida,2986.17,24,1,2026-09-19 10:46:28,2026-09-19 12:28:28
2785,PROD-2785,Licuadora Reversible 2 Velocidades,Licuadora con motor reversible y vaso de vidrio resistente a choques térmicos,1343.29,16,1,2026-09-21 22:18:50,2026-09-21 23:34:50
2786,PROD-2786,Licuadora Reversible 2 Velocidades,Licuadora con motor reversible y vaso de vidrio resistente a choques térmicos,6820.62,57,1,2026-09-20 10:41:17,2026-09-20 11:27:17
2787,PROD-2787,Smartphone Redmi Note 13 Pro 512GB,Teléfono inteligente con excelente relación calidad-precio y gran cámara - Color Negro,2998.62,10,1,2026-09-20 02:38:17,2026-09-20 04:05:17
2788,PROD-2788,Licuadora Reversible 2 Velocidades,Licuadora con motor reversible y vaso de vidrio resistente a choques térmicos,6727.18,42,1,2026-09-22 02:43:49,2026-09-22 04:21:49
2789,PROD-2789,Freidora XXL Airfryer,Freidora de aire de gran capacidad con tecnología de extracción de grasa,3601.49,23,1,2026-09-20 00:56:07,2026-09-20 02:26:07
2790,PROD-2790,Licuadora Reversible 2 Velocidades,Licuadora con motor reversible y vaso de vidrio resistente a choques térmicos,4311.48,24,1,2026-09-19 12:49:39,2026-09-19 13:36:39
2791,PROD-2791,Freidora de Aire 4L,Freidora sin aceite para cocinar de manera saludable y rápida,4089.86,11,1,2026-09-17 16:43:03,2026-09-17 17:59:03
2792,PROD-2792,Freidora XXL Airfryer,Freidora de aire de gran capacidad con tecnología de extracción de grasa,2670.22,45,1,2026-09-19 01:33:01,2026-09-19 01:55:01
2793,PROD-2793,Smart TV Bravia XR OLED 55,Televisor OLED con negros absolutos y procesador de imagen cognitivo,35951.72,48,1,2026-09-19 05:00:35,2026-09-19 06:40:35
2794,PROD-2794,Aspiradora Inalámbrica SpeedPro,Aspiradora escoba sin cable con cabezal de succión de 180 grados,4181.03,11,1,2026-09-19 12:42:51,2026-09-19 14:23:51
2795,PROD-2795,Zapatillas Air Max 270,"Calzado deportivo con cápsula de aire visible para máxima comodidad (Talla S, Color Gris)",1026.71,56,1,2026-09-20 12:28:31,2026-09-20 14:04:31
2796,PROD-2796,Zapatillas Running Pegasus 40,"Calzado de correr con amortiguación reactiva para entrenamiento (Talla S, Color Rojo)",1318.84,49,1,2026-09-22 04:57:31,2026-09-22 05:37:31
2797,PROD-2797,Audífonos AirPods Pro 2,Audífonos intrauditivos con cancelación de ruido de nivel superior,29086.89,6,1,2026-09-20 03:01:36,2026-09-20 03:17:36
2798,PROD-2798,Cámara Alpha 7 IV,Cámara mirrorless profesional de fotograma completo para foto y video,28862.01,29,1,2026-09-22 07:10:58,2026-09-22 07:26:58
2799,PROD-2799,Freidora de Aire 4L,Freidora sin aceite para cocinar de manera saludable y rápida,2957.46,26,1,2026-09-17 21:00:07,2026-09-17 21:13:07
2800,PROD-2800,Zapatillas Samba OG,"Tenis de estilo retro icónicos en cuero de primera calidad (Talla L, Color Blanco)",2339.51,11,1,2026-09-21 18:17:46,2026-09-21 20:16:46
2801,PROD-2801,Freidora XXL Airfryer,Freidora de aire de gran capacidad con tecnología de extracción de grasa,6902.37,15,1,2026-09-18 14:34:57,2026-09-18 14:53:57
2802,PROD-2802,Camiseta Graphic Setin Neck,"Playera casual de algodón con estampado frontal (Talla XL, Color Azul)",1841.99,70,1,2026-09-19 10:20:47,2026-09-19 11:11:47
2803,PROD-2803,Parlante Portátil SRS-XG300,Bocina inalámbrica portátil resistente al agua con graves potentes,2890.30,6,1,2026-09-18 04:12:20,2026-09-18 04:22:20
2804,PROD-2804,Barra de Sonido HT-A7000,Sistema de audio para cine en casa con soporte Dolby Atmos,35414.03,10,1,2026-09-19 19:21:37,2026-09-19 21:17:37
2805,PROD-2805,Aspiradora Inalámbrica SpeedPro,Aspiradora escoba sin cable con cabezal de succión de 180 grados,7949.64,8,1,2026-09-22 03:51:52,2026-09-22 05:46:52
2806,PROD-2806,Licuadora Reversible 2 Velocidades,Licuadora con motor reversible y vaso de vidrio resistente a choques térmicos,4006.85,41,1,2026-09-19 22:47:35,2026-09-19 23:48:35
2807,PROD-2807,Freidora XXL Airfryer,Freidora de aire de gran capacidad con tecnología de extracción de grasa,1888.72,13,1,2026-09-18 14:17:18,2026-09-18 15:30:18
2808,PROD-2808,Aspiradora Inalámbrica SpeedPro,Aspiradora escoba sin cable con cabezal de succión de 180 grados,7473.51,8,1,2026-09-22 09:53:48,2026-09-22 10:27:48
2809,PROD-2809,Camiseta Graphic Setin Neck,"Playera casual de algodón con estampado frontal (Talla L, Color Blanco)",1722.98,64,1,2026-09-18 00:11:54,2026-09-18 00:29:54
2810,PROD-2810,Licuadora Reversible 2 Velocidades,Licuadora con motor reversible y vaso de vidrio resistente a choques térmicos,806.38,41,1,2026-09-19 01:41:51,2026-09-19 02:10:51
2811,PROD-2811,Aspiradora Inalámbrica SpeedPro,Aspiradora escoba sin cable con cabezal de succión de 180 grados,2132.62,30,1,2026-09-21 18:32:07,2026-09-21 19:47:07
2812,PROD-2812,Freidora XXL Airfryer,Freidora de aire de gran capacidad con tecnología de extracción de grasa,3905.15,30,1,2026-09-22 12:23:07,2026-09-22 13:44:07
2813,PROD-2813,Cámara Alpha 7 IV,Cámara mirrorless profesional de fotograma completo para foto y video,34153.57,16,1,2026-09-19 10:13:19,2026-09-19 10:29:19
2814,PROD-2814,Refrigeradora InstaView,Refrigerador inteligente con panel de cristal panorámico,27166.84,37,1,2026-09-19 12:20:21,2026-09-19 14:12:21
2815,PROD-2815,Polera Sportswear Club Fleece,"Sudadera de felpa con capucha y ajuste estándar (Talla S, Color Negro)",1803.01,64,1,2026-09-19 02:10:07,2026-09-19 02:49:07
2816,PROD-2816,Aspiradora Inalámbrica SpeedPro,Aspiradora escoba sin cable con cabezal de succión de 180 grados,5356.77,29,1,2026-09-22 00:50:46,2026-09-22 01:08:46
2817,PROD-2817,Smartphone Galaxy S26+ 256GB,Teléfono inteligente con procesador de última generación y batería de larga duración - Color Blanco,5972.82,50,1,2026-09-20 06:16:27,2026-09-20 06:52:27
2818,PROD-2818,Freidora XXL Airfryer,Freidora de aire de gran capacidad con tecnología de extracción de grasa,3825.70,57,1,2026-09-19 23:05:37,2026-09-20 00:42:37
2819,PROD-2819,MacBook Air 15 M2 256GB,Laptop ultra delgada y liviana con gran autonomía - Color Azul,6525.10,17,1,2026-09-20 21:57:01,2026-09-20 23:05:01
2820,PROD-2820,Zapatillas Ultraboost Light,"Tenis de running con retorno de energía superior y ligereza (Talla S, Color Azul)",1110.30,11,1,2026-09-21 12:30:32,2026-09-21 13:39:32
2821,PROD-2821,Smart TV 65 Neo QLED,Televisor inteligente 4K con tecnología de puntos cuánticos y alto contraste,34662.22,7,1,2026-09-19 02:14:11,2026-09-19 02:56:11
2822,PROD-2822,Licuadora Reversible 2 Velocidades,Licuadora con motor reversible y vaso de vidrio resistente a choques térmicos,3338.26,58,1,2026-09-18 22:32:22,2026-09-18 23:13:22
2823,PROD-2823,Freidora de Aire 4L,Freidora sin aceite para cocinar de manera saludable y rápida,5143.38,22,1,2026-09-19 13:19:06,2026-09-19 15:07:06
2824,PROD-2824,Consola PlayStation 5 Slim,Consola de videojuegos de última generación con almacenamiento SSD ultra rápido,1769.62,49,1,2026-09-22 07:50:49,2026-09-22 09:11:49
2825,PROD-2825,Cafetera Programable 12 Tazas,Cafetera de goteo con temporizador programable y jarra de vidrio,925.34,33,1,2026-09-20 05:16:05,2026-09-20 06:16:05
2826,PROD-2826,Freidora XXL Airfryer,Freidora de aire de gran capacidad con tecnología de extracción de grasa,6803.46,30,1,2026-09-18 14:11:43,2026-09-18 14:46:43
2827,PROD-2827,Polera Sportswear Club Fleece,"Sudadera de felpa con capucha y ajuste estándar (Talla L, Color Gris)",1269.12,78,1,2026-09-18 19:43:54,2026-09-18 21:27:54
2828,PROD-2828,Freidora XXL Airfryer,Freidora de aire de gran capacidad con tecnología de extracción de grasa,4010.85,47,1,2026-09-18 20:46:37,2026-09-18 21:43:37
2829,PROD-2829,Licuadora Reversible 2 Velocidades,Licuadora con motor reversible y vaso de vidrio resistente a choques térmicos,5277.58,49,1,2026-09-22 03:09:34,2026-09-22 05:05:34
2830,PROD-2830,Freidora XXL Airfryer,Freidora de aire de gran capacidad con tecnología de extracción de grasa,5291.74,15,1,2026-09-18 10:31:49,2026-09-18 11:39:49
2831,PROD-2831,Polerón Adicolor Classics,"Sudadera clásica con el logotipo de las tres tiras (Talla L, Color Rojo)",1930.98,89,1,2026-09-20 23:48:57,2026-09-21 01:02:57
2832,PROD-2832,Polerón Adicolor Classics,"Sudadera clásica con el logotipo de las tres tiras (Talla M, Color Verde)",1637.53,49,1,2026-09-19 10:54:44,2026-09-19 11:55:44
2833,PROD-2833,Freidora de Aire 4L,Freidora sin aceite para cocinar de manera saludable y rápida,1195.37,36,1,2026-09-21 16:17:27,2026-09-21 16:34:27
2834,PROD-2834,Zapatillas Air Max 270,"Calzado deportivo con cápsula de aire visible para máxima comodidad (Talla S, Color Negro)",2202.97,86,1,2026-09-20 19:49:04,2026-09-20 21:24:04
2835,PROD-2835,Zapatillas Samba OG,"Tenis de estilo retro icónicos en cuero de primera calidad (Talla M, Color Gris)",634.23,36,1,2026-09-20 22:11:30,2026-09-20 23:34:30
2836,PROD-2836,Monitor UltraGear 27,Monitor de alta frecuencia de actualización para juegos competitivos,6277.06,20,1,2026-09-18 23:48:35,2026-09-19 01:00:35
2837,PROD-2837,iPhone 16 Pro 1TB,Teléfono inteligente premium con chip de alto rendimiento y triple cámara - Color Negro,14412.35,15,1,2026-09-20 23:37:26,2026-09-21 00:03:26
2838,PROD-2838,Refrigeradora InstaView,Refrigerador inteligente con panel de cristal panorámico,33307.46,50,1,2026-09-21 01:17:52,2026-09-21 02:28:52
2839,PROD-2839,iPhone 16 128GB,Smartphone con pantalla Super Retina XDR y excelente duración de batería - Color Negro,29475.61,5,1,2026-09-18 16:04:08,2026-09-18 16:33:08
2840,PROD-2840,Smartphone Galaxy S26 Ultra 128GB,Smartphone de alta gama con cámara de 200MP y pantalla Dynamic AMOLED - Color Verde,19031.77,34,1,2026-09-20 04:18:40,2026-09-20 05:06:40
2841,PROD-2841,Smartphone Galaxy S26 Ultra 1TB,Smartphone de alta gama con cámara de 200MP y pantalla Dynamic AMOLED - Color Verde,14211.30,5,1,2026-09-20 20:52:49,2026-09-20 21:02:49
2842,PROD-2842,Chaqueta Camionera de Mezclilla,"Chaqueta clásica de mezclilla resistente para uso diario (Talla XL, Color Negro)",970.84,40,1,2026-09-20 21:39:03,2026-09-20 22:16:03
2843,PROD-2843,Zapatillas Ultraboost Light,"Tenis de running con retorno de energía superior y ligereza (Talla S, Color Rojo)",1447.22,16,1,2026-09-22 07:36:13,2026-09-22 08:37:13
2844,PROD-2844,Zapatillas Running Pegasus 40,"Calzado de correr con amortiguación reactiva para entrenamiento (Talla M, Color Blanco)",1026.95,62,1,2026-09-21 02:50:44,2026-09-21 03:30:44
2845,PROD-2845,Licuadora Reversible 2 Velocidades,Licuadora con motor reversible y vaso de vidrio resistente a choques térmicos,427.74,54,1,2026-09-22 05:41:59,2026-09-22 05:43:59
2846,PROD-2846,Zapatillas Air Max 270,"Calzado deportivo con cápsula de aire visible para máxima comodidad (Talla S, Color Gris)",2107.34,45,1,2026-09-19 13:05:08,2026-09-19 14:40:08
2847,PROD-2847,Aspiradora Inalámbrica SpeedPro,Aspiradora escoba sin cable con cabezal de succión de 180 grados,6739.09,29,1,2026-09-17 15:57:22,2026-09-17 17:52:22
2848,PROD-2848,Freidora de Aire 4L,Freidora sin aceite para cocinar de manera saludable y rápida,3689.67,50,1,2026-09-19 21:53:52,2026-09-19 22:47:52
2849,PROD-2849,Jeans 501 Original Fit,"Pantalón de mezclilla clásico de corte recto y ajuste cómodo (Talla S, Color Verde)",1194.92,57,1,2026-09-19 08:40:04,2026-09-19 10:31:04
2850,PROD-2850,Smartphone Galaxy Z Fold 6 512GB,Teléfono plegable con pantalla gigante para productividad y multitarea - Color Negro,29175.58,39,1,2026-09-19 12:17:08,2026-09-19 12:29:08
2851,PROD-2851,Polerón Adicolor Classics,"Sudadera clásica con el logotipo de las tres tiras (Talla L, Color Rojo)",1359.28,76,1,2026-09-21 06:42:04,2026-09-21 06:43:04
2852,PROD-2852,Zapatillas Ultraboost Light,"Tenis de running con retorno de energía superior y ligereza (Talla XL, Color Azul)",1528.70,47,1,2026-09-20 21:47:10,2026-09-20 22:05:10
2853,PROD-2853,Polerón Adicolor Classics,"Sudadera clásica con el logotipo de las tres tiras (Talla XL, Color Blanco)",1185.09,68,1,2026-09-22 07:25:14,2026-09-22 07:26:14
2854,PROD-2854,Cafetera Programable 12 Tazas,Cafetera de goteo con temporizador programable y jarra de vidrio,3694.21,43,1,2026-09-20 16:50:45,2026-09-20 18:44:45
2855,PROD-2855,Freidora de Aire 4L,Freidora sin aceite para cocinar de manera saludable y rápida,4421.45,51,1,2026-09-21 13:17:21,2026-09-21 14:39:21
2856,PROD-2856,Zapatillas Ultraboost Light,"Tenis de running con retorno de energía superior y ligereza (Talla L, Color Negro)",1147.64,85,1,2026-09-20 03:33:05,2026-09-20 03:56:05
2857,PROD-2857,Zapatillas Air Force 1 '07,"Tenis clásicos de cuero blanco para uso urbano y casual (Talla XL, Color Azul)",400.25,86,1,2026-09-18 23:35:18,2026-09-18 23:51:18
2858,PROD-2858,Smartphone Galaxy S26 1TB,Smartphone compacto con pantalla fluida y excelente rendimiento - Color Verde,27622.02,27,1,2026-09-20 07:18:31,2026-09-20 09:06:31
2859,PROD-2859,Freidora de Aire 4L,Freidora sin aceite para cocinar de manera saludable y rápida,511.66,13,1,2026-09-20 21:41:21,2026-09-20 23:30:21
2860,PROD-2860,Monitor UltraGear 27,Monitor de alta frecuencia de actualización para juegos competitivos,33675.61,9,1,2026-09-22 07:16:58,2026-09-22 08:15:58
2861,PROD-2861,Zapatillas Running Pegasus 40,"Calzado de correr con amortiguación reactiva para entrenamiento (Talla L, Color Negro)",1340.23,68,1,2026-09-19 07:27:31,2026-09-19 08:57:31
2862,PROD-2862,Audífonos AirPods Max,Audífonos de diadema inalámbricos con sonido de alta fidelidad,11036.32,43,1,2026-09-18 16:02:04,2026-09-18 17:42:04
2863,PROD-2863,Audífonos Galaxy Buds3 Pro,Audífonos inalámbricos con cancelación activa de ruido inteligente,24390.59,46,1,2026-09-20 21:25:00,2026-09-20 21:43:00
2864,PROD-2864,Camiseta Graphic Setin Neck,"Playera casual de algodón con estampado frontal (Talla M, Color Azul)",922.48,30,1,2026-09-18 09:37:54,2026-09-18 10:54:54
2865,PROD-2865,Zapatillas Running Pegasus 40,"Calzado de correr con amortiguación reactiva para entrenamiento (Talla S, Color Azul)",464.80,100,1,2026-09-19 03:36:22,2026-09-19 05:08:22
2866,PROD-2866,Aspiradora Inalámbrica SpeedPro,Aspiradora escoba sin cable con cabezal de succión de 180 grados,7363.48,14,1,2026-09-22 13:00:45,2026-09-22 14:10:45
2867,PROD-2867,Zapatillas Samba OG,"Tenis de estilo retro icónicos en cuero de primera calidad (Talla L, Color Azul)",2141.89,15,1,2026-09-19 11:33:42,2026-09-19 12:28:42
2868,PROD-2868,Licuadora Reversible 2 Velocidades,Licuadora con motor reversible y vaso de vidrio resistente a choques térmicos,6821.41,17,1,2026-09-18 07:30:27,2026-09-18 09:18:27
2869,PROD-2869,Zapatillas Air Force 1 '07,"Tenis clásicos de cuero blanco para uso urbano y casual (Talla S, Color Verde)",457.03,90,1,2026-09-19 23:15:42,2026-09-19 23:43:42
2870,PROD-2870,Aspiradora Inalámbrica SpeedPro,Aspiradora escoba sin cable con cabezal de succión de 180 grados,2490.83,11,1,2026-09-20 08:00:30,2026-09-20 08:21:30
2871,PROD-2871,MacBook Air 15 M2 1TB,Laptop ultra delgada y liviana con gran autonomía - Color Blanco,18360.00,40,1,2026-09-21 06:05:48,2026-09-21 06:46:48
2872,PROD-2872,Freidora XXL Airfryer,Freidora de aire de gran capacidad con tecnología de extracción de grasa,843.92,39,1,2026-09-20 16:51:54,2026-09-20 18:14:54
2873,PROD-2873,Licuadora Reversible 2 Velocidades,Licuadora con motor reversible y vaso de vidrio resistente a choques térmicos,5635.24,53,1,2026-09-20 07:01:40,2026-09-20 07:31:40
2874,PROD-2874,Apple Watch Series 10,Reloj inteligente con sensores avanzados de salud y actividad física,3073.32,39,1,2026-09-22 08:52:00,2026-09-22 10:30:00
2875,PROD-2875,Camiseta Graphic Setin Neck,"Playera casual de algodón con estampado frontal (Talla S, Color Negro)",2040.55,81,1,2026-09-21 10:31:55,2026-09-21 12:00:55
2876,PROD-2876,Smartphone Galaxy S26+ 512GB,Teléfono inteligente con procesador de última generación y batería de larga duración - Color Negro,22169.85,34,1,2026-09-22 10:40:32,2026-09-22 10:53:32
2877,PROD-2877,Freidora de Aire 4L,Freidora sin aceite para cocinar de manera saludable y rápida,1813.07,13,1,2026-09-22 01:58:36,2026-09-22 03:50:36
2878,PROD-2878,Audífonos Bluetooth WH-1000XM5,Audífonos inalámbricos con la mejor cancelación de ruido del mercado,34118.65,33,1,2026-09-17 20:51:48,2026-09-17 22:36:48
2879,PROD-2879,Licuadora Reversible 2 Velocidades,Licuadora con motor reversible y vaso de vidrio resistente a choques térmicos,733.26,37,1,2026-09-17 23:25:56,2026-09-18 01:08:56
2880,PROD-2880,Zapatillas Samba OG,"Tenis de estilo retro icónicos en cuero de primera calidad (Talla S, Color Negro)",2407.51,42,1,2026-09-21 19:09:03,2026-09-21 20:55:03
2881,PROD-2881,Cafetera Programable 12 Tazas,Cafetera de goteo con temporizador programable y jarra de vidrio,4762.42,27,1,2026-09-20 22:55:26,2026-09-21 00:26:26
2882,PROD-2882,Zapatillas Samba OG,"Tenis de estilo retro icónicos en cuero de primera calidad (Talla M, Color Verde)",652.83,82,1,2026-09-20 17:07:02,2026-09-20 18:06:02
2883,PROD-2883,Polerón Adicolor Classics,"Sudadera clásica con el logotipo de las tres tiras (Talla M, Color Azul)",1090.92,86,1,2026-09-19 02:33:04,2026-09-19 03:08:04
2884,PROD-2884,Camiseta Graphic Setin Neck,"Playera casual de algodón con estampado frontal (Talla S, Color Rojo)",2055.02,75,1,2026-09-18 09:40:51,2026-09-18 10:40:51
2885,PROD-2885,Parlante Portátil SRS-XG300,Bocina inalámbrica portátil resistente al agua con graves potentes,3433.81,9,1,2026-09-17 18:16:58,2026-09-17 18:49:58
2886,PROD-2886,Jeans 511 Slim Fit,"Pantalón de mezclilla ajustado de estilo moderno (Talla L, Color Rojo)",1777.57,61,1,2026-09-18 21:24:31,2026-09-18 22:51:31
2887,PROD-2887,Monitor Odyssey G9,Monitor curvo ultrawide diseñado para gaming profesional,32180.27,18,1,2026-09-22 07:14:24,2026-09-22 08:55:24
2888,PROD-2888,Aspiradora Inalámbrica SpeedPro,Aspiradora escoba sin cable con cabezal de succión de 180 grados,2345.86,56,1,2026-09-22 13:05:33,2026-09-22 13:35:33
2889,PROD-2889,Camiseta Graphic Setin Neck,"Playera casual de algodón con estampado frontal (Talla S, Color Azul)",2203.40,79,1,2026-09-20 04:31:21,2026-09-20 04:35:21
2890,PROD-2890,Aspiradora Inalámbrica SpeedPro,Aspiradora escoba sin cable con cabezal de succión de 180 grados,1872.55,43,1,2026-09-18 21:00:29,2026-09-18 22:31:29
2891,PROD-2891,Zapatillas Running Pegasus 40,"Calzado de correr con amortiguación reactiva para entrenamiento (Talla M, Color Rojo)",1002.83,32,1,2026-09-19 11:24:36,2026-09-19 13:06:36
2892,PROD-2892,Patinete Eléctrico Pro 4,Scooter eléctrico con gran autonomía para movilidad urbana,14909.17,13,1,2026-09-20 19:46:51,2026-09-20 19:52:51
2893,PROD-2893,Zapatillas Air Force 1 '07,"Tenis clásicos de cuero blanco para uso urbano y casual (Talla XL, Color Azul)",2343.08,100,1,2026-09-17 20:24:32,2026-09-17 21:14:32
2894,PROD-2894,Zapatillas Running Pegasus 40,"Calzado de correr con amortiguación reactiva para entrenamiento (Talla L, Color Gris)",522.13,60,1,2026-09-18 12:19:55,2026-09-18 12:45:55
2895,PROD-2895,Cafetera Programable 12 Tazas,Cafetera de goteo con temporizador programable y jarra de vidrio,6667.35,46,1,2026-09-17 18:03:48,2026-09-17 19:12:48
2896,PROD-2896,Zapatillas Air Force 1 '07,"Tenis clásicos de cuero blanco para uso urbano y casual (Talla S, Color Azul)",1702.23,49,1,2026-09-21 23:30:50,2026-09-21 23:33:50
2897,PROD-2897,Licuadora Reversible 2 Velocidades,Licuadora con motor reversible y vaso de vidrio resistente a choques térmicos,1157.95,13,1,2026-09-18 03:41:25,2026-09-18 04:40:25
2898,PROD-2898,Freidora XXL Airfryer,Freidora de aire de gran capacidad con tecnología de extracción de grasa,4967.81,51,1,2026-09-17 15:53:27,2026-09-17 16:11:27
2899,PROD-2899,Pantalón de Buzo Tech Fleece,"Pantalón deportivo térmico con diseño estilizado (Talla XL, Color Negro)",1826.49,32,1,2026-09-18 13:36:15,2026-09-18 14:57:15
2900,PROD-2900,Robot Aspiradora X10+,Aspiradora robótica con estación de vaciado automático y mapeo láser,13668.69,19,1,2026-09-19 11:00:12,2026-09-19 12:44:12
2901,PROD-2901,Zapatillas Ultraboost Light,"Tenis de running con retorno de energía superior y ligereza (Talla M, Color Negro)",2269.88,95,1,2026-09-18 08:48:16,2026-09-18 09:11:16
2902,PROD-2902,Zapatillas Running Pegasus 40,"Calzado de correr con amortiguación reactiva para entrenamiento (Talla L, Color Negro)",372.74,63,1,2026-09-22 03:43:36,2026-09-22 05:26:36
2903,PROD-2903,Licuadora Reversible 2 Velocidades,Licuadora con motor reversible y vaso de vidrio resistente a choques térmicos,2828.26,29,1,2026-09-18 20:21:46,2026-09-18 22:11:46
2904,PROD-2904,Freidora de Aire 4L,Freidora sin aceite para cocinar de manera saludable y rápida,7746.25,49,1,2026-09-21 17:04:18,2026-09-21 18:31:18
2905,PROD-2905,Aspiradora Inalámbrica SpeedPro,Aspiradora escoba sin cable con cabezal de succión de 180 grados,5216.25,47,1,2026-09-19 14:35:39,2026-09-19 14:39:39
2906,PROD-2906,Zapatillas Air Force 1 '07,"Tenis clásicos de cuero blanco para uso urbano y casual (Talla XL, Color Negro)",1994.72,100,1,2026-09-18 16:57:51,2026-09-18 18:45:51
2907,PROD-2907,Robot Aspiradora X10+,Aspiradora robótica con estación de vaciado automático y mapeo láser,20051.43,27,1,2026-09-21 20:15:46,2026-09-21 21:50:46
2908,PROD-2908,Freidora XXL Airfryer,Freidora de aire de gran capacidad con tecnología de extracción de grasa,7342.26,50,1,2026-09-22 02:28:53,2026-09-22 04:14:53
2909,PROD-2909,Smartphone Galaxy S26 Ultra 1TB,Smartphone de alta gama con cámara de 200MP y pantalla Dynamic AMOLED - Color Gris,34487.44,44,1,2026-09-18 20:36:02,2026-09-18 21:14:02
2910,PROD-2910,Licuadora Reversible 2 Velocidades,Licuadora con motor reversible y vaso de vidrio resistente a choques térmicos,5644.22,45,1,2026-09-18 06:22:12,2026-09-18 06:22:12
2911,PROD-2911,Zapatillas Air Max 270,"Calzado deportivo con cápsula de aire visible para máxima comodidad (Talla S, Color Blanco)",1271.08,74,1,2026-09-21 06:10:36,2026-09-21 07:39:36
2912,PROD-2912,Jeans 501 Original Fit,"Pantalón de mezclilla clásico de corte recto y ajuste cómodo (Talla L, Color Verde)",1668.88,22,1,2026-09-18 21:21:02,2026-09-18 22:44:02
2913,PROD-2913,Polerón Adicolor Classics,"Sudadera clásica con el logotipo de las tres tiras (Talla M, Color Rojo)",1122.22,41,1,2026-09-19 19:32:53,2026-09-19 20:59:53
2914,PROD-2914,Freidora XXL Airfryer,Freidora de aire de gran capacidad con tecnología de extracción de grasa,747.36,32,1,2026-09-17 23:24:02,2026-09-17 23:28:02
2915,PROD-2915,Smart Band 8,Pulsera de actividad física con seguimiento del sueño y deporte,20713.50,41,1,2026-09-17 15:00:36,2026-09-17 16:22:36
2916,PROD-2916,Robot Aspiradora X10+,Aspiradora robótica con estación de vaciado automático y mapeo láser,15710.80,40,1,2026-09-17 21:40:17,2026-09-17 21:49:17
2917,PROD-2917,Aspiradora Inalámbrica SpeedPro,Aspiradora escoba sin cable con cabezal de succión de 180 grados,4029.00,10,1,2026-09-22 06:27:25,2026-09-22 07:56:25
2918,PROD-2918,Robot Aspiradora X10+,Aspiradora robótica con estación de vaciado automático y mapeo láser,9980.48,48,1,2026-09-18 07:21:31,2026-09-18 08:52:31
2919,PROD-2919,MacBook Air 15 M2 512GB,Laptop ultra delgada y liviana con gran autonomía - Color Rojo,25310.57,28,1,2026-09-18 21:52:54,2026-09-18 21:54:54
2920,PROD-2920,Smart Band 8,Pulsera de actividad física con seguimiento del sueño y deporte,16775.91,15,1,2026-09-19 13:46:38,2026-09-19 14:27:38
2921,PROD-2921,iPhone 16 512GB,Smartphone con pantalla Super Retina XDR y excelente duración de batería - Color Negro,3087.19,18,1,2026-09-19 20:22:33,2026-09-19 21:02:33
2922,PROD-2922,Camiseta Graphic Setin Neck,"Playera casual de algodón con estampado frontal (Talla M, Color Gris)",577.40,78,1,2026-09-19 02:12:48,2026-09-19 02:35:48
2923,PROD-2923,Cafetera Programable 12 Tazas,Cafetera de goteo con temporizador programable y jarra de vidrio,1819.45,44,1,2026-09-21 19:24:44,2026-09-21 21:03:44
2924,PROD-2924,MacBook Pro 16 M3 512GB,Computadora portátil profesional para edición de video y desarrollo - Color Gris,30888.41,9,1,2026-09-17 15:19:41,2026-09-17 16:53:41
2925,PROD-2925,Smart TV OLED C3 65,Televisor inteligente ideal para videojuegos y películas con pánel OLED,23331.86,31,1,2026-09-21 15:40:15,2026-09-21 15:45:15
2926,PROD-2926,Jeans 501 Original Fit,"Pantalón de mezclilla clásico de corte recto y ajuste cómodo (Talla XL, Color Rojo)",894.55,11,1,2026-09-18 11:10:07,2026-09-18 13:03:07
2927,PROD-2927,Smart TV 65 Neo QLED,Televisor inteligente 4K con tecnología de puntos cuánticos y alto contraste,14436.66,19,1,2026-09-22 08:49:42,2026-09-22 09:06:42
2928,PROD-2928,Freidora de Aire 4L,Freidora sin aceite para cocinar de manera saludable y rápida,7212.52,29,1,2026-09-20 07:35:52,2026-09-20 08:17:52
2929,PROD-2929,Aspiradora Inalámbrica SpeedPro,Aspiradora escoba sin cable con cabezal de succión de 180 grados,6914.79,19,1,2026-09-18 01:53:09,2026-09-18 02:14:09
2930,PROD-2930,Aspiradora Inalámbrica SpeedPro,Aspiradora escoba sin cable con cabezal de succión de 180 grados,1672.90,10,1,2026-09-18 22:44:36,2026-09-19 00:31:36
2931,PROD-2931,Smartphone Xiaomi 14 Ultra 128GB,Smartphone de gama alta enfocado en fotografía profesional Leica - Color Verde,5522.02,28,1,2026-09-19 16:37:27,2026-09-19 17:43:27
2932,PROD-2932,Smartphone Galaxy Z Flip 6 1TB,Teléfono plegable compacto con pantalla exterior funcional - Color Azul,32092.45,49,1,2026-09-21 03:53:05,2026-09-21 04:09:05
2933,PROD-2933,Smartphone Redmi Note 13 Pro 128GB,Teléfono inteligente con excelente relación calidad-precio y gran cámara - Color Gris,30385.81,19,1,2026-09-21 21:02:56,2026-09-21 22:38:56
2934,PROD-2934,Licuadora Reversible 2 Velocidades,Licuadora con motor reversible y vaso de vidrio resistente a choques térmicos,1836.74,52,1,2026-09-18 13:36:45,2026-09-18 13:48:45
2935,PROD-2935,Licuadora Reversible 2 Velocidades,Licuadora con motor reversible y vaso de vidrio resistente a choques térmicos,3079.54,41,1,2026-09-22 07:31:55,2026-09-22 07:46:55
2936,PROD-2936,Freidora XXL Airfryer,Freidora de aire de gran capacidad con tecnología de extracción de grasa,5616.61,44,1,2026-09-18 02:52:00,2026-09-18 03:47:00
2937,PROD-2937,Audífonos Galaxy Buds3 Pro,Audífonos inalámbricos con cancelación activa de ruido inteligente,15996.83,39,1,2026-09-19 19:12:10,2026-09-19 19:54:10
2938,PROD-2938,Cafetera Programable 12 Tazas,Cafetera de goteo con temporizador programable y jarra de vidrio,4872.91,28,1,2026-09-20 23:58:21,2026-09-21 01:33:21
2939,PROD-2939,Zapatillas Samba OG,"Tenis de estilo retro icónicos en cuero de primera calidad (Talla M, Color Verde)",1835.07,58,1,2026-09-20 22:05:05,2026-09-20 23:11:05
2940,PROD-2940,Tablet Galaxy Tab S9 256GB,"Tableta de alto rendimiento para diseño, trabajo y entretenimiento - Color Azul",19491.72,49,1,2026-09-21 05:03:18,2026-09-21 06:52:18
2941,PROD-2941,Audífonos Galaxy Buds3 Pro,Audífonos inalámbricos con cancelación activa de ruido inteligente,35257.68,43,1,2026-09-18 11:37:15,2026-09-18 12:42:15
2942,PROD-2942,Freidora XXL Airfryer,Freidora de aire de gran capacidad con tecnología de extracción de grasa,6508.16,25,1,2026-09-19 13:25:00,2026-09-19 15:17:00
2943,PROD-2943,Jeans 501 Original Fit,"Pantalón de mezclilla clásico de corte recto y ajuste cómodo (Talla M, Color Blanco)",1903.12,71,1,2026-09-18 12:46:38,2026-09-18 12:46:38
2944,PROD-2944,Audífonos AirPods Pro 2,Audífonos intrauditivos con cancelación de ruido de nivel superior,8088.18,23,1,2026-09-20 19:15:56,2026-09-20 19:31:56
2945,PROD-2945,Licuadora Reversible 2 Velocidades,Licuadora con motor reversible y vaso de vidrio resistente a choques térmicos,5434.89,17,1,2026-09-17 21:43:31,2026-09-17 22:15:31
2946,PROD-2946,Cámara Alpha 7 IV,Cámara mirrorless profesional de fotograma completo para foto y video,17798.25,22,1,2026-09-21 12:28:36,2026-09-21 12:55:36
2947,PROD-2947,Cafetera Programable 12 Tazas,Cafetera de goteo con temporizador programable y jarra de vidrio,6937.93,55,1,2026-09-18 05:05:12,2026-09-18 05:13:12
2948,PROD-2948,Zapatillas Running Pegasus 40,"Calzado de correr con amortiguación reactiva para entrenamiento (Talla M, Color Verde)",371.95,26,1,2026-09-22 00:15:23,2026-09-22 01:35:23
2949,PROD-2949,Licuadora Reversible 2 Velocidades,Licuadora con motor reversible y vaso de vidrio resistente a choques térmicos,674.48,21,1,2026-09-17 20:29:40,2026-09-17 21:04:40
2950,PROD-2950,Licuadora Reversible 2 Velocidades,Licuadora con motor reversible y vaso de vidrio resistente a choques térmicos,6878.05,16,1,2026-09-21 21:31:17,2026-09-21 22:27:17
2951,PROD-2951,Zapatillas Air Max 270,"Calzado deportivo con cápsula de aire visible para máxima comodidad (Talla S, Color Blanco)",1151.80,34,1,2026-09-17 19:08:35,2026-09-17 21:03:35
2952,PROD-2952,Smart TV OLED C3 65,Televisor inteligente ideal para videojuegos y películas con pánel OLED,15336.47,8,1,2026-09-20 00:24:23,2026-09-20 00:56:23
2953,PROD-2953,Jeans 501 Original Fit,"Pantalón de mezclilla clásico de corte recto y ajuste cómodo (Talla S, Color Gris)",1887.78,86,1,2026-09-18 22:43:25,2026-09-19 00:42:25
2954,PROD-2954,Pantalón de Buzo Tech Fleece,"Pantalón deportivo térmico con diseño estilizado (Talla L, Color Azul)",2291.65,22,1,2026-09-21 06:06:30,2026-09-21 07:14:30
2955,PROD-2955,iPhone 16 Pro 128GB,Teléfono inteligente premium con chip de alto rendimiento y triple cámara - Color Verde,6247.42,43,1,2026-09-18 02:10:02,2026-09-18 03:03:02
2956,PROD-2956,Freidora de Aire 4L,Freidora sin aceite para cocinar de manera saludable y rápida,2668.89,46,1,2026-09-17 19:03:46,2026-09-17 20:53:46
2957,PROD-2957,Refrigeradora InstaView,Refrigerador inteligente con panel de cristal panorámico,34430.43,18,1,2026-09-18 06:29:19,2026-09-18 08:29:19
2958,PROD-2958,Audífonos Bluetooth WH-1000XM5,Audífonos inalámbricos con la mejor cancelación de ruido del mercado,30396.21,39,1,2026-09-22 12:42:08,2026-09-22 13:17:08
2959,PROD-2959,Monitor UltraGear 27,Monitor de alta frecuencia de actualización para juegos competitivos,14411.81,14,1,2026-09-20 23:45:22,2026-09-20 23:55:22
2960,PROD-2960,Smart TV 65 Neo QLED,Televisor inteligente 4K con tecnología de puntos cuánticos y alto contraste,17783.10,37,1,2026-09-17 21:14:50,2026-09-17 22:00:50
2961,PROD-2961,Zapatillas Samba OG,"Tenis de estilo retro icónicos en cuero de primera calidad (Talla XL, Color Azul)",1340.08,15,1,2026-09-19 20:54:43,2026-09-19 21:23:43
2962,PROD-2962,Freidora XXL Airfryer,Freidora de aire de gran capacidad con tecnología de extracción de grasa,1039.26,40,1,2026-09-22 10:13:37,2026-09-22 11:03:37
2963,PROD-2963,Zapatillas Air Force 1 '07,"Tenis clásicos de cuero blanco para uso urbano y casual (Talla L, Color Rojo)",966.92,42,1,2026-09-19 08:52:25,2026-09-19 10:15:25
2964,PROD-2964,Smart Band 8,Pulsera de actividad física con seguimiento del sueño y deporte,14398.83,17,1,2026-09-21 16:50:57,2026-09-21 17:29:57
2965,PROD-2965,Cafetera Programable 12 Tazas,Cafetera de goteo con temporizador programable y jarra de vidrio,2107.87,34,1,2026-09-19 15:10:39,2026-09-19 15:11:39
2966,PROD-2966,Polerón Adicolor Classics,"Sudadera clásica con el logotipo de las tres tiras (Talla XL, Color Blanco)",1325.27,26,1,2026-09-18 13:42:49,2026-09-18 14:31:49
2967,PROD-2967,Smartphone Redmi Note 13 Pro 128GB,Teléfono inteligente con excelente relación calidad-precio y gran cámara - Color Gris,34887.34,21,1,2026-09-18 20:37:53,2026-09-18 22:17:53
2968,PROD-2968,Zapatillas Ultraboost Light,"Tenis de running con retorno de energía superior y ligereza (Talla L, Color Verde)",1542.83,51,1,2026-09-19 03:55:46,2026-09-19 05:21:46
2969,PROD-2969,Audífonos Galaxy Buds3 Pro,Audífonos inalámbricos con cancelación activa de ruido inteligente,30680.34,45,1,2026-09-17 18:49:54,2026-09-17 19:57:54
2970,PROD-2970,Freidora XXL Airfryer,Freidora de aire de gran capacidad con tecnología de extracción de grasa,6023.28,34,1,2026-09-18 10:35:37,2026-09-18 11:56:37
2971,PROD-2971,Barra de Sonido HT-A7000,Sistema de audio para cine en casa con soporte Dolby Atmos,3504.56,43,1,2026-09-21 00:15:07,2026-09-21 01:42:07
2972,PROD-2972,Zapatillas Air Max 270,"Calzado deportivo con cápsula de aire visible para máxima comodidad (Talla M, Color Rojo)",1078.50,40,1,2026-09-18 08:37:18,2026-09-18 10:09:18
2973,PROD-2973,Zapatillas Air Max 270,"Calzado deportivo con cápsula de aire visible para máxima comodidad (Talla L, Color Verde)",473.85,78,1,2026-09-18 23:27:28,2026-09-18 23:55:28
2974,PROD-2974,Audífonos Bluetooth WH-1000XM5,Audífonos inalámbricos con la mejor cancelación de ruido del mercado,34202.42,7,1,2026-09-22 10:55:00,2026-09-22 12:23:00
2975,PROD-2975,Smartphone Galaxy S26+ 512GB,Teléfono inteligente con procesador de última generación y batería de larga duración - Color Verde,19279.57,30,1,2026-09-17 17:11:09,2026-09-17 17:58:09
2976,PROD-2976,Aspiradora Inalámbrica SpeedPro,Aspiradora escoba sin cable con cabezal de succión de 180 grados,6963.11,57,1,2026-09-21 23:05:53,2026-09-21 23:54:53
2977,PROD-2977,Aspiradora Inalámbrica SpeedPro,Aspiradora escoba sin cable con cabezal de succión de 180 grados,2914.27,37,1,2026-09-19 23:33:51,2026-09-20 00:48:51
2978,PROD-2978,Aspiradora Inalámbrica SpeedPro,Aspiradora escoba sin cable con cabezal de succión de 180 grados,7597.12,31,1,2026-09-19 00:03:06,2026-09-19 00:58:06
2979,PROD-2979,Zapatillas Samba OG,"Tenis de estilo retro icónicos en cuero de primera calidad (Talla L, Color Azul)",1181.32,86,1,2026-09-22 06:15:25,2026-09-22 07:19:25
2980,PROD-2980,Camiseta Graphic Setin Neck,"Playera casual de algodón con estampado frontal (Talla M, Color Gris)",621.92,32,1,2026-09-19 15:06:00,2026-09-19 15:42:00
2981,PROD-2981,Jeans 501 Original Fit,"Pantalón de mezclilla clásico de corte recto y ajuste cómodo (Talla L, Color Rojo)",2321.69,49,1,2026-09-20 15:05:57,2026-09-20 15:16:57
2982,PROD-2982,Camiseta Graphic Setin Neck,"Playera casual de algodón con estampado frontal (Talla M, Color Gris)",2041.03,57,1,2026-09-21 00:57:16,2026-09-21 01:45:16
2983,PROD-2983,Pantalón de Buzo Tech Fleece,"Pantalón deportivo térmico con diseño estilizado (Talla M, Color Negro)",2184.91,40,1,2026-09-17 15:04:57,2026-09-17 16:02:57
2984,PROD-2984,Jeans 511 Slim Fit,"Pantalón de mezclilla ajustado de estilo moderno (Talla L, Color Verde)",1615.28,25,1,2026-09-19 03:48:15,2026-09-19 04:11:15
2985,PROD-2985,Chaqueta Camionera de Mezclilla,"Chaqueta clásica de mezclilla resistente para uso diario (Talla S, Color Verde)",2400.36,93,1,2026-09-20 20:24:09,2026-09-20 21:38:09
2986,PROD-2986,iPhone 16 1TB,Smartphone con pantalla Super Retina XDR y excelente duración de batería - Color Negro,11185.41,25,1,2026-09-19 10:06:11,2026-09-19 10:33:11
2987,PROD-2987,Freidora de Aire 4L,Freidora sin aceite para cocinar de manera saludable y rápida,4705.94,22,1,2026-09-21 12:54:24,2026-09-21 14:32:24
2988,PROD-2988,Jeans 501 Original Fit,"Pantalón de mezclilla clásico de corte recto y ajuste cómodo (Talla S, Color Negro)",1498.44,97,1,2026-09-21 23:33:01,2026-09-21 23:48:01
2989,PROD-2989,Zapatillas Samba OG,"Tenis de estilo retro icónicos en cuero de primera calidad (Talla M, Color Blanco)",2353.63,20,1,2026-09-19 18:45:21,2026-09-19 20:18:21
2990,PROD-2990,Freidora XXL Airfryer,Freidora de aire de gran capacidad con tecnología de extracción de grasa,7362.74,43,1,2026-09-19 06:00:41,2026-09-19 06:40:41
2991,PROD-2991,iPad Pro 12.9,Tableta profesional con pantalla Liquid Retina XDR y chip M2,29455.41,47,1,2026-09-19 05:47:40,2026-09-19 07:21:40
2992,PROD-2992,Robot Aspiradora X10+,Aspiradora robótica con estación de vaciado automático y mapeo láser,28811.62,21,1,2026-09-19 04:00:10,2026-09-19 05:48:10
2993,PROD-2993,Freidora XXL Airfryer,Freidora de aire de gran capacidad con tecnología de extracción de grasa,1254.46,20,1,2026-09-21 10:43:35,2026-09-21 11:03:35
2994,PROD-2994,Cafetera Programable 12 Tazas,Cafetera de goteo con temporizador programable y jarra de vidrio,4420.68,58,1,2026-09-19 14:50:06,2026-09-19 16:42:06
2995,PROD-2995,Licuadora Reversible 2 Velocidades,Licuadora con motor reversible y vaso de vidrio resistente a choques térmicos,7277.52,37,1,2026-09-20 07:04:39,2026-09-20 07:20:39
2996,PROD-2996,Aspiradora Inalámbrica SpeedPro,Aspiradora escoba sin cable con cabezal de succión de 180 grados,5582.96,34,1,2026-09-18 16:31:58,2026-09-18 16:55:58
2997,PROD-2997,Jeans 501 Original Fit,"Pantalón de mezclilla clásico de corte recto y ajuste cómodo (Talla L, Color Negro)",1738.27,15,1,2026-09-22 04:15:27,2026-09-22 05:35:27
2998,PROD-2998,Freidora XXL Airfryer,Freidora de aire de gran capacidad con tecnología de extracción de grasa,6583.90,42,1,2026-09-17 22:16:03,2026-09-17 22:19:03
2999,PROD-2999,Zapatillas Running Pegasus 40,"Calzado de correr con amortiguación reactiva para entrenamiento (Talla S, Color Negro)",404.43,29,1,2026-09-20 11:34:29,2026-09-20 13:23:29
3000,PROD-3000,Cafetera Programable 12 Tazas,Cafetera de goteo con temporizador programable y jarra de vidrio,1372.98,27,1,2026-09-18 16:14:34,2026-09-18 16:54:34
3001,PROD-3001,Zapatillas Ultraboost Light,"Tenis de running con retorno de energía superior y ligereza (Talla S, Color Azul)",406.91,48,1,2026-09-18 22:07:35,2026-09-18 23:20:35
3002,PROD-3002,Licuadora Reversible 2 Velocidades,Licuadora con motor reversible y vaso de vidrio resistente a choques térmicos,6199.29,41,1,2026-09-22 10:30:35,2026-09-22 11:50:35
3003,PROD-3003,Freidora de Aire 4L,Freidora sin aceite para cocinar de manera saludable y rápida,7950.25,10,1,2026-09-18 18:00:44,2026-09-18 18:15:44
3004,PROD-3004,Robot Aspiradora X10+,Aspiradora robótica con estación de vaciado automático y mapeo láser,12778.14,50,1,2026-09-18 11:33:46,2026-09-18 12:39:46
3005,PROD-3005,Jeans 501 Original Fit,"Pantalón de mezclilla clásico de corte recto y ajuste cómodo (Talla M, Color Rojo)",1911.45,72,1,2026-09-22 07:18:05,2026-09-22 07:49:05
3006,PROD-3006,Chaqueta Camionera de Mezclilla,"Chaqueta clásica de mezclilla resistente para uso diario (Talla L, Color Verde)",1818.20,40,1,2026-09-18 10:42:57,2026-09-18 11:03:57
3007,PROD-3007,Smartphone Xiaomi 14 Ultra 256GB,Smartphone de gama alta enfocado en fotografía profesional Leica - Color Rojo,21920.34,16,1,2026-09-17 13:19:01,2026-09-17 13:55:01
3008,PROD-3008,Zapatillas Air Max 270,"Calzado deportivo con cápsula de aire visible para máxima comodidad (Talla L, Color Blanco)",627.79,64,1,2026-09-20 03:16:12,2026-09-20 03:27:12
3009,PROD-3009,Freidora XXL Airfryer,Freidora de aire de gran capacidad con tecnología de extracción de grasa,3968.52,13,1,2026-09-17 20:14:21,2026-09-17 21:24:21
3010,PROD-3010,Jeans 511 Slim Fit,"Pantalón de mezclilla ajustado de estilo moderno (Talla XL, Color Rojo)",1420.34,25,1,2026-09-22 04:26:48,2026-09-22 05:30:48
3011,PROD-3011,Apple Watch Series 10,Reloj inteligente con sensores avanzados de salud y actividad física,1869.39,5,1,2026-09-20 12:40:26,2026-09-20 12:55:26
3012,PROD-3012,Smartphone Redmi Note 13 Pro 512GB,Teléfono inteligente con excelente relación calidad-precio y gran cámara - Color Verde,30508.92,40,1,2026-09-18 21:28:43,2026-09-18 23:22:43
3013,PROD-3013,Cafetera Programable 12 Tazas,Cafetera de goteo con temporizador programable y jarra de vidrio,1081.27,39,1,2026-09-21 14:08:06,2026-09-21 15:49:06
3014,PROD-3014,Aspiradora Inalámbrica SpeedPro,Aspiradora escoba sin cable con cabezal de succión de 180 grados,4459.41,24,1,2026-09-22 06:36:39,2026-09-22 07:27:39
3015,PROD-3015,Chaqueta Camionera de Mezclilla,"Chaqueta clásica de mezclilla resistente para uso diario (Talla XL, Color Gris)",631.70,36,1,2026-09-18 20:40:03,2026-09-18 22:08:03
3016,PROD-3016,iPhone 16 128GB,Smartphone con pantalla Super Retina XDR y excelente duración de batería - Color Verde,4267.64,43,1,2026-09-19 07:38:26,2026-09-19 08:10:26
3017,PROD-3017,Parlante Portátil SRS-XG300,Bocina inalámbrica portátil resistente al agua con graves potentes,35658.83,41,1,2026-09-18 11:34:43,2026-09-18 13:05:43
3018,PROD-3018,Licuadora Reversible 2 Velocidades,Licuadora con motor reversible y vaso de vidrio resistente a choques térmicos,5980.32,30,1,2026-09-20 00:05:45,2026-09-20 00:12:45
3019,PROD-3019,Chaqueta Camionera de Mezclilla,"Chaqueta clásica de mezclilla resistente para uso diario (Talla M, Color Gris)",1760.59,59,1,2026-09-19 00:23:20,2026-09-19 02:09:20
3020,PROD-3020,Freidora XXL Airfryer,Freidora de aire de gran capacidad con tecnología de extracción de grasa,906.69,49,1,2026-09-18 05:49:11,2026-09-18 06:57:11
3021,PROD-3021,Smart TV Bravia XR OLED 55,Televisor OLED con negros absolutos y procesador de imagen cognitivo,24770.43,36,1,2026-09-19 05:16:22,2026-09-19 05:29:22
3022,PROD-3022,Monitor Odyssey G9,Monitor curvo ultrawide diseñado para gaming profesional,24249.58,19,1,2026-09-20 22:30:14,2026-09-20 23:09:14
3023,PROD-3023,Monitor UltraGear 27,Monitor de alta frecuencia de actualización para juegos competitivos,5771.65,47,1,2026-09-17 23:33:25,2026-09-18 00:01:25
3024,PROD-3024,Camiseta Graphic Setin Neck,"Playera casual de algodón con estampado frontal (Talla S, Color Rojo)",2036.77,94,1,2026-09-19 23:15:41,2026-09-19 23:44:41
3025,PROD-3025,Aspiradora Inalámbrica SpeedPro,Aspiradora escoba sin cable con cabezal de succión de 180 grados,3334.48,28,1,2026-09-21 23:29:46,2026-09-22 00:04:46
3026,PROD-3026,Chaqueta Camionera de Mezclilla,"Chaqueta clásica de mezclilla resistente para uso diario (Talla L, Color Gris)",1572.66,32,1,2026-09-21 08:18:28,2026-09-21 09:42:28
3027,PROD-3027,Consola PlayStation 5 Slim,Consola de videojuegos de última generación con almacenamiento SSD ultra rápido,15698.23,22,1,2026-09-17 23:35:54,2026-09-17 23:44:54
3028,PROD-3028,Aspiradora Inalámbrica SpeedPro,Aspiradora escoba sin cable con cabezal de succión de 180 grados,3654.82,9,1,2026-09-21 00:03:36,2026-09-21 02:02:36
3029,PROD-3029,Cafetera Programable 12 Tazas,Cafetera de goteo con temporizador programable y jarra de vidrio,5878.81,45,1,2026-09-18 19:54:52,2026-09-18 21:09:52
3030,PROD-3030,Zapatillas Running Pegasus 40,"Calzado de correr con amortiguación reactiva para entrenamiento (Talla XL, Color Gris)",2080.44,17,1,2026-09-20 10:36:04,2026-09-20 12:18:04
3031,PROD-3031,iPhone 16 Pro Max 512GB,Smartphone insignia de Apple con acabado en titanio y cámara profesional - Color Blanco,15928.19,15,1,2026-09-21 14:11:58,2026-09-21 14:12:58
3032,PROD-3032,Refrigeradora InstaView,Refrigerador inteligente con panel de cristal panorámico,18112.63,13,1,2026-09-21 23:16:22,2026-09-22 00:40:22
3033,PROD-3033,MacBook Air 15 M2 128GB,Laptop ultra delgada y liviana con gran autonomía - Color Blanco,20790.86,50,1,2026-09-20 03:43:56,2026-09-20 05:38:56
3034,PROD-3034,Aspiradora Inalámbrica SpeedPro,Aspiradora escoba sin cable con cabezal de succión de 180 grados,4443.05,49,1,2026-09-20 07:12:51,2026-09-20 08:03:51
3035,PROD-3035,Refrigeradora InstaView,Refrigerador inteligente con panel de cristal panorámico,17347.11,9,1,2026-09-18 13:08:08,2026-09-18 14:02:08
3036,PROD-3036,Zapatillas Air Max 270,"Calzado deportivo con cápsula de aire visible para máxima comodidad (Talla S, Color Rojo)",2467.94,33,1,2026-09-18 08:18:43,2026-09-18 09:14:43
3037,PROD-3037,Freidora XXL Airfryer,Freidora de aire de gran capacidad con tecnología de extracción de grasa,3898.91,29,1,2026-09-21 18:23:32,2026-09-21 19:36:32
3038,PROD-3038,Aspiradora Inalámbrica SpeedPro,Aspiradora escoba sin cable con cabezal de succión de 180 grados,3078.37,48,1,2026-09-18 19:24:09,2026-09-18 21:24:09
3039,PROD-3039,Freidora XXL Airfryer,Freidora de aire de gran capacidad con tecnología de extracción de grasa,1276.19,13,1,2026-09-21 08:51:18,2026-09-21 10:29:18
3040,PROD-3040,Polera Sportswear Club Fleece,"Sudadera de felpa con capucha y ajuste estándar (Talla M, Color Negro)",2400.70,96,1,2026-09-21 22:42:26,2026-09-22 00:22:26
3041,PROD-3041,Freidora XXL Airfryer,Freidora de aire de gran capacidad con tecnología de extracción de grasa,2172.13,17,1,2026-09-17 19:45:44,2026-09-17 20:05:44
3042,PROD-3042,Smart TV OLED C3 65,Televisor inteligente ideal para videojuegos y películas con pánel OLED,12995.04,6,1,2026-09-22 05:55:06,2026-09-22 06:39:06
3043,PROD-3043,Polera Sportswear Club Fleece,"Sudadera de felpa con capucha y ajuste estándar (Talla L, Color Rojo)",1726.18,46,1,2026-09-20 11:00:20,2026-09-20 11:00:20
3044,PROD-3044,Licuadora Reversible 2 Velocidades,Licuadora con motor reversible y vaso de vidrio resistente a choques térmicos,1466.13,43,1,2026-09-20 08:43:24,2026-09-20 09:33:24
3045,PROD-3045,Zapatillas Running Pegasus 40,"Calzado de correr con amortiguación reactiva para entrenamiento (Talla XL, Color Azul)",1211.96,83,1,2026-09-20 06:19:44,2026-09-20 07:34:44
3046,PROD-3046,Zapatillas Air Force 1 '07,"Tenis clásicos de cuero blanco para uso urbano y casual (Talla XL, Color Blanco)",1179.16,54,1,2026-09-20 03:14:32,2026-09-20 04:42:32
3047,PROD-3047,Cámara Alpha 7 IV,Cámara mirrorless profesional de fotograma completo para foto y video,1672.43,31,1,2026-09-19 00:40:59,2026-09-19 01:25:59
3048,PROD-3048,Zapatillas Ultraboost Light,"Tenis de running con retorno de energía superior y ligereza (Talla XL, Color Blanco)",430.92,59,1,2026-09-19 04:46:50,2026-09-19 05:58:50
3049,PROD-3049,Zapatillas Ultraboost Light,"Tenis de running con retorno de energía superior y ligereza (Talla XL, Color Azul)",520.02,91,1,2026-09-20 23:27:24,2026-09-21 00:50:24
3050,PROD-3050,Camiseta Graphic Setin Neck,"Playera casual de algodón con estampado frontal (Talla M, Color Gris)",792.66,98,1,2026-09-19 19:08:05,2026-09-19 20:23:05
3051,PROD-3051,Zapatillas Ultraboost Light,"Tenis de running con retorno de energía superior y ligereza (Talla M, Color Gris)",1101.99,30,1,2026-09-20 18:09:11,2026-09-20 18:29:11
3052,PROD-3052,Zapatillas Air Max 270,"Calzado deportivo con cápsula de aire visible para máxima comodidad (Talla XL, Color Gris)",854.76,20,1,2026-09-19 10:50:28,2026-09-19 12:08:28
3053,PROD-3053,Polerón Adicolor Classics,"Sudadera clásica con el logotipo de las tres tiras (Talla L, Color Rojo)",1195.96,46,1,2026-09-20 01:23:42,2026-09-20 02:47:42
3054,PROD-3054,Chaqueta Camionera de Mezclilla,"Chaqueta clásica de mezclilla resistente para uso diario (Talla L, Color Gris)",2230.52,47,1,2026-09-22 01:39:22,2026-09-22 02:07:22
3055,PROD-3055,Zapatillas Samba OG,"Tenis de estilo retro icónicos en cuero de primera calidad (Talla S, Color Gris)",1665.77,60,1,2026-09-21 00:01:56,2026-09-21 01:59:56
3056,PROD-3056,Cafetera Programable 12 Tazas,Cafetera de goteo con temporizador programable y jarra de vidrio,2242.68,53,1,2026-09-19 02:45:12,2026-09-19 03:20:12
3057,PROD-3057,Aspiradora Inalámbrica SpeedPro,Aspiradora escoba sin cable con cabezal de succión de 180 grados,2120.75,25,1,2026-09-20 00:48:30,2026-09-20 01:21:30
3058,PROD-3058,Refrigeradora InstaView,Refrigerador inteligente con panel de cristal panorámico,30205.39,49,1,2026-09-20 22:51:47,2026-09-20 23:12:47
3059,PROD-3059,iPhone 16 Pro Max 512GB,Smartphone insignia de Apple con acabado en titanio y cámara profesional - Color Rojo,15414.55,43,1,2026-09-21 22:23:49,2026-09-21 23:24:49
3060,PROD-3060,Cafetera Programable 12 Tazas,Cafetera de goteo con temporizador programable y jarra de vidrio,5484.46,42,1,2026-09-21 10:41:13,2026-09-21 12:19:13
3061,PROD-3061,Freidora XXL Airfryer,Freidora de aire de gran capacidad con tecnología de extracción de grasa,2293.75,14,1,2026-09-17 14:16:16,2026-09-17 16:10:16
3062,PROD-3062,Freidora XXL Airfryer,Freidora de aire de gran capacidad con tecnología de extracción de grasa,865.15,19,1,2026-09-18 05:52:43,2026-09-18 07:42:43
3063,PROD-3063,Camiseta Graphic Setin Neck,"Playera casual de algodón con estampado frontal (Talla L, Color Gris)",2283.36,76,1,2026-09-19 15:45:14,2026-09-19 16:09:14
3064,PROD-3064,Polerón Adicolor Classics,"Sudadera clásica con el logotipo de las tres tiras (Talla XL, Color Gris)",1073.86,84,1,2026-09-18 08:19:14,2026-09-18 10:08:14
3065,PROD-3065,Smartphone Galaxy Z Fold 6 128GB,Teléfono plegable con pantalla gigante para productividad y multitarea - Color Negro,11212.88,41,1,2026-09-20 04:08:46,2026-09-20 05:56:46
3066,PROD-3066,Zapatillas Air Force 1 '07,"Tenis clásicos de cuero blanco para uso urbano y casual (Talla M, Color Verde)",1663.52,82,1,2026-09-17 21:03:45,2026-09-17 22:48:45
3067,PROD-3067,iPad Pro 12.9,Tableta profesional con pantalla Liquid Retina XDR y chip M2,4285.58,12,1,2026-09-18 18:49:30,2026-09-18 20:22:30
3068,PROD-3068,Pantalón de Buzo Tech Fleece,"Pantalón deportivo térmico con diseño estilizado (Talla L, Color Rojo)",1870.00,60,1,2026-09-18 16:49:34,2026-09-18 17:31:34
3069,PROD-3069,Aspiradora Inalámbrica SpeedPro,Aspiradora escoba sin cable con cabezal de succión de 180 grados,7725.20,43,1,2026-09-20 03:46:06,2026-09-20 05:29:06
3070,PROD-3070,Refrigeradora InstaView,Refrigerador inteligente con panel de cristal panorámico,8253.23,9,1,2026-09-19 03:08:02,2026-09-19 04:38:02
3071,PROD-3071,Zapatillas Samba OG,"Tenis de estilo retro icónicos en cuero de primera calidad (Talla M, Color Gris)",1845.89,60,1,2026-09-19 21:35:59,2026-09-19 22:03:59
3072,PROD-3072,Smartphone Galaxy Z Fold 6 512GB,Teléfono plegable con pantalla gigante para productividad y multitarea - Color Negro,31918.14,23,1,2026-09-18 15:50:37,2026-09-18 16:14:37
3073,PROD-3073,Jeans 511 Slim Fit,"Pantalón de mezclilla ajustado de estilo moderno (Talla S, Color Blanco)",769.04,68,1,2026-09-19 07:44:42,2026-09-19 08:07:42
3074,PROD-3074,Zapatillas Air Max 270,"Calzado deportivo con cápsula de aire visible para máxima comodidad (Talla S, Color Negro)",997.70,94,1,2026-09-20 06:45:24,2026-09-20 08:16:24
3075,PROD-3075,Aspiradora Inalámbrica SpeedPro,Aspiradora escoba sin cable con cabezal de succión de 180 grados,6338.88,42,1,2026-09-17 17:11:25,2026-09-17 17:15:25
3076,PROD-3076,Freidora XXL Airfryer,Freidora de aire de gran capacidad con tecnología de extracción de grasa,4725.01,25,1,2026-09-19 20:39:33,2026-09-19 22:15:33
3077,PROD-3077,Licuadora Reversible 2 Velocidades,Licuadora con motor reversible y vaso de vidrio resistente a choques térmicos,7134.52,49,1,2026-09-18 02:10:08,2026-09-18 03:32:08
3078,PROD-3078,Aspiradora Inalámbrica SpeedPro,Aspiradora escoba sin cable con cabezal de succión de 180 grados,7158.44,12,1,2026-09-20 08:56:56,2026-09-20 09:29:56
3079,PROD-3079,Smartphone Galaxy Z Flip 6 256GB,Teléfono plegable compacto con pantalla exterior funcional - Color Gris,2574.81,19,1,2026-09-20 19:15:07,2026-09-20 20:56:07
3080,PROD-3080,Jeans 511 Slim Fit,"Pantalón de mezclilla ajustado de estilo moderno (Talla M, Color Rojo)",1660.43,45,1,2026-09-20 02:35:09,2026-09-20 03:25:09
3081,PROD-3081,Camiseta Graphic Setin Neck,"Playera casual de algodón con estampado frontal (Talla L, Color Verde)",2225.10,30,1,2026-09-18 18:05:12,2026-09-18 18:30:12
3082,PROD-3082,Smart TV OLED C3 65,Televisor inteligente ideal para videojuegos y películas con pánel OLED,22638.10,19,1,2026-09-17 14:28:00,2026-09-17 14:45:00
3083,PROD-3083,iPad Pro 12.9,Tableta profesional con pantalla Liquid Retina XDR y chip M2,14745.18,11,1,2026-09-18 20:29:52,2026-09-18 20:55:52
3084,PROD-3084,iPhone 16 Pro Max 256GB,Smartphone insignia de Apple con acabado en titanio y cámara profesional - Color Blanco,9504.18,34,1,2026-09-20 05:19:51,2026-09-20 05:27:51
3085,PROD-3085,Cafetera Programable 12 Tazas,Cafetera de goteo con temporizador programable y jarra de vidrio,7246.87,58,1,2026-09-20 07:33:44,2026-09-20 08:19:44
3086,PROD-3086,Smart Band 8,Pulsera de actividad física con seguimiento del sueño y deporte,5540.80,35,1,2026-09-21 05:53:58,2026-09-21 07:11:58
3087,PROD-3087,Zapatillas Air Max 270,"Calzado deportivo con cápsula de aire visible para máxima comodidad (Talla S, Color Blanco)",947.69,57,1,2026-09-18 19:46:54,2026-09-18 19:53:54
3088,PROD-3088,MacBook Pro 16 M3 512GB,Computadora portátil profesional para edición de video y desarrollo - Color Azul,6557.27,6,1,2026-09-18 20:40:52,2026-09-18 21:14:52
3089,PROD-3089,Licuadora Reversible 2 Velocidades,Licuadora con motor reversible y vaso de vidrio resistente a choques térmicos,1365.62,26,1,2026-09-20 07:52:36,2026-09-20 08:00:36
3090,PROD-3090,Licuadora Reversible 2 Velocidades,Licuadora con motor reversible y vaso de vidrio resistente a choques térmicos,3852.06,18,1,2026-09-18 12:54:27,2026-09-18 14:18:27
3091,PROD-3091,Consola PlayStation 5 Slim,Consola de videojuegos de última generación con almacenamiento SSD ultra rápido,31778.34,8,1,2026-09-20 05:05:39,2026-09-20 06:49:39
3092,PROD-3092,Aspiradora Inalámbrica SpeedPro,Aspiradora escoba sin cable con cabezal de succión de 180 grados,5420.21,42,1,2026-09-20 08:28:34,2026-09-20 10:01:34
3093,PROD-3093,Smart Band 8,Pulsera de actividad física con seguimiento del sueño y deporte,11899.58,21,1,2026-09-20 01:23:28,2026-09-20 01:36:28
3094,PROD-3094,Freidora de Aire 4L,Freidora sin aceite para cocinar de manera saludable y rápida,780.35,31,1,2026-09-21 10:17:24,2026-09-21 11:26:24
3095,PROD-3095,Monitor UltraGear 27,Monitor de alta frecuencia de actualización para juegos competitivos,5970.06,48,1,2026-09-20 09:26:10,2026-09-20 10:46:10
3096,PROD-3096,Parlante Portátil SRS-XG300,Bocina inalámbrica portátil resistente al agua con graves potentes,31463.45,9,1,2026-09-18 15:18:23,2026-09-18 15:37:23
3097,PROD-3097,Zapatillas Ultraboost Light,"Tenis de running con retorno de energía superior y ligereza (Talla L, Color Azul)",1197.54,78,1,2026-09-19 06:08:31,2026-09-19 07:39:31
3098,PROD-3098,Polerón Adicolor Classics,"Sudadera clásica con el logotipo de las tres tiras (Talla M, Color Blanco)",1393.76,90,1,2026-09-18 16:26:05,2026-09-18 17:23:05
3099,PROD-3099,Licuadora Reversible 2 Velocidades,Licuadora con motor reversible y vaso de vidrio resistente a choques térmicos,1157.95,13,1,2026-09-18 01:37:38,2026-09-18 01:43:38
3100,PROD-3100,Monitor UltraGear 27,Monitor de alta frecuencia de actualización para juegos competitivos,34793.36,7,1,2026-09-18 23:26:12,2026-09-19 00:55:12
3101,PROD-3101,Polerón Adicolor Classics,"Sudadera clásica con el logotipo de las tres tiras (Talla XL, Color Verde)",1670.51,95,1,2026-09-17 23:52:37,2026-09-18 00:50:37
3102,PROD-3102,Patinete Eléctrico Pro 4,Scooter eléctrico con gran autonomía para movilidad urbana,25122.30,45,1,2026-09-18 21:57:20,2026-09-18 23:13:20
3103,PROD-3103,Consola PlayStation 5 Slim,Consola de videojuegos de última generación con almacenamiento SSD ultra rápido,21365.37,44,1,2026-09-21 07:00:12,2026-09-21 07:32:12
3104,PROD-3104,Freidora XXL Airfryer,Freidora de aire de gran capacidad con tecnología de extracción de grasa,4946.15,55,1,2026-09-22 04:25:17,2026-09-22 04:39:17
3105,PROD-3105,Jeans 511 Slim Fit,"Pantalón de mezclilla ajustado de estilo moderno (Talla M, Color Blanco)",2296.43,59,1,2026-09-22 02:06:32,2026-09-22 02:38:32
3106,PROD-3106,Audífonos AirPods Pro 2,Audífonos intrauditivos con cancelación de ruido de nivel superior,16631.32,15,1,2026-09-17 16:14:08,2026-09-17 17:00:08
3107,PROD-3107,Jeans 511 Slim Fit,"Pantalón de mezclilla ajustado de estilo moderno (Talla S, Color Azul)",728.72,96,1,2026-09-19 11:47:10,2026-09-19 13:14:10
3108,PROD-3108,Polerón Adicolor Classics,"Sudadera clásica con el logotipo de las tres tiras (Talla XL, Color Blanco)",2303.86,10,1,2026-09-21 17:56:28,2026-09-21 19:05:28
3109,PROD-3109,MacBook Air 15 M2 512GB,Laptop ultra delgada y liviana con gran autonomía - Color Gris,16220.06,6,1,2026-09-19 09:29:22,2026-09-19 10:33:22
3110,PROD-3110,Aspiradora Inalámbrica SpeedPro,Aspiradora escoba sin cable con cabezal de succión de 180 grados,489.25,37,1,2026-09-17 16:08:25,2026-09-17 17:50:25
3111,PROD-3111,Tablet Galaxy Tab S9 1TB,"Tableta de alto rendimiento para diseño, trabajo y entretenimiento - Color Rojo",24794.59,9,1,2026-09-21 06:14:59,2026-09-21 07:52:59
3112,PROD-3112,Camiseta Graphic Setin Neck,"Playera casual de algodón con estampado frontal (Talla XL, Color Gris)",1691.42,33,1,2026-09-19 22:57:54,2026-09-19 23:51:54
3113,PROD-3113,Licuadora Reversible 2 Velocidades,Licuadora con motor reversible y vaso de vidrio resistente a choques térmicos,7601.98,46,1,2026-09-22 01:02:14,2026-09-22 01:42:14
3114,PROD-3114,Chaqueta Camionera de Mezclilla,"Chaqueta clásica de mezclilla resistente para uso diario (Talla M, Color Azul)",2330.76,70,1,2026-09-19 11:33:13,2026-09-19 13:14:13
3115,PROD-3115,iPad Pro 12.9,Tableta profesional con pantalla Liquid Retina XDR y chip M2,20636.97,6,1,2026-09-20 02:02:16,2026-09-20 02:12:16
3116,PROD-3116,Zapatillas Running Pegasus 40,"Calzado de correr con amortiguación reactiva para entrenamiento (Talla S, Color Blanco)",2090.47,27,1,2026-09-17 17:09:18,2026-09-17 18:32:18
3117,PROD-3117,Polerón Adicolor Classics,"Sudadera clásica con el logotipo de las tres tiras (Talla M, Color Blanco)",1623.94,24,1,2026-09-17 23:29:55,2026-09-18 00:10:55
3118,PROD-3118,Jeans 501 Original Fit,"Pantalón de mezclilla clásico de corte recto y ajuste cómodo (Talla M, Color Rojo)",1033.15,95,1,2026-09-21 19:13:09,2026-09-21 20:27:09
3119,PROD-3119,Camiseta Graphic Setin Neck,"Playera casual de algodón con estampado frontal (Talla M, Color Azul)",1787.01,29,1,2026-09-21 11:09:15,2026-09-21 12:01:15
3120,PROD-3120,Refrigeradora InstaView,Refrigerador inteligente con panel de cristal panorámico,11031.39,16,1,2026-09-17 19:20:05,2026-09-17 20:15:05
3121,PROD-3121,Chaqueta Camionera de Mezclilla,"Chaqueta clásica de mezclilla resistente para uso diario (Talla L, Color Rojo)",1455.90,92,1,2026-09-21 14:30:50,2026-09-21 15:40:50
3122,PROD-3122,Jeans 511 Slim Fit,"Pantalón de mezclilla ajustado de estilo moderno (Talla M, Color Verde)",579.98,93,1,2026-09-20 19:30:24,2026-09-20 21:07:24
3123,PROD-3123,Smartphone Galaxy Z Flip 6 256GB,Teléfono plegable compacto con pantalla exterior funcional - Color Verde,30871.64,9,1,2026-09-22 12:22:26,2026-09-22 13:44:26
3124,PROD-3124,iPhone 16 128GB,Smartphone con pantalla Super Retina XDR y excelente duración de batería - Color Blanco,28264.94,28,1,2026-09-22 02:13:02,2026-09-22 02:50:02
3125,PROD-3125,Cafetera Programable 12 Tazas,Cafetera de goteo con temporizador programable y jarra de vidrio,3230.92,17,1,2026-09-20 04:31:31,2026-09-20 05:40:31
3126,PROD-3126,Zapatillas Samba OG,"Tenis de estilo retro icónicos en cuero de primera calidad (Talla XL, Color Gris)",2271.30,23,1,2026-09-22 04:18:48,2026-09-22 05:32:48
3127,PROD-3127,Monitor UltraGear 27,Monitor de alta frecuencia de actualización para juegos competitivos,9806.11,39,1,2026-09-17 21:37:39,2026-09-17 22:26:39
3128,PROD-3128,Zapatillas Air Max 270,"Calzado deportivo con cápsula de aire visible para máxima comodidad (Talla S, Color Negro)",2058.42,32,1,2026-09-21 00:07:28,2026-09-21 02:05:28
3129,PROD-3129,Aspiradora Inalámbrica SpeedPro,Aspiradora escoba sin cable con cabezal de succión de 180 grados,5250.94,38,1,2026-09-19 00:43:30,2026-09-19 02:29:30
3130,PROD-3130,Zapatillas Samba OG,"Tenis de estilo retro icónicos en cuero de primera calidad (Talla XL, Color Verde)",1213.71,61,1,2026-09-22 02:10:52,2026-09-22 02:49:52
3131,PROD-3131,Cafetera Programable 12 Tazas,Cafetera de goteo con temporizador programable y jarra de vidrio,3708.62,16,1,2026-09-18 20:48:58,2026-09-18 21:25:58
3132,PROD-3132,Licuadora Reversible 2 Velocidades,Licuadora con motor reversible y vaso de vidrio resistente a choques térmicos,5039.91,53,1,2026-09-20 04:37:26,2026-09-20 06:20:26
3133,PROD-3133,iPhone 16 Pro 256GB,Teléfono inteligente premium con chip de alto rendimiento y triple cámara - Color Blanco,1107.33,49,1,2026-09-17 22:25:30,2026-09-17 22:30:30
3134,PROD-3134,Chaqueta Camionera de Mezclilla,"Chaqueta clásica de mezclilla resistente para uso diario (Talla M, Color Negro)",955.02,72,1,2026-09-20 15:32:28,2026-09-20 17:29:28
3135,PROD-3135,Licuadora Reversible 2 Velocidades,Licuadora con motor reversible y vaso de vidrio resistente a choques térmicos,3980.05,47,1,2026-09-20 06:08:16,2026-09-20 06:27:16
3136,PROD-3136,Polerón Adicolor Classics,"Sudadera clásica con el logotipo de las tres tiras (Talla L, Color Rojo)",1834.91,22,1,2026-09-21 12:01:07,2026-09-21 12:21:07
3137,PROD-3137,Licuadora Reversible 2 Velocidades,Licuadora con motor reversible y vaso de vidrio resistente a choques térmicos,5988.70,9,1,2026-09-17 21:24:46,2026-09-17 21:52:46
3138,PROD-3138,Pantalón de Buzo Tech Fleece,"Pantalón deportivo térmico con diseño estilizado (Talla S, Color Verde)",1829.61,31,1,2026-09-21 19:57:43,2026-09-21 19:57:43
3139,PROD-3139,Tablet Galaxy Tab S9 256GB,"Tableta de alto rendimiento para diseño, trabajo y entretenimiento - Color Verde",6225.92,26,1,2026-09-18 17:16:27,2026-09-18 18:25:27
3140,PROD-3140,Jeans 501 Original Fit,"Pantalón de mezclilla clásico de corte recto y ajuste cómodo (Talla S, Color Gris)",1708.39,51,1,2026-09-22 11:01:05,2026-09-22 11:23:05
3141,PROD-3141,Jeans 511 Slim Fit,"Pantalón de mezclilla ajustado de estilo moderno (Talla S, Color Gris)",1539.27,30,1,2026-09-20 01:58:30,2026-09-20 03:45:30
3142,PROD-3142,Cafetera Programable 12 Tazas,Cafetera de goteo con temporizador programable y jarra de vidrio,6315.49,57,1,2026-09-21 06:09:38,2026-09-21 06:16:38
3143,PROD-3143,Smart Band 8,Pulsera de actividad física con seguimiento del sueño y deporte,19456.36,32,1,2026-09-18 12:59:45,2026-09-18 14:44:45
3144,PROD-3144,Zapatillas Air Max 270,"Calzado deportivo con cápsula de aire visible para máxima comodidad (Talla M, Color Blanco)",2164.25,36,1,2026-09-20 14:09:38,2026-09-20 15:27:38
3145,PROD-3145,Zapatillas Ultraboost Light,"Tenis de running con retorno de energía superior y ligereza (Talla M, Color Azul)",1226.14,20,1,2026-09-20 14:45:05,2026-09-20 15:28:05
3146,PROD-3146,Cafetera Programable 12 Tazas,Cafetera de goteo con temporizador programable y jarra de vidrio,7722.41,59,1,2026-09-22 02:20:33,2026-09-22 04:05:33
3147,PROD-3147,Camiseta Graphic Setin Neck,"Playera casual de algodón con estampado frontal (Talla XL, Color Negro)",882.84,80,1,2026-09-19 09:29:07,2026-09-19 11:08:07
3148,PROD-3148,Smartphone Galaxy S26+ 256GB,Teléfono inteligente con procesador de última generación y batería de larga duración - Color Blanco,24065.75,15,1,2026-09-18 18:24:02,2026-09-18 20:19:02
3149,PROD-3149,Smart TV OLED C3 65,Televisor inteligente ideal para videojuegos y películas con pánel OLED,4019.80,39,1,2026-09-20 15:06:26,2026-09-20 16:39:26
3150,PROD-3150,Audífonos Bluetooth WH-1000XM5,Audífonos inalámbricos con la mejor cancelación de ruido del mercado,16868.57,43,1,2026-09-21 23:10:45,2026-09-22 00:59:45
3151,PROD-3151,Monitor UltraGear 27,Monitor de alta frecuencia de actualización para juegos competitivos,12050.52,49,1,2026-09-17 15:59:27,2026-09-17 16:50:27
3152,PROD-3152,Pantalón de Buzo Tech Fleece,"Pantalón deportivo térmico con diseño estilizado (Talla S, Color Verde)",443.41,90,1,2026-09-21 22:27:19,2026-09-21 23:14:19
3153,PROD-3153,Licuadora Reversible 2 Velocidades,Licuadora con motor reversible y vaso de vidrio resistente a choques térmicos,5224.51,42,1,2026-09-20 17:13:32,2026-09-20 17:25:32
3154,PROD-3154,Freidora XXL Airfryer,Freidora de aire de gran capacidad con tecnología de extracción de grasa,6254.47,47,1,2026-09-18 07:40:07,2026-09-18 08:39:07
3155,PROD-3155,Aspiradora Inalámbrica SpeedPro,Aspiradora escoba sin cable con cabezal de succión de 180 grados,1287.52,40,1,2026-09-21 18:17:46,2026-09-21 18:31:46
3156,PROD-3156,Zapatillas Samba OG,"Tenis de estilo retro icónicos en cuero de primera calidad (Talla M, Color Rojo)",1839.48,54,1,2026-09-21 13:20:13,2026-09-21 14:23:13
3157,PROD-3157,Smartphone Galaxy S26 1TB,Smartphone compacto con pantalla fluida y excelente rendimiento - Color Azul,13586.70,30,1,2026-09-20 18:51:34,2026-09-20 19:40:34
3158,PROD-3158,Monitor UltraGear 27,Monitor de alta frecuencia de actualización para juegos competitivos,20903.49,11,1,2026-09-18 09:15:38,2026-09-18 09:56:38
3159,PROD-3159,Chaqueta Camionera de Mezclilla,"Chaqueta clásica de mezclilla resistente para uso diario (Talla M, Color Gris)",1051.22,87,1,2026-09-19 04:50:35,2026-09-19 06:15:35
3160,PROD-3160,Polerón Adicolor Classics,"Sudadera clásica con el logotipo de las tres tiras (Talla S, Color Azul)",1937.07,27,1,2026-09-21 01:28:51,2026-09-21 03:18:51
3161,PROD-3161,Freidora de Aire 4L,Freidora sin aceite para cocinar de manera saludable y rápida,2437.69,38,1,2026-09-18 09:53:41,2026-09-18 11:30:41
3162,PROD-3162,Aspiradora Inalámbrica SpeedPro,Aspiradora escoba sin cable con cabezal de succión de 180 grados,4886.02,27,1,2026-09-17 22:16:27,2026-09-17 23:53:27
3163,PROD-3163,Polerón Adicolor Classics,"Sudadera clásica con el logotipo de las tres tiras (Talla XL, Color Azul)",396.43,10,1,2026-09-20 21:40:55,2026-09-20 23:20:55
3164,PROD-3164,Aspiradora Inalámbrica SpeedPro,Aspiradora escoba sin cable con cabezal de succión de 180 grados,5613.61,39,1,2026-09-19 02:14:01,2026-09-19 03:25:01
3165,PROD-3165,Polerón Adicolor Classics,"Sudadera clásica con el logotipo de las tres tiras (Talla L, Color Azul)",942.97,75,1,2026-09-18 17:17:46,2026-09-18 18:59:46
3166,PROD-3166,Freidora XXL Airfryer,Freidora de aire de gran capacidad con tecnología de extracción de grasa,3523.25,23,1,2026-09-19 07:11:41,2026-09-19 08:58:41
3167,PROD-3167,Polerón Adicolor Classics,"Sudadera clásica con el logotipo de las tres tiras (Talla L, Color Blanco)",1207.14,84,1,2026-09-20 19:14:01,2026-09-20 20:57:01
3168,PROD-3168,Freidora de Aire 4L,Freidora sin aceite para cocinar de manera saludable y rápida,2626.55,45,1,2026-09-20 18:50:09,2026-09-20 18:53:09
3169,PROD-3169,Polera Sportswear Club Fleece,"Sudadera de felpa con capucha y ajuste estándar (Talla S, Color Rojo)",708.33,91,1,2026-09-20 16:04:42,2026-09-20 17:47:42
3170,PROD-3170,Chaqueta Camionera de Mezclilla,"Chaqueta clásica de mezclilla resistente para uso diario (Talla M, Color Negro)",2146.74,14,1,2026-09-18 12:59:52,2026-09-18 13:50:52
3171,PROD-3171,Smartphone Redmi Note 13 Pro 1TB,Teléfono inteligente con excelente relación calidad-precio y gran cámara - Color Azul,10790.67,43,1,2026-09-17 22:01:24,2026-09-17 22:03:24
3172,PROD-3172,Freidora de Aire 4L,Freidora sin aceite para cocinar de manera saludable y rápida,4463.27,24,1,2026-09-19 17:19:48,2026-09-19 18:25:48
3173,PROD-3173,iPhone 16 Pro Max 256GB,Smartphone insignia de Apple con acabado en titanio y cámara profesional - Color Verde,29059.68,26,1,2026-09-20 11:22:26,2026-09-20 12:01:26
3174,PROD-3174,Cafetera Programable 12 Tazas,Cafetera de goteo con temporizador programable y jarra de vidrio,4922.03,38,1,2026-09-19 03:15:12,2026-09-19 05:01:12
3175,PROD-3175,Cafetera Programable 12 Tazas,Cafetera de goteo con temporizador programable y jarra de vidrio,3042.01,23,1,2026-09-17 15:13:53,2026-09-17 15:32:53
3176,PROD-3176,Zapatillas Air Force 1 '07,"Tenis clásicos de cuero blanco para uso urbano y casual (Talla S, Color Negro)",807.64,96,1,2026-09-19 15:20:28,2026-09-19 16:52:28
3177,PROD-3177,Zapatillas Samba OG,"Tenis de estilo retro icónicos en cuero de primera calidad (Talla S, Color Rojo)",2260.50,86,1,2026-09-19 16:56:24,2026-09-19 18:18:24
3178,PROD-3178,Tablet Galaxy Tab S9 1TB,"Tableta de alto rendimiento para diseño, trabajo y entretenimiento - Color Gris",3946.74,21,1,2026-09-22 04:50:57,2026-09-22 06:02:57
3179,PROD-3179,Robot Aspiradora X10+,Aspiradora robótica con estación de vaciado automático y mapeo láser,24106.31,23,1,2026-09-20 04:01:23,2026-09-20 04:58:23
3180,PROD-3180,Cafetera Programable 12 Tazas,Cafetera de goteo con temporizador programable y jarra de vidrio,6184.89,54,1,2026-09-17 15:57:01,2026-09-17 17:20:01
3181,PROD-3181,Monitor UltraGear 27,Monitor de alta frecuencia de actualización para juegos competitivos,6250.84,46,1,2026-09-22 10:08:56,2026-09-22 10:12:56
3182,PROD-3182,Smartphone Galaxy Z Fold 6 1TB,Teléfono plegable con pantalla gigante para productividad y multitarea - Color Gris,32043.72,12,1,2026-09-17 20:02:33,2026-09-17 20:31:33
3183,PROD-3183,Polera Sportswear Club Fleece,"Sudadera de felpa con capucha y ajuste estándar (Talla L, Color Blanco)",1643.12,15,1,2026-09-19 22:24:07,2026-09-19 23:25:07
3184,PROD-3184,Zapatillas Samba OG,"Tenis de estilo retro icónicos en cuero de primera calidad (Talla XL, Color Rojo)",2290.13,61,1,2026-09-22 12:18:44,2026-09-22 14:15:44
3185,PROD-3185,Chaqueta Camionera de Mezclilla,"Chaqueta clásica de mezclilla resistente para uso diario (Talla S, Color Azul)",654.79,26,1,2026-09-18 06:07:27,2026-09-18 06:48:27
3186,PROD-3186,Polerón Adicolor Classics,"Sudadera clásica con el logotipo de las tres tiras (Talla XL, Color Azul)",644.39,64,1,2026-09-22 04:58:30,2026-09-22 05:20:30
3187,PROD-3187,iPhone 16 Pro 128GB,Teléfono inteligente premium con chip de alto rendimiento y triple cámara - Color Gris,8874.87,45,1,2026-09-21 11:24:40,2026-09-21 12:48:40
3188,PROD-3188,Zapatillas Air Force 1 '07,"Tenis clásicos de cuero blanco para uso urbano y casual (Talla L, Color Azul)",1010.70,59,1,2026-09-19 09:19:15,2026-09-19 10:28:15
3189,PROD-3189,Zapatillas Samba OG,"Tenis de estilo retro icónicos en cuero de primera calidad (Talla L, Color Rojo)",829.10,65,1,2026-09-19 12:37:27,2026-09-19 12:58:27
3190,PROD-3190,Audífonos AirPods Pro 2,Audífonos intrauditivos con cancelación de ruido de nivel superior,8495.46,5,1,2026-09-20 12:20:23,2026-09-20 14:06:23
3191,PROD-3191,MacBook Air 15 M2 512GB,Laptop ultra delgada y liviana con gran autonomía - Color Verde,12843.28,11,1,2026-09-18 13:19:04,2026-09-18 14:48:04
3192,PROD-3192,Licuadora Reversible 2 Velocidades,Licuadora con motor reversible y vaso de vidrio resistente a choques térmicos,6031.77,33,1,2026-09-18 07:42:40,2026-09-18 09:06:40
3193,PROD-3193,Smartphone Galaxy S26+ 1TB,Teléfono inteligente con procesador de última generación y batería de larga duración - Color Blanco,33271.32,45,1,2026-09-18 09:57:45,2026-09-18 11:18:45
3194,PROD-3194,Zapatillas Air Max 270,"Calzado deportivo con cápsula de aire visible para máxima comodidad (Talla XL, Color Gris)",1502.55,79,1,2026-09-21 23:38:35,2026-09-22 00:09:35
3195,PROD-3195,Aspiradora Inalámbrica SpeedPro,Aspiradora escoba sin cable con cabezal de succión de 180 grados,5813.98,28,1,2026-09-20 21:48:45,2026-09-20 22:29:45
3196,PROD-3196,MacBook Air 15 M2 256GB,Laptop ultra delgada y liviana con gran autonomía - Color Verde,30380.28,13,1,2026-09-21 20:55:08,2026-09-21 22:44:08
3197,PROD-3197,Camiseta Graphic Setin Neck,"Playera casual de algodón con estampado frontal (Talla S, Color Rojo)",1054.54,57,1,2026-09-21 06:40:04,2026-09-21 06:50:04
3198,PROD-3198,Jeans 501 Original Fit,"Pantalón de mezclilla clásico de corte recto y ajuste cómodo (Talla L, Color Negro)",1487.55,91,1,2026-09-17 19:58:42,2026-09-17 20:44:42
3199,PROD-3199,Zapatillas Ultraboost Light,"Tenis de running con retorno de energía superior y ligereza (Talla L, Color Azul)",1326.33,44,1,2026-09-20 09:47:37,2026-09-20 10:16:37
3200,PROD-3200,Zapatillas Ultraboost Light,"Tenis de running con retorno de energía superior y ligereza (Talla L, Color Blanco)",989.76,77,1,2026-09-21 23:41:09,2026-09-22 01:16:09
3201,PROD-3201,Freidora XXL Airfryer,Freidora de aire de gran capacidad con tecnología de extracción de grasa,6732.83,37,1,2026-09-18 06:27:08,2026-09-18 07:12:08
3202,PROD-3202,Aspiradora Inalámbrica SpeedPro,Aspiradora escoba sin cable con cabezal de succión de 180 grados,1915.73,26,1,2026-09-21 04:55:58,2026-09-21 05:21:58
3203,PROD-3203,Audífonos Bluetooth WH-1000XM5,Audífonos inalámbricos con la mejor cancelación de ruido del mercado,17835.73,39,1,2026-09-17 17:31:13,2026-09-17 17:59:13
3204,PROD-3204,Audífonos Galaxy Buds3 Pro,Audífonos inalámbricos con cancelación activa de ruido inteligente,8230.95,10,1,2026-09-22 07:47:59,2026-09-22 07:55:59
3205,PROD-3205,Licuadora Reversible 2 Velocidades,Licuadora con motor reversible y vaso de vidrio resistente a choques térmicos,6673.79,41,1,2026-09-21 04:37:06,2026-09-21 05:00:06
3206,PROD-3206,Camiseta Graphic Setin Neck,"Playera casual de algodón con estampado frontal (Talla M, Color Rojo)",496.88,32,1,2026-09-20 11:00:10,2026-09-20 12:09:10
3207,PROD-3207,Jeans 501 Original Fit,"Pantalón de mezclilla clásico de corte recto y ajuste cómodo (Talla L, Color Rojo)",1284.81,50,1,2026-09-21 16:45:50,2026-09-21 16:53:50
3208,PROD-3208,Jeans 501 Original Fit,"Pantalón de mezclilla clásico de corte recto y ajuste cómodo (Talla XL, Color Verde)",1007.32,51,1,2026-09-21 13:21:33,2026-09-21 13:48:33
3209,PROD-3209,Zapatillas Ultraboost Light,"Tenis de running con retorno de energía superior y ligereza (Talla XL, Color Rojo)",457.51,75,1,2026-09-20 23:19:28,2026-09-21 01:09:28
3210,PROD-3210,Smart TV Bravia XR OLED 55,Televisor OLED con negros absolutos y procesador de imagen cognitivo,24837.35,17,1,2026-09-19 07:42:48,2026-09-19 08:17:48
3211,PROD-3211,Zapatillas Air Force 1 '07,"Tenis clásicos de cuero blanco para uso urbano y casual (Talla XL, Color Azul)",1945.96,30,1,2026-09-21 03:23:50,2026-09-21 05:06:50
3212,PROD-3212,Zapatillas Ultraboost Light,"Tenis de running con retorno de energía superior y ligereza (Talla L, Color Blanco)",801.29,60,1,2026-09-18 08:59:47,2026-09-18 10:14:47
3213,PROD-3213,Aspiradora Inalámbrica SpeedPro,Aspiradora escoba sin cable con cabezal de succión de 180 grados,5181.20,35,1,2026-09-19 03:15:54,2026-09-19 05:10:54
3214,PROD-3214,Jeans 501 Original Fit,"Pantalón de mezclilla clásico de corte recto y ajuste cómodo (Talla S, Color Negro)",453.68,86,1,2026-09-20 21:48:24,2026-09-20 22:31:24
3215,PROD-3215,Jeans 501 Original Fit,"Pantalón de mezclilla clásico de corte recto y ajuste cómodo (Talla M, Color Verde)",1874.07,30,1,2026-09-18 02:58:27,2026-09-18 04:28:27
3216,PROD-3216,Refrigeradora InstaView,Refrigerador inteligente con panel de cristal panorámico,15040.76,38,1,2026-09-19 07:25:05,2026-09-19 09:20:05
3217,PROD-3217,Chaqueta Camionera de Mezclilla,"Chaqueta clásica de mezclilla resistente para uso diario (Talla XL, Color Gris)",1932.66,75,1,2026-09-22 06:11:33,2026-09-22 07:17:33
3218,PROD-3218,Polerón Adicolor Classics,"Sudadera clásica con el logotipo de las tres tiras (Talla XL, Color Rojo)",1147.03,31,1,2026-09-20 22:49:01,2026-09-21 00:45:01
3219,PROD-3219,Polera Sportswear Club Fleece,"Sudadera de felpa con capucha y ajuste estándar (Talla L, Color Rojo)",621.80,76,1,2026-09-22 01:09:22,2026-09-22 01:23:22
3220,PROD-3220,Licuadora Reversible 2 Velocidades,Licuadora con motor reversible y vaso de vidrio resistente a choques térmicos,1490.29,36,1,2026-09-22 01:38:10,2026-09-22 02:52:10
3221,PROD-3221,Polerón Adicolor Classics,"Sudadera clásica con el logotipo de las tres tiras (Talla S, Color Blanco)",993.37,79,1,2026-09-18 16:25:15,2026-09-18 17:46:15
3222,PROD-3222,Freidora XXL Airfryer,Freidora de aire de gran capacidad con tecnología de extracción de grasa,3912.13,29,1,2026-09-22 02:25:32,2026-09-22 03:39:32
3223,PROD-3223,Aspiradora Inalámbrica SpeedPro,Aspiradora escoba sin cable con cabezal de succión de 180 grados,7433.35,59,1,2026-09-18 03:30:37,2026-09-18 05:11:37
3224,PROD-3224,Camiseta Graphic Setin Neck,"Playera casual de algodón con estampado frontal (Talla XL, Color Blanco)",1474.61,60,1,2026-09-20 17:19:51,2026-09-20 17:32:51
3225,PROD-3225,MacBook Pro 16 M3 128GB,Computadora portátil profesional para edición de video y desarrollo - Color Blanco,19249.79,26,1,2026-09-22 02:37:31,2026-09-22 03:32:31
3226,PROD-3226,Licuadora Reversible 2 Velocidades,Licuadora con motor reversible y vaso de vidrio resistente a choques térmicos,4793.73,47,1,2026-09-20 12:42:59,2026-09-20 14:28:59
3227,PROD-3227,Freidora de Aire 4L,Freidora sin aceite para cocinar de manera saludable y rápida,7583.98,29,1,2026-09-21 01:03:34,2026-09-21 01:04:34
3228,PROD-3228,Refrigeradora InstaView,Refrigerador inteligente con panel de cristal panorámico,33050.66,41,1,2026-09-21 08:54:00,2026-09-21 10:42:00
3229,PROD-3229,Monitor Odyssey G9,Monitor curvo ultrawide diseñado para gaming profesional,17114.37,8,1,2026-09-19 19:03:14,2026-09-19 19:43:14
3230,PROD-3230,Monitor UltraGear 27,Monitor de alta frecuencia de actualización para juegos competitivos,33323.71,42,1,2026-09-18 19:21:43,2026-09-18 19:49:43
3231,PROD-3231,Chaqueta Camionera de Mezclilla,"Chaqueta clásica de mezclilla resistente para uso diario (Talla S, Color Verde)",1349.06,11,1,2026-09-22 05:04:28,2026-09-22 06:51:28
3232,PROD-3232,Freidora XXL Airfryer,Freidora de aire de gran capacidad con tecnología de extracción de grasa,1361.68,33,1,2026-09-17 16:01:07,2026-09-17 17:36:07
3233,PROD-3233,Licuadora Reversible 2 Velocidades,Licuadora con motor reversible y vaso de vidrio resistente a choques térmicos,4775.12,58,1,2026-09-21 02:13:57,2026-09-21 02:23:57
3234,PROD-3234,Audífonos AirPods Pro 2,Audífonos intrauditivos con cancelación de ruido de nivel superior,4960.58,41,1,2026-09-20 10:11:10,2026-09-20 10:50:10
3235,PROD-3235,Cámara Alpha 7 IV,Cámara mirrorless profesional de fotograma completo para foto y video,4804.82,32,1,2026-09-17 19:15:52,2026-09-17 20:28:52
3236,PROD-3236,Monitor UltraGear 27,Monitor de alta frecuencia de actualización para juegos competitivos,29835.49,11,1,2026-09-20 14:15:38,2026-09-20 15:46:38
3237,PROD-3237,Smartphone Galaxy Z Flip 6 512GB,Teléfono plegable compacto con pantalla exterior funcional - Color Negro,31715.85,24,1,2026-09-18 20:00:37,2026-09-18 21:31:37
3238,PROD-3238,Camiseta Graphic Setin Neck,"Playera casual de algodón con estampado frontal (Talla S, Color Gris)",2355.23,77,1,2026-09-20 13:22:21,2026-09-20 13:48:21
3239,PROD-3239,Zapatillas Air Max 270,"Calzado deportivo con cápsula de aire visible para máxima comodidad (Talla XL, Color Negro)",816.62,54,1,2026-09-20 15:20:02,2026-09-20 16:52:02
3240,PROD-3240,Freidora XXL Airfryer,Freidora de aire de gran capacidad con tecnología de extracción de grasa,1988.29,23,1,2026-09-22 09:23:48,2026-09-22 10:42:48
3241,PROD-3241,Tablet Galaxy Tab S9 512GB,"Tableta de alto rendimiento para diseño, trabajo y entretenimiento - Color Azul",3707.34,45,1,2026-09-19 07:37:14,2026-09-19 08:34:14
3242,PROD-3242,Licuadora Reversible 2 Velocidades,Licuadora con motor reversible y vaso de vidrio resistente a choques térmicos,5345.03,32,1,2026-09-22 12:35:26,2026-09-22 13:23:26
3243,PROD-3243,Monitor UltraGear 27,Monitor de alta frecuencia de actualización para juegos competitivos,20667.54,27,1,2026-09-19 15:36:14,2026-09-19 17:17:14
3244,PROD-3244,Smart TV 65 Neo QLED,Televisor inteligente 4K con tecnología de puntos cuánticos y alto contraste,10801.29,30,1,2026-09-21 15:58:24,2026-09-21 17:16:24
3245,PROD-3245,Audífonos AirPods Pro 2,Audífonos intrauditivos con cancelación de ruido de nivel superior,32840.98,35,1,2026-09-20 11:54:42,2026-09-20 12:17:42
3246,PROD-3246,Jeans 511 Slim Fit,"Pantalón de mezclilla ajustado de estilo moderno (Talla XL, Color Verde)",1163.15,10,1,2026-09-19 15:04:46,2026-09-19 17:01:46
3247,PROD-3247,Audífonos Bluetooth WH-1000XM5,Audífonos inalámbricos con la mejor cancelación de ruido del mercado,19004.02,29,1,2026-09-22 10:40:20,2026-09-22 11:12:20
3248,PROD-3248,Camiseta Graphic Setin Neck,"Playera casual de algodón con estampado frontal (Talla S, Color Negro)",2270.60,89,1,2026-09-21 18:33:17,2026-09-21 19:32:17
3249,PROD-3249,Zapatillas Ultraboost Light,"Tenis de running con retorno de energía superior y ligereza (Talla L, Color Rojo)",2225.21,91,1,2026-09-19 08:44:38,2026-09-19 09:36:38
3250,PROD-3250,Chaqueta Camionera de Mezclilla,"Chaqueta clásica de mezclilla resistente para uso diario (Talla S, Color Negro)",756.16,81,1,2026-09-20 20:45:08,2026-09-20 20:45:08
3251,PROD-3251,Smartphone Xiaomi 14 Ultra 128GB,Smartphone de gama alta enfocado en fotografía profesional Leica - Color Gris,5566.20,31,1,2026-09-18 19:28:45,2026-09-18 20:22:45
3252,PROD-3252,Smart TV OLED C3 65,Televisor inteligente ideal para videojuegos y películas con pánel OLED,9847.05,21,1,2026-09-21 15:37:20,2026-09-21 16:11:20
3253,PROD-3253,Jeans 511 Slim Fit,"Pantalón de mezclilla ajustado de estilo moderno (Talla L, Color Blanco)",2342.11,83,1,2026-09-20 01:04:36,2026-09-20 02:17:36
3254,PROD-3254,Smart Band 8,Pulsera de actividad física con seguimiento del sueño y deporte,14775.68,49,1,2026-09-22 03:14:06,2026-09-22 05:04:06
3255,PROD-3255,Cafetera Programable 12 Tazas,Cafetera de goteo con temporizador programable y jarra de vidrio,1720.12,40,1,2026-09-20 19:15:18,2026-09-20 20:52:18
3256,PROD-3256,Polerón Adicolor Classics,"Sudadera clásica con el logotipo de las tres tiras (Talla XL, Color Gris)",2223.01,54,1,2026-09-18 05:24:15,2026-09-18 07:13:15
3257,PROD-3257,Freidora de Aire 4L,Freidora sin aceite para cocinar de manera saludable y rápida,4486.05,37,1,2026-09-18 08:53:05,2026-09-18 10:41:05
3258,PROD-3258,Camiseta Graphic Setin Neck,"Playera casual de algodón con estampado frontal (Talla L, Color Blanco)",395.74,64,1,2026-09-22 10:29:54,2026-09-22 11:39:54
3259,PROD-3259,Licuadora Reversible 2 Velocidades,Licuadora con motor reversible y vaso de vidrio resistente a choques térmicos,6157.45,60,1,2026-09-19 04:34:31,2026-09-19 06:13:31
3260,PROD-3260,Licuadora Reversible 2 Velocidades,Licuadora con motor reversible y vaso de vidrio resistente a choques térmicos,2718.51,21,1,2026-09-21 03:07:44,2026-09-21 04:11:44
3261,PROD-3261,Cafetera Programable 12 Tazas,Cafetera de goteo con temporizador programable y jarra de vidrio,4149.97,43,1,2026-09-20 09:32:34,2026-09-20 10:28:34
3262,PROD-3262,Freidora XXL Airfryer,Freidora de aire de gran capacidad con tecnología de extracción de grasa,5965.47,21,1,2026-09-20 00:02:55,2026-09-20 00:38:55
3263,PROD-3263,Zapatillas Air Force 1 '07,"Tenis clásicos de cuero blanco para uso urbano y casual (Talla L, Color Negro)",849.98,11,1,2026-09-21 05:13:31,2026-09-21 05:14:31
3264,PROD-3264,Freidora de Aire 4L,Freidora sin aceite para cocinar de manera saludable y rápida,1866.81,60,1,2026-09-21 09:52:02,2026-09-21 11:43:02
3265,PROD-3265,Jeans 511 Slim Fit,"Pantalón de mezclilla ajustado de estilo moderno (Talla M, Color Azul)",636.47,43,1,2026-09-22 07:48:04,2026-09-22 08:09:04
3266,PROD-3266,Consola PlayStation 5 Slim,Consola de videojuegos de última generación con almacenamiento SSD ultra rápido,23759.91,15,1,2026-09-18 22:59:27,2026-09-19 00:53:27
3267,PROD-3267,Smart TV OLED C3 65,Televisor inteligente ideal para videojuegos y películas con pánel OLED,26207.72,27,1,2026-09-20 06:40:34,2026-09-20 07:39:34
3268,PROD-3268,Smartphone Galaxy Z Flip 6 512GB,Teléfono plegable compacto con pantalla exterior funcional - Color Negro,1198.65,50,1,2026-09-21 17:37:07,2026-09-21 18:40:07
3269,PROD-3269,Freidora XXL Airfryer,Freidora de aire de gran capacidad con tecnología de extracción de grasa,4694.20,18,1,2026-09-19 04:32:11,2026-09-19 05:19:11
3270,PROD-3270,Refrigeradora InstaView,Refrigerador inteligente con panel de cristal panorámico,3172.56,44,1,2026-09-20 11:24:39,2026-09-20 12:55:39
3271,PROD-3271,Freidora XXL Airfryer,Freidora de aire de gran capacidad con tecnología de extracción de grasa,7656.11,17,1,2026-09-18 10:06:36,2026-09-18 11:42:36
3272,PROD-3272,Zapatillas Samba OG,"Tenis de estilo retro icónicos en cuero de primera calidad (Talla S, Color Rojo)",1919.91,81,1,2026-09-20 10:14:18,2026-09-20 10:33:18
3273,PROD-3273,Aspiradora Inalámbrica SpeedPro,Aspiradora escoba sin cable con cabezal de succión de 180 grados,6978.18,44,1,2026-09-20 00:21:54,2026-09-20 00:47:54
3274,PROD-3274,iPad Pro 12.9,Tableta profesional con pantalla Liquid Retina XDR y chip M2,3273.57,36,1,2026-09-19 08:35:19,2026-09-19 10:16:19
3275,PROD-3275,MacBook Air 15 M2 128GB,Laptop ultra delgada y liviana con gran autonomía - Color Gris,30049.55,49,1,2026-09-21 11:08:40,2026-09-21 12:34:40
3276,PROD-3276,Apple Watch Series 10,Reloj inteligente con sensores avanzados de salud y actividad física,4038.60,39,1,2026-09-21 07:40:27,2026-09-21 07:46:27
3277,PROD-3277,MacBook Air 15 M2 1TB,Laptop ultra delgada y liviana con gran autonomía - Color Rojo,15822.55,49,1,2026-09-19 20:40:01,2026-09-19 21:07:01
3278,PROD-3278,Smartphone Redmi Note 13 Pro 256GB,Teléfono inteligente con excelente relación calidad-precio y gran cámara - Color Rojo,14677.15,49,1,2026-09-21 12:10:49,2026-09-21 12:31:49
3279,PROD-3279,iPhone 16 Pro Max 128GB,Smartphone insignia de Apple con acabado en titanio y cámara profesional - Color Rojo,12400.35,20,1,2026-09-19 22:02:31,2026-09-19 23:56:31
3280,PROD-3280,Zapatillas Ultraboost Light,"Tenis de running con retorno de energía superior y ligereza (Talla S, Color Rojo)",1124.84,62,1,2026-09-20 20:17:31,2026-09-20 21:31:31
3281,PROD-3281,Tablet Galaxy Tab S9 1TB,"Tableta de alto rendimiento para diseño, trabajo y entretenimiento - Color Azul",21974.49,6,1,2026-09-17 21:50:16,2026-09-17 22:02:16
3282,PROD-3282,Jeans 511 Slim Fit,"Pantalón de mezclilla ajustado de estilo moderno (Talla L, Color Rojo)",2426.25,13,1,2026-09-22 09:24:14,2026-09-22 10:23:14
3283,PROD-3283,Monitor UltraGear 27,Monitor de alta frecuencia de actualización para juegos competitivos,3676.37,7,1,2026-09-21 12:24:22,2026-09-21 13:21:22
3284,PROD-3284,iPhone 16 Pro 128GB,Teléfono inteligente premium con chip de alto rendimiento y triple cámara - Color Blanco,19689.02,29,1,2026-09-20 23:35:36,2026-09-20 23:40:36
3285,PROD-3285,Freidora XXL Airfryer,Freidora de aire de gran capacidad con tecnología de extracción de grasa,5378.65,39,1,2026-09-18 09:52:04,2026-09-18 10:15:04
3286,PROD-3286,Smartphone Galaxy Z Flip 6 512GB,Teléfono plegable compacto con pantalla exterior funcional - Color Verde,27958.33,31,1,2026-09-22 08:30:13,2026-09-22 08:44:13
3287,PROD-3287,Jeans 511 Slim Fit,"Pantalón de mezclilla ajustado de estilo moderno (Talla S, Color Azul)",2143.60,68,1,2026-09-19 02:30:50,2026-09-19 03:09:50
3288,PROD-3288,Smartphone Redmi Note 13 Pro 256GB,Teléfono inteligente con excelente relación calidad-precio y gran cámara - Color Blanco,27464.96,23,1,2026-09-22 07:39:17,2026-09-22 09:38:17
3289,PROD-3289,iPad Pro 12.9,Tableta profesional con pantalla Liquid Retina XDR y chip M2,5619.98,46,1,2026-09-19 22:58:20,2026-09-19 22:59:20
3290,PROD-3290,Audífonos Bluetooth WH-1000XM5,Audífonos inalámbricos con la mejor cancelación de ruido del mercado,8120.92,42,1,2026-09-19 04:24:48,2026-09-19 06:00:48
3291,PROD-3291,iPhone 16 Pro Max 512GB,Smartphone insignia de Apple con acabado en titanio y cámara profesional - Color Gris,26837.73,33,1,2026-09-22 09:18:10,2026-09-22 11:05:10
3292,PROD-3292,Camiseta Graphic Setin Neck,"Playera casual de algodón con estampado frontal (Talla S, Color Blanco)",1799.97,63,1,2026-09-21 10:32:33,2026-09-21 11:52:33
3293,PROD-3293,Zapatillas Air Force 1 '07,"Tenis clásicos de cuero blanco para uso urbano y casual (Talla M, Color Blanco)",1361.20,20,1,2026-09-21 11:59:52,2026-09-21 12:58:52
3294,PROD-3294,Freidora XXL Airfryer,Freidora de aire de gran capacidad con tecnología de extracción de grasa,7775.89,51,1,2026-09-18 08:36:56,2026-09-18 09:10:56
3295,PROD-3295,Zapatillas Samba OG,"Tenis de estilo retro icónicos en cuero de primera calidad (Talla L, Color Negro)",1171.87,26,1,2026-09-18 04:30:48,2026-09-18 04:43:48
3296,PROD-3296,Freidora de Aire 4L,Freidora sin aceite para cocinar de manera saludable y rápida,7658.63,42,1,2026-09-21 01:47:18,2026-09-21 03:45:18
3297,PROD-3297,Apple Watch Series 10,Reloj inteligente con sensores avanzados de salud y actividad física,19687.49,30,1,2026-09-22 03:25:15,2026-09-22 04:54:15
3298,PROD-3298,Polerón Adicolor Classics,"Sudadera clásica con el logotipo de las tres tiras (Talla XL, Color Gris)",1379.78,64,1,2026-09-22 08:19:52,2026-09-22 10:11:52
3299,PROD-3299,Freidora XXL Airfryer,Freidora de aire de gran capacidad con tecnología de extracción de grasa,2025.59,32,1,2026-09-17 21:40:16,2026-09-17 23:36:16
3300,PROD-3300,Refrigeradora InstaView,Refrigerador inteligente con panel de cristal panorámico,10057.82,34,1,2026-09-19 02:48:10,2026-09-19 02:51:10
3301,PROD-3301,Freidora de Aire 4L,Freidora sin aceite para cocinar de manera saludable y rápida,6638.57,43,1,2026-09-18 02:00:31,2026-09-18 03:12:31
3302,PROD-3302,Smart TV OLED C3 65,Televisor inteligente ideal para videojuegos y películas con pánel OLED,17919.70,44,1,2026-09-20 23:43:19,2026-09-20 23:59:19
3303,PROD-3303,Patinete Eléctrico Pro 4,Scooter eléctrico con gran autonomía para movilidad urbana,2048.23,30,1,2026-09-21 00:18:30,2026-09-21 01:52:30
3304,PROD-3304,Freidora de Aire 4L,Freidora sin aceite para cocinar de manera saludable y rápida,5020.26,54,1,2026-09-21 08:10:46,2026-09-21 08:26:46
3305,PROD-3305,Audífonos Bluetooth WH-1000XM5,Audífonos inalámbricos con la mejor cancelación de ruido del mercado,10390.39,22,1,2026-09-20 15:21:49,2026-09-20 16:16:49
3306,PROD-3306,Zapatillas Air Force 1 '07,"Tenis clásicos de cuero blanco para uso urbano y casual (Talla M, Color Negro)",831.60,77,1,2026-09-20 00:51:07,2026-09-20 01:31:07
3307,PROD-3307,Zapatillas Air Max 270,"Calzado deportivo con cápsula de aire visible para máxima comodidad (Talla M, Color Verde)",2189.72,31,1,2026-09-17 22:42:35,2026-09-17 23:03:35
3308,PROD-3308,Smartphone Xiaomi 14 Ultra 128GB,Smartphone de gama alta enfocado en fotografía profesional Leica - Color Gris,32544.51,5,1,2026-09-18 19:25:18,2026-09-18 21:02:18
3309,PROD-3309,Smartphone Galaxy S26 Ultra 128GB,Smartphone de alta gama con cámara de 200MP y pantalla Dynamic AMOLED - Color Negro,19973.30,29,1,2026-09-19 01:19:28,2026-09-19 03:00:28
3310,PROD-3310,Polerón Adicolor Classics,"Sudadera clásica con el logotipo de las tres tiras (Talla XL, Color Azul)",864.44,24,1,2026-09-21 06:15:57,2026-09-21 06:15:57
3311,PROD-3311,Refrigeradora InstaView,Refrigerador inteligente con panel de cristal panorámico,20796.67,41,1,2026-09-18 02:12:51,2026-09-18 02:27:51
3312,PROD-3312,Camiseta Graphic Setin Neck,"Playera casual de algodón con estampado frontal (Talla S, Color Negro)",1596.24,21,1,2026-09-19 21:06:14,2026-09-19 22:18:14
3313,PROD-3313,Licuadora Reversible 2 Velocidades,Licuadora con motor reversible y vaso de vidrio resistente a choques térmicos,1455.36,39,1,2026-09-18 18:27:40,2026-09-18 20:26:40
3314,PROD-3314,Polerón Adicolor Classics,"Sudadera clásica con el logotipo de las tres tiras (Talla XL, Color Verde)",1890.18,15,1,2026-09-19 21:38:46,2026-09-19 21:39:46
3315,PROD-3315,Aspiradora Inalámbrica SpeedPro,Aspiradora escoba sin cable con cabezal de succión de 180 grados,4529.28,13,1,2026-09-20 20:51:42,2026-09-20 21:45:42
3316,PROD-3316,Pantalón de Buzo Tech Fleece,"Pantalón deportivo térmico con diseño estilizado (Talla M, Color Negro)",458.92,86,1,2026-09-22 11:56:20,2026-09-22 13:43:20
3317,PROD-3317,Freidora XXL Airfryer,Freidora de aire de gran capacidad con tecnología de extracción de grasa,2292.71,15,1,2026-09-18 03:12:16,2026-09-18 04:44:16
3318,PROD-3318,Smartphone Redmi Note 13 Pro 128GB,Teléfono inteligente con excelente relación calidad-precio y gran cámara - Color Rojo,31824.51,25,1,2026-09-18 02:34:34,2026-09-18 03:58:34
3319,PROD-3319,Aspiradora Inalámbrica SpeedPro,Aspiradora escoba sin cable con cabezal de succión de 180 grados,2905.92,17,1,2026-09-22 03:40:49,2026-09-22 04:53:49
3320,PROD-3320,Jeans 501 Original Fit,"Pantalón de mezclilla clásico de corte recto y ajuste cómodo (Talla M, Color Verde)",908.51,95,1,2026-09-17 14:51:46,2026-09-17 14:59:46
3321,PROD-3321,Chaqueta Camionera de Mezclilla,"Chaqueta clásica de mezclilla resistente para uso diario (Talla M, Color Gris)",1237.68,13,1,2026-09-20 06:07:57,2026-09-20 06:48:57
3322,PROD-3322,Polerón Adicolor Classics,"Sudadera clásica con el logotipo de las tres tiras (Talla L, Color Gris)",1601.31,100,1,2026-09-19 04:55:02,2026-09-19 06:45:02
3323,PROD-3323,Pantalón de Buzo Tech Fleece,"Pantalón deportivo térmico con diseño estilizado (Talla M, Color Verde)",465.39,17,1,2026-09-20 21:17:14,2026-09-20 21:34:14
3324,PROD-3324,Polerón Adicolor Classics,"Sudadera clásica con el logotipo de las tres tiras (Talla S, Color Blanco)",1868.63,79,1,2026-09-18 02:27:00,2026-09-18 03:55:00
3325,PROD-3325,Licuadora Reversible 2 Velocidades,Licuadora con motor reversible y vaso de vidrio resistente a choques térmicos,5359.90,40,1,2026-09-20 06:10:14,2026-09-20 07:26:14
3326,PROD-3326,Jeans 511 Slim Fit,"Pantalón de mezclilla ajustado de estilo moderno (Talla XL, Color Blanco)",422.41,54,1,2026-09-20 14:02:36,2026-09-20 15:55:36
3327,PROD-3327,Patinete Eléctrico Pro 4,Scooter eléctrico con gran autonomía para movilidad urbana,24953.36,13,1,2026-09-20 09:12:15,2026-09-20 09:41:15
3328,PROD-3328,Zapatillas Ultraboost Light,"Tenis de running con retorno de energía superior y ligereza (Talla XL, Color Gris)",693.50,38,1,2026-09-19 15:16:21,2026-09-19 16:14:21
3329,PROD-3329,Smartphone Galaxy Z Flip 6 128GB,Teléfono plegable compacto con pantalla exterior funcional - Color Blanco,22501.30,40,1,2026-09-18 09:25:27,2026-09-18 10:35:27
3330,PROD-3330,Freidora XXL Airfryer,Freidora de aire de gran capacidad con tecnología de extracción de grasa,4572.04,51,1,2026-09-20 02:05:00,2026-09-20 04:05:00
3331,PROD-3331,iPad Pro 12.9,Tableta profesional con pantalla Liquid Retina XDR y chip M2,12781.28,6,1,2026-09-19 06:53:14,2026-09-19 08:18:14
3332,PROD-3332,Jeans 501 Original Fit,"Pantalón de mezclilla clásico de corte recto y ajuste cómodo (Talla S, Color Azul)",1643.47,38,1,2026-09-17 21:10:30,2026-09-17 21:43:30
3333,PROD-3333,Zapatillas Air Force 1 '07,"Tenis clásicos de cuero blanco para uso urbano y casual (Talla S, Color Negro)",624.74,41,1,2026-09-20 17:11:08,2026-09-20 17:29:08
3334,PROD-3334,Jeans 501 Original Fit,"Pantalón de mezclilla clásico de corte recto y ajuste cómodo (Talla S, Color Verde)",2239.80,32,1,2026-09-18 18:18:36,2026-09-18 20:13:36
3335,PROD-3335,Refrigeradora InstaView,Refrigerador inteligente con panel de cristal panorámico,35652.28,45,1,2026-09-20 03:19:39,2026-09-20 03:27:39
3336,PROD-3336,Jeans 511 Slim Fit,"Pantalón de mezclilla ajustado de estilo moderno (Talla S, Color Verde)",2294.57,78,1,2026-09-21 21:17:14,2026-09-21 22:04:14
3337,PROD-3337,Smart Band 8,Pulsera de actividad física con seguimiento del sueño y deporte,15950.53,25,1,2026-09-18 21:47:19,2026-09-18 23:31:19
3338,PROD-3338,Aspiradora Inalámbrica SpeedPro,Aspiradora escoba sin cable con cabezal de succión de 180 grados,3301.95,10,1,2026-09-19 09:35:44,2026-09-19 10:58:44
3339,PROD-3339,Audífonos AirPods Max,Audífonos de diadema inalámbricos con sonido de alta fidelidad,15373.15,19,1,2026-09-21 09:26:40,2026-09-21 10:04:40
3340,PROD-3340,Jeans 501 Original Fit,"Pantalón de mezclilla clásico de corte recto y ajuste cómodo (Talla S, Color Gris)",858.69,56,1,2026-09-20 13:48:50,2026-09-20 15:20:50
3341,PROD-3341,Cafetera Programable 12 Tazas,Cafetera de goteo con temporizador programable y jarra de vidrio,2749.37,17,1,2026-09-19 02:53:53,2026-09-19 03:23:53
3342,PROD-3342,Zapatillas Samba OG,"Tenis de estilo retro icónicos en cuero de primera calidad (Talla S, Color Azul)",2498.22,78,1,2026-09-18 13:44:00,2026-09-18 14:04:00
3343,PROD-3343,Jeans 511 Slim Fit,"Pantalón de mezclilla ajustado de estilo moderno (Talla XL, Color Verde)",2398.34,60,1,2026-09-20 07:05:30,2026-09-20 07:05:30
3344,PROD-3344,Aspiradora Inalámbrica SpeedPro,Aspiradora escoba sin cable con cabezal de succión de 180 grados,5747.30,32,1,2026-09-19 16:14:23,2026-09-19 18:13:23
3345,PROD-3345,Freidora XXL Airfryer,Freidora de aire de gran capacidad con tecnología de extracción de grasa,6905.04,25,1,2026-09-18 00:15:49,2026-09-18 02:13:49
3346,PROD-3346,Aspiradora Inalámbrica SpeedPro,Aspiradora escoba sin cable con cabezal de succión de 180 grados,6877.49,36,1,2026-09-20 15:28:35,2026-09-20 17:17:35
3347,PROD-3347,Zapatillas Samba OG,"Tenis de estilo retro icónicos en cuero de primera calidad (Talla XL, Color Azul)",2134.22,94,1,2026-09-18 12:21:34,2026-09-18 13:35:34
3348,PROD-3348,iPad Pro 12.9,Tableta profesional con pantalla Liquid Retina XDR y chip M2,1034.09,31,1,2026-09-18 04:57:45,2026-09-18 06:40:45
3349,PROD-3349,Aspiradora Inalámbrica SpeedPro,Aspiradora escoba sin cable con cabezal de succión de 180 grados,7950.01,17,1,2026-09-18 07:23:41,2026-09-18 07:53:41
3350,PROD-3350,Zapatillas Air Max 270,"Calzado deportivo con cápsula de aire visible para máxima comodidad (Talla L, Color Negro)",1010.56,63,1,2026-09-22 00:43:22,2026-09-22 02:19:22
3351,PROD-3351,Zapatillas Ultraboost Light,"Tenis de running con retorno de energía superior y ligereza (Talla S, Color Blanco)",536.79,91,1,2026-09-20 04:08:39,2026-09-20 05:55:39
3352,PROD-3352,Polerón Adicolor Classics,"Sudadera clásica con el logotipo de las tres tiras (Talla L, Color Blanco)",1117.37,83,1,2026-09-22 07:31:44,2026-09-22 07:53:44
3353,PROD-3353,Patinete Eléctrico Pro 4,Scooter eléctrico con gran autonomía para movilidad urbana,28936.56,46,1,2026-09-22 12:17:31,2026-09-22 12:28:31
3354,PROD-3354,Monitor Odyssey G9,Monitor curvo ultrawide diseñado para gaming profesional,27980.91,39,1,2026-09-20 21:16:19,2026-09-20 21:26:19
3355,PROD-3355,Freidora de Aire 4L,Freidora sin aceite para cocinar de manera saludable y rápida,2292.99,50,1,2026-09-20 03:35:32,2026-09-20 04:04:32
3356,PROD-3356,Chaqueta Camionera de Mezclilla,"Chaqueta clásica de mezclilla resistente para uso diario (Talla L, Color Rojo)",2230.03,74,1,2026-09-22 10:32:03,2026-09-22 10:54:03
3357,PROD-3357,Cafetera Programable 12 Tazas,Cafetera de goteo con temporizador programable y jarra de vidrio,4327.81,45,1,2026-09-22 09:49:04,2026-09-22 10:42:04
3358,PROD-3358,Freidora de Aire 4L,Freidora sin aceite para cocinar de manera saludable y rápida,3479.15,57,1,2026-09-17 15:46:22,2026-09-17 16:30:22
3359,PROD-3359,Smartphone Galaxy S26 Ultra 256GB,Smartphone de alta gama con cámara de 200MP y pantalla Dynamic AMOLED - Color Negro,6215.42,28,1,2026-09-19 10:24:09,2026-09-19 10:49:09
3360,PROD-3360,Freidora XXL Airfryer,Freidora de aire de gran capacidad con tecnología de extracción de grasa,6496.32,19,1,2026-09-19 01:06:04,2026-09-19 02:56:04
3361,PROD-3361,Smart TV 65 Neo QLED,Televisor inteligente 4K con tecnología de puntos cuánticos y alto contraste,2309.00,44,1,2026-09-22 01:27:31,2026-09-22 02:34:31
3362,PROD-3362,Jeans 511 Slim Fit,"Pantalón de mezclilla ajustado de estilo moderno (Talla XL, Color Blanco)",566.03,92,1,2026-09-20 14:41:24,2026-09-20 15:30:24
3363,PROD-3363,Smartphone Galaxy Z Fold 6 256GB,Teléfono plegable con pantalla gigante para productividad y multitarea - Color Negro,35982.34,17,1,2026-09-18 04:24:23,2026-09-18 05:40:23
3364,PROD-3364,Polerón Adicolor Classics,"Sudadera clásica con el logotipo de las tres tiras (Talla S, Color Negro)",542.35,45,1,2026-09-17 17:49:59,2026-09-17 19:49:59
3365,PROD-3365,MacBook Air 15 M2 1TB,Laptop ultra delgada y liviana con gran autonomía - Color Negro,9044.92,49,1,2026-09-20 13:24:02,2026-09-20 14:59:02
3366,PROD-3366,Monitor UltraGear 27,Monitor de alta frecuencia de actualización para juegos competitivos,27548.43,40,1,2026-09-20 01:32:23,2026-09-20 01:37:23
3367,PROD-3367,Cafetera Programable 12 Tazas,Cafetera de goteo con temporizador programable y jarra de vidrio,6158.30,17,1,2026-09-22 03:52:27,2026-09-22 05:52:27
3368,PROD-3368,Polerón Adicolor Classics,"Sudadera clásica con el logotipo de las tres tiras (Talla S, Color Verde)",1440.75,22,1,2026-09-21 01:50:43,2026-09-21 03:12:43
3369,PROD-3369,Zapatillas Samba OG,"Tenis de estilo retro icónicos en cuero de primera calidad (Talla L, Color Gris)",2330.72,90,1,2026-09-18 06:39:21,2026-09-18 06:48:21
3370,PROD-3370,Patinete Eléctrico Pro 4,Scooter eléctrico con gran autonomía para movilidad urbana,8432.72,38,1,2026-09-18 13:14:02,2026-09-18 14:44:02
3371,PROD-3371,Monitor Odyssey G9,Monitor curvo ultrawide diseñado para gaming profesional,33253.15,40,1,2026-09-20 18:04:33,2026-09-20 19:30:33
3372,PROD-3372,Polerón Adicolor Classics,"Sudadera clásica con el logotipo de las tres tiras (Talla S, Color Azul)",645.84,69,1,2026-09-21 04:18:29,2026-09-21 05:55:29
3373,PROD-3373,Audífonos AirPods Max,Audífonos de diadema inalámbricos con sonido de alta fidelidad,4474.26,31,1,2026-09-18 04:30:56,2026-09-18 05:24:56
3374,PROD-3374,Refrigeradora InstaView,Refrigerador inteligente con panel de cristal panorámico,18675.49,44,1,2026-09-20 09:33:20,2026-09-20 11:19:20
3375,PROD-3375,MacBook Pro 16 M3 1TB,Computadora portátil profesional para edición de video y desarrollo - Color Gris,17579.82,12,1,2026-09-20 19:05:37,2026-09-20 19:30:37
3376,PROD-3376,Zapatillas Air Max 270,"Calzado deportivo con cápsula de aire visible para máxima comodidad (Talla S, Color Azul)",2238.36,81,1,2026-09-18 04:33:11,2026-09-18 06:28:11
3377,PROD-3377,MacBook Air 15 M2 128GB,Laptop ultra delgada y liviana con gran autonomía - Color Verde,26159.22,40,1,2026-09-19 18:27:40,2026-09-19 20:07:40
3378,PROD-3378,Zapatillas Running Pegasus 40,"Calzado de correr con amortiguación reactiva para entrenamiento (Talla S, Color Negro)",714.89,42,1,2026-09-21 14:33:31,2026-09-21 16:24:31
3379,PROD-3379,Jeans 511 Slim Fit,"Pantalón de mezclilla ajustado de estilo moderno (Talla M, Color Azul)",2422.62,30,1,2026-09-18 06:48:37,2026-09-18 07:38:37
3380,PROD-3380,Freidora de Aire 4L,Freidora sin aceite para cocinar de manera saludable y rápida,4978.73,56,1,2026-09-19 20:48:16,2026-09-19 21:58:16
3381,PROD-3381,Polera Sportswear Club Fleece,"Sudadera de felpa con capucha y ajuste estándar (Talla XL, Color Verde)",1365.14,59,1,2026-09-22 09:44:29,2026-09-22 10:40:29
3382,PROD-3382,Freidora XXL Airfryer,Freidora de aire de gran capacidad con tecnología de extracción de grasa,3720.67,52,1,2026-09-18 06:21:07,2026-09-18 06:52:07
3383,PROD-3383,Freidora XXL Airfryer,Freidora de aire de gran capacidad con tecnología de extracción de grasa,1079.76,11,1,2026-09-22 00:16:06,2026-09-22 00:30:06
3384,PROD-3384,Zapatillas Air Max 270,"Calzado deportivo con cápsula de aire visible para máxima comodidad (Talla XL, Color Negro)",359.49,11,1,2026-09-18 20:47:52,2026-09-18 21:12:52
3385,PROD-3385,Chaqueta Camionera de Mezclilla,"Chaqueta clásica de mezclilla resistente para uso diario (Talla M, Color Gris)",2174.35,99,1,2026-09-22 02:03:12,2026-09-22 03:31:12
3386,PROD-3386,Refrigeradora InstaView,Refrigerador inteligente con panel de cristal panorámico,31232.44,41,1,2026-09-18 09:03:18,2026-09-18 09:39:18
3387,PROD-3387,Freidora XXL Airfryer,Freidora de aire de gran capacidad con tecnología de extracción de grasa,2074.97,8,1,2026-09-19 09:00:29,2026-09-19 10:56:29
3388,PROD-3388,Robot Aspiradora X10+,Aspiradora robótica con estación de vaciado automático y mapeo láser,29232.60,9,1,2026-09-22 11:39:50,2026-09-22 11:40:50
3389,PROD-3389,Jeans 501 Original Fit,"Pantalón de mezclilla clásico de corte recto y ajuste cómodo (Talla M, Color Negro)",1141.85,19,1,2026-09-19 20:01:21,2026-09-19 21:01:21
3390,PROD-3390,Aspiradora Inalámbrica SpeedPro,Aspiradora escoba sin cable con cabezal de succión de 180 grados,5706.97,33,1,2026-09-21 20:56:07,2026-09-21 22:37:07
3391,PROD-3391,iPad Pro 12.9,Tableta profesional con pantalla Liquid Retina XDR y chip M2,8759.88,40,1,2026-09-18 02:19:15,2026-09-18 02:30:15
3392,PROD-3392,Consola PlayStation 5 Slim,Consola de videojuegos de última generación con almacenamiento SSD ultra rápido,29616.58,22,1,2026-09-20 13:44:01,2026-09-20 14:37:01
3393,PROD-3393,Camiseta Graphic Setin Neck,"Playera casual de algodón con estampado frontal (Talla XL, Color Negro)",1038.12,41,1,2026-09-20 21:28:22,2026-09-20 22:11:22
3394,PROD-3394,Zapatillas Ultraboost Light,"Tenis de running con retorno de energía superior y ligereza (Talla M, Color Rojo)",2006.42,67,1,2026-09-20 12:51:40,2026-09-20 13:33:40
3395,PROD-3395,MacBook Pro 16 M3 512GB,Computadora portátil profesional para edición de video y desarrollo - Color Rojo,18170.14,11,1,2026-09-19 14:49:29,2026-09-19 15:35:29
3396,PROD-3396,Camiseta Graphic Setin Neck,"Playera casual de algodón con estampado frontal (Talla S, Color Verde)",2096.01,69,1,2026-09-18 12:31:28,2026-09-18 13:00:28
3397,PROD-3397,Freidora XXL Airfryer,Freidora de aire de gran capacidad con tecnología de extracción de grasa,1566.66,58,1,2026-09-19 07:44:23,2026-09-19 08:39:23
3398,PROD-3398,Aspiradora Inalámbrica SpeedPro,Aspiradora escoba sin cable con cabezal de succión de 180 grados,3613.67,37,1,2026-09-20 09:20:57,2026-09-20 09:38:57
3399,PROD-3399,Consola PlayStation 5 Slim,Consola de videojuegos de última generación con almacenamiento SSD ultra rápido,16174.77,6,1,2026-09-20 08:12:10,2026-09-20 08:38:10
3400,PROD-3400,Monitor UltraGear 27,Monitor de alta frecuencia de actualización para juegos competitivos,4848.86,29,1,2026-09-22 10:25:13,2026-09-22 10:58:13
3401,PROD-3401,Freidora XXL Airfryer,Freidora de aire de gran capacidad con tecnología de extracción de grasa,4056.77,54,1,2026-09-17 22:01:22,2026-09-17 22:28:22
3402,PROD-3402,Patinete Eléctrico Pro 4,Scooter eléctrico con gran autonomía para movilidad urbana,11394.79,19,1,2026-09-20 18:18:27,2026-09-20 18:20:27
3403,PROD-3403,Patinete Eléctrico Pro 4,Scooter eléctrico con gran autonomía para movilidad urbana,29657.50,24,1,2026-09-20 14:24:05,2026-09-20 16:12:05
3404,PROD-3404,Zapatillas Samba OG,"Tenis de estilo retro icónicos en cuero de primera calidad (Talla M, Color Azul)",457.09,82,1,2026-09-18 14:16:10,2026-09-18 14:58:10
3405,PROD-3405,Zapatillas Running Pegasus 40,"Calzado de correr con amortiguación reactiva para entrenamiento (Talla XL, Color Blanco)",2271.03,33,1,2026-09-20 21:56:15,2026-09-20 23:02:15
3406,PROD-3406,Camiseta Graphic Setin Neck,"Playera casual de algodón con estampado frontal (Talla XL, Color Azul)",888.94,11,1,2026-09-20 05:57:50,2026-09-20 07:20:50
3407,PROD-3407,Zapatillas Ultraboost Light,"Tenis de running con retorno de energía superior y ligereza (Talla M, Color Azul)",2383.03,100,1,2026-09-18 19:11:14,2026-09-18 21:11:14
3408,PROD-3408,Camiseta Graphic Setin Neck,"Playera casual de algodón con estampado frontal (Talla XL, Color Azul)",1837.00,55,1,2026-09-21 05:02:09,2026-09-21 05:18:09
3409,PROD-3409,Monitor UltraGear 27,Monitor de alta frecuencia de actualización para juegos competitivos,26132.26,35,1,2026-09-21 05:33:57,2026-09-21 05:39:57
3410,PROD-3410,Polerón Adicolor Classics,"Sudadera clásica con el logotipo de las tres tiras (Talla S, Color Gris)",1461.58,76,1,2026-09-19 22:24:01,2026-09-19 23:39:01
3411,PROD-3411,Licuadora Reversible 2 Velocidades,Licuadora con motor reversible y vaso de vidrio resistente a choques térmicos,837.26,29,1,2026-09-22 06:43:49,2026-09-22 07:30:49
3412,PROD-3412,Consola PlayStation 5 Slim,Consola de videojuegos de última generación con almacenamiento SSD ultra rápido,12813.29,6,1,2026-09-21 17:12:20,2026-09-21 18:19:20
3413,PROD-3413,Freidora de Aire 4L,Freidora sin aceite para cocinar de manera saludable y rápida,1920.11,34,1,2026-09-22 01:12:03,2026-09-22 01:22:03
3414,PROD-3414,Zapatillas Samba OG,"Tenis de estilo retro icónicos en cuero de primera calidad (Talla XL, Color Gris)",2019.50,50,1,2026-09-18 17:03:00,2026-09-18 18:30:00
3415,PROD-3415,Aspiradora Inalámbrica SpeedPro,Aspiradora escoba sin cable con cabezal de succión de 180 grados,3821.76,55,1,2026-09-20 10:05:44,2026-09-20 11:09:44
3416,PROD-3416,Aspiradora Inalámbrica SpeedPro,Aspiradora escoba sin cable con cabezal de succión de 180 grados,5801.17,30,1,2026-09-19 02:12:06,2026-09-19 02:32:06
3417,PROD-3417,Jeans 501 Original Fit,"Pantalón de mezclilla clásico de corte recto y ajuste cómodo (Talla M, Color Rojo)",908.29,33,1,2026-09-20 10:33:25,2026-09-20 10:59:25
3418,PROD-3418,Zapatillas Ultraboost Light,"Tenis de running con retorno de energía superior y ligereza (Talla XL, Color Verde)",793.42,17,1,2026-09-21 19:57:09,2026-09-21 20:19:09
3419,PROD-3419,Audífonos AirPods Max,Audífonos de diadema inalámbricos con sonido de alta fidelidad,4166.70,9,1,2026-09-20 08:47:58,2026-09-20 10:33:58
3420,PROD-3420,Zapatillas Samba OG,"Tenis de estilo retro icónicos en cuero de primera calidad (Talla XL, Color Rojo)",609.49,72,1,2026-09-18 04:38:08,2026-09-18 05:32:08
3421,PROD-3421,Smartphone Galaxy Z Flip 6 256GB,Teléfono plegable compacto con pantalla exterior funcional - Color Rojo,31847.95,28,1,2026-09-18 05:42:54,2026-09-18 06:18:54
3422,PROD-3422,Zapatillas Samba OG,"Tenis de estilo retro icónicos en cuero de primera calidad (Talla M, Color Negro)",1155.81,23,1,2026-09-20 02:58:48,2026-09-20 04:12:48
3423,PROD-3423,iPhone 16 256GB,Smartphone con pantalla Super Retina XDR y excelente duración de batería - Color Negro,32396.35,31,1,2026-09-20 23:55:25,2026-09-21 01:36:25
3424,PROD-3424,Licuadora Reversible 2 Velocidades,Licuadora con motor reversible y vaso de vidrio resistente a choques térmicos,7976.32,25,1,2026-09-18 15:57:45,2026-09-18 17:23:45
3425,PROD-3425,Pantalón de Buzo Tech Fleece,"Pantalón deportivo térmico con diseño estilizado (Talla S, Color Negro)",1257.95,13,1,2026-09-17 23:30:56,2026-09-18 00:27:56
3426,PROD-3426,Jeans 511 Slim Fit,"Pantalón de mezclilla ajustado de estilo moderno (Talla S, Color Azul)",2336.28,67,1,2026-09-22 06:29:30,2026-09-22 06:34:30
3427,PROD-3427,Zapatillas Ultraboost Light,"Tenis de running con retorno de energía superior y ligereza (Talla S, Color Gris)",1604.10,36,1,2026-09-18 16:00:57,2026-09-18 16:52:57
3428,PROD-3428,Chaqueta Camionera de Mezclilla,"Chaqueta clásica de mezclilla resistente para uso diario (Talla L, Color Azul)",1591.78,24,1,2026-09-22 10:49:57,2026-09-22 11:45:57
3429,PROD-3429,Monitor UltraGear 27,Monitor de alta frecuencia de actualización para juegos competitivos,28279.45,32,1,2026-09-19 00:18:17,2026-09-19 02:15:17
3430,PROD-3430,Cafetera Programable 12 Tazas,Cafetera de goteo con temporizador programable y jarra de vidrio,2089.42,44,1,2026-09-17 17:50:40,2026-09-17 19:24:40
3431,PROD-3431,Polera Sportswear Club Fleece,"Sudadera de felpa con capucha y ajuste estándar (Talla S, Color Blanco)",2244.10,88,1,2026-09-21 23:12:33,2026-09-22 00:30:33
3432,PROD-3432,Freidora XXL Airfryer,Freidora de aire de gran capacidad con tecnología de extracción de grasa,5711.49,22,1,2026-09-22 00:36:43,2026-09-22 01:53:43
3433,PROD-3433,Audífonos AirPods Max,Audífonos de diadema inalámbricos con sonido de alta fidelidad,25375.36,36,1,2026-09-18 15:21:02,2026-09-18 16:30:02
3434,PROD-3434,iPhone 16 Pro 1TB,Teléfono inteligente premium con chip de alto rendimiento y triple cámara - Color Blanco,12856.19,8,1,2026-09-19 08:34:36,2026-09-19 10:12:36
3435,PROD-3435,Freidora XXL Airfryer,Freidora de aire de gran capacidad con tecnología de extracción de grasa,1353.33,35,1,2026-09-21 21:45:09,2026-09-21 22:38:09
3436,PROD-3436,Polera Sportswear Club Fleece,"Sudadera de felpa con capucha y ajuste estándar (Talla M, Color Azul)",2205.48,80,1,2026-09-21 10:58:29,2026-09-21 11:36:29
3437,PROD-3437,Camiseta Graphic Setin Neck,"Playera casual de algodón con estampado frontal (Talla L, Color Rojo)",1960.17,85,1,2026-09-19 19:31:27,2026-09-19 19:33:27
3438,PROD-3438,Zapatillas Ultraboost Light,"Tenis de running con retorno de energía superior y ligereza (Talla XL, Color Gris)",2104.54,63,1,2026-09-22 02:04:18,2026-09-22 03:07:18
3439,PROD-3439,Zapatillas Air Force 1 '07,"Tenis clásicos de cuero blanco para uso urbano y casual (Talla M, Color Negro)",1523.13,95,1,2026-09-21 21:13:11,2026-09-21 23:11:11
3440,PROD-3440,Smart TV OLED C3 65,Televisor inteligente ideal para videojuegos y películas con pánel OLED,21623.28,15,1,2026-09-18 16:13:22,2026-09-18 17:51:22
3441,PROD-3441,Cámara Alpha 7 IV,Cámara mirrorless profesional de fotograma completo para foto y video,31815.14,20,1,2026-09-21 07:21:34,2026-09-21 07:25:34
3442,PROD-3442,Zapatillas Running Pegasus 40,"Calzado de correr con amortiguación reactiva para entrenamiento (Talla S, Color Rojo)",834.12,30,1,2026-09-19 15:51:47,2026-09-19 16:15:47
3443,PROD-3443,iPhone 16 128GB,Smartphone con pantalla Super Retina XDR y excelente duración de batería - Color Blanco,9186.09,9,1,2026-09-17 19:02:32,2026-09-17 19:21:32
3444,PROD-3444,Zapatillas Samba OG,"Tenis de estilo retro icónicos en cuero de primera calidad (Talla L, Color Negro)",594.07,38,1,2026-09-19 14:16:58,2026-09-19 14:52:58
3445,PROD-3445,Polerón Adicolor Classics,"Sudadera clásica con el logotipo de las tres tiras (Talla S, Color Blanco)",2188.93,84,1,2026-09-20 14:33:10,2026-09-20 16:17:10
3446,PROD-3446,Freidora XXL Airfryer,Freidora de aire de gran capacidad con tecnología de extracción de grasa,5140.74,56,1,2026-09-22 06:05:19,2026-09-22 06:36:19
3447,PROD-3447,MacBook Air 15 M2 256GB,Laptop ultra delgada y liviana con gran autonomía - Color Azul,33129.34,42,1,2026-09-20 03:15:37,2026-09-20 03:31:37
3448,PROD-3448,Smart TV OLED C3 65,Televisor inteligente ideal para videojuegos y películas con pánel OLED,12812.10,39,1,2026-09-21 11:03:38,2026-09-21 11:32:38
3449,PROD-3449,MacBook Air 15 M2 512GB,Laptop ultra delgada y liviana con gran autonomía - Color Negro,6240.08,42,1,2026-09-17 21:29:18,2026-09-17 22:25:18
3450,PROD-3450,Zapatillas Samba OG,"Tenis de estilo retro icónicos en cuero de primera calidad (Talla L, Color Rojo)",1642.46,27,1,2026-09-17 21:19:46,2026-09-17 21:34:46
3451,PROD-3451,Audífonos AirPods Max,Audífonos de diadema inalámbricos con sonido de alta fidelidad,14752.84,9,1,2026-09-20 11:10:41,2026-09-20 12:08:41
3452,PROD-3452,Zapatillas Samba OG,"Tenis de estilo retro icónicos en cuero de primera calidad (Talla L, Color Blanco)",490.97,11,1,2026-09-19 21:01:25,2026-09-19 21:24:25
3453,PROD-3453,Freidora XXL Airfryer,Freidora de aire de gran capacidad con tecnología de extracción de grasa,4704.31,36,1,2026-09-19 14:54:07,2026-09-19 16:13:07
3454,PROD-3454,Smart TV OLED C3 65,Televisor inteligente ideal para videojuegos y películas con pánel OLED,6918.81,33,1,2026-09-18 00:10:47,2026-09-18 01:39:47
3455,PROD-3455,Monitor Odyssey G9,Monitor curvo ultrawide diseñado para gaming profesional,13719.38,30,1,2026-09-18 07:46:00,2026-09-18 09:46:00
3456,PROD-3456,Pantalón de Buzo Tech Fleece,"Pantalón deportivo térmico con diseño estilizado (Talla L, Color Blanco)",1785.73,75,1,2026-09-21 08:47:43,2026-09-21 10:44:43
3457,PROD-3457,Pantalón de Buzo Tech Fleece,"Pantalón deportivo térmico con diseño estilizado (Talla S, Color Blanco)",1857.62,89,1,2026-09-20 03:06:36,2026-09-20 03:21:36
3458,PROD-3458,Jeans 501 Original Fit,"Pantalón de mezclilla clásico de corte recto y ajuste cómodo (Talla S, Color Rojo)",1625.15,94,1,2026-09-22 01:08:45,2026-09-22 03:00:45
3459,PROD-3459,Aspiradora Inalámbrica SpeedPro,Aspiradora escoba sin cable con cabezal de succión de 180 grados,7046.66,25,1,2026-09-17 22:00:20,2026-09-17 22:24:20
3460,PROD-3460,Smartphone Galaxy S26+ 512GB,Teléfono inteligente con procesador de última generación y batería de larga duración - Color Verde,8674.65,26,1,2026-09-19 16:45:21,2026-09-19 16:46:21
3461,PROD-3461,Chaqueta Camionera de Mezclilla,"Chaqueta clásica de mezclilla resistente para uso diario (Talla M, Color Verde)",2009.57,22,1,2026-09-21 01:51:11,2026-09-21 03:12:11
3462,PROD-3462,Audífonos Bluetooth WH-1000XM5,Audífonos inalámbricos con la mejor cancelación de ruido del mercado,24149.76,8,1,2026-09-20 16:27:54,2026-09-20 18:15:54
3463,PROD-3463,Zapatillas Running Pegasus 40,"Calzado de correr con amortiguación reactiva para entrenamiento (Talla XL, Color Verde)",650.26,69,1,2026-09-21 05:17:12,2026-09-21 05:33:12
3464,PROD-3464,Polerón Adicolor Classics,"Sudadera clásica con el logotipo de las tres tiras (Talla L, Color Blanco)",679.65,21,1,2026-09-20 14:10:39,2026-09-20 15:19:39
3465,PROD-3465,Barra de Sonido HT-A7000,Sistema de audio para cine en casa con soporte Dolby Atmos,28825.27,25,1,2026-09-21 19:06:52,2026-09-21 21:05:52
3466,PROD-3466,Cafetera Programable 12 Tazas,Cafetera de goteo con temporizador programable y jarra de vidrio,1770.53,8,1,2026-09-19 09:09:57,2026-09-19 10:47:57
3467,PROD-3467,Aspiradora Inalámbrica SpeedPro,Aspiradora escoba sin cable con cabezal de succión de 180 grados,715.00,39,1,2026-09-21 09:26:58,2026-09-21 10:14:58
3468,PROD-3468,Licuadora Reversible 2 Velocidades,Licuadora con motor reversible y vaso de vidrio resistente a choques térmicos,7092.77,56,1,2026-09-18 13:53:25,2026-09-18 15:08:25
3469,PROD-3469,Aspiradora Inalámbrica SpeedPro,Aspiradora escoba sin cable con cabezal de succión de 180 grados,1124.09,47,1,2026-09-17 21:26:03,2026-09-17 21:47:03
3470,PROD-3470,Zapatillas Running Pegasus 40,"Calzado de correr con amortiguación reactiva para entrenamiento (Talla L, Color Azul)",941.11,76,1,2026-09-19 13:41:07,2026-09-19 15:02:07
3471,PROD-3471,Freidora XXL Airfryer,Freidora de aire de gran capacidad con tecnología de extracción de grasa,6704.52,42,1,2026-09-18 14:07:45,2026-09-18 15:46:45
3472,PROD-3472,Zapatillas Samba OG,"Tenis de estilo retro icónicos en cuero de primera calidad (Talla XL, Color Blanco)",1219.74,32,1,2026-09-17 15:43:46,2026-09-17 17:17:46
3473,PROD-3473,Aspiradora Inalámbrica SpeedPro,Aspiradora escoba sin cable con cabezal de succión de 180 grados,4065.14,50,1,2026-09-21 02:14:01,2026-09-21 03:53:01
3474,PROD-3474,Cámara Alpha 7 IV,Cámara mirrorless profesional de fotograma completo para foto y video,33301.21,45,1,2026-09-19 11:33:01,2026-09-19 13:07:01
3475,PROD-3475,Camiseta Graphic Setin Neck,"Playera casual de algodón con estampado frontal (Talla M, Color Rojo)",691.90,33,1,2026-09-19 16:08:06,2026-09-19 16:09:06
3476,PROD-3476,Smart TV OLED C3 65,Televisor inteligente ideal para videojuegos y películas con pánel OLED,13019.74,47,1,2026-09-21 09:40:47,2026-09-21 10:31:47
3477,PROD-3477,Smart TV Bravia XR OLED 55,Televisor OLED con negros absolutos y procesador de imagen cognitivo,6609.67,31,1,2026-09-18 16:35:29,2026-09-18 17:50:29
3478,PROD-3478,Jeans 501 Original Fit,"Pantalón de mezclilla clásico de corte recto y ajuste cómodo (Talla S, Color Blanco)",2054.78,41,1,2026-09-19 04:56:41,2026-09-19 05:07:41
3479,PROD-3479,Polerón Adicolor Classics,"Sudadera clásica con el logotipo de las tres tiras (Talla M, Color Rojo)",374.61,11,1,2026-09-21 05:17:23,2026-09-21 06:46:23
3480,PROD-3480,Aspiradora Inalámbrica SpeedPro,Aspiradora escoba sin cable con cabezal de succión de 180 grados,1693.83,52,1,2026-09-20 05:40:55,2026-09-20 05:45:55
3481,PROD-3481,Smart Band 8,Pulsera de actividad física con seguimiento del sueño y deporte,508.76,26,1,2026-09-17 20:46:20,2026-09-17 22:00:20
3482,PROD-3482,Zapatillas Air Max 270,"Calzado deportivo con cápsula de aire visible para máxima comodidad (Talla M, Color Negro)",1376.01,46,1,2026-09-21 11:20:17,2026-09-21 11:25:17
3483,PROD-3483,iPhone 16 Pro 128GB,Teléfono inteligente premium con chip de alto rendimiento y triple cámara - Color Verde,27489.17,41,1,2026-09-18 21:05:31,2026-09-18 21:36:31
3484,PROD-3484,Jeans 511 Slim Fit,"Pantalón de mezclilla ajustado de estilo moderno (Talla M, Color Blanco)",990.44,69,1,2026-09-18 02:44:52,2026-09-18 02:55:52
3485,PROD-3485,Freidora de Aire 4L,Freidora sin aceite para cocinar de manera saludable y rápida,6876.55,52,1,2026-09-17 19:55:19,2026-09-17 20:48:19
3486,PROD-3486,Smart TV OLED C3 65,Televisor inteligente ideal para videojuegos y películas con pánel OLED,16879.83,47,1,2026-09-17 18:32:16,2026-09-17 19:13:16
3487,PROD-3487,Pantalón de Buzo Tech Fleece,"Pantalón deportivo térmico con diseño estilizado (Talla S, Color Verde)",1958.98,17,1,2026-09-20 10:08:28,2026-09-20 11:03:28
3488,PROD-3488,Patinete Eléctrico Pro 4,Scooter eléctrico con gran autonomía para movilidad urbana,8252.80,38,1,2026-09-21 20:58:51,2026-09-21 22:58:51
3489,PROD-3489,Jeans 501 Original Fit,"Pantalón de mezclilla clásico de corte recto y ajuste cómodo (Talla L, Color Blanco)",1345.51,35,1,2026-09-19 04:37:54,2026-09-19 05:31:54
3490,PROD-3490,Smart Band 8,Pulsera de actividad física con seguimiento del sueño y deporte,23895.73,19,1,2026-09-21 15:09:56,2026-09-21 15:23:56
3491,PROD-3491,Apple Watch Series 10,Reloj inteligente con sensores avanzados de salud y actividad física,4570.65,46,1,2026-09-22 08:32:06,2026-09-22 09:51:06
3492,PROD-3492,Zapatillas Air Force 1 '07,"Tenis clásicos de cuero blanco para uso urbano y casual (Talla XL, Color Gris)",645.02,35,1,2026-09-21 21:17:59,2026-09-21 21:29:59
3493,PROD-3493,Polera Sportswear Club Fleece,"Sudadera de felpa con capucha y ajuste estándar (Talla L, Color Negro)",2318.10,35,1,2026-09-20 08:04:05,2026-09-20 08:26:05
3494,PROD-3494,Pantalón de Buzo Tech Fleece,"Pantalón deportivo térmico con diseño estilizado (Talla L, Color Azul)",2394.70,14,1,2026-09-20 02:33:59,2026-09-20 04:22:59
3495,PROD-3495,Freidora de Aire 4L,Freidora sin aceite para cocinar de manera saludable y rápida,4993.48,19,1,2026-09-21 07:56:20,2026-09-21 08:01:20
3496,PROD-3496,Zapatillas Air Force 1 '07,"Tenis clásicos de cuero blanco para uso urbano y casual (Talla XL, Color Gris)",2195.45,22,1,2026-09-20 15:36:59,2026-09-20 16:46:59
3497,PROD-3497,Jeans 501 Original Fit,"Pantalón de mezclilla clásico de corte recto y ajuste cómodo (Talla XL, Color Rojo)",1673.32,34,1,2026-09-18 14:13:20,2026-09-18 14:51:20
3498,PROD-3498,Licuadora Reversible 2 Velocidades,Licuadora con motor reversible y vaso de vidrio resistente a choques térmicos,7104.76,26,1,2026-09-20 22:43:06,2026-09-20 23:11:06
3499,PROD-3499,Polera Sportswear Club Fleece,"Sudadera de felpa con capucha y ajuste estándar (Talla L, Color Negro)",2002.45,31,1,2026-09-18 21:00:26,2026-09-18 21:34:26
3500,PROD-3500,Polera Sportswear Club Fleece,"Sudadera de felpa con capucha y ajuste estándar (Talla M, Color Rojo)",2121.42,83,1,2026-09-19 02:19:25,2026-09-19 03:16:25
3501,PROD-3501,Licuadora Reversible 2 Velocidades,Licuadora con motor reversible y vaso de vidrio resistente a choques térmicos,3127.91,26,1,2026-09-22 05:38:38,2026-09-22 06:46:38
3502,PROD-3502,Zapatillas Ultraboost Light,"Tenis de running con retorno de energía superior y ligereza (Talla XL, Color Blanco)",1248.75,82,1,2026-09-17 19:08:53,2026-09-17 19:43:53
3503,PROD-3503,Freidora XXL Airfryer,Freidora de aire de gran capacidad con tecnología de extracción de grasa,1903.74,35,1,2026-09-21 23:59:52,2026-09-22 01:29:52
3504,PROD-3504,Jeans 501 Original Fit,"Pantalón de mezclilla clásico de corte recto y ajuste cómodo (Talla S, Color Rojo)",1078.64,74,1,2026-09-19 14:13:13,2026-09-19 15:33:13
3505,PROD-3505,Polera Sportswear Club Fleece,"Sudadera de felpa con capucha y ajuste estándar (Talla M, Color Negro)",1190.25,45,1,2026-09-18 23:15:17,2026-09-18 23:56:17
3506,PROD-3506,Licuadora Reversible 2 Velocidades,Licuadora con motor reversible y vaso de vidrio resistente a choques térmicos,4819.79,22,1,2026-09-20 10:34:17,2026-09-20 11:42:17
3507,PROD-3507,Barra de Sonido HT-A7000,Sistema de audio para cine en casa con soporte Dolby Atmos,15670.61,24,1,2026-09-20 12:17:09,2026-09-20 14:05:09
3508,PROD-3508,Freidora XXL Airfryer,Freidora de aire de gran capacidad con tecnología de extracción de grasa,2631.36,37,1,2026-09-20 14:40:59,2026-09-20 16:36:59
3509,PROD-3509,Aspiradora Inalámbrica SpeedPro,Aspiradora escoba sin cable con cabezal de succión de 180 grados,2013.32,11,1,2026-09-19 22:48:27,2026-09-20 00:21:27
3510,PROD-3510,Camiseta Graphic Setin Neck,"Playera casual de algodón con estampado frontal (Talla L, Color Azul)",901.28,63,1,2026-09-20 09:10:23,2026-09-20 09:26:23
3511,PROD-3511,Freidora XXL Airfryer,Freidora de aire de gran capacidad con tecnología de extracción de grasa,3471.40,59,1,2026-09-22 07:01:06,2026-09-22 07:09:06
3512,PROD-3512,Zapatillas Samba OG,"Tenis de estilo retro icónicos en cuero de primera calidad (Talla S, Color Rojo)",1151.45,76,1,2026-09-22 01:49:59,2026-09-22 03:06:59
3513,PROD-3513,Licuadora Reversible 2 Velocidades,Licuadora con motor reversible y vaso de vidrio resistente a choques térmicos,1533.56,38,1,2026-09-21 18:26:23,2026-09-21 18:47:23
3514,PROD-3514,Licuadora Reversible 2 Velocidades,Licuadora con motor reversible y vaso de vidrio resistente a choques térmicos,6305.74,27,1,2026-09-19 13:49:40,2026-09-19 13:54:40
3515,PROD-3515,Aspiradora Inalámbrica SpeedPro,Aspiradora escoba sin cable con cabezal de succión de 180 grados,555.30,23,1,2026-09-19 18:01:30,2026-09-19 18:53:30
3516,PROD-3516,Chaqueta Camionera de Mezclilla,"Chaqueta clásica de mezclilla resistente para uso diario (Talla S, Color Blanco)",1867.66,66,1,2026-09-19 03:59:44,2026-09-19 05:56:44
3517,PROD-3517,Polerón Adicolor Classics,"Sudadera clásica con el logotipo de las tres tiras (Talla M, Color Blanco)",408.16,71,1,2026-09-21 10:59:17,2026-09-21 11:55:17
3518,PROD-3518,Licuadora Reversible 2 Velocidades,Licuadora con motor reversible y vaso de vidrio resistente a choques térmicos,6612.42,38,1,2026-09-21 19:10:38,2026-09-21 20:51:38
3519,PROD-3519,Smart TV OLED C3 65,Televisor inteligente ideal para videojuegos y películas con pánel OLED,6997.79,16,1,2026-09-20 02:22:06,2026-09-20 03:14:06
3520,PROD-3520,Polerón Adicolor Classics,"Sudadera clásica con el logotipo de las tres tiras (Talla L, Color Negro)",1670.76,75,1,2026-09-20 06:57:17,2026-09-20 08:02:17
3521,PROD-3521,Aspiradora Inalámbrica SpeedPro,Aspiradora escoba sin cable con cabezal de succión de 180 grados,2057.03,56,1,2026-09-19 13:05:42,2026-09-19 14:31:42
3522,PROD-3522,Freidora de Aire 4L,Freidora sin aceite para cocinar de manera saludable y rápida,3977.53,21,1,2026-09-21 00:30:23,2026-09-21 01:23:23
3523,PROD-3523,Barra de Sonido HT-A7000,Sistema de audio para cine en casa con soporte Dolby Atmos,29368.83,49,1,2026-09-20 16:07:02,2026-09-20 17:35:02
3524,PROD-3524,Aspiradora Inalámbrica SpeedPro,Aspiradora escoba sin cable con cabezal de succión de 180 grados,582.94,28,1,2026-09-22 09:26:46,2026-09-22 10:47:46
3525,PROD-3525,Chaqueta Camionera de Mezclilla,"Chaqueta clásica de mezclilla resistente para uso diario (Talla M, Color Blanco)",2131.14,98,1,2026-09-20 07:26:01,2026-09-20 07:33:01
3526,PROD-3526,Polerón Adicolor Classics,"Sudadera clásica con el logotipo de las tres tiras (Talla XL, Color Verde)",1994.41,79,1,2026-09-19 23:34:42,2026-09-20 01:01:42
3527,PROD-3527,Freidora XXL Airfryer,Freidora de aire de gran capacidad con tecnología de extracción de grasa,3494.23,21,1,2026-09-18 16:19:01,2026-09-18 18:06:01
3528,PROD-3528,Smart TV 65 Neo QLED,Televisor inteligente 4K con tecnología de puntos cuánticos y alto contraste,27586.71,41,1,2026-09-21 15:35:00,2026-09-21 17:29:00
3529,PROD-3529,Smartphone Xiaomi 14 Ultra 256GB,Smartphone de gama alta enfocado en fotografía profesional Leica - Color Rojo,30295.34,10,1,2026-09-21 15:06:30,2026-09-21 16:18:30
3530,PROD-3530,Freidora de Aire 4L,Freidora sin aceite para cocinar de manera saludable y rápida,1311.99,17,1,2026-09-20 02:05:03,2026-09-20 03:34:03
3531,PROD-3531,Jeans 511 Slim Fit,"Pantalón de mezclilla ajustado de estilo moderno (Talla XL, Color Negro)",1333.71,10,1,2026-09-20 18:51:48,2026-09-20 19:45:48
3532,PROD-3532,Zapatillas Samba OG,"Tenis de estilo retro icónicos en cuero de primera calidad (Talla M, Color Azul)",1612.72,30,1,2026-09-17 17:30:32,2026-09-17 17:56:32
3533,PROD-3533,Licuadora Reversible 2 Velocidades,Licuadora con motor reversible y vaso de vidrio resistente a choques térmicos,5526.75,23,1,2026-09-19 12:42:30,2026-09-19 13:20:30
3534,PROD-3534,Licuadora Reversible 2 Velocidades,Licuadora con motor reversible y vaso de vidrio resistente a choques térmicos,2545.31,57,1,2026-09-20 23:28:42,2026-09-21 00:46:42
3535,PROD-3535,Zapatillas Air Force 1 '07,"Tenis clásicos de cuero blanco para uso urbano y casual (Talla XL, Color Rojo)",736.21,88,1,2026-09-19 14:37:21,2026-09-19 16:21:21
3536,PROD-3536,Freidora XXL Airfryer,Freidora de aire de gran capacidad con tecnología de extracción de grasa,415.14,24,1,2026-09-21 05:32:53,2026-09-21 06:39:53
3537,PROD-3537,Audífonos Bluetooth WH-1000XM5,Audífonos inalámbricos con la mejor cancelación de ruido del mercado,20430.10,37,1,2026-09-22 01:14:38,2026-09-22 02:53:38
3538,PROD-3538,Zapatillas Ultraboost Light,"Tenis de running con retorno de energía superior y ligereza (Talla S, Color Verde)",665.40,98,1,2026-09-21 15:53:36,2026-09-21 17:38:36
3539,PROD-3539,Freidora de Aire 4L,Freidora sin aceite para cocinar de manera saludable y rápida,5907.56,15,1,2026-09-20 01:26:39,2026-09-20 02:26:39
3540,PROD-3540,Freidora de Aire 4L,Freidora sin aceite para cocinar de manera saludable y rápida,5218.53,49,1,2026-09-19 04:35:18,2026-09-19 05:59:18
3541,PROD-3541,Tablet Galaxy Tab S9 128GB,"Tableta de alto rendimiento para diseño, trabajo y entretenimiento - Color Negro",13976.29,21,1,2026-09-22 05:35:54,2026-09-22 06:49:54
3542,PROD-3542,Cafetera Programable 12 Tazas,Cafetera de goteo con temporizador programable y jarra de vidrio,4283.62,29,1,2026-09-17 13:19:27,2026-09-17 13:44:27
3543,PROD-3543,Jeans 501 Original Fit,"Pantalón de mezclilla clásico de corte recto y ajuste cómodo (Talla XL, Color Negro)",2364.37,29,1,2026-09-20 01:09:01,2026-09-20 02:29:01
3544,PROD-3544,Camiseta Graphic Setin Neck,"Playera casual de algodón con estampado frontal (Talla S, Color Blanco)",416.84,90,1,2026-09-20 19:40:07,2026-09-20 19:44:07
3545,PROD-3545,Freidora de Aire 4L,Freidora sin aceite para cocinar de manera saludable y rápida,1610.94,17,1,2026-09-20 18:06:21,2026-09-20 18:27:21
3546,PROD-3546,Freidora XXL Airfryer,Freidora de aire de gran capacidad con tecnología de extracción de grasa,5349.74,57,1,2026-09-19 08:12:55,2026-09-19 09:58:55
3547,PROD-3547,Zapatillas Samba OG,"Tenis de estilo retro icónicos en cuero de primera calidad (Talla S, Color Verde)",2178.92,68,1,2026-09-18 10:33:45,2026-09-18 11:39:45
3548,PROD-3548,Freidora XXL Airfryer,Freidora de aire de gran capacidad con tecnología de extracción de grasa,5276.05,37,1,2026-09-21 09:03:22,2026-09-21 09:38:22
3549,PROD-3549,Smart TV 65 Neo QLED,Televisor inteligente 4K con tecnología de puntos cuánticos y alto contraste,19664.21,32,1,2026-09-21 03:22:29,2026-09-21 04:49:29
3550,PROD-3550,Monitor UltraGear 27,Monitor de alta frecuencia de actualización para juegos competitivos,30979.57,15,1,2026-09-22 09:35:25,2026-09-22 10:35:25
3551,PROD-3551,Zapatillas Air Max 270,"Calzado deportivo con cápsula de aire visible para máxima comodidad (Talla S, Color Rojo)",421.15,27,1,2026-09-17 15:32:53,2026-09-17 16:02:53
3552,PROD-3552,Freidora de Aire 4L,Freidora sin aceite para cocinar de manera saludable y rápida,831.82,56,1,2026-09-22 10:16:06,2026-09-22 10:38:06
3553,PROD-3553,Chaqueta Camionera de Mezclilla,"Chaqueta clásica de mezclilla resistente para uso diario (Talla L, Color Gris)",819.44,86,1,2026-09-19 20:40:03,2026-09-19 22:00:03
3554,PROD-3554,Cafetera Programable 12 Tazas,Cafetera de goteo con temporizador programable y jarra de vidrio,2323.42,41,1,2026-09-21 16:12:35,2026-09-21 17:57:35
3555,PROD-3555,Jeans 501 Original Fit,"Pantalón de mezclilla clásico de corte recto y ajuste cómodo (Talla M, Color Negro)",1931.94,47,1,2026-09-22 11:08:53,2026-09-22 12:32:53
3556,PROD-3556,Freidora de Aire 4L,Freidora sin aceite para cocinar de manera saludable y rápida,1633.53,31,1,2026-09-18 20:24:50,2026-09-18 21:16:50
3557,PROD-3557,Cafetera Programable 12 Tazas,Cafetera de goteo con temporizador programable y jarra de vidrio,1084.19,17,1,2026-09-18 21:33:41,2026-09-18 22:31:41
3558,PROD-3558,Jeans 501 Original Fit,"Pantalón de mezclilla clásico de corte recto y ajuste cómodo (Talla M, Color Rojo)",2305.37,82,1,2026-09-20 06:50:31,2026-09-20 07:41:31
3559,PROD-3559,Licuadora Reversible 2 Velocidades,Licuadora con motor reversible y vaso de vidrio resistente a choques térmicos,5036.34,49,1,2026-09-22 03:56:41,2026-09-22 04:53:41
3560,PROD-3560,MacBook Air 15 M2 256GB,Laptop ultra delgada y liviana con gran autonomía - Color Azul,11797.70,49,1,2026-09-19 10:00:53,2026-09-19 10:05:53
3561,PROD-3561,Zapatillas Air Max 270,"Calzado deportivo con cápsula de aire visible para máxima comodidad (Talla XL, Color Gris)",1427.65,20,1,2026-09-21 19:02:30,2026-09-21 20:10:30
3562,PROD-3562,Polera Sportswear Club Fleece,"Sudadera de felpa con capucha y ajuste estándar (Talla S, Color Blanco)",2228.46,99,1,2026-09-19 04:43:09,2026-09-19 06:30:09
3563,PROD-3563,Licuadora Reversible 2 Velocidades,Licuadora con motor reversible y vaso de vidrio resistente a choques térmicos,3077.31,53,1,2026-09-21 00:06:55,2026-09-21 01:03:55
3564,PROD-3564,Chaqueta Camionera de Mezclilla,"Chaqueta clásica de mezclilla resistente para uso diario (Talla L, Color Verde)",1210.14,29,1,2026-09-18 17:53:06,2026-09-18 18:09:06
3565,PROD-3565,Smartphone Redmi Note 13 Pro 1TB,Teléfono inteligente con excelente relación calidad-precio y gran cámara - Color Azul,29141.30,43,1,2026-09-22 06:02:40,2026-09-22 07:21:40
3566,PROD-3566,Aspiradora Inalámbrica SpeedPro,Aspiradora escoba sin cable con cabezal de succión de 180 grados,4848.33,16,1,2026-09-19 19:24:26,2026-09-19 20:38:26
3567,PROD-3567,Zapatillas Samba OG,"Tenis de estilo retro icónicos en cuero de primera calidad (Talla M, Color Blanco)",1959.26,42,1,2026-09-18 16:11:50,2026-09-18 17:28:50
3568,PROD-3568,Freidora XXL Airfryer,Freidora de aire de gran capacidad con tecnología de extracción de grasa,1659.97,34,1,2026-09-20 23:12:03,2026-09-21 00:31:03
3569,PROD-3569,Smart TV 65 Neo QLED,Televisor inteligente 4K con tecnología de puntos cuánticos y alto contraste,15301.83,9,1,2026-09-20 07:11:07,2026-09-20 09:10:07
3570,PROD-3570,Freidora XXL Airfryer,Freidora de aire de gran capacidad con tecnología de extracción de grasa,1837.49,30,1,2026-09-19 20:00:28,2026-09-19 21:18:28
3571,PROD-3571,Cafetera Programable 12 Tazas,Cafetera de goteo con temporizador programable y jarra de vidrio,7352.58,46,1,2026-09-22 08:19:32,2026-09-22 09:52:32
3572,PROD-3572,Licuadora Reversible 2 Velocidades,Licuadora con motor reversible y vaso de vidrio resistente a choques térmicos,2836.68,43,1,2026-09-22 00:07:23,2026-09-22 01:08:23
3573,PROD-3573,Polerón Adicolor Classics,"Sudadera clásica con el logotipo de las tres tiras (Talla XL, Color Verde)",1415.18,88,1,2026-09-18 16:23:09,2026-09-18 17:10:09
3574,PROD-3574,Chaqueta Camionera de Mezclilla,"Chaqueta clásica de mezclilla resistente para uso diario (Talla S, Color Blanco)",897.83,32,1,2026-09-17 20:13:29,2026-09-17 21:19:29
3575,PROD-3575,Zapatillas Ultraboost Light,"Tenis de running con retorno de energía superior y ligereza (Talla S, Color Gris)",780.31,77,1,2026-09-22 01:45:32,2026-09-22 02:09:32
3576,PROD-3576,Licuadora Reversible 2 Velocidades,Licuadora con motor reversible y vaso de vidrio resistente a choques térmicos,7931.92,33,1,2026-09-17 14:32:35,2026-09-17 14:35:35
3577,PROD-3577,Smartphone Galaxy Z Flip 6 512GB,Teléfono plegable compacto con pantalla exterior funcional - Color Negro,23659.19,47,1,2026-09-21 18:49:15,2026-09-21 19:48:15
3578,PROD-3578,Jeans 501 Original Fit,"Pantalón de mezclilla clásico de corte recto y ajuste cómodo (Talla L, Color Verde)",1751.94,39,1,2026-09-17 18:01:32,2026-09-17 19:52:32
3579,PROD-3579,Polerón Adicolor Classics,"Sudadera clásica con el logotipo de las tres tiras (Talla S, Color Blanco)",996.12,12,1,2026-09-18 18:50:15,2026-09-18 19:56:15
3580,PROD-3580,Aspiradora Inalámbrica SpeedPro,Aspiradora escoba sin cable con cabezal de succión de 180 grados,1557.52,48,1,2026-09-20 20:16:19,2026-09-20 21:16:19
3581,PROD-3581,Audífonos Galaxy Buds3 Pro,Audífonos inalámbricos con cancelación activa de ruido inteligente,15934.65,25,1,2026-09-21 14:53:01,2026-09-21 15:42:01
3582,PROD-3582,Jeans 511 Slim Fit,"Pantalón de mezclilla ajustado de estilo moderno (Talla L, Color Negro)",1058.44,100,1,2026-09-21 11:37:19,2026-09-21 11:56:19
3583,PROD-3583,Smart TV OLED C3 65,Televisor inteligente ideal para videojuegos y películas con pánel OLED,8790.39,19,1,2026-09-17 17:37:17,2026-09-17 18:49:17
3584,PROD-3584,Pantalón de Buzo Tech Fleece,"Pantalón deportivo térmico con diseño estilizado (Talla S, Color Rojo)",2378.05,81,1,2026-09-21 07:28:04,2026-09-21 08:19:04
3585,PROD-3585,Refrigeradora InstaView,Refrigerador inteligente con panel de cristal panorámico,33203.20,7,1,2026-09-21 11:37:56,2026-09-21 13:26:56
3586,PROD-3586,Zapatillas Running Pegasus 40,"Calzado de correr con amortiguación reactiva para entrenamiento (Talla M, Color Negro)",533.13,94,1,2026-09-19 18:11:35,2026-09-19 18:42:35
3587,PROD-3587,Freidora de Aire 4L,Freidora sin aceite para cocinar de manera saludable y rápida,5079.22,34,1,2026-09-18 03:44:48,2026-09-18 05:43:48
3588,PROD-3588,Aspiradora Inalámbrica SpeedPro,Aspiradora escoba sin cable con cabezal de succión de 180 grados,7834.10,17,1,2026-09-22 03:27:25,2026-09-22 05:04:25
3589,PROD-3589,Freidora XXL Airfryer,Freidora de aire de gran capacidad con tecnología de extracción de grasa,2753.11,58,1,2026-09-19 09:52:16,2026-09-19 10:54:16
3590,PROD-3590,Jeans 511 Slim Fit,"Pantalón de mezclilla ajustado de estilo moderno (Talla L, Color Blanco)",2423.39,94,1,2026-09-18 17:23:16,2026-09-18 18:24:16
3591,PROD-3591,Aspiradora Inalámbrica SpeedPro,Aspiradora escoba sin cable con cabezal de succión de 180 grados,1136.69,11,1,2026-09-20 13:22:27,2026-09-20 14:24:27
3592,PROD-3592,Jeans 511 Slim Fit,"Pantalón de mezclilla ajustado de estilo moderno (Talla S, Color Azul)",2479.75,54,1,2026-09-17 22:09:18,2026-09-17 22:37:18
3593,PROD-3593,Jeans 511 Slim Fit,"Pantalón de mezclilla ajustado de estilo moderno (Talla S, Color Blanco)",1844.27,89,1,2026-09-22 01:29:35,2026-09-22 03:15:35
3594,PROD-3594,Cafetera Programable 12 Tazas,Cafetera de goteo con temporizador programable y jarra de vidrio,1906.90,38,1,2026-09-18 17:16:19,2026-09-18 17:42:19
3595,PROD-3595,Jeans 511 Slim Fit,"Pantalón de mezclilla ajustado de estilo moderno (Talla L, Color Verde)",745.27,47,1,2026-09-19 10:19:51,2026-09-19 10:54:51
3596,PROD-3596,Zapatillas Running Pegasus 40,"Calzado de correr con amortiguación reactiva para entrenamiento (Talla S, Color Gris)",1410.77,13,1,2026-09-20 05:45:42,2026-09-20 07:20:42
3597,PROD-3597,Freidora XXL Airfryer,Freidora de aire de gran capacidad con tecnología de extracción de grasa,6285.95,28,1,2026-09-17 22:40:34,2026-09-18 00:38:34
3598,PROD-3598,Smart Band 8,Pulsera de actividad física con seguimiento del sueño y deporte,11908.02,43,1,2026-09-17 23:29:32,2026-09-18 01:09:32
3599,PROD-3599,Zapatillas Ultraboost Light,"Tenis de running con retorno de energía superior y ligereza (Talla L, Color Negro)",1389.14,40,1,2026-09-21 12:51:07,2026-09-21 13:12:07
3600,PROD-3600,Freidora XXL Airfryer,Freidora de aire de gran capacidad con tecnología de extracción de grasa,2436.68,32,1,2026-09-18 17:09:25,2026-09-18 17:41:25
3601,PROD-3601,Smart TV OLED C3 65,Televisor inteligente ideal para videojuegos y películas con pánel OLED,20321.23,27,1,2026-09-20 15:13:16,2026-09-20 15:13:16
3602,PROD-3602,Zapatillas Running Pegasus 40,"Calzado de correr con amortiguación reactiva para entrenamiento (Talla S, Color Verde)",1933.70,22,1,2026-09-19 11:51:10,2026-09-19 13:45:10
3603,PROD-3603,Polera Sportswear Club Fleece,"Sudadera de felpa con capucha y ajuste estándar (Talla XL, Color Verde)",1136.35,87,1,2026-09-21 14:09:43,2026-09-21 14:23:43
3604,PROD-3604,Camiseta Graphic Setin Neck,"Playera casual de algodón con estampado frontal (Talla XL, Color Negro)",458.74,11,1,2026-09-21 02:43:08,2026-09-21 03:14:08
3605,PROD-3605,Cámara Alpha 7 IV,Cámara mirrorless profesional de fotograma completo para foto y video,32193.99,12,1,2026-09-20 19:41:28,2026-09-20 20:16:28
3606,PROD-3606,Audífonos AirPods Pro 2,Audífonos intrauditivos con cancelación de ruido de nivel superior,5811.20,10,1,2026-09-22 10:14:25,2026-09-22 11:23:25
3607,PROD-3607,Apple Watch Series 10,Reloj inteligente con sensores avanzados de salud y actividad física,14474.80,15,1,2026-09-22 04:50:18,2026-09-22 06:50:18
3608,PROD-3608,Licuadora Reversible 2 Velocidades,Licuadora con motor reversible y vaso de vidrio resistente a choques térmicos,4304.44,60,1,2026-09-20 20:20:01,2026-09-20 21:30:01
3609,PROD-3609,Zapatillas Samba OG,"Tenis de estilo retro icónicos en cuero de primera calidad (Talla S, Color Verde)",1306.35,79,1,2026-09-17 14:55:21,2026-09-17 15:14:21
3610,PROD-3610,Zapatillas Air Max 270,"Calzado deportivo con cápsula de aire visible para máxima comodidad (Talla L, Color Negro)",2437.28,58,1,2026-09-19 06:14:58,2026-09-19 07:42:58
3611,PROD-3611,Polerón Adicolor Classics,"Sudadera clásica con el logotipo de las tres tiras (Talla M, Color Blanco)",1903.11,53,1,2026-09-21 22:05:19,2026-09-21 22:58:19
3612,PROD-3612,iPhone 16 Pro Max 256GB,Smartphone insignia de Apple con acabado en titanio y cámara profesional - Color Rojo,35483.60,24,1,2026-09-19 03:30:22,2026-09-19 05:18:22
3613,PROD-3613,Refrigeradora InstaView,Refrigerador inteligente con panel de cristal panorámico,32450.10,32,1,2026-09-20 12:05:23,2026-09-20 12:10:23
3614,PROD-3614,Freidora XXL Airfryer,Freidora de aire de gran capacidad con tecnología de extracción de grasa,4934.01,10,1,2026-09-21 16:04:08,2026-09-21 17:35:08
3615,PROD-3615,Refrigeradora InstaView,Refrigerador inteligente con panel de cristal panorámico,22337.24,39,1,2026-09-21 22:23:15,2026-09-22 00:08:15
3616,PROD-3616,Freidora XXL Airfryer,Freidora de aire de gran capacidad con tecnología de extracción de grasa,999.34,20,1,2026-09-21 16:15:03,2026-09-21 18:04:03
3617,PROD-3617,Smart Band 8,Pulsera de actividad física con seguimiento del sueño y deporte,4059.23,26,1,2026-09-20 19:19:57,2026-09-20 19:54:57
3618,PROD-3618,Freidora XXL Airfryer,Freidora de aire de gran capacidad con tecnología de extracción de grasa,3006.12,59,1,2026-09-19 23:16:04,2026-09-19 23:46:04
3619,PROD-3619,Smartphone Galaxy S26+ 1TB,Teléfono inteligente con procesador de última generación y batería de larga duración - Color Negro,10982.04,34,1,2026-09-22 09:25:54,2026-09-22 10:52:54
3620,PROD-3620,Licuadora Reversible 2 Velocidades,Licuadora con motor reversible y vaso de vidrio resistente a choques térmicos,537.48,22,1,2026-09-21 04:34:52,2026-09-21 06:29:52
3621,PROD-3621,Zapatillas Ultraboost Light,"Tenis de running con retorno de energía superior y ligereza (Talla XL, Color Azul)",2396.74,56,1,2026-09-21 20:40:51,2026-09-21 21:15:51
3622,PROD-3622,Zapatillas Air Force 1 '07,"Tenis clásicos de cuero blanco para uso urbano y casual (Talla M, Color Verde)",2275.11,20,1,2026-09-20 05:44:30,2026-09-20 07:20:30
3623,PROD-3623,Smart TV Bravia XR OLED 55,Televisor OLED con negros absolutos y procesador de imagen cognitivo,26979.37,44,1,2026-09-21 00:27:22,2026-09-21 01:10:22
3624,PROD-3624,Cafetera Programable 12 Tazas,Cafetera de goteo con temporizador programable y jarra de vidrio,2469.47,58,1,2026-09-20 11:52:35,2026-09-20 13:34:35
3625,PROD-3625,Zapatillas Air Max 270,"Calzado deportivo con cápsula de aire visible para máxima comodidad (Talla XL, Color Blanco)",883.62,99,1,2026-09-22 03:38:20,2026-09-22 04:51:20
3626,PROD-3626,Chaqueta Camionera de Mezclilla,"Chaqueta clásica de mezclilla resistente para uso diario (Talla M, Color Negro)",646.42,59,1,2026-09-17 23:50:20,2026-09-18 01:24:20
3627,PROD-3627,Freidora XXL Airfryer,Freidora de aire de gran capacidad con tecnología de extracción de grasa,1386.02,39,1,2026-09-22 11:30:17,2026-09-22 12:41:17
3628,PROD-3628,Jeans 511 Slim Fit,"Pantalón de mezclilla ajustado de estilo moderno (Talla XL, Color Rojo)",1212.76,52,1,2026-09-22 11:27:11,2026-09-22 11:33:11
3629,PROD-3629,Jeans 501 Original Fit,"Pantalón de mezclilla clásico de corte recto y ajuste cómodo (Talla XL, Color Azul)",863.22,11,1,2026-09-19 19:08:07,2026-09-19 19:13:07
3630,PROD-3630,Refrigeradora InstaView,Refrigerador inteligente con panel de cristal panorámico,3614.42,45,1,2026-09-20 03:34:40,2026-09-20 04:08:40
3631,PROD-3631,Refrigeradora InstaView,Refrigerador inteligente con panel de cristal panorámico,21365.78,5,1,2026-09-18 20:37:07,2026-09-18 21:52:07
3632,PROD-3632,Smart TV OLED C3 65,Televisor inteligente ideal para videojuegos y películas con pánel OLED,35589.50,8,1,2026-09-22 10:25:05,2026-09-22 11:59:05
3633,PROD-3633,Smartphone Galaxy S26 512GB,Smartphone compacto con pantalla fluida y excelente rendimiento - Color Blanco,1327.34,21,1,2026-09-19 14:28:31,2026-09-19 14:48:31
3634,PROD-3634,Freidora de Aire 4L,Freidora sin aceite para cocinar de manera saludable y rápida,6153.02,44,1,2026-09-20 09:11:34,2026-09-20 10:40:34
3635,PROD-3635,Freidora XXL Airfryer,Freidora de aire de gran capacidad con tecnología de extracción de grasa,6916.76,44,1,2026-09-21 11:39:58,2026-09-21 13:24:58
3636,PROD-3636,Smartphone Redmi Note 13 Pro 128GB,Teléfono inteligente con excelente relación calidad-precio y gran cámara - Color Rojo,25939.58,32,1,2026-09-17 19:22:18,2026-09-17 19:39:18
3637,PROD-3637,Pantalón de Buzo Tech Fleece,"Pantalón deportivo térmico con diseño estilizado (Talla L, Color Verde)",1041.61,44,1,2026-09-21 08:53:02,2026-09-21 10:08:02
3638,PROD-3638,Tablet Galaxy Tab S9 512GB,"Tableta de alto rendimiento para diseño, trabajo y entretenimiento - Color Verde",20267.71,43,1,2026-09-19 06:06:30,2026-09-19 07:34:30
3639,PROD-3639,Zapatillas Air Max 270,"Calzado deportivo con cápsula de aire visible para máxima comodidad (Talla S, Color Negro)",1548.49,90,1,2026-09-20 22:49:11,2026-09-20 23:04:11
3640,PROD-3640,Aspiradora Inalámbrica SpeedPro,Aspiradora escoba sin cable con cabezal de succión de 180 grados,5182.30,41,1,2026-09-18 19:53:29,2026-09-18 20:29:29
3641,PROD-3641,Pantalón de Buzo Tech Fleece,"Pantalón deportivo térmico con diseño estilizado (Talla XL, Color Blanco)",2213.96,86,1,2026-09-22 08:46:25,2026-09-22 10:13:25
3642,PROD-3642,Jeans 501 Original Fit,"Pantalón de mezclilla clásico de corte recto y ajuste cómodo (Talla XL, Color Rojo)",1414.34,50,1,2026-09-21 18:58:07,2026-09-21 19:50:07
3643,PROD-3643,Jeans 511 Slim Fit,"Pantalón de mezclilla ajustado de estilo moderno (Talla XL, Color Negro)",2093.35,27,1,2026-09-19 10:11:52,2026-09-19 11:20:52
3644,PROD-3644,Camiseta Graphic Setin Neck,"Playera casual de algodón con estampado frontal (Talla S, Color Gris)",1315.16,91,1,2026-09-18 11:34:33,2026-09-18 13:10:33
3645,PROD-3645,Zapatillas Air Force 1 '07,"Tenis clásicos de cuero blanco para uso urbano y casual (Talla M, Color Blanco)",1109.64,18,1,2026-09-19 18:24:29,2026-09-19 19:28:29
3646,PROD-3646,Jeans 501 Original Fit,"Pantalón de mezclilla clásico de corte recto y ajuste cómodo (Talla L, Color Blanco)",1813.92,18,1,2026-09-20 05:22:00,2026-09-20 05:51:00
3647,PROD-3647,Freidora de Aire 4L,Freidora sin aceite para cocinar de manera saludable y rápida,4177.58,14,1,2026-09-19 11:08:07,2026-09-19 12:02:07
3648,PROD-3648,Parlante Portátil SRS-XG300,Bocina inalámbrica portátil resistente al agua con graves potentes,16121.34,8,1,2026-09-19 19:29:34,2026-09-19 19:45:34
3649,PROD-3649,Cámara Alpha 7 IV,Cámara mirrorless profesional de fotograma completo para foto y video,3164.39,20,1,2026-09-21 03:08:27,2026-09-21 03:49:27
3650,PROD-3650,Zapatillas Running Pegasus 40,"Calzado de correr con amortiguación reactiva para entrenamiento (Talla L, Color Negro)",1875.76,43,1,2026-09-21 23:42:13,2026-09-22 01:17:13
3651,PROD-3651,Jeans 501 Original Fit,"Pantalón de mezclilla clásico de corte recto y ajuste cómodo (Talla L, Color Verde)",2368.78,69,1,2026-09-21 02:05:29,2026-09-21 02:11:29
3652,PROD-3652,Zapatillas Samba OG,"Tenis de estilo retro icónicos en cuero de primera calidad (Talla S, Color Rojo)",2357.19,20,1,2026-09-22 03:34:12,2026-09-22 04:56:12
3653,PROD-3653,Aspiradora Inalámbrica SpeedPro,Aspiradora escoba sin cable con cabezal de succión de 180 grados,7729.62,27,1,2026-09-21 21:44:58,2026-09-21 22:35:58
3654,PROD-3654,Freidora de Aire 4L,Freidora sin aceite para cocinar de manera saludable y rápida,2908.74,15,1,2026-09-20 21:45:08,2026-09-20 22:15:08
3655,PROD-3655,Barra de Sonido HT-A7000,Sistema de audio para cine en casa con soporte Dolby Atmos,22058.20,21,1,2026-09-21 08:27:09,2026-09-21 09:52:09
3656,PROD-3656,Aspiradora Inalámbrica SpeedPro,Aspiradora escoba sin cable con cabezal de succión de 180 grados,4556.73,8,1,2026-09-19 19:36:52,2026-09-19 21:03:52
3657,PROD-3657,Jeans 511 Slim Fit,"Pantalón de mezclilla ajustado de estilo moderno (Talla M, Color Verde)",1842.24,70,1,2026-09-22 09:48:21,2026-09-22 11:21:21
3658,PROD-3658,Monitor UltraGear 27,Monitor de alta frecuencia de actualización para juegos competitivos,9174.80,5,1,2026-09-22 10:26:59,2026-09-22 11:48:59
3659,PROD-3659,Smart TV OLED C3 65,Televisor inteligente ideal para videojuegos y películas con pánel OLED,6319.96,43,1,2026-09-19 17:31:16,2026-09-19 18:26:16
3660,PROD-3660,Jeans 511 Slim Fit,"Pantalón de mezclilla ajustado de estilo moderno (Talla M, Color Blanco)",1833.94,87,1,2026-09-21 18:51:04,2026-09-21 19:52:04
3661,PROD-3661,MacBook Pro 16 M3 1TB,Computadora portátil profesional para edición de video y desarrollo - Color Gris,9697.21,16,1,2026-09-20 22:45:48,2026-09-21 00:42:48
3662,PROD-3662,Audífonos Bluetooth WH-1000XM5,Audífonos inalámbricos con la mejor cancelación de ruido del mercado,27589.57,30,1,2026-09-22 10:11:07,2026-09-22 12:05:07
3663,PROD-3663,Zapatillas Running Pegasus 40,"Calzado de correr con amortiguación reactiva para entrenamiento (Talla M, Color Gris)",705.48,70,1,2026-09-18 23:35:23,2026-09-19 00:54:23
3664,PROD-3664,Licuadora Reversible 2 Velocidades,Licuadora con motor reversible y vaso de vidrio resistente a choques térmicos,5879.07,29,1,2026-09-21 12:01:16,2026-09-21 12:19:16
3665,PROD-3665,MacBook Pro 16 M3 256GB,Computadora portátil profesional para edición de video y desarrollo - Color Negro,20920.72,21,1,2026-09-21 17:24:53,2026-09-21 17:24:53
3666,PROD-3666,Robot Aspiradora X10+,Aspiradora robótica con estación de vaciado automático y mapeo láser,7205.91,16,1,2026-09-20 16:17:46,2026-09-20 16:52:46
3667,PROD-3667,Jeans 511 Slim Fit,"Pantalón de mezclilla ajustado de estilo moderno (Talla L, Color Azul)",1768.66,87,1,2026-09-21 03:10:43,2026-09-21 04:17:43
3668,PROD-3668,Smart TV OLED C3 65,Televisor inteligente ideal para videojuegos y películas con pánel OLED,28889.19,35,1,2026-09-19 13:22:23,2026-09-19 15:06:23
3669,PROD-3669,Chaqueta Camionera de Mezclilla,"Chaqueta clásica de mezclilla resistente para uso diario (Talla L, Color Verde)",1085.51,59,1,2026-09-17 21:29:42,2026-09-17 23:26:42
3670,PROD-3670,Pantalón de Buzo Tech Fleece,"Pantalón deportivo térmico con diseño estilizado (Talla S, Color Blanco)",1534.90,38,1,2026-09-18 07:12:52,2026-09-18 07:15:52
3671,PROD-3671,Patinete Eléctrico Pro 4,Scooter eléctrico con gran autonomía para movilidad urbana,35456.19,18,1,2026-09-21 15:11:08,2026-09-21 15:30:08
3672,PROD-3672,Smartphone Xiaomi 14 Ultra 256GB,Smartphone de gama alta enfocado en fotografía profesional Leica - Color Azul,16453.71,34,1,2026-09-18 20:54:30,2026-09-18 21:20:30
3673,PROD-3673,Robot Aspiradora X10+,Aspiradora robótica con estación de vaciado automático y mapeo láser,25344.44,7,1,2026-09-19 23:08:04,2026-09-19 23:59:04
3674,PROD-3674,Zapatillas Samba OG,"Tenis de estilo retro icónicos en cuero de primera calidad (Talla S, Color Azul)",357.42,81,1,2026-09-19 17:45:28,2026-09-19 17:51:28
3675,PROD-3675,Smartphone Redmi Note 13 Pro 512GB,Teléfono inteligente con excelente relación calidad-precio y gran cámara - Color Rojo,11618.31,44,1,2026-09-20 14:25:33,2026-09-20 16:06:33
3676,PROD-3676,Chaqueta Camionera de Mezclilla,"Chaqueta clásica de mezclilla resistente para uso diario (Talla S, Color Verde)",2121.80,91,1,2026-09-20 09:58:59,2026-09-20 11:39:59
3677,PROD-3677,Freidora XXL Airfryer,Freidora de aire de gran capacidad con tecnología de extracción de grasa,1405.30,39,1,2026-09-19 04:28:03,2026-09-19 04:30:03
3678,PROD-3678,Aspiradora Inalámbrica SpeedPro,Aspiradora escoba sin cable con cabezal de succión de 180 grados,6339.41,31,1,2026-09-20 14:51:02,2026-09-20 15:12:02
3679,PROD-3679,Pantalón de Buzo Tech Fleece,"Pantalón deportivo térmico con diseño estilizado (Talla M, Color Gris)",1573.73,10,1,2026-09-20 03:41:21,2026-09-20 05:27:21
3680,PROD-3680,Smartphone Galaxy S26 Ultra 256GB,Smartphone de alta gama con cámara de 200MP y pantalla Dynamic AMOLED - Color Verde,14871.75,37,1,2026-09-21 13:34:22,2026-09-21 14:19:22
3681,PROD-3681,Aspiradora Inalámbrica SpeedPro,Aspiradora escoba sin cable con cabezal de succión de 180 grados,7588.57,54,1,2026-09-17 23:26:45,2026-09-18 00:02:45
3682,PROD-3682,Aspiradora Inalámbrica SpeedPro,Aspiradora escoba sin cable con cabezal de succión de 180 grados,2794.47,39,1,2026-09-21 11:08:41,2026-09-21 12:23:41
3683,PROD-3683,Audífonos Galaxy Buds3 Pro,Audífonos inalámbricos con cancelación activa de ruido inteligente,33348.56,42,1,2026-09-21 18:54:23,2026-09-21 20:32:23
3684,PROD-3684,Aspiradora Inalámbrica SpeedPro,Aspiradora escoba sin cable con cabezal de succión de 180 grados,6800.06,46,1,2026-09-22 08:06:09,2026-09-22 08:15:09
3685,PROD-3685,Polerón Adicolor Classics,"Sudadera clásica con el logotipo de las tres tiras (Talla XL, Color Negro)",1616.95,89,1,2026-09-19 10:59:02,2026-09-19 12:43:02
3686,PROD-3686,Chaqueta Camionera de Mezclilla,"Chaqueta clásica de mezclilla resistente para uso diario (Talla M, Color Blanco)",2120.62,65,1,2026-09-19 08:18:18,2026-09-19 08:45:18
3687,PROD-3687,MacBook Pro 16 M3 512GB,Computadora portátil profesional para edición de video y desarrollo - Color Azul,4100.74,11,1,2026-09-18 11:58:01,2026-09-18 13:29:01
3688,PROD-3688,Cafetera Programable 12 Tazas,Cafetera de goteo con temporizador programable y jarra de vidrio,6989.38,14,1,2026-09-19 13:06:11,2026-09-19 14:24:11
3689,PROD-3689,Zapatillas Samba OG,"Tenis de estilo retro icónicos en cuero de primera calidad (Talla M, Color Gris)",385.01,99,1,2026-09-17 23:46:30,2026-09-18 00:09:30
3690,PROD-3690,Aspiradora Inalámbrica SpeedPro,Aspiradora escoba sin cable con cabezal de succión de 180 grados,6033.98,18,1,2026-09-18 09:07:49,2026-09-18 11:03:49
3691,PROD-3691,Refrigeradora InstaView,Refrigerador inteligente con panel de cristal panorámico,25463.56,24,1,2026-09-20 13:35:37,2026-09-20 14:13:37
3692,PROD-3692,iPad Pro 12.9,Tableta profesional con pantalla Liquid Retina XDR y chip M2,14618.05,34,1,2026-09-22 01:49:48,2026-09-22 02:53:48
3693,PROD-3693,Freidora XXL Airfryer,Freidora de aire de gran capacidad con tecnología de extracción de grasa,6839.06,57,1,2026-09-20 14:06:01,2026-09-20 15:13:01
3694,PROD-3694,MacBook Pro 16 M3 1TB,Computadora portátil profesional para edición de video y desarrollo - Color Rojo,23325.08,46,1,2026-09-20 11:27:47,2026-09-20 11:34:47
3695,PROD-3695,Polerón Adicolor Classics,"Sudadera clásica con el logotipo de las tres tiras (Talla L, Color Negro)",1184.06,16,1,2026-09-19 21:05:41,2026-09-19 22:34:41
3696,PROD-3696,MacBook Air 15 M2 512GB,Laptop ultra delgada y liviana con gran autonomía - Color Azul,11361.13,41,1,2026-09-21 04:24:43,2026-09-21 05:32:43
3697,PROD-3697,Zapatillas Air Force 1 '07,"Tenis clásicos de cuero blanco para uso urbano y casual (Talla L, Color Rojo)",1271.02,66,1,2026-09-21 07:55:05,2026-09-21 08:29:05
3698,PROD-3698,Freidora XXL Airfryer,Freidora de aire de gran capacidad con tecnología de extracción de grasa,7115.31,42,1,2026-09-19 00:16:20,2026-09-19 00:16:20
3699,PROD-3699,Freidora XXL Airfryer,Freidora de aire de gran capacidad con tecnología de extracción de grasa,1930.11,59,1,2026-09-18 06:29:18,2026-09-18 06:35:18
3700,PROD-3700,Cafetera Programable 12 Tazas,Cafetera de goteo con temporizador programable y jarra de vidrio,7088.43,34,1,2026-09-18 01:17:44,2026-09-18 02:06:44
3701,PROD-3701,Jeans 501 Original Fit,"Pantalón de mezclilla clásico de corte recto y ajuste cómodo (Talla S, Color Azul)",1043.70,50,1,2026-09-21 23:46:52,2026-09-22 00:43:52
3702,PROD-3702,Aspiradora Inalámbrica SpeedPro,Aspiradora escoba sin cable con cabezal de succión de 180 grados,2912.13,50,1,2026-09-20 17:14:20,2026-09-20 18:05:20
3703,PROD-3703,Polera Sportswear Club Fleece,"Sudadera de felpa con capucha y ajuste estándar (Talla XL, Color Gris)",564.73,32,1,2026-09-19 02:12:45,2026-09-19 03:12:45
3704,PROD-3704,Zapatillas Air Force 1 '07,"Tenis clásicos de cuero blanco para uso urbano y casual (Talla S, Color Negro)",1180.79,67,1,2026-09-19 14:16:23,2026-09-19 15:22:23
3705,PROD-3705,Zapatillas Ultraboost Light,"Tenis de running con retorno de energía superior y ligereza (Talla L, Color Verde)",473.60,19,1,2026-09-20 01:30:29,2026-09-20 02:18:29
3706,PROD-3706,Polera Sportswear Club Fleece,"Sudadera de felpa con capucha y ajuste estándar (Talla S, Color Blanco)",726.52,42,1,2026-09-19 09:10:11,2026-09-19 09:43:11
3707,PROD-3707,Refrigeradora InstaView,Refrigerador inteligente con panel de cristal panorámico,22212.59,23,1,2026-09-17 13:49:44,2026-09-17 14:07:44
3708,PROD-3708,Audífonos AirPods Pro 2,Audífonos intrauditivos con cancelación de ruido de nivel superior,14932.02,39,1,2026-09-20 03:07:17,2026-09-20 03:09:17
3709,PROD-3709,Freidora de Aire 4L,Freidora sin aceite para cocinar de manera saludable y rápida,6636.43,10,1,2026-09-21 23:27:04,2026-09-21 23:35:04
3710,PROD-3710,Jeans 511 Slim Fit,"Pantalón de mezclilla ajustado de estilo moderno (Talla XL, Color Blanco)",448.00,89,1,2026-09-19 08:33:09,2026-09-19 10:16:09
3711,PROD-3711,Jeans 511 Slim Fit,"Pantalón de mezclilla ajustado de estilo moderno (Talla XL, Color Negro)",722.72,98,1,2026-09-19 13:34:29,2026-09-19 15:07:29
3712,PROD-3712,Refrigeradora InstaView,Refrigerador inteligente con panel de cristal panorámico,26623.90,19,1,2026-09-17 17:32:11,2026-09-17 18:49:11
3713,PROD-3713,Zapatillas Ultraboost Light,"Tenis de running con retorno de energía superior y ligereza (Talla M, Color Gris)",1786.14,11,1,2026-09-21 02:08:37,2026-09-21 03:46:37
3714,PROD-3714,Zapatillas Ultraboost Light,"Tenis de running con retorno de energía superior y ligereza (Talla XL, Color Rojo)",1392.30,83,1,2026-09-20 12:01:52,2026-09-20 12:18:52
3715,PROD-3715,Zapatillas Air Max 270,"Calzado deportivo con cápsula de aire visible para máxima comodidad (Talla L, Color Negro)",800.95,59,1,2026-09-21 05:51:32,2026-09-21 06:25:32
3716,PROD-3716,Freidora de Aire 4L,Freidora sin aceite para cocinar de manera saludable y rápida,2815.08,10,1,2026-09-20 08:41:24,2026-09-20 09:07:24
3717,PROD-3717,Pantalón de Buzo Tech Fleece,"Pantalón deportivo térmico con diseño estilizado (Talla L, Color Rojo)",2443.42,11,1,2026-09-21 00:33:51,2026-09-21 01:14:51
3718,PROD-3718,Polerón Adicolor Classics,"Sudadera clásica con el logotipo de las tres tiras (Talla M, Color Rojo)",890.11,12,1,2026-09-19 14:09:25,2026-09-19 15:23:25
3719,PROD-3719,Licuadora Reversible 2 Velocidades,Licuadora con motor reversible y vaso de vidrio resistente a choques térmicos,5399.74,35,1,2026-09-17 13:16:06,2026-09-17 13:37:06
3720,PROD-3720,Aspiradora Inalámbrica SpeedPro,Aspiradora escoba sin cable con cabezal de succión de 180 grados,1518.26,59,1,2026-09-17 19:33:38,2026-09-17 21:15:38
3721,PROD-3721,Tablet Galaxy Tab S9 256GB,"Tableta de alto rendimiento para diseño, trabajo y entretenimiento - Color Gris",18980.75,44,1,2026-09-17 15:40:02,2026-09-17 16:39:02
3722,PROD-3722,Audífonos Bluetooth WH-1000XM5,Audífonos inalámbricos con la mejor cancelación de ruido del mercado,1950.85,11,1,2026-09-20 23:10:42,2026-09-21 00:45:42
3723,PROD-3723,Zapatillas Samba OG,"Tenis de estilo retro icónicos en cuero de primera calidad (Talla XL, Color Gris)",1495.07,68,1,2026-09-19 17:54:48,2026-09-19 19:12:48
3724,PROD-3724,Chaqueta Camionera de Mezclilla,"Chaqueta clásica de mezclilla resistente para uso diario (Talla S, Color Rojo)",2283.61,44,1,2026-09-21 17:07:22,2026-09-21 18:13:22
3725,PROD-3725,Licuadora Reversible 2 Velocidades,Licuadora con motor reversible y vaso de vidrio resistente a choques térmicos,428.07,41,1,2026-09-22 03:00:30,2026-09-22 04:32:30
3726,PROD-3726,Monitor UltraGear 27,Monitor de alta frecuencia de actualización para juegos competitivos,28428.13,38,1,2026-09-19 22:50:39,2026-09-20 00:19:39
3727,PROD-3727,Freidora XXL Airfryer,Freidora de aire de gran capacidad con tecnología de extracción de grasa,4736.19,18,1,2026-09-19 00:44:44,2026-09-19 02:06:44
3728,PROD-3728,Apple Watch Series 10,Reloj inteligente con sensores avanzados de salud y actividad física,1605.04,46,1,2026-09-19 17:37:30,2026-09-19 19:09:30
3729,PROD-3729,Aspiradora Inalámbrica SpeedPro,Aspiradora escoba sin cable con cabezal de succión de 180 grados,1659.67,34,1,2026-09-20 11:05:49,2026-09-20 11:42:49
3730,PROD-3730,Licuadora Reversible 2 Velocidades,Licuadora con motor reversible y vaso de vidrio resistente a choques térmicos,6854.73,36,1,2026-09-18 17:08:24,2026-09-18 18:37:24
3731,PROD-3731,Smart Band 8,Pulsera de actividad física con seguimiento del sueño y deporte,6953.66,42,1,2026-09-18 20:13:22,2026-09-18 21:37:22
3732,PROD-3732,Freidora de Aire 4L,Freidora sin aceite para cocinar de manera saludable y rápida,1101.27,59,1,2026-09-20 18:14:34,2026-09-20 20:12:34
3733,PROD-3733,Robot Aspiradora X10+,Aspiradora robótica con estación de vaciado automático y mapeo láser,18273.17,23,1,2026-09-22 06:33:03,2026-09-22 06:51:03
3734,PROD-3734,Polera Sportswear Club Fleece,"Sudadera de felpa con capucha y ajuste estándar (Talla L, Color Azul)",1689.14,85,1,2026-09-17 16:31:05,2026-09-17 18:30:05
3735,PROD-3735,Jeans 511 Slim Fit,"Pantalón de mezclilla ajustado de estilo moderno (Talla M, Color Azul)",1908.61,38,1,2026-09-21 12:19:15,2026-09-21 13:19:15
3736,PROD-3736,Robot Aspiradora X10+,Aspiradora robótica con estación de vaciado automático y mapeo láser,18341.84,42,1,2026-09-17 17:02:17,2026-09-17 17:21:17
3737,PROD-3737,Audífonos AirPods Max,Audífonos de diadema inalámbricos con sonido de alta fidelidad,24615.49,41,1,2026-09-17 21:21:17,2026-09-17 21:25:17
3738,PROD-3738,Aspiradora Inalámbrica SpeedPro,Aspiradora escoba sin cable con cabezal de succión de 180 grados,6661.81,59,1,2026-09-21 21:09:41,2026-09-21 22:18:41
3739,PROD-3739,Freidora XXL Airfryer,Freidora de aire de gran capacidad con tecnología de extracción de grasa,5500.35,43,1,2026-09-19 05:58:13,2026-09-19 07:41:13
3740,PROD-3740,Zapatillas Running Pegasus 40,"Calzado de correr con amortiguación reactiva para entrenamiento (Talla L, Color Verde)",907.90,90,1,2026-09-22 08:18:59,2026-09-22 09:14:59
3741,PROD-3741,Polera Sportswear Club Fleece,"Sudadera de felpa con capucha y ajuste estándar (Talla L, Color Blanco)",1625.70,19,1,2026-09-22 12:19:07,2026-09-22 14:11:07
3742,PROD-3742,Freidora de Aire 4L,Freidora sin aceite para cocinar de manera saludable y rápida,6092.00,37,1,2026-09-20 15:59:37,2026-09-20 16:07:37
3743,PROD-3743,Zapatillas Ultraboost Light,"Tenis de running con retorno de energía superior y ligereza (Talla L, Color Azul)",1645.44,81,1,2026-09-21 01:43:42,2026-09-21 02:21:42
3744,PROD-3744,Polerón Adicolor Classics,"Sudadera clásica con el logotipo de las tres tiras (Talla XL, Color Blanco)",1220.72,80,1,2026-09-18 19:42:26,2026-09-18 20:46:26
3745,PROD-3745,Polerón Adicolor Classics,"Sudadera clásica con el logotipo de las tres tiras (Talla XL, Color Azul)",791.53,12,1,2026-09-18 11:45:50,2026-09-18 11:47:50
3746,PROD-3746,Aspiradora Inalámbrica SpeedPro,Aspiradora escoba sin cable con cabezal de succión de 180 grados,1002.48,23,1,2026-09-21 03:34:13,2026-09-21 04:25:13
3747,PROD-3747,Licuadora Reversible 2 Velocidades,Licuadora con motor reversible y vaso de vidrio resistente a choques térmicos,1270.32,48,1,2026-09-22 07:37:49,2026-09-22 09:02:49
3748,PROD-3748,Cafetera Programable 12 Tazas,Cafetera de goteo con temporizador programable y jarra de vidrio,6857.91,55,1,2026-09-18 01:57:25,2026-09-18 03:07:25
3749,PROD-3749,Licuadora Reversible 2 Velocidades,Licuadora con motor reversible y vaso de vidrio resistente a choques térmicos,7455.83,49,1,2026-09-22 08:01:56,2026-09-22 09:10:56
3750,PROD-3750,Freidora XXL Airfryer,Freidora de aire de gran capacidad con tecnología de extracción de grasa,4281.65,16,1,2026-09-22 11:52:21,2026-09-22 13:35:21
3751,PROD-3751,Smartphone Redmi Note 13 Pro 1TB,Teléfono inteligente con excelente relación calidad-precio y gran cámara - Color Azul,25892.04,43,1,2026-09-17 18:26:49,2026-09-17 20:17:49
3752,PROD-3752,Monitor Odyssey G9,Monitor curvo ultrawide diseñado para gaming profesional,21307.84,19,1,2026-09-20 11:10:02,2026-09-20 12:49:02
3753,PROD-3753,Refrigeradora InstaView,Refrigerador inteligente con panel de cristal panorámico,5611.24,40,1,2026-09-21 05:27:58,2026-09-21 07:21:58
3754,PROD-3754,MacBook Air 15 M2 1TB,Laptop ultra delgada y liviana con gran autonomía - Color Verde,11284.48,34,1,2026-09-17 19:50:27,2026-09-17 20:21:27
3755,PROD-3755,Freidora XXL Airfryer,Freidora de aire de gran capacidad con tecnología de extracción de grasa,3597.50,28,1,2026-09-20 08:08:14,2026-09-20 09:13:14
3756,PROD-3756,Freidora XXL Airfryer,Freidora de aire de gran capacidad con tecnología de extracción de grasa,7973.73,20,1,2026-09-19 14:22:51,2026-09-19 15:07:51
3757,PROD-3757,Freidora XXL Airfryer,Freidora de aire de gran capacidad con tecnología de extracción de grasa,6482.78,36,1,2026-09-18 23:29:52,2026-09-19 01:03:52
3758,PROD-3758,MacBook Pro 16 M3 128GB,Computadora portátil profesional para edición de video y desarrollo - Color Gris,12189.07,45,1,2026-09-17 19:19:46,2026-09-17 20:46:46
3759,PROD-3759,Zapatillas Air Force 1 '07,"Tenis clásicos de cuero blanco para uso urbano y casual (Talla L, Color Blanco)",1733.97,77,1,2026-09-20 10:47:15,2026-09-20 12:06:15
3760,PROD-3760,Cafetera Programable 12 Tazas,Cafetera de goteo con temporizador programable y jarra de vidrio,2481.25,60,1,2026-09-19 05:54:37,2026-09-19 06:27:37
3761,PROD-3761,Cámara Alpha 7 IV,Cámara mirrorless profesional de fotograma completo para foto y video,35355.87,39,1,2026-09-18 19:34:55,2026-09-18 19:47:55
3762,PROD-3762,Consola PlayStation 5 Slim,Consola de videojuegos de última generación con almacenamiento SSD ultra rápido,11454.19,35,1,2026-09-17 20:35:46,2026-09-17 21:58:46
3763,PROD-3763,Licuadora Reversible 2 Velocidades,Licuadora con motor reversible y vaso de vidrio resistente a choques térmicos,7515.19,49,1,2026-09-22 08:38:21,2026-09-22 09:19:21
3764,PROD-3764,Apple Watch Series 10,Reloj inteligente con sensores avanzados de salud y actividad física,19519.27,33,1,2026-09-18 05:41:15,2026-09-18 06:22:15
3765,PROD-3765,Freidora XXL Airfryer,Freidora de aire de gran capacidad con tecnología de extracción de grasa,6051.77,45,1,2026-09-21 10:09:06,2026-09-21 11:05:06
3766,PROD-3766,Zapatillas Samba OG,"Tenis de estilo retro icónicos en cuero de primera calidad (Talla S, Color Blanco)",849.06,48,1,2026-09-22 10:14:38,2026-09-22 11:53:38
3767,PROD-3767,Aspiradora Inalámbrica SpeedPro,Aspiradora escoba sin cable con cabezal de succión de 180 grados,3640.27,26,1,2026-09-19 03:28:14,2026-09-19 04:20:14
3768,PROD-3768,Zapatillas Samba OG,"Tenis de estilo retro icónicos en cuero de primera calidad (Talla S, Color Blanco)",2111.72,64,1,2026-09-21 22:47:13,2026-09-22 00:36:13
3769,PROD-3769,Zapatillas Air Force 1 '07,"Tenis clásicos de cuero blanco para uso urbano y casual (Talla S, Color Azul)",818.55,27,1,2026-09-21 06:24:25,2026-09-21 07:04:25
3770,PROD-3770,Camiseta Graphic Setin Neck,"Playera casual de algodón con estampado frontal (Talla M, Color Negro)",1113.39,73,1,2026-09-19 18:25:11,2026-09-19 19:22:11
3771,PROD-3771,Cafetera Programable 12 Tazas,Cafetera de goteo con temporizador programable y jarra de vidrio,7316.09,50,1,2026-09-18 10:33:43,2026-09-18 11:57:43
3772,PROD-3772,Jeans 501 Original Fit,"Pantalón de mezclilla clásico de corte recto y ajuste cómodo (Talla XL, Color Rojo)",2014.15,36,1,2026-09-21 20:36:30,2026-09-21 20:40:30
3773,PROD-3773,Smart TV OLED C3 65,Televisor inteligente ideal para videojuegos y películas con pánel OLED,12265.65,28,1,2026-09-21 19:48:53,2026-09-21 21:12:53
3774,PROD-3774,Zapatillas Ultraboost Light,"Tenis de running con retorno de energía superior y ligereza (Talla M, Color Blanco)",726.36,21,1,2026-09-19 19:51:22,2026-09-19 21:40:22
3775,PROD-3775,Freidora XXL Airfryer,Freidora de aire de gran capacidad con tecnología de extracción de grasa,4579.93,48,1,2026-09-22 00:42:53,2026-09-22 01:14:53
3776,PROD-3776,Cafetera Programable 12 Tazas,Cafetera de goteo con temporizador programable y jarra de vidrio,3689.74,32,1,2026-09-17 16:36:00,2026-09-17 17:35:00
3777,PROD-3777,Cámara Alpha 7 IV,Cámara mirrorless profesional de fotograma completo para foto y video,28712.18,35,1,2026-09-21 20:22:05,2026-09-21 20:54:05
3778,PROD-3778,Jeans 501 Original Fit,"Pantalón de mezclilla clásico de corte recto y ajuste cómodo (Talla L, Color Verde)",1709.21,55,1,2026-09-20 20:26:51,2026-09-20 21:02:51
3779,PROD-3779,Cafetera Programable 12 Tazas,Cafetera de goteo con temporizador programable y jarra de vidrio,4101.63,55,1,2026-09-21 05:54:44,2026-09-21 06:08:44
3780,PROD-3780,Camiseta Graphic Setin Neck,"Playera casual de algodón con estampado frontal (Talla S, Color Gris)",378.23,30,1,2026-09-18 13:13:29,2026-09-18 13:22:29
3781,PROD-3781,Freidora de Aire 4L,Freidora sin aceite para cocinar de manera saludable y rápida,4690.53,12,1,2026-09-21 11:07:18,2026-09-21 12:53:18
3782,PROD-3782,Jeans 511 Slim Fit,"Pantalón de mezclilla ajustado de estilo moderno (Talla L, Color Gris)",1785.44,59,1,2026-09-21 18:54:58,2026-09-21 20:47:58
3783,PROD-3783,Monitor UltraGear 27,Monitor de alta frecuencia de actualización para juegos competitivos,29514.09,18,1,2026-09-21 18:10:48,2026-09-21 19:12:48
3784,PROD-3784,Zapatillas Air Force 1 '07,"Tenis clásicos de cuero blanco para uso urbano y casual (Talla M, Color Rojo)",2092.28,26,1,2026-09-20 19:10:20,2026-09-20 20:01:20
3785,PROD-3785,Polerón Adicolor Classics,"Sudadera clásica con el logotipo de las tres tiras (Talla M, Color Blanco)",2006.90,13,1,2026-09-22 11:21:08,2026-09-22 11:40:08
3786,PROD-3786,Zapatillas Samba OG,"Tenis de estilo retro icónicos en cuero de primera calidad (Talla S, Color Rojo)",1910.92,84,1,2026-09-19 21:06:08,2026-09-19 22:36:08
3787,PROD-3787,Audífonos Galaxy Buds3 Pro,Audífonos inalámbricos con cancelación activa de ruido inteligente,32119.56,31,1,2026-09-19 20:01:50,2026-09-19 20:58:50
3788,PROD-3788,Camiseta Graphic Setin Neck,"Playera casual de algodón con estampado frontal (Talla XL, Color Azul)",1286.34,19,1,2026-09-17 13:19:39,2026-09-17 13:36:39
3789,PROD-3789,Zapatillas Samba OG,"Tenis de estilo retro icónicos en cuero de primera calidad (Talla M, Color Gris)",723.88,14,1,2026-09-18 08:41:13,2026-09-18 10:22:13
3790,PROD-3790,MacBook Pro 16 M3 512GB,Computadora portátil profesional para edición de video y desarrollo - Color Rojo,21387.60,7,1,2026-09-17 23:38:57,2026-09-18 01:33:57
3791,PROD-3791,Smart Band 8,Pulsera de actividad física con seguimiento del sueño y deporte,20157.30,31,1,2026-09-20 12:12:44,2026-09-20 12:57:44
3792,PROD-3792,Licuadora Reversible 2 Velocidades,Licuadora con motor reversible y vaso de vidrio resistente a choques térmicos,4005.08,36,1,2026-09-21 06:34:08,2026-09-21 06:43:08
3793,PROD-3793,Chaqueta Camionera de Mezclilla,"Chaqueta clásica de mezclilla resistente para uso diario (Talla L, Color Azul)",608.64,47,1,2026-09-17 17:01:39,2026-09-17 18:19:39
3794,PROD-3794,MacBook Pro 16 M3 512GB,Computadora portátil profesional para edición de video y desarrollo - Color Negro,16756.20,30,1,2026-09-19 17:36:38,2026-09-19 18:31:38
3795,PROD-3795,Camiseta Graphic Setin Neck,"Playera casual de algodón con estampado frontal (Talla S, Color Negro)",1531.61,41,1,2026-09-20 12:24:54,2026-09-20 14:00:54
3796,PROD-3796,Smartphone Xiaomi 14 Ultra 128GB,Smartphone de gama alta enfocado en fotografía profesional Leica - Color Rojo,21251.76,27,1,2026-09-22 00:09:40,2026-09-22 02:04:40
3797,PROD-3797,Aspiradora Inalámbrica SpeedPro,Aspiradora escoba sin cable con cabezal de succión de 180 grados,3105.71,56,1,2026-09-18 12:06:46,2026-09-18 13:27:46
3798,PROD-3798,Smart Band 8,Pulsera de actividad física con seguimiento del sueño y deporte,13834.83,21,1,2026-09-22 11:21:00,2026-09-22 11:32:00
3799,PROD-3799,Zapatillas Ultraboost Light,"Tenis de running con retorno de energía superior y ligereza (Talla S, Color Blanco)",2343.68,80,1,2026-09-19 12:12:17,2026-09-19 12:12:17
3800,PROD-3800,Cámara Alpha 7 IV,Cámara mirrorless profesional de fotograma completo para foto y video,2755.88,18,1,2026-09-22 06:58:00,2026-09-22 07:32:00
3801,PROD-3801,Zapatillas Samba OG,"Tenis de estilo retro icónicos en cuero de primera calidad (Talla XL, Color Azul)",652.47,78,1,2026-09-20 19:09:43,2026-09-20 19:38:43
3802,PROD-3802,Freidora de Aire 4L,Freidora sin aceite para cocinar de manera saludable y rápida,3963.05,23,1,2026-09-18 23:06:17,2026-09-18 23:14:17
3803,PROD-3803,Polera Sportswear Club Fleece,"Sudadera de felpa con capucha y ajuste estándar (Talla XL, Color Verde)",1938.71,20,1,2026-09-19 19:32:49,2026-09-19 20:59:49
3804,PROD-3804,Zapatillas Running Pegasus 40,"Calzado de correr con amortiguación reactiva para entrenamiento (Talla M, Color Blanco)",1118.84,24,1,2026-09-19 03:04:44,2026-09-19 04:33:44
3805,PROD-3805,Aspiradora Inalámbrica SpeedPro,Aspiradora escoba sin cable con cabezal de succión de 180 grados,4881.31,28,1,2026-09-18 20:13:32,2026-09-18 20:21:32
3806,PROD-3806,Smartphone Galaxy Z Flip 6 128GB,Teléfono plegable compacto con pantalla exterior funcional - Color Rojo,11939.19,20,1,2026-09-20 05:18:27,2026-09-20 06:21:27
3807,PROD-3807,Aspiradora Inalámbrica SpeedPro,Aspiradora escoba sin cable con cabezal de succión de 180 grados,1120.17,20,1,2026-09-17 20:38:56,2026-09-17 22:07:56
3808,PROD-3808,Freidora XXL Airfryer,Freidora de aire de gran capacidad con tecnología de extracción de grasa,854.29,54,1,2026-09-21 18:34:31,2026-09-21 19:42:31
3809,PROD-3809,Jeans 501 Original Fit,"Pantalón de mezclilla clásico de corte recto y ajuste cómodo (Talla L, Color Blanco)",1601.94,51,1,2026-09-18 02:31:21,2026-09-18 04:31:21
3810,PROD-3810,Audífonos Bluetooth WH-1000XM5,Audífonos inalámbricos con la mejor cancelación de ruido del mercado,15876.26,39,1,2026-09-20 01:11:31,2026-09-20 01:32:31
3811,PROD-3811,Licuadora Reversible 2 Velocidades,Licuadora con motor reversible y vaso de vidrio resistente a choques térmicos,4092.73,43,1,2026-09-18 00:24:48,2026-09-18 01:34:48
3812,PROD-3812,Jeans 501 Original Fit,"Pantalón de mezclilla clásico de corte recto y ajuste cómodo (Talla XL, Color Verde)",1477.69,64,1,2026-09-19 08:58:26,2026-09-19 09:14:26
3813,PROD-3813,Zapatillas Air Force 1 '07,"Tenis clásicos de cuero blanco para uso urbano y casual (Talla XL, Color Verde)",1528.02,10,1,2026-09-18 09:54:16,2026-09-18 11:44:16
3814,PROD-3814,Polerón Adicolor Classics,"Sudadera clásica con el logotipo de las tres tiras (Talla M, Color Blanco)",2337.67,19,1,2026-09-19 19:19:40,2026-09-19 21:19:40
3815,PROD-3815,Jeans 511 Slim Fit,"Pantalón de mezclilla ajustado de estilo moderno (Talla S, Color Azul)",421.47,33,1,2026-09-18 17:32:35,2026-09-18 17:38:35
3816,PROD-3816,Monitor UltraGear 27,Monitor de alta frecuencia de actualización para juegos competitivos,31536.89,46,1,2026-09-21 17:47:58,2026-09-21 19:47:58
3817,PROD-3817,Zapatillas Ultraboost Light,"Tenis de running con retorno de energía superior y ligereza (Talla L, Color Blanco)",711.63,22,1,2026-09-18 03:04:01,2026-09-18 03:41:01
3818,PROD-3818,Smart TV 65 Neo QLED,Televisor inteligente 4K con tecnología de puntos cuánticos y alto contraste,15014.45,7,1,2026-09-18 04:07:27,2026-09-18 04:47:27
3819,PROD-3819,Cámara Alpha 7 IV,Cámara mirrorless profesional de fotograma completo para foto y video,26718.00,41,1,2026-09-18 09:44:29,2026-09-18 09:46:29
3820,PROD-3820,Smart Band 8,Pulsera de actividad física con seguimiento del sueño y deporte,32195.69,18,1,2026-09-22 00:54:26,2026-09-22 02:00:26
3821,PROD-3821,iPhone 16 256GB,Smartphone con pantalla Super Retina XDR y excelente duración de batería - Color Gris,1826.22,25,1,2026-09-18 22:54:46,2026-09-19 00:45:46
3822,PROD-3822,Licuadora Reversible 2 Velocidades,Licuadora con motor reversible y vaso de vidrio resistente a choques térmicos,5452.78,11,1,2026-09-19 19:20:59,2026-09-19 20:08:59
3823,PROD-3823,Smartphone Galaxy S26+ 128GB,Teléfono inteligente con procesador de última generación y batería de larga duración - Color Negro,4542.45,18,1,2026-09-19 02:23:46,2026-09-19 03:31:46
3824,PROD-3824,Jeans 511 Slim Fit,"Pantalón de mezclilla ajustado de estilo moderno (Talla S, Color Blanco)",839.82,32,1,2026-09-19 18:03:55,2026-09-19 18:26:55
3825,PROD-3825,Freidora XXL Airfryer,Freidora de aire de gran capacidad con tecnología de extracción de grasa,6454.21,18,1,2026-09-19 00:32:11,2026-09-19 02:05:11
3826,PROD-3826,Aspiradora Inalámbrica SpeedPro,Aspiradora escoba sin cable con cabezal de succión de 180 grados,6726.27,34,1,2026-09-21 16:02:10,2026-09-21 16:38:10
3827,PROD-3827,Jeans 511 Slim Fit,"Pantalón de mezclilla ajustado de estilo moderno (Talla L, Color Blanco)",1426.28,48,1,2026-09-22 05:36:55,2026-09-22 07:18:55
3828,PROD-3828,Zapatillas Samba OG,"Tenis de estilo retro icónicos en cuero de primera calidad (Talla XL, Color Negro)",722.51,84,1,2026-09-20 15:40:29,2026-09-20 16:35:29
3829,PROD-3829,Chaqueta Camionera de Mezclilla,"Chaqueta clásica de mezclilla resistente para uso diario (Talla M, Color Verde)",467.19,84,1,2026-09-19 17:02:40,2026-09-19 17:33:40
3830,PROD-3830,Pantalón de Buzo Tech Fleece,"Pantalón deportivo térmico con diseño estilizado (Talla M, Color Gris)",1773.02,80,1,2026-09-21 09:52:33,2026-09-21 11:12:33
3831,PROD-3831,Camiseta Graphic Setin Neck,"Playera casual de algodón con estampado frontal (Talla M, Color Gris)",1220.25,21,1,2026-09-19 13:50:26,2026-09-19 15:18:26
3832,PROD-3832,Smart Band 8,Pulsera de actividad física con seguimiento del sueño y deporte,13667.88,26,1,2026-09-20 23:03:42,2026-09-21 00:51:42
3833,PROD-3833,Smart TV Bravia XR OLED 55,Televisor OLED con negros absolutos y procesador de imagen cognitivo,27623.09,29,1,2026-09-18 12:04:38,2026-09-18 12:51:38
3834,PROD-3834,Smart TV OLED C3 65,Televisor inteligente ideal para videojuegos y películas con pánel OLED,22495.39,31,1,2026-09-20 01:45:55,2026-09-20 02:23:55
3835,PROD-3835,Smart TV Bravia XR OLED 55,Televisor OLED con negros absolutos y procesador de imagen cognitivo,28287.85,28,1,2026-09-18 21:01:46,2026-09-18 21:32:46
3836,PROD-3836,Polerón Adicolor Classics,"Sudadera clásica con el logotipo de las tres tiras (Talla L, Color Blanco)",970.37,66,1,2026-09-22 06:20:05,2026-09-22 06:54:05
3837,PROD-3837,Polera Sportswear Club Fleece,"Sudadera de felpa con capucha y ajuste estándar (Talla M, Color Gris)",798.01,84,1,2026-09-21 18:52:17,2026-09-21 20:20:17
3838,PROD-3838,Freidora XXL Airfryer,Freidora de aire de gran capacidad con tecnología de extracción de grasa,6190.36,57,1,2026-09-21 01:04:52,2026-09-21 02:14:52
3839,PROD-3839,Zapatillas Ultraboost Light,"Tenis de running con retorno de energía superior y ligereza (Talla M, Color Gris)",785.48,100,1,2026-09-22 03:03:41,2026-09-22 03:52:41
3840,PROD-3840,Zapatillas Ultraboost Light,"Tenis de running con retorno de energía superior y ligereza (Talla L, Color Negro)",1078.32,20,1,2026-09-18 11:55:26,2026-09-18 13:17:26
3841,PROD-3841,Polerón Adicolor Classics,"Sudadera clásica con el logotipo de las tres tiras (Talla XL, Color Blanco)",1951.64,80,1,2026-09-18 21:49:12,2026-09-18 22:30:12
3842,PROD-3842,Chaqueta Camionera de Mezclilla,"Chaqueta clásica de mezclilla resistente para uso diario (Talla XL, Color Rojo)",1056.33,64,1,2026-09-19 00:59:13,2026-09-19 02:24:13
3843,PROD-3843,Freidora de Aire 4L,Freidora sin aceite para cocinar de manera saludable y rápida,6364.42,33,1,2026-09-21 23:31:47,2026-09-22 00:39:47
3844,PROD-3844,Parlante Portátil SRS-XG300,Bocina inalámbrica portátil resistente al agua con graves potentes,17198.81,45,1,2026-09-18 23:31:57,2026-09-19 00:49:57
3845,PROD-3845,Freidora de Aire 4L,Freidora sin aceite para cocinar de manera saludable y rápida,1130.98,22,1,2026-09-21 15:14:25,2026-09-21 16:18:25
3846,PROD-3846,Smart TV 65 Neo QLED,Televisor inteligente 4K con tecnología de puntos cuánticos y alto contraste,32341.27,37,1,2026-09-21 12:36:51,2026-09-21 13:01:51
3847,PROD-3847,Freidora XXL Airfryer,Freidora de aire de gran capacidad con tecnología de extracción de grasa,622.12,9,1,2026-09-20 13:30:20,2026-09-20 15:13:20
3848,PROD-3848,Smartphone Xiaomi 14 Ultra 1TB,Smartphone de gama alta enfocado en fotografía profesional Leica - Color Negro,17239.33,15,1,2026-09-22 05:58:46,2026-09-22 07:44:46
3849,PROD-3849,Smartphone Galaxy Z Flip 6 1TB,Teléfono plegable compacto con pantalla exterior funcional - Color Azul,34541.87,50,1,2026-09-17 15:53:28,2026-09-17 17:04:28
3850,PROD-3850,Patinete Eléctrico Pro 4,Scooter eléctrico con gran autonomía para movilidad urbana,20871.35,12,1,2026-09-18 08:18:23,2026-09-18 08:33:23
3851,PROD-3851,Zapatillas Air Max 270,"Calzado deportivo con cápsula de aire visible para máxima comodidad (Talla L, Color Azul)",1203.25,51,1,2026-09-21 10:40:20,2026-09-21 11:15:20
3852,PROD-3852,Refrigeradora InstaView,Refrigerador inteligente con panel de cristal panorámico,6337.90,49,1,2026-09-19 08:17:46,2026-09-19 09:01:46
3853,PROD-3853,Jeans 511 Slim Fit,"Pantalón de mezclilla ajustado de estilo moderno (Talla S, Color Azul)",648.19,84,1,2026-09-22 10:34:06,2026-09-22 11:49:06
3854,PROD-3854,Freidora XXL Airfryer,Freidora de aire de gran capacidad con tecnología de extracción de grasa,2035.76,60,1,2026-09-21 00:30:32,2026-09-21 01:03:32
3855,PROD-3855,Cafetera Programable 12 Tazas,Cafetera de goteo con temporizador programable y jarra de vidrio,1234.76,49,1,2026-09-20 01:20:46,2026-09-20 02:49:46
3856,PROD-3856,Zapatillas Samba OG,"Tenis de estilo retro icónicos en cuero de primera calidad (Talla XL, Color Negro)",1683.91,67,1,2026-09-21 15:00:39,2026-09-21 15:03:39
3857,PROD-3857,Polerón Adicolor Classics,"Sudadera clásica con el logotipo de las tres tiras (Talla M, Color Blanco)",1056.57,86,1,2026-09-18 05:15:58,2026-09-18 05:19:58
3858,PROD-3858,Smartphone Redmi Note 13 Pro 256GB,Teléfono inteligente con excelente relación calidad-precio y gran cámara - Color Gris,28376.99,41,1,2026-09-17 17:07:13,2026-09-17 17:21:13
3859,PROD-3859,Zapatillas Ultraboost Light,"Tenis de running con retorno de energía superior y ligereza (Talla L, Color Verde)",1607.97,20,1,2026-09-18 17:27:47,2026-09-18 17:55:47
3860,PROD-3860,Cámara Alpha 7 IV,Cámara mirrorless profesional de fotograma completo para foto y video,8148.27,47,1,2026-09-20 02:10:09,2026-09-20 03:56:09
3861,PROD-3861,Zapatillas Ultraboost Light,"Tenis de running con retorno de energía superior y ligereza (Talla L, Color Rojo)",2058.32,46,1,2026-09-17 19:44:57,2026-09-17 21:29:57
3862,PROD-3862,Freidora XXL Airfryer,Freidora de aire de gran capacidad con tecnología de extracción de grasa,5935.62,12,1,2026-09-20 04:20:20,2026-09-20 05:23:20
3863,PROD-3863,Licuadora Reversible 2 Velocidades,Licuadora con motor reversible y vaso de vidrio resistente a choques térmicos,961.74,24,1,2026-09-20 20:23:39,2026-09-20 20:34:39
3864,PROD-3864,Smartphone Redmi Note 13 Pro 512GB,Teléfono inteligente con excelente relación calidad-precio y gran cámara - Color Rojo,23733.07,42,1,2026-09-21 13:39:14,2026-09-21 15:03:14
3865,PROD-3865,Smartphone Galaxy S26 Ultra 512GB,Smartphone de alta gama con cámara de 200MP y pantalla Dynamic AMOLED - Color Verde,32413.03,15,1,2026-09-17 18:44:20,2026-09-17 19:03:20
3866,PROD-3866,Aspiradora Inalámbrica SpeedPro,Aspiradora escoba sin cable con cabezal de succión de 180 grados,7436.31,33,1,2026-09-20 20:22:40,2026-09-20 20:26:40
3867,PROD-3867,Cafetera Programable 12 Tazas,Cafetera de goteo con temporizador programable y jarra de vidrio,4976.89,23,1,2026-09-19 07:37:55,2026-09-19 07:55:55
3868,PROD-3868,MacBook Air 15 M2 512GB,Laptop ultra delgada y liviana con gran autonomía - Color Gris,20149.86,14,1,2026-09-17 21:50:07,2026-09-17 22:16:07
3869,PROD-3869,Jeans 501 Original Fit,"Pantalón de mezclilla clásico de corte recto y ajuste cómodo (Talla XL, Color Negro)",1845.02,82,1,2026-09-21 14:52:29,2026-09-21 15:04:29
3870,PROD-3870,Zapatillas Ultraboost Light,"Tenis de running con retorno de energía superior y ligereza (Talla M, Color Rojo)",1171.64,20,1,2026-09-19 12:17:05,2026-09-19 13:57:05
3871,PROD-3871,Jeans 501 Original Fit,"Pantalón de mezclilla clásico de corte recto y ajuste cómodo (Talla XL, Color Negro)",787.05,27,1,2026-09-22 07:05:50,2026-09-22 08:35:50
3872,PROD-3872,Refrigeradora InstaView,Refrigerador inteligente con panel de cristal panorámico,11485.02,6,1,2026-09-18 08:49:21,2026-09-18 09:27:21
3873,PROD-3873,Zapatillas Ultraboost Light,"Tenis de running con retorno de energía superior y ligereza (Talla M, Color Rojo)",1544.64,93,1,2026-09-18 01:57:51,2026-09-18 02:34:51
3874,PROD-3874,Smartphone Galaxy S26 1TB,Smartphone compacto con pantalla fluida y excelente rendimiento - Color Verde,11117.13,13,1,2026-09-20 11:40:53,2026-09-20 13:39:53
3875,PROD-3875,Cafetera Programable 12 Tazas,Cafetera de goteo con temporizador programable y jarra de vidrio,2019.76,35,1,2026-09-20 10:29:45,2026-09-20 12:17:45
3876,PROD-3876,Aspiradora Inalámbrica SpeedPro,Aspiradora escoba sin cable con cabezal de succión de 180 grados,3292.29,35,1,2026-09-18 16:25:10,2026-09-18 17:42:10
3877,PROD-3877,Audífonos AirPods Pro 2,Audífonos intrauditivos con cancelación de ruido de nivel superior,28495.94,10,1,2026-09-17 18:34:20,2026-09-17 20:31:20
3878,PROD-3878,Aspiradora Inalámbrica SpeedPro,Aspiradora escoba sin cable con cabezal de succión de 180 grados,5071.46,15,1,2026-09-21 12:52:57,2026-09-21 13:40:57
3879,PROD-3879,Monitor UltraGear 27,Monitor de alta frecuencia de actualización para juegos competitivos,6510.83,46,1,2026-09-18 11:12:36,2026-09-18 11:27:36
3880,PROD-3880,Zapatillas Air Force 1 '07,"Tenis clásicos de cuero blanco para uso urbano y casual (Talla S, Color Verde)",860.56,52,1,2026-09-18 20:49:42,2026-09-18 21:31:42
3881,PROD-3881,Robot Aspiradora X10+,Aspiradora robótica con estación de vaciado automático y mapeo láser,24052.81,47,1,2026-09-18 16:07:54,2026-09-18 16:56:54
3882,PROD-3882,Robot Aspiradora X10+,Aspiradora robótica con estación de vaciado automático y mapeo láser,9491.12,27,1,2026-09-19 14:12:30,2026-09-19 14:33:30
3883,PROD-3883,Camiseta Graphic Setin Neck,"Playera casual de algodón con estampado frontal (Talla L, Color Negro)",354.34,91,1,2026-09-19 18:01:00,2026-09-19 18:37:00
3884,PROD-3884,Zapatillas Ultraboost Light,"Tenis de running con retorno de energía superior y ligereza (Talla XL, Color Rojo)",1517.03,100,1,2026-09-21 06:28:08,2026-09-21 07:03:08
3885,PROD-3885,Aspiradora Inalámbrica SpeedPro,Aspiradora escoba sin cable con cabezal de succión de 180 grados,3367.24,26,1,2026-09-20 14:54:03,2026-09-20 16:06:03
3886,PROD-3886,Licuadora Reversible 2 Velocidades,Licuadora con motor reversible y vaso de vidrio resistente a choques térmicos,632.75,14,1,2026-09-21 03:09:29,2026-09-21 04:29:29
3887,PROD-3887,Aspiradora Inalámbrica SpeedPro,Aspiradora escoba sin cable con cabezal de succión de 180 grados,3830.77,50,1,2026-09-19 23:38:21,2026-09-20 00:04:21
3888,PROD-3888,Zapatillas Running Pegasus 40,"Calzado de correr con amortiguación reactiva para entrenamiento (Talla L, Color Blanco)",2181.24,33,1,2026-09-20 06:23:29,2026-09-20 07:44:29
3889,PROD-3889,Freidora de Aire 4L,Freidora sin aceite para cocinar de manera saludable y rápida,1586.07,33,1,2026-09-18 08:31:06,2026-09-18 10:08:06
3890,PROD-3890,Aspiradora Inalámbrica SpeedPro,Aspiradora escoba sin cable con cabezal de succión de 180 grados,3188.88,24,1,2026-09-19 20:51:22,2026-09-19 22:42:22
3891,PROD-3891,Smartphone Redmi Note 13 Pro 128GB,Teléfono inteligente con excelente relación calidad-precio y gran cámara - Color Negro,10939.14,46,1,2026-09-19 05:04:48,2026-09-19 05:18:48
3892,PROD-3892,Smart TV 65 Neo QLED,Televisor inteligente 4K con tecnología de puntos cuánticos y alto contraste,18578.16,31,1,2026-09-18 15:19:43,2026-09-18 15:52:43
3893,PROD-3893,Monitor UltraGear 27,Monitor de alta frecuencia de actualización para juegos competitivos,28120.04,11,1,2026-09-17 13:51:34,2026-09-17 13:51:34
3894,PROD-3894,Aspiradora Inalámbrica SpeedPro,Aspiradora escoba sin cable con cabezal de succión de 180 grados,4515.36,11,1,2026-09-21 15:01:22,2026-09-21 15:35:22
3895,PROD-3895,Smartphone Xiaomi 14 Ultra 256GB,Smartphone de gama alta enfocado en fotografía profesional Leica - Color Negro,17245.79,15,1,2026-09-18 17:05:49,2026-09-18 18:09:49
3896,PROD-3896,Licuadora Reversible 2 Velocidades,Licuadora con motor reversible y vaso de vidrio resistente a choques térmicos,3068.93,58,1,2026-09-21 13:10:15,2026-09-21 13:30:15
3897,PROD-3897,iPhone 16 256GB,Smartphone con pantalla Super Retina XDR y excelente duración de batería - Color Blanco,6712.12,14,1,2026-09-19 06:27:24,2026-09-19 06:28:24
3898,PROD-3898,Aspiradora Inalámbrica SpeedPro,Aspiradora escoba sin cable con cabezal de succión de 180 grados,2883.24,17,1,2026-09-20 17:42:55,2026-09-20 18:06:55
3899,PROD-3899,Polerón Adicolor Classics,"Sudadera clásica con el logotipo de las tres tiras (Talla L, Color Negro)",352.77,21,1,2026-09-17 18:47:29,2026-09-17 20:19:29
3900,PROD-3900,Aspiradora Inalámbrica SpeedPro,Aspiradora escoba sin cable con cabezal de succión de 180 grados,5000.58,15,1,2026-09-18 22:20:23,2026-09-18 23:07:23
3901,PROD-3901,Smartphone Galaxy Z Fold 6 512GB,Teléfono plegable con pantalla gigante para productividad y multitarea - Color Verde,1554.39,25,1,2026-09-18 17:23:52,2026-09-18 18:03:52
3902,PROD-3902,Jeans 511 Slim Fit,"Pantalón de mezclilla ajustado de estilo moderno (Talla M, Color Negro)",2051.82,65,1,2026-09-19 07:14:14,2026-09-19 07:29:14
3903,PROD-3903,Aspiradora Inalámbrica SpeedPro,Aspiradora escoba sin cable con cabezal de succión de 180 grados,4629.59,10,1,2026-09-21 04:18:56,2026-09-21 05:55:56
3904,PROD-3904,Zapatillas Ultraboost Light,"Tenis de running con retorno de energía superior y ligereza (Talla S, Color Blanco)",2342.26,12,1,2026-09-17 23:42:36,2026-09-17 23:45:36
3905,PROD-3905,Chaqueta Camionera de Mezclilla,"Chaqueta clásica de mezclilla resistente para uso diario (Talla L, Color Blanco)",997.76,88,1,2026-09-19 13:35:39,2026-09-19 15:26:39
3906,PROD-3906,Smart TV OLED C3 65,Televisor inteligente ideal para videojuegos y películas con pánel OLED,33509.14,21,1,2026-09-19 07:02:23,2026-09-19 08:02:23
3907,PROD-3907,Aspiradora Inalámbrica SpeedPro,Aspiradora escoba sin cable con cabezal de succión de 180 grados,2587.56,48,1,2026-09-18 07:52:51,2026-09-18 09:02:51
3908,PROD-3908,iPhone 16 Pro 256GB,Teléfono inteligente premium con chip de alto rendimiento y triple cámara - Color Negro,14186.17,27,1,2026-09-20 13:35:44,2026-09-20 15:31:44
3909,PROD-3909,Cafetera Programable 12 Tazas,Cafetera de goteo con temporizador programable y jarra de vidrio,7964.94,37,1,2026-09-20 22:25:10,2026-09-20 23:39:10
3910,PROD-3910,iPhone 16 Pro 256GB,Teléfono inteligente premium con chip de alto rendimiento y triple cámara - Color Verde,22530.06,50,1,2026-09-20 05:51:50,2026-09-20 06:23:50
3911,PROD-3911,Robot Aspiradora X10+,Aspiradora robótica con estación de vaciado automático y mapeo láser,20937.67,25,1,2026-09-22 11:42:13,2026-09-22 12:24:13
3912,PROD-3912,Aspiradora Inalámbrica SpeedPro,Aspiradora escoba sin cable con cabezal de succión de 180 grados,7353.75,58,1,2026-09-19 19:17:52,2026-09-19 20:32:52
3913,PROD-3913,Freidora XXL Airfryer,Freidora de aire de gran capacidad con tecnología de extracción de grasa,4539.96,25,1,2026-09-18 16:16:52,2026-09-18 17:29:52
3914,PROD-3914,Freidora de Aire 4L,Freidora sin aceite para cocinar de manera saludable y rápida,4980.85,35,1,2026-09-20 23:36:12,2026-09-21 00:57:12
3915,PROD-3915,Cámara Alpha 7 IV,Cámara mirrorless profesional de fotograma completo para foto y video,32232.14,38,1,2026-09-21 05:37:04,2026-09-21 07:19:04
3916,PROD-3916,Freidora XXL Airfryer,Freidora de aire de gran capacidad con tecnología de extracción de grasa,3267.19,54,1,2026-09-17 20:10:07,2026-09-17 20:59:07
3917,PROD-3917,Pantalón de Buzo Tech Fleece,"Pantalón deportivo térmico con diseño estilizado (Talla M, Color Blanco)",1322.55,44,1,2026-09-19 19:10:39,2026-09-19 20:06:39
3918,PROD-3918,Smart TV 65 Neo QLED,Televisor inteligente 4K con tecnología de puntos cuánticos y alto contraste,11801.33,33,1,2026-09-20 01:27:26,2026-09-20 01:38:26
3919,PROD-3919,Robot Aspiradora X10+,Aspiradora robótica con estación de vaciado automático y mapeo láser,2953.48,42,1,2026-09-20 21:28:36,2026-09-20 21:35:36
3920,PROD-3920,Audífonos Bluetooth WH-1000XM5,Audífonos inalámbricos con la mejor cancelación de ruido del mercado,23043.15,37,1,2026-09-19 05:56:20,2026-09-19 06:20:20
3921,PROD-3921,Zapatillas Samba OG,"Tenis de estilo retro icónicos en cuero de primera calidad (Talla M, Color Verde)",1667.67,60,1,2026-09-19 08:10:58,2026-09-19 08:44:58
3922,PROD-3922,Pantalón de Buzo Tech Fleece,"Pantalón deportivo térmico con diseño estilizado (Talla M, Color Gris)",2075.82,11,1,2026-09-20 18:30:56,2026-09-20 19:06:56
3923,PROD-3923,Licuadora Reversible 2 Velocidades,Licuadora con motor reversible y vaso de vidrio resistente a choques térmicos,6053.99,24,1,2026-09-18 14:27:58,2026-09-18 14:54:58
3924,PROD-3924,Zapatillas Ultraboost Light,"Tenis de running con retorno de energía superior y ligereza (Talla S, Color Gris)",522.04,100,1,2026-09-18 07:27:45,2026-09-18 08:06:45
3925,PROD-3925,Cámara Alpha 7 IV,Cámara mirrorless profesional de fotograma completo para foto y video,9254.32,30,1,2026-09-21 04:32:32,2026-09-21 04:45:32
3926,PROD-3926,Zapatillas Samba OG,"Tenis de estilo retro icónicos en cuero de primera calidad (Talla L, Color Azul)",955.85,84,1,2026-09-17 17:18:11,2026-09-17 18:07:11
3927,PROD-3927,Robot Aspiradora X10+,Aspiradora robótica con estación de vaciado automático y mapeo láser,29219.24,5,1,2026-09-18 12:43:29,2026-09-18 13:18:29
3928,PROD-3928,Smart TV Bravia XR OLED 55,Televisor OLED con negros absolutos y procesador de imagen cognitivo,2680.91,18,1,2026-09-18 21:23:09,2026-09-18 22:47:09
3929,PROD-3929,Monitor UltraGear 27,Monitor de alta frecuencia de actualización para juegos competitivos,24485.81,23,1,2026-09-19 17:22:08,2026-09-19 17:45:08
3930,PROD-3930,Tablet Galaxy Tab S9 256GB,"Tableta de alto rendimiento para diseño, trabajo y entretenimiento - Color Rojo",14234.06,7,1,2026-09-19 05:49:11,2026-09-19 05:51:11
3931,PROD-3931,Monitor UltraGear 27,Monitor de alta frecuencia de actualización para juegos competitivos,14427.00,49,1,2026-09-21 07:00:04,2026-09-21 08:16:04
3932,PROD-3932,Smartphone Xiaomi 14 Ultra 128GB,Smartphone de gama alta enfocado en fotografía profesional Leica - Color Azul,10989.92,15,1,2026-09-21 04:31:32,2026-09-21 04:48:32
3933,PROD-3933,Smartphone Galaxy Z Flip 6 128GB,Teléfono plegable compacto con pantalla exterior funcional - Color Azul,16972.38,16,1,2026-09-18 06:28:22,2026-09-18 07:13:22
3934,PROD-3934,Cafetera Programable 12 Tazas,Cafetera de goteo con temporizador programable y jarra de vidrio,1738.31,33,1,2026-09-19 20:48:28,2026-09-19 22:05:28
3935,PROD-3935,Smartphone Redmi Note 13 Pro 1TB,Teléfono inteligente con excelente relación calidad-precio y gran cámara - Color Blanco,35510.19,27,1,2026-09-22 02:33:30,2026-09-22 02:37:30
3936,PROD-3936,Smartphone Galaxy Z Fold 6 256GB,Teléfono plegable con pantalla gigante para productividad y multitarea - Color Rojo,2103.10,39,1,2026-09-22 06:44:22,2026-09-22 08:44:22
3937,PROD-3937,Jeans 511 Slim Fit,"Pantalón de mezclilla ajustado de estilo moderno (Talla M, Color Negro)",1248.67,95,1,2026-09-21 02:18:43,2026-09-21 02:24:43
3938,PROD-3938,Smart TV OLED C3 65,Televisor inteligente ideal para videojuegos y películas con pánel OLED,23326.04,18,1,2026-09-19 19:31:46,2026-09-19 20:50:46
3939,PROD-3939,Robot Aspiradora X10+,Aspiradora robótica con estación de vaciado automático y mapeo láser,17796.08,43,1,2026-09-17 22:06:32,2026-09-17 22:06:32
3940,PROD-3940,Smartphone Galaxy S26 512GB,Smartphone compacto con pantalla fluida y excelente rendimiento - Color Azul,4030.48,14,1,2026-09-18 15:56:11,2026-09-18 17:43:11
3941,PROD-3941,Polera Sportswear Club Fleece,"Sudadera de felpa con capucha y ajuste estándar (Talla XL, Color Negro)",1455.36,57,1,2026-09-19 16:38:59,2026-09-19 17:54:59
3942,PROD-3942,Camiseta Graphic Setin Neck,"Playera casual de algodón con estampado frontal (Talla M, Color Blanco)",351.01,54,1,2026-09-21 22:58:49,2026-09-22 00:40:49
3943,PROD-3943,MacBook Pro 16 M3 128GB,Computadora portátil profesional para edición de video y desarrollo - Color Azul,23606.58,34,1,2026-09-20 08:53:57,2026-09-20 10:50:57
3944,PROD-3944,Freidora de Aire 4L,Freidora sin aceite para cocinar de manera saludable y rápida,2919.38,26,1,2026-09-20 05:20:54,2026-09-20 06:53:54
3945,PROD-3945,Camiseta Graphic Setin Neck,"Playera casual de algodón con estampado frontal (Talla S, Color Verde)",604.28,47,1,2026-09-22 03:20:47,2026-09-22 04:05:47
3946,PROD-3946,Refrigeradora InstaView,Refrigerador inteligente con panel de cristal panorámico,32891.55,10,1,2026-09-21 14:41:49,2026-09-21 15:38:49
3947,PROD-3947,Pantalón de Buzo Tech Fleece,"Pantalón deportivo térmico con diseño estilizado (Talla XL, Color Gris)",475.59,32,1,2026-09-21 13:03:33,2026-09-21 14:03:33
3948,PROD-3948,Freidora XXL Airfryer,Freidora de aire de gran capacidad con tecnología de extracción de grasa,1350.16,58,1,2026-09-21 00:55:22,2026-09-21 01:15:22
3949,PROD-3949,Cafetera Programable 12 Tazas,Cafetera de goteo con temporizador programable y jarra de vidrio,5324.82,38,1,2026-09-20 20:50:11,2026-09-20 20:57:11
3950,PROD-3950,Zapatillas Ultraboost Light,"Tenis de running con retorno de energía superior y ligereza (Talla S, Color Blanco)",633.90,18,1,2026-09-21 15:26:19,2026-09-21 15:40:19
3951,PROD-3951,Zapatillas Running Pegasus 40,"Calzado de correr con amortiguación reactiva para entrenamiento (Talla XL, Color Negro)",1180.72,71,1,2026-09-21 09:14:25,2026-09-21 10:08:25
3952,PROD-3952,Audífonos Bluetooth WH-1000XM5,Audífonos inalámbricos con la mejor cancelación de ruido del mercado,5309.66,17,1,2026-09-21 16:43:04,2026-09-21 17:45:04
3953,PROD-3953,Monitor UltraGear 27,Monitor de alta frecuencia de actualización para juegos competitivos,21294.97,9,1,2026-09-18 09:12:57,2026-09-18 10:00:57
3954,PROD-3954,Aspiradora Inalámbrica SpeedPro,Aspiradora escoba sin cable con cabezal de succión de 180 grados,3547.05,39,1,2026-09-18 01:18:44,2026-09-18 01:28:44
3955,PROD-3955,Chaqueta Camionera de Mezclilla,"Chaqueta clásica de mezclilla resistente para uso diario (Talla M, Color Negro)",436.09,41,1,2026-09-20 07:09:48,2026-09-20 08:55:48
3956,PROD-3956,Jeans 511 Slim Fit,"Pantalón de mezclilla ajustado de estilo moderno (Talla M, Color Verde)",1849.18,36,1,2026-09-18 09:57:53,2026-09-18 10:30:53
3957,PROD-3957,Zapatillas Running Pegasus 40,"Calzado de correr con amortiguación reactiva para entrenamiento (Talla XL, Color Azul)",1667.10,26,1,2026-09-20 10:49:56,2026-09-20 12:25:56
3958,PROD-3958,Freidora XXL Airfryer,Freidora de aire de gran capacidad con tecnología de extracción de grasa,4130.75,43,1,2026-09-18 18:29:06,2026-09-18 20:11:06
3959,PROD-3959,Aspiradora Inalámbrica SpeedPro,Aspiradora escoba sin cable con cabezal de succión de 180 grados,3002.99,12,1,2026-09-19 14:44:46,2026-09-19 16:38:46
3960,PROD-3960,Smart TV OLED C3 65,Televisor inteligente ideal para videojuegos y películas con pánel OLED,1964.17,11,1,2026-09-22 06:33:05,2026-09-22 07:08:05
3961,PROD-3961,Freidora de Aire 4L,Freidora sin aceite para cocinar de manera saludable y rápida,6509.10,18,1,2026-09-21 19:06:09,2026-09-21 20:00:09
3962,PROD-3962,Zapatillas Air Max 270,"Calzado deportivo con cápsula de aire visible para máxima comodidad (Talla XL, Color Azul)",2211.47,38,1,2026-09-19 18:49:12,2026-09-19 18:57:12
3963,PROD-3963,Smartphone Xiaomi 14 Ultra 512GB,Smartphone de gama alta enfocado en fotografía profesional Leica - Color Gris,33978.88,19,1,2026-09-22 10:45:14,2026-09-22 12:41:14
3964,PROD-3964,Patinete Eléctrico Pro 4,Scooter eléctrico con gran autonomía para movilidad urbana,24378.76,25,1,2026-09-22 02:32:09,2026-09-22 03:21:09
3965,PROD-3965,Aspiradora Inalámbrica SpeedPro,Aspiradora escoba sin cable con cabezal de succión de 180 grados,2377.35,36,1,2026-09-20 15:34:28,2026-09-20 16:11:28
3966,PROD-3966,Freidora XXL Airfryer,Freidora de aire de gran capacidad con tecnología de extracción de grasa,1651.62,60,1,2026-09-22 09:56:02,2026-09-22 11:09:02
3967,PROD-3967,Zapatillas Samba OG,"Tenis de estilo retro icónicos en cuero de primera calidad (Talla S, Color Negro)",1009.68,90,1,2026-09-18 09:13:13,2026-09-18 09:53:13
3968,PROD-3968,Robot Aspiradora X10+,Aspiradora robótica con estación de vaciado automático y mapeo láser,5101.29,41,1,2026-09-20 02:06:10,2026-09-20 02:47:10
3969,PROD-3969,Zapatillas Samba OG,"Tenis de estilo retro icónicos en cuero de primera calidad (Talla S, Color Blanco)",2109.61,16,1,2026-09-20 02:31:27,2026-09-20 04:09:27
3970,PROD-3970,Smart Band 8,Pulsera de actividad física con seguimiento del sueño y deporte,25739.15,16,1,2026-09-21 04:05:40,2026-09-21 06:05:40
3971,PROD-3971,Barra de Sonido HT-A7000,Sistema de audio para cine en casa con soporte Dolby Atmos,1273.36,33,1,2026-09-21 02:12:20,2026-09-21 03:51:20
3972,PROD-3972,Barra de Sonido HT-A7000,Sistema de audio para cine en casa con soporte Dolby Atmos,31645.42,13,1,2026-09-17 23:44:01,2026-09-18 00:00:01
3973,PROD-3973,Freidora de Aire 4L,Freidora sin aceite para cocinar de manera saludable y rápida,3721.86,58,1,2026-09-21 12:45:17,2026-09-21 13:32:17
3974,PROD-3974,iPhone 16 256GB,Smartphone con pantalla Super Retina XDR y excelente duración de batería - Color Gris,32200.78,34,1,2026-09-20 21:13:27,2026-09-20 23:02:27
3975,PROD-3975,Freidora de Aire 4L,Freidora sin aceite para cocinar de manera saludable y rápida,7321.38,39,1,2026-09-21 22:24:35,2026-09-21 23:36:35
3976,PROD-3976,Chaqueta Camionera de Mezclilla,"Chaqueta clásica de mezclilla resistente para uso diario (Talla S, Color Rojo)",976.31,93,1,2026-09-17 20:40:26,2026-09-17 21:38:26
3977,PROD-3977,MacBook Pro 16 M3 256GB,Computadora portátil profesional para edición de video y desarrollo - Color Negro,10887.48,40,1,2026-09-21 16:14:03,2026-09-21 18:01:03
3978,PROD-3978,MacBook Pro 16 M3 1TB,Computadora portátil profesional para edición de video y desarrollo - Color Verde,26455.35,14,1,2026-09-21 18:05:44,2026-09-21 18:12:44
3979,PROD-3979,Aspiradora Inalámbrica SpeedPro,Aspiradora escoba sin cable con cabezal de succión de 180 grados,886.64,33,1,2026-09-20 12:12:52,2026-09-20 13:03:52
3980,PROD-3980,Freidora XXL Airfryer,Freidora de aire de gran capacidad con tecnología de extracción de grasa,3405.22,34,1,2026-09-21 08:52:49,2026-09-21 09:20:49
3981,PROD-3981,Cafetera Programable 12 Tazas,Cafetera de goteo con temporizador programable y jarra de vidrio,3640.17,8,1,2026-09-18 05:32:27,2026-09-18 05:40:27
3982,PROD-3982,iPhone 16 Pro Max 128GB,Smartphone insignia de Apple con acabado en titanio y cámara profesional - Color Verde,24494.06,23,1,2026-09-20 14:25:10,2026-09-20 16:22:10
3983,PROD-3983,Camiseta Graphic Setin Neck,"Playera casual de algodón con estampado frontal (Talla L, Color Rojo)",787.61,37,1,2026-09-20 02:41:35,2026-09-20 04:29:35
3984,PROD-3984,Polerón Adicolor Classics,"Sudadera clásica con el logotipo de las tres tiras (Talla XL, Color Negro)",2386.04,75,1,2026-09-18 13:20:28,2026-09-18 15:20:28
3985,PROD-3985,Aspiradora Inalámbrica SpeedPro,Aspiradora escoba sin cable con cabezal de succión de 180 grados,5900.74,48,1,2026-09-18 01:36:15,2026-09-18 03:05:15
3986,PROD-3986,Smartphone Redmi Note 13 Pro 512GB,Teléfono inteligente con excelente relación calidad-precio y gran cámara - Color Verde,24539.83,43,1,2026-09-19 06:46:02,2026-09-19 08:40:02
3987,PROD-3987,Zapatillas Ultraboost Light,"Tenis de running con retorno de energía superior y ligereza (Talla S, Color Rojo)",2468.55,63,1,2026-09-19 05:52:39,2026-09-19 07:04:39
3988,PROD-3988,Licuadora Reversible 2 Velocidades,Licuadora con motor reversible y vaso de vidrio resistente a choques térmicos,6989.86,17,1,2026-09-19 03:12:03,2026-09-19 04:31:03
3989,PROD-3989,Jeans 511 Slim Fit,"Pantalón de mezclilla ajustado de estilo moderno (Talla L, Color Negro)",2123.47,10,1,2026-09-18 00:23:18,2026-09-18 00:36:18
3990,PROD-3990,Pantalón de Buzo Tech Fleece,"Pantalón deportivo térmico con diseño estilizado (Talla S, Color Azul)",1091.71,77,1,2026-09-21 21:17:48,2026-09-21 22:45:48
3991,PROD-3991,Cafetera Programable 12 Tazas,Cafetera de goteo con temporizador programable y jarra de vidrio,7071.09,21,1,2026-09-20 17:24:41,2026-09-20 18:57:41
3992,PROD-3992,Freidora de Aire 4L,Freidora sin aceite para cocinar de manera saludable y rápida,2340.13,12,1,2026-09-17 22:01:48,2026-09-17 22:37:48
3993,PROD-3993,Audífonos Bluetooth WH-1000XM5,Audífonos inalámbricos con la mejor cancelación de ruido del mercado,2767.54,30,1,2026-09-19 21:10:25,2026-09-19 23:04:25
3994,PROD-3994,Freidora XXL Airfryer,Freidora de aire de gran capacidad con tecnología de extracción de grasa,5621.99,29,1,2026-09-18 16:54:58,2026-09-18 18:00:58
3995,PROD-3995,Freidora de Aire 4L,Freidora sin aceite para cocinar de manera saludable y rápida,4314.39,21,1,2026-09-20 10:37:23,2026-09-20 11:16:23
3996,PROD-3996,Polera Sportswear Club Fleece,"Sudadera de felpa con capucha y ajuste estándar (Talla S, Color Blanco)",440.43,91,1,2026-09-17 14:51:38,2026-09-17 15:04:38
3997,PROD-3997,Zapatillas Samba OG,"Tenis de estilo retro icónicos en cuero de primera calidad (Talla XL, Color Gris)",1311.86,72,1,2026-09-22 11:53:46,2026-09-22 12:50:46
3998,PROD-3998,Freidora XXL Airfryer,Freidora de aire de gran capacidad con tecnología de extracción de grasa,1093.20,46,1,2026-09-17 18:31:39,2026-09-17 18:50:39
3999,PROD-3999,Zapatillas Ultraboost Light,"Tenis de running con retorno de energía superior y ligereza (Talla XL, Color Rojo)",1483.30,81,1,2026-09-21 11:10:00,2026-09-21 12:40:00
4000,PROD-4000,Smartphone Redmi Note 13 Pro 1TB,Teléfono inteligente con excelente relación calidad-precio y gran cámara - Color Negro,4287.96,38,1,2026-09-19 21:48:00,2026-09-19 22:42:00
4001,PROD-4001,Freidora XXL Airfryer,Freidora de aire de gran capacidad con tecnología de extracción de grasa,1047.42,44,1,2026-09-20 09:33:42,2026-09-20 11:18:42
4002,PROD-4002,Polera Sportswear Club Fleece,"Sudadera de felpa con capucha y ajuste estándar (Talla M, Color Verde)",778.29,62,1,2026-09-17 22:40:26,2026-09-17 23:40:26
4003,PROD-4003,Consola PlayStation 5 Slim,Consola de videojuegos de última generación con almacenamiento SSD ultra rápido,12315.80,39,1,2026-09-18 19:18:41,2026-09-18 20:05:41
4004,PROD-4004,Cámara Alpha 7 IV,Cámara mirrorless profesional de fotograma completo para foto y video,23348.65,9,1,2026-09-21 02:45:09,2026-09-21 03:29:09
4005,PROD-4005,Pantalón de Buzo Tech Fleece,"Pantalón deportivo térmico con diseño estilizado (Talla M, Color Rojo)",1144.68,56,1,2026-09-18 23:58:37,2026-09-19 00:29:37
4006,PROD-4006,Freidora de Aire 4L,Freidora sin aceite para cocinar de manera saludable y rápida,1610.09,33,1,2026-09-21 13:09:00,2026-09-21 13:27:00
4007,PROD-4007,Smart Band 8,Pulsera de actividad física con seguimiento del sueño y deporte,12397.86,7,1,2026-09-17 22:47:58,2026-09-18 00:14:58
4008,PROD-4008,Zapatillas Samba OG,"Tenis de estilo retro icónicos en cuero de primera calidad (Talla XL, Color Azul)",1528.31,87,1,2026-09-18 19:24:16,2026-09-18 19:24:16
4009,PROD-4009,Smartphone Galaxy S26 512GB,Smartphone compacto con pantalla fluida y excelente rendimiento - Color Blanco,6094.46,34,1,2026-09-18 15:08:41,2026-09-18 16:09:41
4010,PROD-4010,Zapatillas Running Pegasus 40,"Calzado de correr con amortiguación reactiva para entrenamiento (Talla M, Color Gris)",1030.81,91,1,2026-09-19 19:08:12,2026-09-19 20:51:12
4011,PROD-4011,Licuadora Reversible 2 Velocidades,Licuadora con motor reversible y vaso de vidrio resistente a choques térmicos,2831.51,41,1,2026-09-19 19:05:04,2026-09-19 21:05:04
4012,PROD-4012,Zapatillas Air Force 1 '07,"Tenis clásicos de cuero blanco para uso urbano y casual (Talla M, Color Negro)",2078.15,69,1,2026-09-22 12:15:59,2026-09-22 12:39:59
4013,PROD-4013,Refrigeradora InstaView,Refrigerador inteligente con panel de cristal panorámico,33296.95,13,1,2026-09-21 22:16:02,2026-09-22 00:03:02
4014,PROD-4014,Smartphone Xiaomi 14 Ultra 256GB,Smartphone de gama alta enfocado en fotografía profesional Leica - Color Azul,28664.21,35,1,2026-09-20 07:30:07,2026-09-20 09:27:07
4015,PROD-4015,Licuadora Reversible 2 Velocidades,Licuadora con motor reversible y vaso de vidrio resistente a choques térmicos,7079.03,40,1,2026-09-19 07:42:23,2026-09-19 07:59:23
4016,PROD-4016,Camiseta Graphic Setin Neck,"Playera casual de algodón con estampado frontal (Talla XL, Color Blanco)",352.36,87,1,2026-09-17 22:03:47,2026-09-17 22:04:47
4017,PROD-4017,Jeans 511 Slim Fit,"Pantalón de mezclilla ajustado de estilo moderno (Talla S, Color Negro)",2128.65,45,1,2026-09-18 09:37:01,2026-09-18 10:01:01
4018,PROD-4018,Zapatillas Samba OG,"Tenis de estilo retro icónicos en cuero de primera calidad (Talla XL, Color Blanco)",2260.16,16,1,2026-09-19 15:54:26,2026-09-19 17:28:26
4019,PROD-4019,Aspiradora Inalámbrica SpeedPro,Aspiradora escoba sin cable con cabezal de succión de 180 grados,7889.46,14,1,2026-09-22 03:24:46,2026-09-22 04:43:46
4020,PROD-4020,Freidora XXL Airfryer,Freidora de aire de gran capacidad con tecnología de extracción de grasa,5551.70,45,1,2026-09-21 08:59:26,2026-09-21 09:59:26
4021,PROD-4021,Patinete Eléctrico Pro 4,Scooter eléctrico con gran autonomía para movilidad urbana,25697.07,32,1,2026-09-19 16:03:46,2026-09-19 17:41:46
4022,PROD-4022,Pantalón de Buzo Tech Fleece,"Pantalón deportivo térmico con diseño estilizado (Talla XL, Color Gris)",437.49,88,1,2026-09-21 22:28:00,2026-09-21 23:55:00
4023,PROD-4023,Zapatillas Ultraboost Light,"Tenis de running con retorno de energía superior y ligereza (Talla M, Color Gris)",2024.80,12,1,2026-09-17 15:39:11,2026-09-17 16:57:11
4024,PROD-4024,Freidora XXL Airfryer,Freidora de aire de gran capacidad con tecnología de extracción de grasa,1627.22,60,1,2026-09-19 06:06:47,2026-09-19 08:06:47
4025,PROD-4025,Patinete Eléctrico Pro 4,Scooter eléctrico con gran autonomía para movilidad urbana,7467.82,34,1,2026-09-21 08:00:25,2026-09-21 08:25:25
4026,PROD-4026,Licuadora Reversible 2 Velocidades,Licuadora con motor reversible y vaso de vidrio resistente a choques térmicos,6767.19,45,1,2026-09-18 00:10:08,2026-09-18 01:47:08
4027,PROD-4027,Jeans 501 Original Fit,"Pantalón de mezclilla clásico de corte recto y ajuste cómodo (Talla XL, Color Negro)",1127.97,46,1,2026-09-20 10:45:30,2026-09-20 12:10:30
4028,PROD-4028,Smartphone Redmi Note 13 Pro 128GB,Teléfono inteligente con excelente relación calidad-precio y gran cámara - Color Gris,17995.88,45,1,2026-09-21 02:33:37,2026-09-21 02:47:37
4029,PROD-4029,Consola PlayStation 5 Slim,Consola de videojuegos de última generación con almacenamiento SSD ultra rápido,26955.37,11,1,2026-09-17 19:29:48,2026-09-17 19:37:48
4030,PROD-4030,Zapatillas Ultraboost Light,"Tenis de running con retorno de energía superior y ligereza (Talla XL, Color Negro)",416.07,14,1,2026-09-18 08:42:18,2026-09-18 09:33:18
4031,PROD-4031,Polerón Adicolor Classics,"Sudadera clásica con el logotipo de las tres tiras (Talla M, Color Verde)",912.56,69,1,2026-09-19 14:04:54,2026-09-19 15:20:54
4032,PROD-4032,Zapatillas Ultraboost Light,"Tenis de running con retorno de energía superior y ligereza (Talla M, Color Gris)",971.40,74,1,2026-09-21 21:03:15,2026-09-21 21:29:15
4033,PROD-4033,Zapatillas Air Force 1 '07,"Tenis clásicos de cuero blanco para uso urbano y casual (Talla M, Color Negro)",959.93,61,1,2026-09-20 09:50:55,2026-09-20 11:02:55
4034,PROD-4034,Smart TV Bravia XR OLED 55,Televisor OLED con negros absolutos y procesador de imagen cognitivo,9107.54,50,1,2026-09-20 14:42:27,2026-09-20 16:40:27
4035,PROD-4035,Zapatillas Samba OG,"Tenis de estilo retro icónicos en cuero de primera calidad (Talla L, Color Verde)",2138.27,29,1,2026-09-17 16:27:05,2026-09-17 18:19:05
4036,PROD-4036,Monitor Odyssey G9,Monitor curvo ultrawide diseñado para gaming profesional,25089.90,47,1,2026-09-20 00:28:50,2026-09-20 01:22:50
4037,PROD-4037,Jeans 511 Slim Fit,"Pantalón de mezclilla ajustado de estilo moderno (Talla L, Color Azul)",1508.26,43,1,2026-09-21 03:21:41,2026-09-21 05:16:41
4038,PROD-4038,Smartphone Xiaomi 14 Ultra 512GB,Smartphone de gama alta enfocado en fotografía profesional Leica - Color Negro,1898.62,7,1,2026-09-21 17:28:57,2026-09-21 19:20:57
4039,PROD-4039,Licuadora Reversible 2 Velocidades,Licuadora con motor reversible y vaso de vidrio resistente a choques térmicos,4550.39,50,1,2026-09-17 20:20:15,2026-09-17 20:31:15
4040,PROD-4040,Polerón Adicolor Classics,"Sudadera clásica con el logotipo de las tres tiras (Talla XL, Color Negro)",1037.20,85,1,2026-09-17 16:37:03,2026-09-17 17:48:03
4041,PROD-4041,Zapatillas Air Max 270,"Calzado deportivo con cápsula de aire visible para máxima comodidad (Talla M, Color Azul)",2236.44,61,1,2026-09-21 12:01:14,2026-09-21 12:26:14
4042,PROD-4042,Cafetera Programable 12 Tazas,Cafetera de goteo con temporizador programable y jarra de vidrio,5690.16,20,1,2026-09-18 23:15:25,2026-09-18 23:55:25
4043,PROD-4043,Zapatillas Ultraboost Light,"Tenis de running con retorno de energía superior y ligereza (Talla XL, Color Rojo)",1882.45,35,1,2026-09-22 11:20:24,2026-09-22 11:21:24
4044,PROD-4044,Smartphone Galaxy S26 Ultra 128GB,Smartphone de alta gama con cámara de 200MP y pantalla Dynamic AMOLED - Color Rojo,2360.74,43,1,2026-09-21 02:50:14,2026-09-21 03:20:14
4045,PROD-4045,Monitor UltraGear 27,Monitor de alta frecuencia de actualización para juegos competitivos,18996.96,5,1,2026-09-22 11:00:28,2026-09-22 13:00:28
4046,PROD-4046,Zapatillas Ultraboost Light,"Tenis de running con retorno de energía superior y ligereza (Talla M, Color Rojo)",1733.95,39,1,2026-09-19 14:01:55,2026-09-19 15:30:55
4047,PROD-4047,Chaqueta Camionera de Mezclilla,"Chaqueta clásica de mezclilla resistente para uso diario (Talla M, Color Rojo)",1818.33,89,1,2026-09-22 00:49:15,2026-09-22 01:18:15
4048,PROD-4048,Barra de Sonido HT-A7000,Sistema de audio para cine en casa con soporte Dolby Atmos,8332.19,33,1,2026-09-20 01:51:46,2026-09-20 02:45:46
4049,PROD-4049,Apple Watch Series 10,Reloj inteligente con sensores avanzados de salud y actividad física,14483.74,39,1,2026-09-21 10:42:33,2026-09-21 10:45:33
4050,PROD-4050,Licuadora Reversible 2 Velocidades,Licuadora con motor reversible y vaso de vidrio resistente a choques térmicos,7886.34,51,1,2026-09-21 09:36:57,2026-09-21 10:30:57
4051,PROD-4051,Freidora de Aire 4L,Freidora sin aceite para cocinar de manera saludable y rápida,6883.18,56,1,2026-09-21 00:25:28,2026-09-21 01:03:28
4052,PROD-4052,Zapatillas Samba OG,"Tenis de estilo retro icónicos en cuero de primera calidad (Talla XL, Color Negro)",2224.40,38,1,2026-09-17 23:50:08,2026-09-18 01:36:08
4053,PROD-4053,Tablet Galaxy Tab S9 256GB,"Tableta de alto rendimiento para diseño, trabajo y entretenimiento - Color Verde",28181.30,20,1,2026-09-17 14:19:41,2026-09-17 16:09:41
4054,PROD-4054,Aspiradora Inalámbrica SpeedPro,Aspiradora escoba sin cable con cabezal de succión de 180 grados,7467.00,46,1,2026-09-20 06:20:05,2026-09-20 07:39:05
4055,PROD-4055,Freidora XXL Airfryer,Freidora de aire de gran capacidad con tecnología de extracción de grasa,1119.45,45,1,2026-09-18 07:17:01,2026-09-18 08:52:01
4056,PROD-4056,Camiseta Graphic Setin Neck,"Playera casual de algodón con estampado frontal (Talla M, Color Azul)",2497.20,55,1,2026-09-21 11:25:44,2026-09-21 11:28:44
4057,PROD-4057,Freidora de Aire 4L,Freidora sin aceite para cocinar de manera saludable y rápida,6573.44,35,1,2026-09-20 10:51:35,2026-09-20 12:19:35
4058,PROD-4058,Monitor UltraGear 27,Monitor de alta frecuencia de actualización para juegos competitivos,17494.43,13,1,2026-09-21 12:58:02,2026-09-21 14:05:02
4059,PROD-4059,Freidora de Aire 4L,Freidora sin aceite para cocinar de manera saludable y rápida,7443.96,35,1,2026-09-20 20:26:39,2026-09-20 21:33:39
4060,PROD-4060,Freidora XXL Airfryer,Freidora de aire de gran capacidad con tecnología de extracción de grasa,1067.14,49,1,2026-09-19 22:51:21,2026-09-20 00:43:21
4061,PROD-4061,Freidora de Aire 4L,Freidora sin aceite para cocinar de manera saludable y rápida,7424.82,19,1,2026-09-21 03:20:38,2026-09-21 03:40:38
4062,PROD-4062,Smart Band 8,Pulsera de actividad física con seguimiento del sueño y deporte,15941.84,37,1,2026-09-21 17:45:46,2026-09-21 18:50:46
4063,PROD-4063,Refrigeradora InstaView,Refrigerador inteligente con panel de cristal panorámico,24916.42,33,1,2026-09-21 10:50:16,2026-09-21 11:40:16
4064,PROD-4064,Patinete Eléctrico Pro 4,Scooter eléctrico con gran autonomía para movilidad urbana,6499.79,40,1,2026-09-21 10:26:11,2026-09-21 11:43:11
4065,PROD-4065,Freidora de Aire 4L,Freidora sin aceite para cocinar de manera saludable y rápida,2614.90,45,1,2026-09-19 00:19:47,2026-09-19 02:02:47
4066,PROD-4066,Polerón Adicolor Classics,"Sudadera clásica con el logotipo de las tres tiras (Talla S, Color Blanco)",1045.44,89,1,2026-09-20 10:31:21,2026-09-20 11:32:21
4067,PROD-4067,Camiseta Graphic Setin Neck,"Playera casual de algodón con estampado frontal (Talla L, Color Rojo)",2147.28,58,1,2026-09-19 08:16:26,2026-09-19 08:19:26
4068,PROD-4068,Cafetera Programable 12 Tazas,Cafetera de goteo con temporizador programable y jarra de vidrio,3207.12,55,1,2026-09-20 18:37:01,2026-09-20 18:40:01
4069,PROD-4069,Jeans 501 Original Fit,"Pantalón de mezclilla clásico de corte recto y ajuste cómodo (Talla L, Color Negro)",2012.39,23,1,2026-09-22 06:48:31,2026-09-22 07:37:31
4070,PROD-4070,Zapatillas Running Pegasus 40,"Calzado de correr con amortiguación reactiva para entrenamiento (Talla M, Color Rojo)",500.44,27,1,2026-09-21 03:04:06,2026-09-21 04:54:06
4071,PROD-4071,Polera Sportswear Club Fleece,"Sudadera de felpa con capucha y ajuste estándar (Talla S, Color Rojo)",1495.69,20,1,2026-09-21 11:31:24,2026-09-21 11:45:24
4072,PROD-4072,Zapatillas Samba OG,"Tenis de estilo retro icónicos en cuero de primera calidad (Talla S, Color Negro)",2227.03,56,1,2026-09-22 05:48:44,2026-09-22 05:53:44
4073,PROD-4073,Smart TV OLED C3 65,Televisor inteligente ideal para videojuegos y películas con pánel OLED,9797.10,43,1,2026-09-21 19:38:16,2026-09-21 20:59:16
4074,PROD-4074,Monitor UltraGear 27,Monitor de alta frecuencia de actualización para juegos competitivos,20421.82,36,1,2026-09-19 16:01:16,2026-09-19 17:22:16
4075,PROD-4075,Jeans 511 Slim Fit,"Pantalón de mezclilla ajustado de estilo moderno (Talla S, Color Blanco)",1617.75,12,1,2026-09-18 07:05:39,2026-09-18 07:18:39
4076,PROD-4076,Freidora de Aire 4L,Freidora sin aceite para cocinar de manera saludable y rápida,5215.51,12,1,2026-09-21 10:51:43,2026-09-21 11:55:43
4077,PROD-4077,Zapatillas Ultraboost Light,"Tenis de running con retorno de energía superior y ligereza (Talla XL, Color Gris)",717.47,12,1,2026-09-19 23:34:56,2026-09-20 00:58:56
4078,PROD-4078,Freidora XXL Airfryer,Freidora de aire de gran capacidad con tecnología de extracción de grasa,7965.52,18,1,2026-09-18 22:10:40,2026-09-18 23:58:40
4079,PROD-4079,Robot Aspiradora X10+,Aspiradora robótica con estación de vaciado automático y mapeo láser,7984.13,12,1,2026-09-21 09:26:27,2026-09-21 10:37:27
4080,PROD-4080,Smartphone Xiaomi 14 Ultra 128GB,Smartphone de gama alta enfocado en fotografía profesional Leica - Color Negro,28277.30,36,1,2026-09-21 10:09:42,2026-09-21 10:34:42
4081,PROD-4081,MacBook Air 15 M2 256GB,Laptop ultra delgada y liviana con gran autonomía - Color Azul,23617.89,32,1,2026-09-18 09:20:14,2026-09-18 09:53:14
4082,PROD-4082,Aspiradora Inalámbrica SpeedPro,Aspiradora escoba sin cable con cabezal de succión de 180 grados,2218.06,58,1,2026-09-22 00:07:09,2026-09-22 01:28:09
4083,PROD-4083,Chaqueta Camionera de Mezclilla,"Chaqueta clásica de mezclilla resistente para uso diario (Talla XL, Color Verde)",547.85,92,1,2026-09-22 04:10:38,2026-09-22 04:45:38
4084,PROD-4084,Zapatillas Running Pegasus 40,"Calzado de correr con amortiguación reactiva para entrenamiento (Talla L, Color Azul)",1808.32,73,1,2026-09-19 02:21:01,2026-09-19 02:27:01
4085,PROD-4085,Aspiradora Inalámbrica SpeedPro,Aspiradora escoba sin cable con cabezal de succión de 180 grados,6396.29,31,1,2026-09-21 11:10:54,2026-09-21 11:48:54
4086,PROD-4086,Zapatillas Air Max 270,"Calzado deportivo con cápsula de aire visible para máxima comodidad (Talla L, Color Gris)",1907.79,45,1,2026-09-19 20:34:12,2026-09-19 21:57:12
4087,PROD-4087,Polerón Adicolor Classics,"Sudadera clásica con el logotipo de las tres tiras (Talla XL, Color Gris)",2344.08,75,1,2026-09-18 18:02:12,2026-09-18 19:27:12
4088,PROD-4088,Freidora XXL Airfryer,Freidora de aire de gran capacidad con tecnología de extracción de grasa,6377.77,43,1,2026-09-22 01:05:07,2026-09-22 02:54:07
4089,PROD-4089,Barra de Sonido HT-A7000,Sistema de audio para cine en casa con soporte Dolby Atmos,19919.66,32,1,2026-09-21 08:51:26,2026-09-21 09:11:26
4090,PROD-4090,Zapatillas Air Max 270,"Calzado deportivo con cápsula de aire visible para máxima comodidad (Talla XL, Color Azul)",2134.22,76,1,2026-09-19 10:43:16,2026-09-19 11:13:16
4091,PROD-4091,Monitor Odyssey G9,Monitor curvo ultrawide diseñado para gaming profesional,17283.06,38,1,2026-09-20 09:42:14,2026-09-20 09:42:14
4092,PROD-4092,Freidora XXL Airfryer,Freidora de aire de gran capacidad con tecnología de extracción de grasa,1608.92,49,1,2026-09-20 00:36:13,2026-09-20 02:14:13
4093,PROD-4093,Cafetera Programable 12 Tazas,Cafetera de goteo con temporizador programable y jarra de vidrio,6701.32,24,1,2026-09-19 08:54:43,2026-09-19 09:25:43
4094,PROD-4094,Aspiradora Inalámbrica SpeedPro,Aspiradora escoba sin cable con cabezal de succión de 180 grados,6985.56,10,1,2026-09-19 16:57:37,2026-09-19 17:00:37
4095,PROD-4095,Aspiradora Inalámbrica SpeedPro,Aspiradora escoba sin cable con cabezal de succión de 180 grados,6477.79,31,1,2026-09-21 22:04:25,2026-09-21 22:08:25
4096,PROD-4096,Cafetera Programable 12 Tazas,Cafetera de goteo con temporizador programable y jarra de vidrio,2445.46,37,1,2026-09-18 13:09:59,2026-09-18 14:42:59
4097,PROD-4097,Monitor Odyssey G9,Monitor curvo ultrawide diseñado para gaming profesional,7496.12,16,1,2026-09-22 03:31:28,2026-09-22 04:48:28
4098,PROD-4098,Smart TV OLED C3 65,Televisor inteligente ideal para videojuegos y películas con pánel OLED,25241.48,33,1,2026-09-18 22:12:33,2026-09-19 00:09:33
4099,PROD-4099,Freidora XXL Airfryer,Freidora de aire de gran capacidad con tecnología de extracción de grasa,6818.48,45,1,2026-09-19 10:56:45,2026-09-19 11:30:45
4100,PROD-4100,Freidora XXL Airfryer,Freidora de aire de gran capacidad con tecnología de extracción de grasa,2236.84,9,1,2026-09-17 22:20:53,2026-09-17 23:13:53
4101,PROD-4101,Parlante Portátil SRS-XG300,Bocina inalámbrica portátil resistente al agua con graves potentes,35744.64,12,1,2026-09-19 16:42:55,2026-09-19 16:46:55
4102,PROD-4102,Cafetera Programable 12 Tazas,Cafetera de goteo con temporizador programable y jarra de vidrio,5698.73,8,1,2026-09-19 08:47:07,2026-09-19 09:30:07
4103,PROD-4103,Audífonos AirPods Pro 2,Audífonos intrauditivos con cancelación de ruido de nivel superior,3844.57,18,1,2026-09-19 15:07:24,2026-09-19 15:36:24
4104,PROD-4104,Audífonos AirPods Max,Audífonos de diadema inalámbricos con sonido de alta fidelidad,21680.19,48,1,2026-09-21 17:06:44,2026-09-21 18:32:44
4105,PROD-4105,Licuadora Reversible 2 Velocidades,Licuadora con motor reversible y vaso de vidrio resistente a choques térmicos,6104.54,47,1,2026-09-22 03:33:52,2026-09-22 04:15:52
4106,PROD-4106,Smartphone Galaxy S26+ 128GB,Teléfono inteligente con procesador de última generación y batería de larga duración - Color Blanco,8984.52,27,1,2026-09-21 01:00:39,2026-09-21 01:03:39
4107,PROD-4107,Camiseta Graphic Setin Neck,"Playera casual de algodón con estampado frontal (Talla L, Color Blanco)",2252.58,43,1,2026-09-18 10:48:27,2026-09-18 11:58:27
4108,PROD-4108,Zapatillas Samba OG,"Tenis de estilo retro icónicos en cuero de primera calidad (Talla M, Color Verde)",1089.48,98,1,2026-09-17 20:33:12,2026-09-17 21:40:12
4109,PROD-4109,Zapatillas Air Max 270,"Calzado deportivo con cápsula de aire visible para máxima comodidad (Talla M, Color Rojo)",1887.06,54,1,2026-09-19 15:52:21,2026-09-19 16:29:21
4110,PROD-4110,Chaqueta Camionera de Mezclilla,"Chaqueta clásica de mezclilla resistente para uso diario (Talla XL, Color Negro)",2066.10,90,1,2026-09-18 00:52:48,2026-09-18 02:06:48
4111,PROD-4111,Consola PlayStation 5 Slim,Consola de videojuegos de última generación con almacenamiento SSD ultra rápido,3282.93,47,1,2026-09-19 09:26:47,2026-09-19 10:10:47
4112,PROD-4112,Zapatillas Air Max 270,"Calzado deportivo con cápsula de aire visible para máxima comodidad (Talla XL, Color Verde)",417.19,63,1,2026-09-18 08:52:27,2026-09-18 09:52:27
4113,PROD-4113,Smart TV OLED C3 65,Televisor inteligente ideal para videojuegos y películas con pánel OLED,15258.53,17,1,2026-09-19 01:08:50,2026-09-19 02:04:50
4114,PROD-4114,Zapatillas Air Force 1 '07,"Tenis clásicos de cuero blanco para uso urbano y casual (Talla M, Color Negro)",1785.77,70,1,2026-09-19 19:39:28,2026-09-19 20:33:28
4115,PROD-4115,Freidora de Aire 4L,Freidora sin aceite para cocinar de manera saludable y rápida,2355.69,14,1,2026-09-18 14:25:16,2026-09-18 16:01:16
4116,PROD-4116,Chaqueta Camionera de Mezclilla,"Chaqueta clásica de mezclilla resistente para uso diario (Talla S, Color Rojo)",2447.77,93,1,2026-09-20 05:29:29,2026-09-20 06:19:29
4117,PROD-4117,Smartphone Galaxy S26 Ultra 1TB,Smartphone de alta gama con cámara de 200MP y pantalla Dynamic AMOLED - Color Rojo,8808.47,43,1,2026-09-20 03:56:58,2026-09-20 04:26:58
4118,PROD-4118,iPad Pro 12.9,Tableta profesional con pantalla Liquid Retina XDR y chip M2,34218.62,32,1,2026-09-22 01:34:08,2026-09-22 02:37:08
4119,PROD-4119,Cámara Alpha 7 IV,Cámara mirrorless profesional de fotograma completo para foto y video,1653.26,26,1,2026-09-21 22:07:40,2026-09-21 23:25:40
4120,PROD-4120,Licuadora Reversible 2 Velocidades,Licuadora con motor reversible y vaso de vidrio resistente a choques térmicos,7349.28,53,1,2026-09-21 22:29:16,2026-09-21 23:22:16
4121,PROD-4121,Jeans 501 Original Fit,"Pantalón de mezclilla clásico de corte recto y ajuste cómodo (Talla M, Color Blanco)",952.85,39,1,2026-09-22 06:02:07,2026-09-22 07:09:07
4122,PROD-4122,Freidora de Aire 4L,Freidora sin aceite para cocinar de manera saludable y rápida,4215.82,13,1,2026-09-21 12:52:31,2026-09-21 13:29:31
4123,PROD-4123,Licuadora Reversible 2 Velocidades,Licuadora con motor reversible y vaso de vidrio resistente a choques térmicos,1503.90,46,1,2026-09-22 11:56:06,2026-09-22 12:27:06
4124,PROD-4124,Polera Sportswear Club Fleece,"Sudadera de felpa con capucha y ajuste estándar (Talla S, Color Verde)",661.22,32,1,2026-09-22 07:29:48,2026-09-22 09:01:48
4125,PROD-4125,Smartphone Galaxy Z Fold 6 512GB,Teléfono plegable con pantalla gigante para productividad y multitarea - Color Blanco,17234.01,28,1,2026-09-20 05:25:01,2026-09-20 06:13:01
4126,PROD-4126,Jeans 501 Original Fit,"Pantalón de mezclilla clásico de corte recto y ajuste cómodo (Talla S, Color Verde)",1062.16,85,1,2026-09-17 16:38:46,2026-09-17 18:13:46
4127,PROD-4127,Zapatillas Samba OG,"Tenis de estilo retro icónicos en cuero de primera calidad (Talla M, Color Negro)",1470.88,100,1,2026-09-18 18:41:30,2026-09-18 20:03:30
4128,PROD-4128,Camiseta Graphic Setin Neck,"Playera casual de algodón con estampado frontal (Talla L, Color Blanco)",2318.01,20,1,2026-09-17 18:39:48,2026-09-17 20:06:48
4129,PROD-4129,Cafetera Programable 12 Tazas,Cafetera de goteo con temporizador programable y jarra de vidrio,7858.05,38,1,2026-09-20 11:32:43,2026-09-20 11:47:43
4130,PROD-4130,Freidora de Aire 4L,Freidora sin aceite para cocinar de manera saludable y rápida,520.08,17,1,2026-09-21 16:37:31,2026-09-21 17:51:31
4131,PROD-4131,Robot Aspiradora X10+,Aspiradora robótica con estación de vaciado automático y mapeo láser,4991.00,26,1,2026-09-22 10:54:50,2026-09-22 11:02:50
4132,PROD-4132,Jeans 511 Slim Fit,"Pantalón de mezclilla ajustado de estilo moderno (Talla S, Color Azul)",653.70,88,1,2026-09-18 01:15:10,2026-09-18 02:50:10
4133,PROD-4133,Monitor UltraGear 27,Monitor de alta frecuencia de actualización para juegos competitivos,8614.87,44,1,2026-09-18 11:46:24,2026-09-18 12:06:24
4134,PROD-4134,Refrigeradora InstaView,Refrigerador inteligente con panel de cristal panorámico,9239.59,41,1,2026-09-18 00:06:27,2026-09-18 01:46:27
4135,PROD-4135,Zapatillas Air Max 270,"Calzado deportivo con cápsula de aire visible para máxima comodidad (Talla XL, Color Azul)",2022.73,24,1,2026-09-22 05:40:04,2026-09-22 05:43:04
4136,PROD-4136,Camiseta Graphic Setin Neck,"Playera casual de algodón con estampado frontal (Talla XL, Color Negro)",1300.45,47,1,2026-09-19 15:32:13,2026-09-19 17:20:13
4137,PROD-4137,Freidora de Aire 4L,Freidora sin aceite para cocinar de manera saludable y rápida,6961.75,11,1,2026-09-19 02:08:39,2026-09-19 02:43:39
4138,PROD-4138,Jeans 501 Original Fit,"Pantalón de mezclilla clásico de corte recto y ajuste cómodo (Talla M, Color Negro)",631.50,92,1,2026-09-19 20:03:20,2026-09-19 21:38:20
4139,PROD-4139,Cafetera Programable 12 Tazas,Cafetera de goteo con temporizador programable y jarra de vidrio,4157.19,47,1,2026-09-17 18:05:33,2026-09-17 19:58:33
4140,PROD-4140,Barra de Sonido HT-A7000,Sistema de audio para cine en casa con soporte Dolby Atmos,12790.81,8,1,2026-09-18 13:52:56,2026-09-18 15:08:56
4141,PROD-4141,Zapatillas Samba OG,"Tenis de estilo retro icónicos en cuero de primera calidad (Talla XL, Color Azul)",451.55,93,1,2026-09-22 06:34:33,2026-09-22 06:40:33
4142,PROD-4142,Jeans 511 Slim Fit,"Pantalón de mezclilla ajustado de estilo moderno (Talla L, Color Azul)",1822.41,68,1,2026-09-21 16:03:26,2026-09-21 16:47:26
4143,PROD-4143,Zapatillas Ultraboost Light,"Tenis de running con retorno de energía superior y ligereza (Talla M, Color Blanco)",2045.94,79,1,2026-09-20 14:39:14,2026-09-20 14:51:14
4144,PROD-4144,Smartphone Galaxy Z Fold 6 256GB,Teléfono plegable con pantalla gigante para productividad y multitarea - Color Azul,6624.57,8,1,2026-09-22 02:23:10,2026-09-22 03:03:10
4145,PROD-4145,MacBook Pro 16 M3 512GB,Computadora portátil profesional para edición de video y desarrollo - Color Azul,2633.78,39,1,2026-09-19 10:19:48,2026-09-19 10:39:48
4146,PROD-4146,Smartphone Galaxy S26+ 256GB,Teléfono inteligente con procesador de última generación y batería de larga duración - Color Rojo,23842.45,15,1,2026-09-19 17:46:50,2026-09-19 19:27:50
4147,PROD-4147,iPhone 16 Pro Max 256GB,Smartphone insignia de Apple con acabado en titanio y cámara profesional - Color Verde,26457.74,48,1,2026-09-19 21:25:55,2026-09-19 22:31:55
4148,PROD-4148,Smartphone Xiaomi 14 Ultra 1TB,Smartphone de gama alta enfocado en fotografía profesional Leica - Color Negro,8933.35,41,1,2026-09-21 15:39:59,2026-09-21 17:04:59
4149,PROD-4149,Cafetera Programable 12 Tazas,Cafetera de goteo con temporizador programable y jarra de vidrio,7531.93,38,1,2026-09-19 00:52:05,2026-09-19 02:26:05
4150,PROD-4150,Zapatillas Ultraboost Light,"Tenis de running con retorno de energía superior y ligereza (Talla XL, Color Verde)",1447.10,100,1,2026-09-19 09:42:41,2026-09-19 11:04:41
4151,PROD-4151,Pantalón de Buzo Tech Fleece,"Pantalón deportivo térmico con diseño estilizado (Talla M, Color Negro)",441.89,55,1,2026-09-18 07:57:18,2026-09-18 08:07:18
4152,PROD-4152,Polerón Adicolor Classics,"Sudadera clásica con el logotipo de las tres tiras (Talla S, Color Negro)",2428.03,11,1,2026-09-20 07:37:44,2026-09-20 07:51:44
4153,PROD-4153,Chaqueta Camionera de Mezclilla,"Chaqueta clásica de mezclilla resistente para uso diario (Talla L, Color Negro)",2058.08,95,1,2026-09-20 18:45:10,2026-09-20 20:32:10
4154,PROD-4154,Freidora XXL Airfryer,Freidora de aire de gran capacidad con tecnología de extracción de grasa,1770.31,37,1,2026-09-17 14:02:40,2026-09-17 15:09:40
4155,PROD-4155,Jeans 501 Original Fit,"Pantalón de mezclilla clásico de corte recto y ajuste cómodo (Talla S, Color Rojo)",919.39,92,1,2026-09-19 09:22:23,2026-09-19 10:08:23
4156,PROD-4156,Pantalón de Buzo Tech Fleece,"Pantalón deportivo térmico con diseño estilizado (Talla XL, Color Blanco)",1676.20,54,1,2026-09-19 14:23:50,2026-09-19 15:12:50
4157,PROD-4157,Smart TV OLED C3 65,Televisor inteligente ideal para videojuegos y películas con pánel OLED,16599.94,36,1,2026-09-18 00:30:19,2026-09-18 01:00:19
4158,PROD-4158,Zapatillas Air Force 1 '07,"Tenis clásicos de cuero blanco para uso urbano y casual (Talla XL, Color Blanco)",2169.88,40,1,2026-09-21 02:15:22,2026-09-21 03:00:22
4159,PROD-4159,Jeans 511 Slim Fit,"Pantalón de mezclilla ajustado de estilo moderno (Talla XL, Color Azul)",2335.88,66,1,2026-09-20 20:19:16,2026-09-20 20:47:16
4160,PROD-4160,Cámara Alpha 7 IV,Cámara mirrorless profesional de fotograma completo para foto y video,18051.87,34,1,2026-09-18 03:26:48,2026-09-18 03:51:48
4161,PROD-4161,Aspiradora Inalámbrica SpeedPro,Aspiradora escoba sin cable con cabezal de succión de 180 grados,6656.05,10,1,2026-09-18 13:16:00,2026-09-18 14:49:00
4162,PROD-4162,MacBook Air 15 M2 1TB,Laptop ultra delgada y liviana con gran autonomía - Color Negro,11218.37,30,1,2026-09-19 20:38:06,2026-09-19 21:00:06
4163,PROD-4163,Zapatillas Air Max 270,"Calzado deportivo con cápsula de aire visible para máxima comodidad (Talla M, Color Negro)",988.24,97,1,2026-09-18 05:11:42,2026-09-18 05:20:42
4164,PROD-4164,Zapatillas Air Force 1 '07,"Tenis clásicos de cuero blanco para uso urbano y casual (Talla L, Color Blanco)",1696.35,23,1,2026-09-19 19:39:49,2026-09-19 20:02:49
4165,PROD-4165,Zapatillas Ultraboost Light,"Tenis de running con retorno de energía superior y ligereza (Talla S, Color Rojo)",1203.08,78,1,2026-09-22 00:27:39,2026-09-22 01:20:39
4166,PROD-4166,Patinete Eléctrico Pro 4,Scooter eléctrico con gran autonomía para movilidad urbana,17511.52,21,1,2026-09-19 21:39:35,2026-09-19 22:19:35
4167,PROD-4167,Polerón Adicolor Classics,"Sudadera clásica con el logotipo de las tres tiras (Talla XL, Color Rojo)",1447.60,71,1,2026-09-17 16:17:29,2026-09-17 16:44:29
4168,PROD-4168,Polerón Adicolor Classics,"Sudadera clásica con el logotipo de las tres tiras (Talla M, Color Negro)",410.86,79,1,2026-09-18 21:08:00,2026-09-18 22:10:00
4169,PROD-4169,Freidora de Aire 4L,Freidora sin aceite para cocinar de manera saludable y rápida,5939.92,52,1,2026-09-18 00:34:46,2026-09-18 02:11:46
4170,PROD-4170,Zapatillas Ultraboost Light,"Tenis de running con retorno de energía superior y ligereza (Talla M, Color Verde)",2473.84,86,1,2026-09-18 05:39:21,2026-09-18 07:03:21
4171,PROD-4171,Freidora de Aire 4L,Freidora sin aceite para cocinar de manera saludable y rápida,7506.32,32,1,2026-09-19 13:08:41,2026-09-19 14:24:41
4172,PROD-4172,Consola PlayStation 5 Slim,Consola de videojuegos de última generación con almacenamiento SSD ultra rápido,2050.68,21,1,2026-09-17 20:22:26,2026-09-17 21:10:26
4173,PROD-4173,Cafetera Programable 12 Tazas,Cafetera de goteo con temporizador programable y jarra de vidrio,1115.83,42,1,2026-09-20 06:53:16,2026-09-20 07:14:16
4174,PROD-4174,Smart TV OLED C3 65,Televisor inteligente ideal para videojuegos y películas con pánel OLED,10467.19,12,1,2026-09-20 16:38:07,2026-09-20 17:02:07
4175,PROD-4175,Audífonos Galaxy Buds3 Pro,Audífonos inalámbricos con cancelación activa de ruido inteligente,4554.55,49,1,2026-09-21 02:04:18,2026-09-21 03:42:18
4176,PROD-4176,Zapatillas Ultraboost Light,"Tenis de running con retorno de energía superior y ligereza (Talla XL, Color Gris)",1805.86,77,1,2026-09-21 06:21:30,2026-09-21 07:54:30
4177,PROD-4177,Aspiradora Inalámbrica SpeedPro,Aspiradora escoba sin cable con cabezal de succión de 180 grados,7197.36,45,1,2026-09-21 06:34:25,2026-09-21 07:31:25
4178,PROD-4178,Freidora de Aire 4L,Freidora sin aceite para cocinar de manera saludable y rápida,1625.35,16,1,2026-09-18 04:36:48,2026-09-18 05:38:48
4179,PROD-4179,Smartphone Galaxy Z Flip 6 1TB,Teléfono plegable compacto con pantalla exterior funcional - Color Gris,35568.49,27,1,2026-09-20 16:22:18,2026-09-20 17:56:18
4180,PROD-4180,Refrigeradora InstaView,Refrigerador inteligente con panel de cristal panorámico,19476.07,11,1,2026-09-17 14:28:50,2026-09-17 15:23:50
4181,PROD-4181,Smartphone Xiaomi 14 Ultra 512GB,Smartphone de gama alta enfocado en fotografía profesional Leica - Color Azul,31085.75,11,1,2026-09-20 00:31:10,2026-09-20 00:56:10
4182,PROD-4182,Audífonos AirPods Max,Audífonos de diadema inalámbricos con sonido de alta fidelidad,35327.98,28,1,2026-09-19 16:25:53,2026-09-19 17:22:53
4183,PROD-4183,Smartphone Redmi Note 13 Pro 1TB,Teléfono inteligente con excelente relación calidad-precio y gran cámara - Color Rojo,11330.63,31,1,2026-09-18 20:50:47,2026-09-18 21:52:47
4184,PROD-4184,Licuadora Reversible 2 Velocidades,Licuadora con motor reversible y vaso de vidrio resistente a choques térmicos,4762.09,21,1,2026-09-20 17:38:57,2026-09-20 19:27:57
4185,PROD-4185,Freidora de Aire 4L,Freidora sin aceite para cocinar de manera saludable y rápida,4431.05,18,1,2026-09-21 18:43:10,2026-09-21 18:49:10
4186,PROD-4186,iPhone 16 Pro Max 1TB,Smartphone insignia de Apple con acabado en titanio y cámara profesional - Color Negro,15623.65,36,1,2026-09-19 15:47:58,2026-09-19 16:11:58
4187,PROD-4187,Licuadora Reversible 2 Velocidades,Licuadora con motor reversible y vaso de vidrio resistente a choques térmicos,3356.53,59,1,2026-09-21 17:45:05,2026-09-21 18:09:05
4188,PROD-4188,Jeans 511 Slim Fit,"Pantalón de mezclilla ajustado de estilo moderno (Talla S, Color Azul)",1669.93,77,1,2026-09-19 13:05:07,2026-09-19 13:39:07
4189,PROD-4189,Licuadora Reversible 2 Velocidades,Licuadora con motor reversible y vaso de vidrio resistente a choques térmicos,2759.59,46,1,2026-09-17 21:18:23,2026-09-17 21:49:23
4190,PROD-4190,Zapatillas Ultraboost Light,"Tenis de running con retorno de energía superior y ligereza (Talla L, Color Verde)",986.09,76,1,2026-09-22 06:11:57,2026-09-22 06:53:57
4191,PROD-4191,Freidora de Aire 4L,Freidora sin aceite para cocinar de manera saludable y rápida,5680.82,60,1,2026-09-18 23:14:58,2026-09-19 00:41:58
4192,PROD-4192,Licuadora Reversible 2 Velocidades,Licuadora con motor reversible y vaso de vidrio resistente a choques térmicos,4061.90,25,1,2026-09-21 23:47:25,2026-09-22 00:14:25
4193,PROD-4193,Licuadora Reversible 2 Velocidades,Licuadora con motor reversible y vaso de vidrio resistente a choques térmicos,7321.90,57,1,2026-09-19 14:55:14,2026-09-19 15:08:14
4194,PROD-4194,Zapatillas Air Force 1 '07,"Tenis clásicos de cuero blanco para uso urbano y casual (Talla M, Color Gris)",1548.95,18,1,2026-09-21 08:45:55,2026-09-21 10:19:55
4195,PROD-4195,Pantalón de Buzo Tech Fleece,"Pantalón deportivo térmico con diseño estilizado (Talla M, Color Negro)",2110.64,33,1,2026-09-21 20:01:32,2026-09-21 20:25:32
4196,PROD-4196,Jeans 501 Original Fit,"Pantalón de mezclilla clásico de corte recto y ajuste cómodo (Talla XL, Color Blanco)",1578.61,43,1,2026-09-19 17:14:54,2026-09-19 17:47:54
4197,PROD-4197,Audífonos AirPods Pro 2,Audífonos intrauditivos con cancelación de ruido de nivel superior,9434.96,19,1,2026-09-18 02:46:21,2026-09-18 03:26:21
4198,PROD-4198,Jeans 501 Original Fit,"Pantalón de mezclilla clásico de corte recto y ajuste cómodo (Talla M, Color Negro)",2273.73,70,1,2026-09-21 04:10:22,2026-09-21 05:01:22
4199,PROD-4199,Freidora XXL Airfryer,Freidora de aire de gran capacidad con tecnología de extracción de grasa,5344.65,35,1,2026-09-21 18:26:15,2026-09-21 19:50:15
4200,PROD-4200,Zapatillas Running Pegasus 40,"Calzado de correr con amortiguación reactiva para entrenamiento (Talla XL, Color Blanco)",1703.72,14,1,2026-09-20 23:00:56,2026-09-21 00:35:56
4201,PROD-4201,Cafetera Programable 12 Tazas,Cafetera de goteo con temporizador programable y jarra de vidrio,1217.84,38,1,2026-09-21 09:44:28,2026-09-21 11:23:28
4202,PROD-4202,Barra de Sonido HT-A7000,Sistema de audio para cine en casa con soporte Dolby Atmos,34072.64,10,1,2026-09-20 02:03:48,2026-09-20 02:54:48
4203,PROD-4203,Licuadora Reversible 2 Velocidades,Licuadora con motor reversible y vaso de vidrio resistente a choques térmicos,7067.82,21,1,2026-09-21 07:39:04,2026-09-21 08:39:04
4204,PROD-4204,Smart Band 8,Pulsera de actividad física con seguimiento del sueño y deporte,1521.79,49,1,2026-09-18 08:55:42,2026-09-18 09:10:42
4205,PROD-4205,Zapatillas Ultraboost Light,"Tenis de running con retorno de energía superior y ligereza (Talla L, Color Negro)",1868.65,33,1,2026-09-19 09:37:13,2026-09-19 09:53:13
4206,PROD-4206,Cafetera Programable 12 Tazas,Cafetera de goteo con temporizador programable y jarra de vidrio,1697.59,25,1,2026-09-18 02:48:28,2026-09-18 04:16:28
4207,PROD-4207,Licuadora Reversible 2 Velocidades,Licuadora con motor reversible y vaso de vidrio resistente a choques térmicos,3529.64,23,1,2026-09-18 16:01:37,2026-09-18 17:34:37
4208,PROD-4208,Patinete Eléctrico Pro 4,Scooter eléctrico con gran autonomía para movilidad urbana,11453.21,5,1,2026-09-18 02:49:13,2026-09-18 04:43:13
4209,PROD-4209,Cafetera Programable 12 Tazas,Cafetera de goteo con temporizador programable y jarra de vidrio,6410.86,26,1,2026-09-19 04:12:22,2026-09-19 04:33:22
4210,PROD-4210,Zapatillas Samba OG,"Tenis de estilo retro icónicos en cuero de primera calidad (Talla M, Color Verde)",2468.29,13,1,2026-09-18 12:01:27,2026-09-18 13:29:27
4211,PROD-4211,Chaqueta Camionera de Mezclilla,"Chaqueta clásica de mezclilla resistente para uso diario (Talla S, Color Verde)",1641.98,66,1,2026-09-20 01:01:02,2026-09-20 01:45:02
4212,PROD-4212,Licuadora Reversible 2 Velocidades,Licuadora con motor reversible y vaso de vidrio resistente a choques térmicos,5479.14,40,1,2026-09-20 03:07:15,2026-09-20 04:31:15
4213,PROD-4213,Smart TV Bravia XR OLED 55,Televisor OLED con negros absolutos y procesador de imagen cognitivo,35634.12,5,1,2026-09-21 06:20:20,2026-09-21 08:02:20
4214,PROD-4214,Freidora XXL Airfryer,Freidora de aire de gran capacidad con tecnología de extracción de grasa,2747.86,30,1,2026-09-18 17:07:50,2026-09-18 18:26:50
4215,PROD-4215,Licuadora Reversible 2 Velocidades,Licuadora con motor reversible y vaso de vidrio resistente a choques térmicos,3952.68,28,1,2026-09-19 10:24:32,2026-09-19 12:10:32
4216,PROD-4216,Freidora de Aire 4L,Freidora sin aceite para cocinar de manera saludable y rápida,6774.66,13,1,2026-09-21 16:46:45,2026-09-21 18:07:45
4217,PROD-4217,Cafetera Programable 12 Tazas,Cafetera de goteo con temporizador programable y jarra de vidrio,7310.67,19,1,2026-09-19 21:15:30,2026-09-19 23:05:30
4218,PROD-4218,Smartphone Galaxy S26 Ultra 256GB,Smartphone de alta gama con cámara de 200MP y pantalla Dynamic AMOLED - Color Gris,14108.25,44,1,2026-09-19 04:01:07,2026-09-19 04:24:07
4219,PROD-4219,Licuadora Reversible 2 Velocidades,Licuadora con motor reversible y vaso de vidrio resistente a choques térmicos,5219.72,19,1,2026-09-19 00:20:00,2026-09-19 01:21:00
4220,PROD-4220,Zapatillas Samba OG,"Tenis de estilo retro icónicos en cuero de primera calidad (Talla XL, Color Rojo)",1777.52,64,1,2026-09-21 04:29:00,2026-09-21 04:51:00
4221,PROD-4221,Monitor UltraGear 27,Monitor de alta frecuencia de actualización para juegos competitivos,8797.33,39,1,2026-09-19 20:59:36,2026-09-19 21:10:36
4222,PROD-4222,Freidora XXL Airfryer,Freidora de aire de gran capacidad con tecnología de extracción de grasa,6744.21,48,1,2026-09-22 12:55:37,2026-09-22 14:04:37
4223,PROD-4223,Refrigeradora InstaView,Refrigerador inteligente con panel de cristal panorámico,1076.61,44,1,2026-09-22 08:36:21,2026-09-22 09:05:21
4224,PROD-4224,Chaqueta Camionera de Mezclilla,"Chaqueta clásica de mezclilla resistente para uso diario (Talla M, Color Gris)",354.73,64,1,2026-09-21 15:10:23,2026-09-21 15:32:23
4225,PROD-4225,Freidora de Aire 4L,Freidora sin aceite para cocinar de manera saludable y rápida,3516.85,20,1,2026-09-22 10:29:06,2026-09-22 11:07:06
4226,PROD-4226,Licuadora Reversible 2 Velocidades,Licuadora con motor reversible y vaso de vidrio resistente a choques térmicos,2355.89,38,1,2026-09-19 19:07:47,2026-09-19 19:20:47
4227,PROD-4227,Aspiradora Inalámbrica SpeedPro,Aspiradora escoba sin cable con cabezal de succión de 180 grados,7259.23,24,1,2026-09-21 23:39:52,2026-09-21 23:43:52
4228,PROD-4228,Aspiradora Inalámbrica SpeedPro,Aspiradora escoba sin cable con cabezal de succión de 180 grados,6570.71,19,1,2026-09-19 06:30:38,2026-09-19 07:01:38
4229,PROD-4229,Freidora de Aire 4L,Freidora sin aceite para cocinar de manera saludable y rápida,7572.70,16,1,2026-09-20 21:51:44,2026-09-20 22:33:44
4230,PROD-4230,Camiseta Graphic Setin Neck,"Playera casual de algodón con estampado frontal (Talla L, Color Blanco)",1081.06,12,1,2026-09-21 01:13:53,2026-09-21 03:03:53
4231,PROD-4231,Chaqueta Camionera de Mezclilla,"Chaqueta clásica de mezclilla resistente para uso diario (Talla L, Color Azul)",2163.59,11,1,2026-09-19 01:20:05,2026-09-19 02:32:05
4232,PROD-4232,Zapatillas Samba OG,"Tenis de estilo retro icónicos en cuero de primera calidad (Talla L, Color Gris)",800.49,86,1,2026-09-18 03:06:32,2026-09-18 04:53:32
4233,PROD-4233,Polera Sportswear Club Fleece,"Sudadera de felpa con capucha y ajuste estándar (Talla S, Color Gris)",1334.50,80,1,2026-09-20 17:16:55,2026-09-20 17:41:55
4234,PROD-4234,Tablet Galaxy Tab S9 512GB,"Tableta de alto rendimiento para diseño, trabajo y entretenimiento - Color Blanco",20042.00,34,1,2026-09-18 20:01:23,2026-09-18 22:00:23
4235,PROD-4235,Zapatillas Running Pegasus 40,"Calzado de correr con amortiguación reactiva para entrenamiento (Talla XL, Color Verde)",1161.18,65,1,2026-09-20 03:41:21,2026-09-20 04:38:21
4236,PROD-4236,Aspiradora Inalámbrica SpeedPro,Aspiradora escoba sin cable con cabezal de succión de 180 grados,524.65,52,1,2026-09-18 04:37:07,2026-09-18 05:35:07
4237,PROD-4237,Freidora de Aire 4L,Freidora sin aceite para cocinar de manera saludable y rápida,4840.24,13,1,2026-09-19 03:06:01,2026-09-19 04:25:01
4238,PROD-4238,Jeans 501 Original Fit,"Pantalón de mezclilla clásico de corte recto y ajuste cómodo (Talla S, Color Blanco)",2066.60,43,1,2026-09-22 09:03:09,2026-09-22 10:34:09
4239,PROD-4239,Chaqueta Camionera de Mezclilla,"Chaqueta clásica de mezclilla resistente para uso diario (Talla XL, Color Azul)",2132.93,63,1,2026-09-20 04:02:38,2026-09-20 05:35:38
4240,PROD-4240,Chaqueta Camionera de Mezclilla,"Chaqueta clásica de mezclilla resistente para uso diario (Talla S, Color Rojo)",1915.14,64,1,2026-09-17 16:01:22,2026-09-17 17:28:22
4241,PROD-4241,Smart Band 8,Pulsera de actividad física con seguimiento del sueño y deporte,24007.62,21,1,2026-09-20 23:05:56,2026-09-21 00:58:56
4242,PROD-4242,Licuadora Reversible 2 Velocidades,Licuadora con motor reversible y vaso de vidrio resistente a choques térmicos,2559.06,21,1,2026-09-19 18:41:40,2026-09-19 19:59:40
4243,PROD-4243,Aspiradora Inalámbrica SpeedPro,Aspiradora escoba sin cable con cabezal de succión de 180 grados,541.71,25,1,2026-09-19 12:19:31,2026-09-19 13:56:31
4244,PROD-4244,Smart TV Bravia XR OLED 55,Televisor OLED con negros absolutos y procesador de imagen cognitivo,15002.76,50,1,2026-09-21 01:05:06,2026-09-21 02:46:06
4245,PROD-4245,Patinete Eléctrico Pro 4,Scooter eléctrico con gran autonomía para movilidad urbana,11535.77,13,1,2026-09-21 20:47:32,2026-09-21 22:22:32
4246,PROD-4246,Camiseta Graphic Setin Neck,"Playera casual de algodón con estampado frontal (Talla S, Color Azul)",2137.59,78,1,2026-09-21 02:43:05,2026-09-21 03:04:05
4247,PROD-4247,Zapatillas Air Force 1 '07,"Tenis clásicos de cuero blanco para uso urbano y casual (Talla L, Color Negro)",2165.64,52,1,2026-09-17 21:13:16,2026-09-17 23:03:16
4248,PROD-4248,Cafetera Programable 12 Tazas,Cafetera de goteo con temporizador programable y jarra de vidrio,2860.32,53,1,2026-09-20 12:32:39,2026-09-20 13:26:39
4249,PROD-4249,Freidora de Aire 4L,Freidora sin aceite para cocinar de manera saludable y rápida,7046.54,27,1,2026-09-20 15:59:24,2026-09-20 17:40:24
4250,PROD-4250,Smartphone Xiaomi 14 Ultra 512GB,Smartphone de gama alta enfocado en fotografía profesional Leica - Color Rojo,9179.53,31,1,2026-09-20 22:33:42,2026-09-21 00:24:42
4251,PROD-4251,Smartphone Xiaomi 14 Ultra 512GB,Smartphone de gama alta enfocado en fotografía profesional Leica - Color Rojo,12953.19,6,1,2026-09-21 21:58:49,2026-09-21 23:45:49
4252,PROD-4252,Smartphone Galaxy S26+ 256GB,Teléfono inteligente con procesador de última generación y batería de larga duración - Color Azul,19999.14,29,1,2026-09-21 04:38:55,2026-09-21 05:20:55
4253,PROD-4253,Refrigeradora InstaView,Refrigerador inteligente con panel de cristal panorámico,7898.07,23,1,2026-09-21 10:42:35,2026-09-21 12:39:35
4254,PROD-4254,Freidora XXL Airfryer,Freidora de aire de gran capacidad con tecnología de extracción de grasa,7289.79,53,1,2026-09-20 12:25:52,2026-09-20 13:23:52
4255,PROD-4255,Zapatillas Samba OG,"Tenis de estilo retro icónicos en cuero de primera calidad (Talla XL, Color Negro)",2266.80,59,1,2026-09-19 12:48:44,2026-09-19 13:41:44
4256,PROD-4256,Smartphone Galaxy Z Fold 6 1TB,Teléfono plegable con pantalla gigante para productividad y multitarea - Color Blanco,9507.39,48,1,2026-09-19 06:04:15,2026-09-19 06:31:15
4257,PROD-4257,Aspiradora Inalámbrica SpeedPro,Aspiradora escoba sin cable con cabezal de succión de 180 grados,4265.89,46,1,2026-09-19 20:05:24,2026-09-19 21:40:24
4258,PROD-4258,Licuadora Reversible 2 Velocidades,Licuadora con motor reversible y vaso de vidrio resistente a choques térmicos,1197.63,12,1,2026-09-21 15:18:24,2026-09-21 15:37:24
4259,PROD-4259,iPad Pro 12.9,Tableta profesional con pantalla Liquid Retina XDR y chip M2,16110.93,31,1,2026-09-18 02:02:19,2026-09-18 03:03:19
4260,PROD-4260,Freidora de Aire 4L,Freidora sin aceite para cocinar de manera saludable y rápida,7109.24,15,1,2026-09-20 06:08:09,2026-09-20 06:46:09
4261,PROD-4261,Pantalón de Buzo Tech Fleece,"Pantalón deportivo térmico con diseño estilizado (Talla XL, Color Azul)",722.08,62,1,2026-09-18 08:54:08,2026-09-18 09:43:08
4262,PROD-4262,Smart Band 8,Pulsera de actividad física con seguimiento del sueño y deporte,19605.49,49,1,2026-09-17 19:06:04,2026-09-17 20:11:04
4263,PROD-4263,Aspiradora Inalámbrica SpeedPro,Aspiradora escoba sin cable con cabezal de succión de 180 grados,2413.74,39,1,2026-09-22 05:44:30,2026-09-22 07:33:30
4264,PROD-4264,Zapatillas Samba OG,"Tenis de estilo retro icónicos en cuero de primera calidad (Talla L, Color Verde)",864.77,46,1,2026-09-20 14:16:55,2026-09-20 15:47:55
4265,PROD-4265,Chaqueta Camionera de Mezclilla,"Chaqueta clásica de mezclilla resistente para uso diario (Talla M, Color Azul)",1962.29,42,1,2026-09-17 17:06:51,2026-09-17 18:42:51
4266,PROD-4266,Smart Band 8,Pulsera de actividad física con seguimiento del sueño y deporte,17033.45,40,1,2026-09-20 10:19:59,2026-09-20 10:55:59
4267,PROD-4267,Audífonos Bluetooth WH-1000XM5,Audífonos inalámbricos con la mejor cancelación de ruido del mercado,1299.72,35,1,2026-09-20 02:27:31,2026-09-20 03:26:31
4268,PROD-4268,Chaqueta Camionera de Mezclilla,"Chaqueta clásica de mezclilla resistente para uso diario (Talla XL, Color Gris)",779.40,21,1,2026-09-18 00:10:57,2026-09-18 00:50:57
4269,PROD-4269,Jeans 511 Slim Fit,"Pantalón de mezclilla ajustado de estilo moderno (Talla S, Color Rojo)",1614.98,14,1,2026-09-21 10:48:15,2026-09-21 12:19:15
4270,PROD-4270,Monitor UltraGear 27,Monitor de alta frecuencia de actualización para juegos competitivos,26715.86,31,1,2026-09-19 19:22:25,2026-09-19 20:12:25
4271,PROD-4271,Polerón Adicolor Classics,"Sudadera clásica con el logotipo de las tres tiras (Talla M, Color Blanco)",1951.46,43,1,2026-09-19 15:07:18,2026-09-19 15:38:18
4272,PROD-4272,Aspiradora Inalámbrica SpeedPro,Aspiradora escoba sin cable con cabezal de succión de 180 grados,3177.47,29,1,2026-09-18 15:22:00,2026-09-18 17:18:00
4273,PROD-4273,Apple Watch Series 10,Reloj inteligente con sensores avanzados de salud y actividad física,15759.22,7,1,2026-09-21 09:02:56,2026-09-21 10:29:56
4274,PROD-4274,Licuadora Reversible 2 Velocidades,Licuadora con motor reversible y vaso de vidrio resistente a choques térmicos,2377.74,9,1,2026-09-21 00:12:44,2026-09-21 01:46:44
4275,PROD-4275,Smartphone Galaxy S26 Ultra 256GB,Smartphone de alta gama con cámara de 200MP y pantalla Dynamic AMOLED - Color Gris,21264.46,47,1,2026-09-19 17:46:55,2026-09-19 19:31:55
4276,PROD-4276,Jeans 501 Original Fit,"Pantalón de mezclilla clásico de corte recto y ajuste cómodo (Talla XL, Color Gris)",2486.28,21,1,2026-09-20 20:51:44,2026-09-20 21:04:44
4277,PROD-4277,Freidora XXL Airfryer,Freidora de aire de gran capacidad con tecnología de extracción de grasa,6091.46,36,1,2026-09-22 07:48:20,2026-09-22 09:46:20
4278,PROD-4278,Pantalón de Buzo Tech Fleece,"Pantalón deportivo térmico con diseño estilizado (Talla S, Color Gris)",1919.86,70,1,2026-09-20 06:27:11,2026-09-20 07:21:11
4279,PROD-4279,Refrigeradora InstaView,Refrigerador inteligente con panel de cristal panorámico,27626.08,31,1,2026-09-20 15:32:49,2026-09-20 16:34:49
4280,PROD-4280,Freidora de Aire 4L,Freidora sin aceite para cocinar de manera saludable y rápida,5876.16,54,1,2026-09-21 02:05:43,2026-09-21 02:57:43
4281,PROD-4281,Polerón Adicolor Classics,"Sudadera clásica con el logotipo de las tres tiras (Talla XL, Color Rojo)",2253.69,100,1,2026-09-21 06:32:45,2026-09-21 06:34:45
4282,PROD-4282,Freidora XXL Airfryer,Freidora de aire de gran capacidad con tecnología de extracción de grasa,3203.34,29,1,2026-09-21 04:32:56,2026-09-21 05:47:56
4283,PROD-4283,Jeans 501 Original Fit,"Pantalón de mezclilla clásico de corte recto y ajuste cómodo (Talla L, Color Verde)",702.75,39,1,2026-09-21 17:50:21,2026-09-21 18:19:21
4284,PROD-4284,iPhone 16 1TB,Smartphone con pantalla Super Retina XDR y excelente duración de batería - Color Azul,32743.52,6,1,2026-09-19 11:03:51,2026-09-19 11:38:51
4285,PROD-4285,Zapatillas Ultraboost Light,"Tenis de running con retorno de energía superior y ligereza (Talla XL, Color Blanco)",2316.45,18,1,2026-09-19 02:00:37,2026-09-19 02:07:37
4286,PROD-4286,Jeans 511 Slim Fit,"Pantalón de mezclilla ajustado de estilo moderno (Talla S, Color Rojo)",1185.38,14,1,2026-09-19 10:00:47,2026-09-19 11:02:47
4287,PROD-4287,Zapatillas Air Max 270,"Calzado deportivo con cápsula de aire visible para máxima comodidad (Talla M, Color Rojo)",1620.18,21,1,2026-09-19 02:00:13,2026-09-19 02:58:13
4288,PROD-4288,Freidora XXL Airfryer,Freidora de aire de gran capacidad con tecnología de extracción de grasa,2384.74,27,1,2026-09-19 09:09:23,2026-09-19 10:54:23
4289,PROD-4289,Smartphone Galaxy Z Fold 6 512GB,Teléfono plegable con pantalla gigante para productividad y multitarea - Color Rojo,9817.17,11,1,2026-09-17 15:32:23,2026-09-17 17:31:23
4290,PROD-4290,Cafetera Programable 12 Tazas,Cafetera de goteo con temporizador programable y jarra de vidrio,2117.07,40,1,2026-09-20 11:08:19,2026-09-20 12:30:19
4291,PROD-4291,Consola PlayStation 5 Slim,Consola de videojuegos de última generación con almacenamiento SSD ultra rápido,19573.10,48,1,2026-09-21 19:00:29,2026-09-21 20:36:29
4292,PROD-4292,Polera Sportswear Club Fleece,"Sudadera de felpa con capucha y ajuste estándar (Talla XL, Color Azul)",1000.26,36,1,2026-09-18 02:14:31,2026-09-18 02:40:31
4293,PROD-4293,Jeans 511 Slim Fit,"Pantalón de mezclilla ajustado de estilo moderno (Talla S, Color Blanco)",1113.98,57,1,2026-09-18 17:35:43,2026-09-18 18:09:43
4294,PROD-4294,Zapatillas Running Pegasus 40,"Calzado de correr con amortiguación reactiva para entrenamiento (Talla S, Color Gris)",801.58,89,1,2026-09-20 17:53:34,2026-09-20 19:32:34
4295,PROD-4295,Freidora XXL Airfryer,Freidora de aire de gran capacidad con tecnología de extracción de grasa,5672.63,39,1,2026-09-20 21:15:51,2026-09-20 22:32:51
4296,PROD-4296,Zapatillas Running Pegasus 40,"Calzado de correr con amortiguación reactiva para entrenamiento (Talla S, Color Rojo)",1473.41,100,1,2026-09-21 15:45:56,2026-09-21 17:26:56
4297,PROD-4297,Audífonos AirPods Pro 2,Audífonos intrauditivos con cancelación de ruido de nivel superior,35261.82,26,1,2026-09-19 17:41:06,2026-09-19 19:24:06
4298,PROD-4298,Freidora de Aire 4L,Freidora sin aceite para cocinar de manera saludable y rápida,3901.44,56,1,2026-09-21 07:31:30,2026-09-21 07:53:30
4299,PROD-4299,Smart TV OLED C3 65,Televisor inteligente ideal para videojuegos y películas con pánel OLED,33957.47,11,1,2026-09-21 02:41:04,2026-09-21 03:09:04
4300,PROD-4300,Polerón Adicolor Classics,"Sudadera clásica con el logotipo de las tres tiras (Talla S, Color Rojo)",2266.79,15,1,2026-09-21 23:45:51,2026-09-21 23:52:51
4301,PROD-4301,Smart TV OLED C3 65,Televisor inteligente ideal para videojuegos y películas con pánel OLED,29578.91,29,1,2026-09-18 16:38:46,2026-09-18 17:11:46
4302,PROD-4302,Smart TV OLED C3 65,Televisor inteligente ideal para videojuegos y películas con pánel OLED,11567.36,15,1,2026-09-18 04:04:49,2026-09-18 05:32:49
4303,PROD-4303,Aspiradora Inalámbrica SpeedPro,Aspiradora escoba sin cable con cabezal de succión de 180 grados,6058.68,23,1,2026-09-22 04:14:54,2026-09-22 06:02:54
4304,PROD-4304,Refrigeradora InstaView,Refrigerador inteligente con panel de cristal panorámico,33292.80,16,1,2026-09-17 22:19:49,2026-09-17 23:24:49
4305,PROD-4305,Camiseta Graphic Setin Neck,"Playera casual de algodón con estampado frontal (Talla M, Color Gris)",544.96,21,1,2026-09-19 08:10:38,2026-09-19 09:42:38
4306,PROD-4306,Jeans 511 Slim Fit,"Pantalón de mezclilla ajustado de estilo moderno (Talla M, Color Negro)",1064.53,92,1,2026-09-19 17:00:29,2026-09-19 17:46:29
4307,PROD-4307,Smartphone Galaxy S26+ 512GB,Teléfono inteligente con procesador de última generación y batería de larga duración - Color Blanco,1884.20,8,1,2026-09-22 10:51:04,2026-09-22 11:30:04
4308,PROD-4308,Camiseta Graphic Setin Neck,"Playera casual de algodón con estampado frontal (Talla XL, Color Rojo)",539.09,22,1,2026-09-17 20:01:13,2026-09-17 21:19:13
4309,PROD-4309,Aspiradora Inalámbrica SpeedPro,Aspiradora escoba sin cable con cabezal de succión de 180 grados,5065.73,27,1,2026-09-21 13:45:35,2026-09-21 15:23:35
4310,PROD-4310,Pantalón de Buzo Tech Fleece,"Pantalón deportivo térmico con diseño estilizado (Talla XL, Color Verde)",2154.73,65,1,2026-09-18 23:40:50,2026-09-19 01:15:50
4311,PROD-4311,Polera Sportswear Club Fleece,"Sudadera de felpa con capucha y ajuste estándar (Talla S, Color Rojo)",1945.26,33,1,2026-09-21 04:08:48,2026-09-21 05:23:48
4312,PROD-4312,Apple Watch Series 10,Reloj inteligente con sensores avanzados de salud y actividad física,33825.96,43,1,2026-09-19 03:58:47,2026-09-19 04:41:47
4313,PROD-4313,Smart TV 65 Neo QLED,Televisor inteligente 4K con tecnología de puntos cuánticos y alto contraste,11390.90,10,1,2026-09-21 07:07:49,2026-09-21 09:04:49
4314,PROD-4314,Licuadora Reversible 2 Velocidades,Licuadora con motor reversible y vaso de vidrio resistente a choques térmicos,3587.07,14,1,2026-09-21 18:17:36,2026-09-21 19:52:36
4315,PROD-4315,Zapatillas Samba OG,"Tenis de estilo retro icónicos en cuero de primera calidad (Talla S, Color Negro)",476.58,99,1,2026-09-21 22:56:40,2026-09-22 00:03:40
4316,PROD-4316,Licuadora Reversible 2 Velocidades,Licuadora con motor reversible y vaso de vidrio resistente a choques térmicos,5447.57,16,1,2026-09-22 09:37:37,2026-09-22 11:11:37
4317,PROD-4317,Robot Aspiradora X10+,Aspiradora robótica con estación de vaciado automático y mapeo láser,5519.54,37,1,2026-09-18 07:27:06,2026-09-18 07:46:06
4318,PROD-4318,Cafetera Programable 12 Tazas,Cafetera de goteo con temporizador programable y jarra de vidrio,6560.20,30,1,2026-09-21 10:01:49,2026-09-21 10:52:49
4319,PROD-4319,Robot Aspiradora X10+,Aspiradora robótica con estación de vaciado automático y mapeo láser,20681.07,29,1,2026-09-18 10:22:26,2026-09-18 10:25:26
4320,PROD-4320,Cafetera Programable 12 Tazas,Cafetera de goteo con temporizador programable y jarra de vidrio,2459.52,44,1,2026-09-22 09:33:51,2026-09-22 11:32:51
4321,PROD-4321,Cafetera Programable 12 Tazas,Cafetera de goteo con temporizador programable y jarra de vidrio,429.50,30,1,2026-09-20 23:55:59,2026-09-21 00:24:59
4322,PROD-4322,Smart TV Bravia XR OLED 55,Televisor OLED con negros absolutos y procesador de imagen cognitivo,5097.47,13,1,2026-09-20 21:23:38,2026-09-20 22:43:38
4323,PROD-4323,Jeans 511 Slim Fit,"Pantalón de mezclilla ajustado de estilo moderno (Talla M, Color Blanco)",415.59,92,1,2026-09-21 13:22:33,2026-09-21 14:21:33
4324,PROD-4324,Zapatillas Samba OG,"Tenis de estilo retro icónicos en cuero de primera calidad (Talla XL, Color Verde)",626.96,34,1,2026-09-20 22:09:21,2026-09-20 23:08:21
4325,PROD-4325,iPad Pro 12.9,Tableta profesional con pantalla Liquid Retina XDR y chip M2,3637.22,26,1,2026-09-18 16:14:12,2026-09-18 18:09:12
4326,PROD-4326,Freidora de Aire 4L,Freidora sin aceite para cocinar de manera saludable y rápida,5544.37,40,1,2026-09-22 10:01:55,2026-09-22 11:23:55
4327,PROD-4327,Audífonos AirPods Pro 2,Audífonos intrauditivos con cancelación de ruido de nivel superior,14679.89,29,1,2026-09-17 19:30:20,2026-09-17 20:06:20
4328,PROD-4328,Licuadora Reversible 2 Velocidades,Licuadora con motor reversible y vaso de vidrio resistente a choques térmicos,6413.84,19,1,2026-09-19 03:17:15,2026-09-19 03:18:15
4329,PROD-4329,Polera Sportswear Club Fleece,"Sudadera de felpa con capucha y ajuste estándar (Talla XL, Color Gris)",1319.98,61,1,2026-09-21 17:58:31,2026-09-21 19:15:31
4330,PROD-4330,Jeans 501 Original Fit,"Pantalón de mezclilla clásico de corte recto y ajuste cómodo (Talla L, Color Negro)",1714.31,84,1,2026-09-20 14:39:51,2026-09-20 15:21:51
4331,PROD-4331,Polera Sportswear Club Fleece,"Sudadera de felpa con capucha y ajuste estándar (Talla M, Color Negro)",551.60,59,1,2026-09-19 13:03:25,2026-09-19 14:23:25
4332,PROD-4332,Zapatillas Air Max 270,"Calzado deportivo con cápsula de aire visible para máxima comodidad (Talla M, Color Rojo)",1551.56,77,1,2026-09-20 15:11:18,2026-09-20 17:09:18
4333,PROD-4333,Aspiradora Inalámbrica SpeedPro,Aspiradora escoba sin cable con cabezal de succión de 180 grados,3041.72,52,1,2026-09-21 06:26:03,2026-09-21 07:45:03
4334,PROD-4334,Smartphone Galaxy Z Fold 6 1TB,Teléfono plegable con pantalla gigante para productividad y multitarea - Color Verde,34543.85,31,1,2026-09-21 11:21:30,2026-09-21 11:37:30
4335,PROD-4335,Smart TV OLED C3 65,Televisor inteligente ideal para videojuegos y películas con pánel OLED,31907.59,11,1,2026-09-22 09:31:32,2026-09-22 11:04:32
4336,PROD-4336,Monitor UltraGear 27,Monitor de alta frecuencia de actualización para juegos competitivos,823.81,22,1,2026-09-20 11:18:18,2026-09-20 13:04:18
4337,PROD-4337,Aspiradora Inalámbrica SpeedPro,Aspiradora escoba sin cable con cabezal de succión de 180 grados,7259.39,13,1,2026-09-22 02:52:12,2026-09-22 04:05:12
4338,PROD-4338,Licuadora Reversible 2 Velocidades,Licuadora con motor reversible y vaso de vidrio resistente a choques térmicos,4267.94,21,1,2026-09-19 13:03:47,2026-09-19 13:18:47
4339,PROD-4339,Aspiradora Inalámbrica SpeedPro,Aspiradora escoba sin cable con cabezal de succión de 180 grados,5946.88,43,1,2026-09-18 13:38:51,2026-09-18 15:09:51
4340,PROD-4340,Aspiradora Inalámbrica SpeedPro,Aspiradora escoba sin cable con cabezal de succión de 180 grados,957.98,53,1,2026-09-22 02:50:38,2026-09-22 03:05:38
4341,PROD-4341,Zapatillas Running Pegasus 40,"Calzado de correr con amortiguación reactiva para entrenamiento (Talla S, Color Gris)",851.72,66,1,2026-09-18 07:46:20,2026-09-18 08:57:20
4342,PROD-4342,Monitor UltraGear 27,Monitor de alta frecuencia de actualización para juegos competitivos,31836.03,31,1,2026-09-20 10:10:29,2026-09-20 10:37:29
4343,PROD-4343,Cafetera Programable 12 Tazas,Cafetera de goteo con temporizador programable y jarra de vidrio,2918.50,22,1,2026-09-18 07:28:24,2026-09-18 08:52:24
4344,PROD-4344,Aspiradora Inalámbrica SpeedPro,Aspiradora escoba sin cable con cabezal de succión de 180 grados,459.48,43,1,2026-09-19 02:22:12,2026-09-19 04:12:12
4345,PROD-4345,Aspiradora Inalámbrica SpeedPro,Aspiradora escoba sin cable con cabezal de succión de 180 grados,6743.82,29,1,2026-09-19 20:27:03,2026-09-19 21:55:03
4346,PROD-4346,Cafetera Programable 12 Tazas,Cafetera de goteo con temporizador programable y jarra de vidrio,7170.98,31,1,2026-09-22 05:52:30,2026-09-22 07:16:30
4347,PROD-4347,Licuadora Reversible 2 Velocidades,Licuadora con motor reversible y vaso de vidrio resistente a choques térmicos,4394.08,18,1,2026-09-21 21:30:59,2026-09-21 22:38:59
4348,PROD-4348,Audífonos Galaxy Buds3 Pro,Audífonos inalámbricos con cancelación activa de ruido inteligente,8250.85,20,1,2026-09-19 19:30:25,2026-09-19 19:56:25
4349,PROD-4349,Robot Aspiradora X10+,Aspiradora robótica con estación de vaciado automático y mapeo láser,18755.49,32,1,2026-09-20 19:03:02,2026-09-20 20:36:02
4350,PROD-4350,Zapatillas Samba OG,"Tenis de estilo retro icónicos en cuero de primera calidad (Talla XL, Color Azul)",1724.15,74,1,2026-09-17 15:47:59,2026-09-17 17:05:59
4351,PROD-4351,Polera Sportswear Club Fleece,"Sudadera de felpa con capucha y ajuste estándar (Talla M, Color Azul)",2443.17,45,1,2026-09-21 00:46:55,2026-09-21 01:27:55
4352,PROD-4352,Aspiradora Inalámbrica SpeedPro,Aspiradora escoba sin cable con cabezal de succión de 180 grados,1513.85,22,1,2026-09-19 17:09:42,2026-09-19 18:30:42
4353,PROD-4353,Monitor Odyssey G9,Monitor curvo ultrawide diseñado para gaming profesional,11944.39,27,1,2026-09-21 16:40:39,2026-09-21 18:20:39
4354,PROD-4354,Freidora XXL Airfryer,Freidora de aire de gran capacidad con tecnología de extracción de grasa,7420.62,52,1,2026-09-21 07:47:24,2026-09-21 08:49:24
4355,PROD-4355,Polerón Adicolor Classics,"Sudadera clásica con el logotipo de las tres tiras (Talla XL, Color Gris)",537.02,97,1,2026-09-17 22:29:03,2026-09-17 23:59:03
4356,PROD-4356,Aspiradora Inalámbrica SpeedPro,Aspiradora escoba sin cable con cabezal de succión de 180 grados,5597.67,18,1,2026-09-20 03:31:14,2026-09-20 04:27:14
4357,PROD-4357,Jeans 501 Original Fit,"Pantalón de mezclilla clásico de corte recto y ajuste cómodo (Talla XL, Color Azul)",902.92,38,1,2026-09-19 04:10:19,2026-09-19 05:28:19
4358,PROD-4358,Polera Sportswear Club Fleece,"Sudadera de felpa con capucha y ajuste estándar (Talla S, Color Gris)",2024.10,65,1,2026-09-19 10:21:21,2026-09-19 12:14:21
4359,PROD-4359,Monitor UltraGear 27,Monitor de alta frecuencia de actualización para juegos competitivos,16141.29,43,1,2026-09-20 03:15:44,2026-09-20 03:45:44
4360,PROD-4360,Licuadora Reversible 2 Velocidades,Licuadora con motor reversible y vaso de vidrio resistente a choques térmicos,4699.51,21,1,2026-09-19 16:13:20,2026-09-19 17:47:20
4361,PROD-4361,Licuadora Reversible 2 Velocidades,Licuadora con motor reversible y vaso de vidrio resistente a choques térmicos,6746.53,33,1,2026-09-22 07:19:45,2026-09-22 07:43:45
4362,PROD-4362,Tablet Galaxy Tab S9 1TB,"Tableta de alto rendimiento para diseño, trabajo y entretenimiento - Color Verde",23195.20,16,1,2026-09-19 06:00:05,2026-09-19 06:18:05
4363,PROD-4363,Monitor UltraGear 27,Monitor de alta frecuencia de actualización para juegos competitivos,27456.02,18,1,2026-09-19 09:34:25,2026-09-19 11:12:25
4364,PROD-4364,Freidora de Aire 4L,Freidora sin aceite para cocinar de manera saludable y rápida,3299.94,43,1,2026-09-17 20:13:10,2026-09-17 21:25:10
4365,PROD-4365,Aspiradora Inalámbrica SpeedPro,Aspiradora escoba sin cable con cabezal de succión de 180 grados,5377.29,11,1,2026-09-18 01:10:12,2026-09-18 02:52:12
4366,PROD-4366,Freidora de Aire 4L,Freidora sin aceite para cocinar de manera saludable y rápida,461.61,21,1,2026-09-18 17:43:55,2026-09-18 19:39:55
4367,PROD-4367,Zapatillas Ultraboost Light,"Tenis de running con retorno de energía superior y ligereza (Talla S, Color Gris)",2221.50,66,1,2026-09-22 02:00:31,2026-09-22 02:30:31
4368,PROD-4368,Zapatillas Samba OG,"Tenis de estilo retro icónicos en cuero de primera calidad (Talla XL, Color Verde)",1394.84,54,1,2026-09-19 12:37:48,2026-09-19 13:10:48
4369,PROD-4369,Zapatillas Air Force 1 '07,"Tenis clásicos de cuero blanco para uso urbano y casual (Talla L, Color Blanco)",1609.41,60,1,2026-09-17 19:03:59,2026-09-17 20:21:59
4370,PROD-4370,Polera Sportswear Club Fleece,"Sudadera de felpa con capucha y ajuste estándar (Talla XL, Color Verde)",1856.11,73,1,2026-09-18 08:55:15,2026-09-18 09:01:15
4371,PROD-4371,Freidora XXL Airfryer,Freidora de aire de gran capacidad con tecnología de extracción de grasa,3402.67,52,1,2026-09-22 08:38:37,2026-09-22 09:16:37
4372,PROD-4372,Licuadora Reversible 2 Velocidades,Licuadora con motor reversible y vaso de vidrio resistente a choques térmicos,4954.69,17,1,2026-09-21 20:35:52,2026-09-21 21:42:52
4373,PROD-4373,Pantalón de Buzo Tech Fleece,"Pantalón deportivo térmico con diseño estilizado (Talla M, Color Rojo)",1133.53,15,1,2026-09-18 13:58:17,2026-09-18 14:08:17
4374,PROD-4374,Zapatillas Air Max 270,"Calzado deportivo con cápsula de aire visible para máxima comodidad (Talla M, Color Negro)",1798.19,68,1,2026-09-19 14:39:09,2026-09-19 16:30:09
4375,PROD-4375,Zapatillas Ultraboost Light,"Tenis de running con retorno de energía superior y ligereza (Talla S, Color Blanco)",1180.50,63,1,2026-09-19 02:56:56,2026-09-19 03:23:56
4376,PROD-4376,Aspiradora Inalámbrica SpeedPro,Aspiradora escoba sin cable con cabezal de succión de 180 grados,4030.46,40,1,2026-09-19 03:59:37,2026-09-19 04:35:37
4377,PROD-4377,Freidora XXL Airfryer,Freidora de aire de gran capacidad con tecnología de extracción de grasa,3788.16,47,1,2026-09-22 06:14:01,2026-09-22 08:00:01
4378,PROD-4378,Patinete Eléctrico Pro 4,Scooter eléctrico con gran autonomía para movilidad urbana,3417.61,41,1,2026-09-21 18:36:46,2026-09-21 19:48:46
4379,PROD-4379,Refrigeradora InstaView,Refrigerador inteligente con panel de cristal panorámico,2795.93,35,1,2026-09-19 19:40:16,2026-09-19 20:27:16
4380,PROD-4380,MacBook Air 15 M2 512GB,Laptop ultra delgada y liviana con gran autonomía - Color Negro,28668.02,43,1,2026-09-22 06:48:54,2026-09-22 07:09:54
4381,PROD-4381,Jeans 501 Original Fit,"Pantalón de mezclilla clásico de corte recto y ajuste cómodo (Talla XL, Color Gris)",1682.81,32,1,2026-09-20 16:50:31,2026-09-20 18:27:31
4382,PROD-4382,Cafetera Programable 12 Tazas,Cafetera de goteo con temporizador programable y jarra de vidrio,6332.74,29,1,2026-09-21 13:39:38,2026-09-21 14:52:38
4383,PROD-4383,Pantalón de Buzo Tech Fleece,"Pantalón deportivo térmico con diseño estilizado (Talla XL, Color Azul)",1103.59,50,1,2026-09-21 01:55:13,2026-09-21 03:49:13
4384,PROD-4384,Smartphone Redmi Note 13 Pro 512GB,Teléfono inteligente con excelente relación calidad-precio y gran cámara - Color Gris,11256.23,44,1,2026-09-19 03:27:32,2026-09-19 04:50:32
4385,PROD-4385,Cafetera Programable 12 Tazas,Cafetera de goteo con temporizador programable y jarra de vidrio,6748.62,22,1,2026-09-22 04:38:33,2026-09-22 05:33:33
4386,PROD-4386,Aspiradora Inalámbrica SpeedPro,Aspiradora escoba sin cable con cabezal de succión de 180 grados,1174.05,34,1,2026-09-22 09:43:14,2026-09-22 10:55:14
4387,PROD-4387,iPhone 16 Pro Max 512GB,Smartphone insignia de Apple con acabado en titanio y cámara profesional - Color Rojo,30980.15,8,1,2026-09-20 12:00:58,2026-09-20 12:51:58
4388,PROD-4388,Freidora de Aire 4L,Freidora sin aceite para cocinar de manera saludable y rápida,6974.98,30,1,2026-09-18 19:46:02,2026-09-18 20:32:02
4389,PROD-4389,Aspiradora Inalámbrica SpeedPro,Aspiradora escoba sin cable con cabezal de succión de 180 grados,1349.92,11,1,2026-09-21 13:48:37,2026-09-21 13:54:37
4390,PROD-4390,Tablet Galaxy Tab S9 512GB,"Tableta de alto rendimiento para diseño, trabajo y entretenimiento - Color Azul",16647.32,19,1,2026-09-22 04:44:21,2026-09-22 05:20:21
4391,PROD-4391,Freidora XXL Airfryer,Freidora de aire de gran capacidad con tecnología de extracción de grasa,5440.41,60,1,2026-09-21 13:07:18,2026-09-21 13:40:18
4392,PROD-4392,Freidora XXL Airfryer,Freidora de aire de gran capacidad con tecnología de extracción de grasa,1714.41,31,1,2026-09-20 09:18:38,2026-09-20 10:22:38
4393,PROD-4393,Polera Sportswear Club Fleece,"Sudadera de felpa con capucha y ajuste estándar (Talla S, Color Blanco)",1086.61,92,1,2026-09-21 23:36:09,2026-09-22 00:57:09
4394,PROD-4394,Zapatillas Air Force 1 '07,"Tenis clásicos de cuero blanco para uso urbano y casual (Talla XL, Color Rojo)",1056.92,93,1,2026-09-19 19:35:27,2026-09-19 20:34:27
4395,PROD-4395,Refrigeradora InstaView,Refrigerador inteligente con panel de cristal panorámico,11649.62,20,1,2026-09-18 10:09:49,2026-09-18 11:17:49
4396,PROD-4396,Polera Sportswear Club Fleece,"Sudadera de felpa con capucha y ajuste estándar (Talla S, Color Verde)",1962.23,54,1,2026-09-20 11:53:10,2026-09-20 13:28:10
4397,PROD-4397,Aspiradora Inalámbrica SpeedPro,Aspiradora escoba sin cable con cabezal de succión de 180 grados,3152.15,40,1,2026-09-18 03:20:28,2026-09-18 04:43:28
4398,PROD-4398,Zapatillas Air Force 1 '07,"Tenis clásicos de cuero blanco para uso urbano y casual (Talla M, Color Rojo)",2012.84,43,1,2026-09-21 08:34:44,2026-09-21 09:55:44
4399,PROD-4399,Apple Watch Series 10,Reloj inteligente con sensores avanzados de salud y actividad física,6451.37,18,1,2026-09-22 01:07:20,2026-09-22 02:41:20
4400,PROD-4400,Aspiradora Inalámbrica SpeedPro,Aspiradora escoba sin cable con cabezal de succión de 180 grados,414.30,9,1,2026-09-20 08:49:56,2026-09-20 09:02:56
4401,PROD-4401,Zapatillas Running Pegasus 40,"Calzado de correr con amortiguación reactiva para entrenamiento (Talla XL, Color Verde)",1890.08,42,1,2026-09-21 23:21:20,2026-09-22 00:24:20
4402,PROD-4402,Freidora XXL Airfryer,Freidora de aire de gran capacidad con tecnología de extracción de grasa,7803.87,15,1,2026-09-20 22:04:43,2026-09-20 22:48:43
4403,PROD-4403,Aspiradora Inalámbrica SpeedPro,Aspiradora escoba sin cable con cabezal de succión de 180 grados,7959.67,41,1,2026-09-21 20:55:43,2026-09-21 21:22:43
4404,PROD-4404,Polera Sportswear Club Fleece,"Sudadera de felpa con capucha y ajuste estándar (Talla XL, Color Negro)",613.72,13,1,2026-09-18 16:55:14,2026-09-18 18:12:14
4405,PROD-4405,Jeans 501 Original Fit,"Pantalón de mezclilla clásico de corte recto y ajuste cómodo (Talla S, Color Azul)",1098.06,96,1,2026-09-17 17:39:33,2026-09-17 19:03:33
4406,PROD-4406,Monitor Odyssey G9,Monitor curvo ultrawide diseñado para gaming profesional,27114.52,29,1,2026-09-20 08:06:13,2026-09-20 09:19:13
4407,PROD-4407,Freidora XXL Airfryer,Freidora de aire de gran capacidad con tecnología de extracción de grasa,4115.50,35,1,2026-09-21 19:09:38,2026-09-21 20:25:38
4408,PROD-4408,Monitor UltraGear 27,Monitor de alta frecuencia de actualización para juegos competitivos,11640.47,11,1,2026-09-19 23:03:12,2026-09-20 00:58:12
4409,PROD-4409,Licuadora Reversible 2 Velocidades,Licuadora con motor reversible y vaso de vidrio resistente a choques térmicos,6094.38,31,1,2026-09-21 01:19:51,2026-09-21 03:02:51
4410,PROD-4410,Refrigeradora InstaView,Refrigerador inteligente con panel de cristal panorámico,15559.83,30,1,2026-09-21 15:41:02,2026-09-21 16:12:02
4411,PROD-4411,Camiseta Graphic Setin Neck,"Playera casual de algodón con estampado frontal (Talla XL, Color Blanco)",1141.23,96,1,2026-09-22 08:58:29,2026-09-22 09:43:29
4412,PROD-4412,Freidora XXL Airfryer,Freidora de aire de gran capacidad con tecnología de extracción de grasa,4116.78,37,1,2026-09-18 07:45:49,2026-09-18 08:02:49
4413,PROD-4413,Freidora de Aire 4L,Freidora sin aceite para cocinar de manera saludable y rápida,6321.09,21,1,2026-09-18 22:40:34,2026-09-19 00:22:34
4414,PROD-4414,Jeans 511 Slim Fit,"Pantalón de mezclilla ajustado de estilo moderno (Talla S, Color Negro)",935.03,16,1,2026-09-21 05:00:55,2026-09-21 05:59:55
4415,PROD-4415,Camiseta Graphic Setin Neck,"Playera casual de algodón con estampado frontal (Talla L, Color Rojo)",837.43,61,1,2026-09-21 15:01:51,2026-09-21 16:59:51
4416,PROD-4416,Smart TV Bravia XR OLED 55,Televisor OLED con negros absolutos y procesador de imagen cognitivo,25785.50,41,1,2026-09-20 01:24:34,2026-09-20 02:20:34
4417,PROD-4417,Parlante Portátil SRS-XG300,Bocina inalámbrica portátil resistente al agua con graves potentes,34695.93,17,1,2026-09-21 19:34:40,2026-09-21 21:12:40
4418,PROD-4418,Cafetera Programable 12 Tazas,Cafetera de goteo con temporizador programable y jarra de vidrio,791.78,37,1,2026-09-21 15:12:06,2026-09-21 16:44:06
4419,PROD-4419,Barra de Sonido HT-A7000,Sistema de audio para cine en casa con soporte Dolby Atmos,16011.83,28,1,2026-09-20 22:46:13,2026-09-21 00:30:13
4420,PROD-4420,Smartphone Redmi Note 13 Pro 256GB,Teléfono inteligente con excelente relación calidad-precio y gran cámara - Color Gris,6942.35,47,1,2026-09-20 01:33:36,2026-09-20 02:03:36
4421,PROD-4421,Aspiradora Inalámbrica SpeedPro,Aspiradora escoba sin cable con cabezal de succión de 180 grados,5777.32,59,1,2026-09-17 23:03:28,2026-09-17 23:21:28
4422,PROD-4422,Aspiradora Inalámbrica SpeedPro,Aspiradora escoba sin cable con cabezal de succión de 180 grados,7536.20,14,1,2026-09-18 01:59:33,2026-09-18 03:42:33
4423,PROD-4423,MacBook Pro 16 M3 256GB,Computadora portátil profesional para edición de video y desarrollo - Color Negro,9866.82,47,1,2026-09-18 13:20:31,2026-09-18 14:01:31
4424,PROD-4424,Smartphone Redmi Note 13 Pro 128GB,Teléfono inteligente con excelente relación calidad-precio y gran cámara - Color Rojo,17867.73,46,1,2026-09-20 20:42:26,2026-09-20 21:54:26
4425,PROD-4425,Parlante Portátil SRS-XG300,Bocina inalámbrica portátil resistente al agua con graves potentes,31212.71,30,1,2026-09-22 03:32:02,2026-09-22 05:09:02
4426,PROD-4426,Polera Sportswear Club Fleece,"Sudadera de felpa con capucha y ajuste estándar (Talla L, Color Azul)",2316.63,99,1,2026-09-18 20:23:16,2026-09-18 20:46:16
4427,PROD-4427,Zapatillas Samba OG,"Tenis de estilo retro icónicos en cuero de primera calidad (Talla L, Color Gris)",2337.75,24,1,2026-09-20 16:57:09,2026-09-20 17:09:09
4428,PROD-4428,Freidora XXL Airfryer,Freidora de aire de gran capacidad con tecnología de extracción de grasa,2025.10,36,1,2026-09-18 16:25:41,2026-09-18 17:30:41
4429,PROD-4429,Audífonos Bluetooth WH-1000XM5,Audífonos inalámbricos con la mejor cancelación de ruido del mercado,2556.82,40,1,2026-09-21 11:29:29,2026-09-21 12:51:29
4430,PROD-4430,Cafetera Programable 12 Tazas,Cafetera de goteo con temporizador programable y jarra de vidrio,4907.65,36,1,2026-09-21 22:17:56,2026-09-21 23:11:56
4431,PROD-4431,Freidora XXL Airfryer,Freidora de aire de gran capacidad con tecnología de extracción de grasa,4481.64,25,1,2026-09-20 13:26:25,2026-09-20 15:26:25
4432,PROD-4432,Smart TV Bravia XR OLED 55,Televisor OLED con negros absolutos y procesador de imagen cognitivo,24312.00,15,1,2026-09-17 17:10:23,2026-09-17 17:19:23
4433,PROD-4433,Polerón Adicolor Classics,"Sudadera clásica con el logotipo de las tres tiras (Talla M, Color Blanco)",872.31,44,1,2026-09-17 21:47:56,2026-09-17 23:42:56
4434,PROD-4434,Smartphone Galaxy S26 1TB,Smartphone compacto con pantalla fluida y excelente rendimiento - Color Blanco,19730.44,29,1,2026-09-17 14:46:21,2026-09-17 15:11:21
4435,PROD-4435,Monitor UltraGear 27,Monitor de alta frecuencia de actualización para juegos competitivos,31684.96,30,1,2026-09-19 07:30:04,2026-09-19 08:29:04
4436,PROD-4436,Jeans 501 Original Fit,"Pantalón de mezclilla clásico de corte recto y ajuste cómodo (Talla XL, Color Verde)",1779.78,65,1,2026-09-18 04:53:51,2026-09-18 06:02:51
4437,PROD-4437,Smart Band 8,Pulsera de actividad física con seguimiento del sueño y deporte,5625.53,43,1,2026-09-19 19:27:26,2026-09-19 19:27:26
4438,PROD-4438,Pantalón de Buzo Tech Fleece,"Pantalón deportivo térmico con diseño estilizado (Talla S, Color Verde)",1244.48,22,1,2026-09-20 13:46:48,2026-09-20 14:04:48
4439,PROD-4439,Parlante Portátil SRS-XG300,Bocina inalámbrica portátil resistente al agua con graves potentes,19086.12,38,1,2026-09-19 22:35:58,2026-09-19 23:46:58
4440,PROD-4440,Consola PlayStation 5 Slim,Consola de videojuegos de última generación con almacenamiento SSD ultra rápido,18285.64,41,1,2026-09-18 21:29:41,2026-09-18 21:34:41
4441,PROD-4441,Apple Watch Series 10,Reloj inteligente con sensores avanzados de salud y actividad física,30495.75,46,1,2026-09-19 12:57:07,2026-09-19 14:38:07
4442,PROD-4442,Zapatillas Running Pegasus 40,"Calzado de correr con amortiguación reactiva para entrenamiento (Talla XL, Color Azul)",991.80,85,1,2026-09-21 06:21:57,2026-09-21 06:31:57
4443,PROD-4443,Chaqueta Camionera de Mezclilla,"Chaqueta clásica de mezclilla resistente para uso diario (Talla M, Color Rojo)",1815.72,59,1,2026-09-22 07:22:45,2026-09-22 09:18:45
4444,PROD-4444,Zapatillas Ultraboost Light,"Tenis de running con retorno de energía superior y ligereza (Talla XL, Color Verde)",383.25,48,1,2026-09-18 08:08:33,2026-09-18 08:51:33
4445,PROD-4445,Cafetera Programable 12 Tazas,Cafetera de goteo con temporizador programable y jarra de vidrio,7706.09,36,1,2026-09-21 16:31:54,2026-09-21 16:37:54
4446,PROD-4446,Smart TV OLED C3 65,Televisor inteligente ideal para videojuegos y películas con pánel OLED,26677.45,28,1,2026-09-20 22:28:10,2026-09-20 23:41:10
4447,PROD-4447,Apple Watch Series 10,Reloj inteligente con sensores avanzados de salud y actividad física,35768.19,14,1,2026-09-21 01:31:00,2026-09-21 02:21:00
4448,PROD-4448,Camiseta Graphic Setin Neck,"Playera casual de algodón con estampado frontal (Talla L, Color Blanco)",603.41,52,1,2026-09-19 01:01:25,2026-09-19 01:09:25
4449,PROD-4449,Cafetera Programable 12 Tazas,Cafetera de goteo con temporizador programable y jarra de vidrio,7250.09,54,1,2026-09-18 09:17:13,2026-09-18 10:56:13
4450,PROD-4450,Camiseta Graphic Setin Neck,"Playera casual de algodón con estampado frontal (Talla S, Color Blanco)",724.60,64,1,2026-09-21 00:19:26,2026-09-21 01:53:26
4451,PROD-4451,Refrigeradora InstaView,Refrigerador inteligente con panel de cristal panorámico,18606.56,28,1,2026-09-22 08:33:00,2026-09-22 09:08:00
4452,PROD-4452,Licuadora Reversible 2 Velocidades,Licuadora con motor reversible y vaso de vidrio resistente a choques térmicos,6972.78,46,1,2026-09-18 22:53:00,2026-09-18 23:18:00
4453,PROD-4453,Zapatillas Ultraboost Light,"Tenis de running con retorno de energía superior y ligereza (Talla L, Color Blanco)",1817.25,89,1,2026-09-21 10:08:18,2026-09-21 10:18:18
4454,PROD-4454,Patinete Eléctrico Pro 4,Scooter eléctrico con gran autonomía para movilidad urbana,16426.53,25,1,2026-09-18 01:24:36,2026-09-18 02:25:36
4455,PROD-4455,Polera Sportswear Club Fleece,"Sudadera de felpa con capucha y ajuste estándar (Talla XL, Color Rojo)",818.00,98,1,2026-09-21 19:55:51,2026-09-21 20:39:51
4456,PROD-4456,Smartphone Galaxy S26 128GB,Smartphone compacto con pantalla fluida y excelente rendimiento - Color Gris,2171.51,10,1,2026-09-18 11:02:02,2026-09-18 12:58:02
4457,PROD-4457,Licuadora Reversible 2 Velocidades,Licuadora con motor reversible y vaso de vidrio resistente a choques térmicos,1059.53,29,1,2026-09-19 18:39:05,2026-09-19 19:44:05
4458,PROD-4458,Freidora XXL Airfryer,Freidora de aire de gran capacidad con tecnología de extracción de grasa,7481.16,29,1,2026-09-22 10:47:13,2026-09-22 12:24:13
4459,PROD-4459,Freidora XXL Airfryer,Freidora de aire de gran capacidad con tecnología de extracción de grasa,4145.14,39,1,2026-09-18 00:58:16,2026-09-18 02:47:16
4460,PROD-4460,Zapatillas Ultraboost Light,"Tenis de running con retorno de energía superior y ligereza (Talla M, Color Negro)",1092.61,74,1,2026-09-20 06:55:21,2026-09-20 08:51:21
4461,PROD-4461,Monitor UltraGear 27,Monitor de alta frecuencia de actualización para juegos competitivos,3116.84,21,1,2026-09-21 18:51:27,2026-09-21 19:39:27
4462,PROD-4462,Consola PlayStation 5 Slim,Consola de videojuegos de última generación con almacenamiento SSD ultra rápido,34692.76,21,1,2026-09-20 19:52:46,2026-09-20 21:35:46
4463,PROD-4463,Refrigeradora InstaView,Refrigerador inteligente con panel de cristal panorámico,11886.99,20,1,2026-09-20 06:23:10,2026-09-20 07:12:10
4464,PROD-4464,Freidora XXL Airfryer,Freidora de aire de gran capacidad con tecnología de extracción de grasa,6146.01,37,1,2026-09-22 04:22:12,2026-09-22 06:08:12
4465,PROD-4465,Pantalón de Buzo Tech Fleece,"Pantalón deportivo térmico con diseño estilizado (Talla XL, Color Negro)",370.19,45,1,2026-09-18 21:47:46,2026-09-18 22:26:46
4466,PROD-4466,Polerón Adicolor Classics,"Sudadera clásica con el logotipo de las tres tiras (Talla XL, Color Verde)",1715.30,39,1,2026-09-18 00:45:53,2026-09-18 02:06:53
4467,PROD-4467,Jeans 501 Original Fit,"Pantalón de mezclilla clásico de corte recto y ajuste cómodo (Talla M, Color Blanco)",730.65,84,1,2026-09-22 08:20:35,2026-09-22 09:13:35
4468,PROD-4468,Aspiradora Inalámbrica SpeedPro,Aspiradora escoba sin cable con cabezal de succión de 180 grados,7334.31,39,1,2026-09-19 03:33:41,2026-09-19 05:24:41
4469,PROD-4469,Jeans 501 Original Fit,"Pantalón de mezclilla clásico de corte recto y ajuste cómodo (Talla L, Color Rojo)",953.95,78,1,2026-09-17 19:23:58,2026-09-17 20:38:58
4470,PROD-4470,Zapatillas Samba OG,"Tenis de estilo retro icónicos en cuero de primera calidad (Talla M, Color Negro)",1514.01,54,1,2026-09-19 21:28:23,2026-09-19 21:30:23
4471,PROD-4471,Zapatillas Air Max 270,"Calzado deportivo con cápsula de aire visible para máxima comodidad (Talla XL, Color Negro)",1328.28,84,1,2026-09-19 17:31:15,2026-09-19 19:15:15
4472,PROD-4472,Aspiradora Inalámbrica SpeedPro,Aspiradora escoba sin cable con cabezal de succión de 180 grados,3543.03,15,1,2026-09-18 04:25:42,2026-09-18 04:38:42
4473,PROD-4473,Robot Aspiradora X10+,Aspiradora robótica con estación de vaciado automático y mapeo láser,17279.30,24,1,2026-09-20 06:35:01,2026-09-20 07:21:01
4474,PROD-4474,Polerón Adicolor Classics,"Sudadera clásica con el logotipo de las tres tiras (Talla L, Color Azul)",1084.05,29,1,2026-09-20 15:38:12,2026-09-20 16:50:12
4475,PROD-4475,Jeans 511 Slim Fit,"Pantalón de mezclilla ajustado de estilo moderno (Talla XL, Color Verde)",1589.72,47,1,2026-09-20 14:56:01,2026-09-20 15:39:01
4476,PROD-4476,Zapatillas Ultraboost Light,"Tenis de running con retorno de energía superior y ligereza (Talla M, Color Rojo)",372.40,74,1,2026-09-19 02:39:27,2026-09-19 04:06:27
4477,PROD-4477,Zapatillas Samba OG,"Tenis de estilo retro icónicos en cuero de primera calidad (Talla XL, Color Negro)",2162.13,58,1,2026-09-21 22:29:11,2026-09-21 23:44:11
4478,PROD-4478,Cafetera Programable 12 Tazas,Cafetera de goteo con temporizador programable y jarra de vidrio,5855.50,34,1,2026-09-17 22:57:58,2026-09-17 23:24:58
4479,PROD-4479,Freidora de Aire 4L,Freidora sin aceite para cocinar de manera saludable y rápida,6341.59,38,1,2026-09-17 18:01:40,2026-09-17 19:20:40
4480,PROD-4480,Pantalón de Buzo Tech Fleece,"Pantalón deportivo térmico con diseño estilizado (Talla XL, Color Rojo)",1155.36,15,1,2026-09-22 03:20:12,2026-09-22 04:43:12
4481,PROD-4481,Refrigeradora InstaView,Refrigerador inteligente con panel de cristal panorámico,32204.34,31,1,2026-09-18 10:07:37,2026-09-18 10:55:37
4482,PROD-4482,Smart Band 8,Pulsera de actividad física con seguimiento del sueño y deporte,21418.71,33,1,2026-09-17 23:16:08,2026-09-18 00:41:08
4483,PROD-4483,Monitor Odyssey G9,Monitor curvo ultrawide diseñado para gaming profesional,27454.77,27,1,2026-09-18 07:03:08,2026-09-18 07:19:08
4484,PROD-4484,Freidora XXL Airfryer,Freidora de aire de gran capacidad con tecnología de extracción de grasa,1824.48,58,1,2026-09-17 17:50:24,2026-09-17 18:42:24
4485,PROD-4485,Freidora de Aire 4L,Freidora sin aceite para cocinar de manera saludable y rápida,1933.04,22,1,2026-09-18 17:09:28,2026-09-18 18:36:28
4486,PROD-4486,Smartphone Galaxy S26 256GB,Smartphone compacto con pantalla fluida y excelente rendimiento - Color Rojo,21423.23,19,1,2026-09-19 01:50:36,2026-09-19 02:25:36
4487,PROD-4487,Camiseta Graphic Setin Neck,"Playera casual de algodón con estampado frontal (Talla S, Color Azul)",1566.90,43,1,2026-09-21 20:10:43,2026-09-21 20:39:43
4488,PROD-4488,Freidora de Aire 4L,Freidora sin aceite para cocinar de manera saludable y rápida,5050.99,49,1,2026-09-18 08:07:02,2026-09-18 08:31:02
4489,PROD-4489,Zapatillas Running Pegasus 40,"Calzado de correr con amortiguación reactiva para entrenamiento (Talla XL, Color Gris)",2023.84,86,1,2026-09-19 09:36:15,2026-09-19 09:47:15
4490,PROD-4490,Monitor UltraGear 27,Monitor de alta frecuencia de actualización para juegos competitivos,9106.62,50,1,2026-09-17 20:10:54,2026-09-17 20:14:54
4491,PROD-4491,Polera Sportswear Club Fleece,"Sudadera de felpa con capucha y ajuste estándar (Talla L, Color Gris)",1493.17,53,1,2026-09-19 00:50:59,2026-09-19 01:03:59
4492,PROD-4492,Refrigeradora InstaView,Refrigerador inteligente con panel de cristal panorámico,27247.24,38,1,2026-09-22 07:11:11,2026-09-22 07:12:11
4493,PROD-4493,Chaqueta Camionera de Mezclilla,"Chaqueta clásica de mezclilla resistente para uso diario (Talla L, Color Gris)",2294.71,77,1,2026-09-22 09:55:58,2026-09-22 09:55:58
4494,PROD-4494,Camiseta Graphic Setin Neck,"Playera casual de algodón con estampado frontal (Talla XL, Color Gris)",2436.84,56,1,2026-09-19 13:36:34,2026-09-19 15:18:34
4495,PROD-4495,Robot Aspiradora X10+,Aspiradora robótica con estación de vaciado automático y mapeo láser,31017.21,32,1,2026-09-20 21:18:13,2026-09-20 22:25:13
4496,PROD-4496,Aspiradora Inalámbrica SpeedPro,Aspiradora escoba sin cable con cabezal de succión de 180 grados,608.34,19,1,2026-09-17 19:13:57,2026-09-17 19:42:57
4497,PROD-4497,Licuadora Reversible 2 Velocidades,Licuadora con motor reversible y vaso de vidrio resistente a choques térmicos,1329.81,12,1,2026-09-20 11:05:34,2026-09-20 11:09:34
4498,PROD-4498,Refrigeradora InstaView,Refrigerador inteligente con panel de cristal panorámico,32576.63,40,1,2026-09-19 23:33:03,2026-09-20 00:26:03
4499,PROD-4499,Refrigeradora InstaView,Refrigerador inteligente con panel de cristal panorámico,23995.08,39,1,2026-09-22 11:14:10,2026-09-22 12:14:10
4500,PROD-4500,Freidora XXL Airfryer,Freidora de aire de gran capacidad con tecnología de extracción de grasa,7389.61,41,1,2026-09-20 13:29:59,2026-09-20 13:54:59
4501,PROD-4501,Freidora de Aire 4L,Freidora sin aceite para cocinar de manera saludable y rápida,6490.93,59,1,2026-09-19 10:12:54,2026-09-19 11:24:54
4502,PROD-4502,Zapatillas Air Max 270,"Calzado deportivo con cápsula de aire visible para máxima comodidad (Talla S, Color Azul)",2318.78,83,1,2026-09-19 22:14:34,2026-09-19 22:53:34
4503,PROD-4503,Camiseta Graphic Setin Neck,"Playera casual de algodón con estampado frontal (Talla S, Color Blanco)",768.60,33,1,2026-09-20 20:01:47,2026-09-20 21:12:47
4504,PROD-4504,Freidora de Aire 4L,Freidora sin aceite para cocinar de manera saludable y rápida,434.12,28,1,2026-09-18 00:33:14,2026-09-18 02:02:14
4505,PROD-4505,Audífonos AirPods Pro 2,Audífonos intrauditivos con cancelación de ruido de nivel superior,17812.22,26,1,2026-09-21 16:50:14,2026-09-21 17:00:14
4506,PROD-4506,Smartphone Galaxy S26 256GB,Smartphone compacto con pantalla fluida y excelente rendimiento - Color Verde,25467.44,5,1,2026-09-18 01:05:27,2026-09-18 02:37:27
4507,PROD-4507,Polera Sportswear Club Fleece,"Sudadera de felpa con capucha y ajuste estándar (Talla L, Color Gris)",493.67,45,1,2026-09-20 18:16:17,2026-09-20 19:19:17
4508,PROD-4508,Cafetera Programable 12 Tazas,Cafetera de goteo con temporizador programable y jarra de vidrio,6973.15,12,1,2026-09-17 21:12:01,2026-09-17 23:03:01
4509,PROD-4509,Pantalón de Buzo Tech Fleece,"Pantalón deportivo térmico con diseño estilizado (Talla M, Color Azul)",1037.01,12,1,2026-09-22 06:41:37,2026-09-22 06:53:37
4510,PROD-4510,Camiseta Graphic Setin Neck,"Playera casual de algodón con estampado frontal (Talla XL, Color Gris)",942.92,16,1,2026-09-18 22:34:42,2026-09-19 00:25:42
4511,PROD-4511,Freidora XXL Airfryer,Freidora de aire de gran capacidad con tecnología de extracción de grasa,4057.74,57,1,2026-09-19 14:52:00,2026-09-19 15:29:00
4512,PROD-4512,Licuadora Reversible 2 Velocidades,Licuadora con motor reversible y vaso de vidrio resistente a choques térmicos,501.82,31,1,2026-09-20 15:02:50,2026-09-20 16:05:50
4513,PROD-4513,Audífonos AirPods Pro 2,Audífonos intrauditivos con cancelación de ruido de nivel superior,8173.94,39,1,2026-09-21 20:06:20,2026-09-21 21:28:20
4514,PROD-4514,Smartphone Redmi Note 13 Pro 128GB,Teléfono inteligente con excelente relación calidad-precio y gran cámara - Color Gris,12412.84,43,1,2026-09-18 11:28:08,2026-09-18 11:57:08
4515,PROD-4515,Smart Band 8,Pulsera de actividad física con seguimiento del sueño y deporte,3179.44,47,1,2026-09-20 18:31:07,2026-09-20 19:14:07
4516,PROD-4516,Cafetera Programable 12 Tazas,Cafetera de goteo con temporizador programable y jarra de vidrio,5220.44,8,1,2026-09-18 03:02:25,2026-09-18 03:48:25
4517,PROD-4517,Smart TV 65 Neo QLED,Televisor inteligente 4K con tecnología de puntos cuánticos y alto contraste,18120.48,35,1,2026-09-21 14:35:05,2026-09-21 14:51:05
4518,PROD-4518,Smart TV OLED C3 65,Televisor inteligente ideal para videojuegos y películas con pánel OLED,12939.11,41,1,2026-09-18 08:08:37,2026-09-18 08:13:37
4519,PROD-4519,Smart TV OLED C3 65,Televisor inteligente ideal para videojuegos y películas con pánel OLED,20014.66,27,1,2026-09-18 07:30:27,2026-09-18 08:00:27
4520,PROD-4520,Audífonos AirPods Max,Audífonos de diadema inalámbricos con sonido de alta fidelidad,30383.09,22,1,2026-09-21 00:54:03,2026-09-21 02:16:03
4521,PROD-4521,Robot Aspiradora X10+,Aspiradora robótica con estación de vaciado automático y mapeo láser,12586.54,15,1,2026-09-21 03:31:42,2026-09-21 05:27:42
4522,PROD-4522,Parlante Portátil SRS-XG300,Bocina inalámbrica portátil resistente al agua con graves potentes,34745.66,45,1,2026-09-19 19:16:46,2026-09-19 21:13:46
4523,PROD-4523,Jeans 501 Original Fit,"Pantalón de mezclilla clásico de corte recto y ajuste cómodo (Talla XL, Color Blanco)",2074.46,92,1,2026-09-20 05:43:05,2026-09-20 05:53:05
4524,PROD-4524,Zapatillas Ultraboost Light,"Tenis de running con retorno de energía superior y ligereza (Talla S, Color Azul)",1068.63,68,1,2026-09-19 09:11:39,2026-09-19 10:40:39
4525,PROD-4525,Audífonos Bluetooth WH-1000XM5,Audífonos inalámbricos con la mejor cancelación de ruido del mercado,11115.45,34,1,2026-09-18 23:48:12,2026-09-19 01:02:12
4526,PROD-4526,Camiseta Graphic Setin Neck,"Playera casual de algodón con estampado frontal (Talla M, Color Gris)",1642.77,76,1,2026-09-20 20:32:28,2026-09-20 21:02:28
4527,PROD-4527,Licuadora Reversible 2 Velocidades,Licuadora con motor reversible y vaso de vidrio resistente a choques térmicos,2682.88,44,1,2026-09-22 08:24:47,2026-09-22 10:21:47
4528,PROD-4528,Zapatillas Samba OG,"Tenis de estilo retro icónicos en cuero de primera calidad (Talla M, Color Verde)",1283.62,69,1,2026-09-20 11:01:01,2026-09-20 11:22:01
4529,PROD-4529,Zapatillas Air Max 270,"Calzado deportivo con cápsula de aire visible para máxima comodidad (Talla L, Color Blanco)",1703.78,53,1,2026-09-19 09:25:36,2026-09-19 10:44:36
4530,PROD-4530,Zapatillas Samba OG,"Tenis de estilo retro icónicos en cuero de primera calidad (Talla M, Color Rojo)",2445.15,58,1,2026-09-19 17:48:56,2026-09-19 18:48:56
4531,PROD-4531,Smart TV Bravia XR OLED 55,Televisor OLED con negros absolutos y procesador de imagen cognitivo,27220.26,24,1,2026-09-18 21:33:26,2026-09-18 23:27:26
4532,PROD-4532,Licuadora Reversible 2 Velocidades,Licuadora con motor reversible y vaso de vidrio resistente a choques térmicos,5061.71,44,1,2026-09-17 19:56:11,2026-09-17 21:33:11
4533,PROD-4533,Parlante Portátil SRS-XG300,Bocina inalámbrica portátil resistente al agua con graves potentes,23478.23,46,1,2026-09-19 08:20:18,2026-09-19 08:36:18
4534,PROD-4534,Zapatillas Running Pegasus 40,"Calzado de correr con amortiguación reactiva para entrenamiento (Talla XL, Color Negro)",1696.94,16,1,2026-09-20 23:46:33,2026-09-21 00:22:33
4535,PROD-4535,Smart TV OLED C3 65,Televisor inteligente ideal para videojuegos y películas con pánel OLED,15372.73,27,1,2026-09-20 11:26:28,2026-09-20 11:55:28
4536,PROD-4536,Zapatillas Air Max 270,"Calzado deportivo con cápsula de aire visible para máxima comodidad (Talla L, Color Blanco)",1221.86,98,1,2026-09-22 06:35:23,2026-09-22 08:03:23
4537,PROD-4537,iPad Pro 12.9,Tableta profesional con pantalla Liquid Retina XDR y chip M2,9790.32,14,1,2026-09-17 17:55:24,2026-09-17 18:23:24
4538,PROD-4538,Zapatillas Ultraboost Light,"Tenis de running con retorno de energía superior y ligereza (Talla S, Color Rojo)",1985.02,44,1,2026-09-21 08:47:29,2026-09-21 08:54:29
4539,PROD-4539,Audífonos Bluetooth WH-1000XM5,Audífonos inalámbricos con la mejor cancelación de ruido del mercado,17070.01,11,1,2026-09-21 20:37:09,2026-09-21 20:51:09
4540,PROD-4540,Jeans 511 Slim Fit,"Pantalón de mezclilla ajustado de estilo moderno (Talla XL, Color Gris)",2309.60,43,1,2026-09-20 12:39:59,2026-09-20 14:29:59
4541,PROD-4541,Zapatillas Running Pegasus 40,"Calzado de correr con amortiguación reactiva para entrenamiento (Talla S, Color Negro)",1713.39,76,1,2026-09-19 03:50:00,2026-09-19 04:06:00
4542,PROD-4542,Licuadora Reversible 2 Velocidades,Licuadora con motor reversible y vaso de vidrio resistente a choques térmicos,7839.57,47,1,2026-09-20 17:55:50,2026-09-20 19:29:50
4543,PROD-4543,Polera Sportswear Club Fleece,"Sudadera de felpa con capucha y ajuste estándar (Talla M, Color Blanco)",1586.70,91,1,2026-09-19 00:24:19,2026-09-19 02:10:19
4544,PROD-4544,Aspiradora Inalámbrica SpeedPro,Aspiradora escoba sin cable con cabezal de succión de 180 grados,5601.38,52,1,2026-09-20 11:12:14,2026-09-20 12:52:14
4545,PROD-4545,Chaqueta Camionera de Mezclilla,"Chaqueta clásica de mezclilla resistente para uso diario (Talla M, Color Rojo)",392.74,31,1,2026-09-18 13:18:32,2026-09-18 14:13:32
4546,PROD-4546,Smart TV Bravia XR OLED 55,Televisor OLED con negros absolutos y procesador de imagen cognitivo,26365.09,20,1,2026-09-19 23:45:17,2026-09-20 00:26:17
4547,PROD-4547,Smartphone Galaxy Z Fold 6 256GB,Teléfono plegable con pantalla gigante para productividad y multitarea - Color Rojo,20478.25,41,1,2026-09-17 18:38:04,2026-09-17 20:08:04
4548,PROD-4548,Freidora de Aire 4L,Freidora sin aceite para cocinar de manera saludable y rápida,2684.67,37,1,2026-09-20 00:19:19,2026-09-20 00:27:19
4549,PROD-4549,Aspiradora Inalámbrica SpeedPro,Aspiradora escoba sin cable con cabezal de succión de 180 grados,1506.93,40,1,2026-09-20 12:18:34,2026-09-20 12:49:34
4550,PROD-4550,Aspiradora Inalámbrica SpeedPro,Aspiradora escoba sin cable con cabezal de succión de 180 grados,2374.54,11,1,2026-09-21 21:09:05,2026-09-21 23:06:05
4551,PROD-4551,Jeans 511 Slim Fit,"Pantalón de mezclilla ajustado de estilo moderno (Talla S, Color Azul)",1681.37,86,1,2026-09-18 10:01:27,2026-09-18 11:33:27
4552,PROD-4552,Cafetera Programable 12 Tazas,Cafetera de goteo con temporizador programable y jarra de vidrio,3689.80,31,1,2026-09-22 11:16:55,2026-09-22 13:06:55
4553,PROD-4553,Zapatillas Ultraboost Light,"Tenis de running con retorno de energía superior y ligereza (Talla M, Color Gris)",2405.31,97,1,2026-09-21 00:47:14,2026-09-21 01:38:14
4554,PROD-4554,Freidora de Aire 4L,Freidora sin aceite para cocinar de manera saludable y rápida,2827.93,21,1,2026-09-22 00:47:02,2026-09-22 02:26:02
4555,PROD-4555,Cafetera Programable 12 Tazas,Cafetera de goteo con temporizador programable y jarra de vidrio,3035.37,40,1,2026-09-20 09:23:06,2026-09-20 10:34:06
4556,PROD-4556,Freidora de Aire 4L,Freidora sin aceite para cocinar de manera saludable y rápida,3870.72,23,1,2026-09-22 09:20:52,2026-09-22 11:05:52
4557,PROD-4557,Licuadora Reversible 2 Velocidades,Licuadora con motor reversible y vaso de vidrio resistente a choques térmicos,2271.68,38,1,2026-09-18 22:57:42,2026-09-18 23:32:42
4558,PROD-4558,Jeans 511 Slim Fit,"Pantalón de mezclilla ajustado de estilo moderno (Talla S, Color Blanco)",2469.38,64,1,2026-09-19 10:17:22,2026-09-19 10:29:22
4559,PROD-4559,MacBook Air 15 M2 1TB,Laptop ultra delgada y liviana con gran autonomía - Color Gris,1268.18,41,1,2026-09-20 19:34:06,2026-09-20 20:21:06
4560,PROD-4560,Smartphone Xiaomi 14 Ultra 128GB,Smartphone de gama alta enfocado en fotografía profesional Leica - Color Blanco,8670.38,7,1,2026-09-19 12:19:27,2026-09-19 14:16:27
4561,PROD-4561,Smartphone Redmi Note 13 Pro 256GB,Teléfono inteligente con excelente relación calidad-precio y gran cámara - Color Blanco,29663.23,25,1,2026-09-18 03:04:01,2026-09-18 04:48:01
4562,PROD-4562,Smartphone Redmi Note 13 Pro 512GB,Teléfono inteligente con excelente relación calidad-precio y gran cámara - Color Gris,12011.45,36,1,2026-09-17 20:59:39,2026-09-17 22:41:39
4563,PROD-4563,Freidora XXL Airfryer,Freidora de aire de gran capacidad con tecnología de extracción de grasa,2477.71,17,1,2026-09-21 11:25:39,2026-09-21 13:09:39
4564,PROD-4564,Aspiradora Inalámbrica SpeedPro,Aspiradora escoba sin cable con cabezal de succión de 180 grados,3388.85,12,1,2026-09-18 00:34:14,2026-09-18 01:49:14
4565,PROD-4565,Freidora de Aire 4L,Freidora sin aceite para cocinar de manera saludable y rápida,6578.89,13,1,2026-09-18 08:16:29,2026-09-18 08:57:29
4566,PROD-4566,Smart TV OLED C3 65,Televisor inteligente ideal para videojuegos y películas con pánel OLED,33919.00,38,1,2026-09-18 00:05:09,2026-09-18 01:20:09
4567,PROD-4567,iPad Pro 12.9,Tableta profesional con pantalla Liquid Retina XDR y chip M2,32571.36,27,1,2026-09-21 21:18:41,2026-09-21 22:53:41
4568,PROD-4568,Parlante Portátil SRS-XG300,Bocina inalámbrica portátil resistente al agua con graves potentes,34615.43,9,1,2026-09-21 06:53:23,2026-09-21 08:24:23
4569,PROD-4569,Chaqueta Camionera de Mezclilla,"Chaqueta clásica de mezclilla resistente para uso diario (Talla XL, Color Gris)",1119.58,25,1,2026-09-19 22:14:49,2026-09-19 23:09:49
4570,PROD-4570,Audífonos AirPods Pro 2,Audífonos intrauditivos con cancelación de ruido de nivel superior,22929.03,13,1,2026-09-19 05:32:52,2026-09-19 06:24:52
4571,PROD-4571,Smart TV 65 Neo QLED,Televisor inteligente 4K con tecnología de puntos cuánticos y alto contraste,4771.52,31,1,2026-09-18 08:38:36,2026-09-18 10:26:36
4572,PROD-4572,Refrigeradora InstaView,Refrigerador inteligente con panel de cristal panorámico,13446.28,50,1,2026-09-20 04:06:29,2026-09-20 04:36:29
4573,PROD-4573,Jeans 501 Original Fit,"Pantalón de mezclilla clásico de corte recto y ajuste cómodo (Talla S, Color Azul)",1287.01,19,1,2026-09-19 10:38:39,2026-09-19 10:43:39
4574,PROD-4574,Jeans 501 Original Fit,"Pantalón de mezclilla clásico de corte recto y ajuste cómodo (Talla L, Color Rojo)",1559.11,59,1,2026-09-20 14:04:10,2026-09-20 15:47:10
4575,PROD-4575,Polerón Adicolor Classics,"Sudadera clásica con el logotipo de las tres tiras (Talla XL, Color Rojo)",1307.59,19,1,2026-09-19 09:41:04,2026-09-19 10:05:04
4576,PROD-4576,Cafetera Programable 12 Tazas,Cafetera de goteo con temporizador programable y jarra de vidrio,7729.08,9,1,2026-09-20 14:40:58,2026-09-20 14:45:58
4577,PROD-4577,Licuadora Reversible 2 Velocidades,Licuadora con motor reversible y vaso de vidrio resistente a choques térmicos,735.40,26,1,2026-09-22 04:33:47,2026-09-22 06:09:47
4578,PROD-4578,Zapatillas Ultraboost Light,"Tenis de running con retorno de energía superior y ligereza (Talla S, Color Verde)",815.58,29,1,2026-09-20 11:49:45,2026-09-20 13:35:45
4579,PROD-4579,Cafetera Programable 12 Tazas,Cafetera de goteo con temporizador programable y jarra de vidrio,4913.62,10,1,2026-09-19 06:02:24,2026-09-19 07:44:24
4580,PROD-4580,Zapatillas Ultraboost Light,"Tenis de running con retorno de energía superior y ligereza (Talla XL, Color Blanco)",1542.95,24,1,2026-09-20 00:28:31,2026-09-20 01:33:31
4581,PROD-4581,Polerón Adicolor Classics,"Sudadera clásica con el logotipo de las tres tiras (Talla L, Color Negro)",1484.00,97,1,2026-09-19 16:33:04,2026-09-19 18:32:04
4582,PROD-4582,Zapatillas Ultraboost Light,"Tenis de running con retorno de energía superior y ligereza (Talla L, Color Verde)",425.65,85,1,2026-09-19 20:42:53,2026-09-19 21:24:53
4583,PROD-4583,Polerón Adicolor Classics,"Sudadera clásica con el logotipo de las tres tiras (Talla M, Color Azul)",1379.06,77,1,2026-09-17 18:06:04,2026-09-17 18:07:04
4584,PROD-4584,Camiseta Graphic Setin Neck,"Playera casual de algodón con estampado frontal (Talla M, Color Negro)",1906.61,80,1,2026-09-18 05:27:31,2026-09-18 06:53:31
4585,PROD-4585,Aspiradora Inalámbrica SpeedPro,Aspiradora escoba sin cable con cabezal de succión de 180 grados,1572.97,20,1,2026-09-20 07:49:32,2026-09-20 08:15:32
4586,PROD-4586,Polera Sportswear Club Fleece,"Sudadera de felpa con capucha y ajuste estándar (Talla S, Color Azul)",1458.89,13,1,2026-09-20 18:48:05,2026-09-20 19:16:05
4587,PROD-4587,Robot Aspiradora X10+,Aspiradora robótica con estación de vaciado automático y mapeo láser,16242.28,38,1,2026-09-22 03:49:37,2026-09-22 05:05:37
4588,PROD-4588,Freidora XXL Airfryer,Freidora de aire de gran capacidad con tecnología de extracción de grasa,5275.73,30,1,2026-09-19 06:28:41,2026-09-19 07:45:41
4589,PROD-4589,Freidora de Aire 4L,Freidora sin aceite para cocinar de manera saludable y rápida,3907.02,13,1,2026-09-19 03:00:21,2026-09-19 03:49:21
4590,PROD-4590,Zapatillas Running Pegasus 40,"Calzado de correr con amortiguación reactiva para entrenamiento (Talla S, Color Azul)",1164.67,75,1,2026-09-21 22:26:09,2026-09-21 23:19:09
4591,PROD-4591,Zapatillas Air Force 1 '07,"Tenis clásicos de cuero blanco para uso urbano y casual (Talla L, Color Azul)",2270.41,20,1,2026-09-20 03:00:10,2026-09-20 03:38:10
4592,PROD-4592,Zapatillas Air Force 1 '07,"Tenis clásicos de cuero blanco para uso urbano y casual (Talla L, Color Verde)",1656.38,56,1,2026-09-22 12:40:49,2026-09-22 13:31:49
4593,PROD-4593,Audífonos Bluetooth WH-1000XM5,Audífonos inalámbricos con la mejor cancelación de ruido del mercado,33377.56,10,1,2026-09-20 14:28:41,2026-09-20 14:34:41
4594,PROD-4594,Freidora XXL Airfryer,Freidora de aire de gran capacidad con tecnología de extracción de grasa,4873.14,17,1,2026-09-17 15:28:38,2026-09-17 17:00:38
4595,PROD-4595,iPad Pro 12.9,Tableta profesional con pantalla Liquid Retina XDR y chip M2,19288.59,27,1,2026-09-20 03:31:04,2026-09-20 04:13:04
4596,PROD-4596,Audífonos AirPods Max,Audífonos de diadema inalámbricos con sonido de alta fidelidad,25474.46,35,1,2026-09-22 08:49:55,2026-09-22 09:19:55
4597,PROD-4597,iPhone 16 Pro 1TB,Teléfono inteligente premium con chip de alto rendimiento y triple cámara - Color Azul,24906.71,35,1,2026-09-18 04:52:37,2026-09-18 06:07:37
4598,PROD-4598,Smartphone Redmi Note 13 Pro 512GB,Teléfono inteligente con excelente relación calidad-precio y gran cámara - Color Gris,19936.46,48,1,2026-09-18 11:29:37,2026-09-18 11:30:37
4599,PROD-4599,MacBook Air 15 M2 128GB,Laptop ultra delgada y liviana con gran autonomía - Color Blanco,34364.74,23,1,2026-09-19 14:11:28,2026-09-19 14:52:28
4600,PROD-4600,Tablet Galaxy Tab S9 512GB,"Tableta de alto rendimiento para diseño, trabajo y entretenimiento - Color Rojo",35735.61,37,1,2026-09-22 01:31:02,2026-09-22 03:03:02
4601,PROD-4601,Refrigeradora InstaView,Refrigerador inteligente con panel de cristal panorámico,33103.29,18,1,2026-09-20 23:50:05,2026-09-21 01:38:05
4602,PROD-4602,Pantalón de Buzo Tech Fleece,"Pantalón deportivo térmico con diseño estilizado (Talla M, Color Rojo)",1446.50,27,1,2026-09-19 10:14:08,2026-09-19 11:02:08
4603,PROD-4603,Smartphone Xiaomi 14 Ultra 128GB,Smartphone de gama alta enfocado en fotografía profesional Leica - Color Blanco,28840.86,23,1,2026-09-19 01:20:01,2026-09-19 02:27:01
4604,PROD-4604,Smartphone Galaxy S26 Ultra 128GB,Smartphone de alta gama con cámara de 200MP y pantalla Dynamic AMOLED - Color Rojo,3321.11,19,1,2026-09-19 10:40:29,2026-09-19 11:00:29
4605,PROD-4605,Freidora XXL Airfryer,Freidora de aire de gran capacidad con tecnología de extracción de grasa,7892.96,39,1,2026-09-21 17:50:14,2026-09-21 19:21:14
4606,PROD-4606,Camiseta Graphic Setin Neck,"Playera casual de algodón con estampado frontal (Talla XL, Color Gris)",2479.29,62,1,2026-09-22 03:00:20,2026-09-22 03:49:20
4607,PROD-4607,Refrigeradora InstaView,Refrigerador inteligente con panel de cristal panorámico,18126.84,17,1,2026-09-19 17:25:33,2026-09-19 17:37:33
4608,PROD-4608,Freidora XXL Airfryer,Freidora de aire de gran capacidad con tecnología de extracción de grasa,1504.07,17,1,2026-09-20 06:59:12,2026-09-20 08:38:12
4609,PROD-4609,Zapatillas Samba OG,"Tenis de estilo retro icónicos en cuero de primera calidad (Talla S, Color Negro)",706.76,41,1,2026-09-17 18:32:59,2026-09-17 18:48:59
4610,PROD-4610,Consola PlayStation 5 Slim,Consola de videojuegos de última generación con almacenamiento SSD ultra rápido,13715.95,34,1,2026-09-20 06:52:47,2026-09-20 08:41:47
4611,PROD-4611,iPad Pro 12.9,Tableta profesional con pantalla Liquid Retina XDR y chip M2,3297.84,28,1,2026-09-20 16:38:40,2026-09-20 17:50:40
4612,PROD-4612,Freidora de Aire 4L,Freidora sin aceite para cocinar de manera saludable y rápida,1177.40,41,1,2026-09-21 08:43:09,2026-09-21 09:04:09
4613,PROD-4613,Freidora de Aire 4L,Freidora sin aceite para cocinar de manera saludable y rápida,927.82,33,1,2026-09-20 03:55:50,2026-09-20 04:00:50
4614,PROD-4614,Licuadora Reversible 2 Velocidades,Licuadora con motor reversible y vaso de vidrio resistente a choques térmicos,2053.08,16,1,2026-09-20 12:09:00,2026-09-20 13:16:00
4615,PROD-4615,Aspiradora Inalámbrica SpeedPro,Aspiradora escoba sin cable con cabezal de succión de 180 grados,4092.95,47,1,2026-09-17 18:00:34,2026-09-17 19:14:34
4616,PROD-4616,Freidora XXL Airfryer,Freidora de aire de gran capacidad con tecnología de extracción de grasa,3563.76,28,1,2026-09-18 09:34:35,2026-09-18 10:34:35
4617,PROD-4617,Zapatillas Samba OG,"Tenis de estilo retro icónicos en cuero de primera calidad (Talla L, Color Gris)",1001.30,11,1,2026-09-18 10:11:24,2026-09-18 10:31:24
4618,PROD-4618,Polerón Adicolor Classics,"Sudadera clásica con el logotipo de las tres tiras (Talla M, Color Gris)",1503.89,60,1,2026-09-18 16:58:59,2026-09-18 18:30:59
4619,PROD-4619,Audífonos AirPods Max,Audífonos de diadema inalámbricos con sonido de alta fidelidad,8832.04,9,1,2026-09-19 08:49:48,2026-09-19 09:35:48
4620,PROD-4620,iPhone 16 Pro 128GB,Teléfono inteligente premium con chip de alto rendimiento y triple cámara - Color Rojo,1620.60,14,1,2026-09-19 20:29:20,2026-09-19 21:55:20
4621,PROD-4621,Polerón Adicolor Classics,"Sudadera clásica con el logotipo de las tres tiras (Talla S, Color Gris)",2044.17,87,1,2026-09-22 04:07:04,2026-09-22 04:38:04
4622,PROD-4622,Freidora XXL Airfryer,Freidora de aire de gran capacidad con tecnología de extracción de grasa,3312.58,9,1,2026-09-19 03:30:46,2026-09-19 04:28:46
4623,PROD-4623,Refrigeradora InstaView,Refrigerador inteligente con panel de cristal panorámico,30082.59,12,1,2026-09-18 03:57:18,2026-09-18 05:41:18
4624,PROD-4624,Cafetera Programable 12 Tazas,Cafetera de goteo con temporizador programable y jarra de vidrio,2796.50,32,1,2026-09-21 12:54:19,2026-09-21 14:20:19
4625,PROD-4625,Freidora de Aire 4L,Freidora sin aceite para cocinar de manera saludable y rápida,5919.74,34,1,2026-09-20 22:41:40,2026-09-20 23:51:40
4626,PROD-4626,Freidora de Aire 4L,Freidora sin aceite para cocinar de manera saludable y rápida,881.77,10,1,2026-09-18 21:12:51,2026-09-18 21:45:51
4627,PROD-4627,Consola PlayStation 5 Slim,Consola de videojuegos de última generación con almacenamiento SSD ultra rápido,7529.15,9,1,2026-09-20 16:12:33,2026-09-20 16:25:33
4628,PROD-4628,Refrigeradora InstaView,Refrigerador inteligente con panel de cristal panorámico,4176.69,5,1,2026-09-19 14:53:19,2026-09-19 16:50:19
4629,PROD-4629,iPhone 16 512GB,Smartphone con pantalla Super Retina XDR y excelente duración de batería - Color Verde,4612.47,42,1,2026-09-21 14:28:10,2026-09-21 14:28:10
4630,PROD-4630,Pantalón de Buzo Tech Fleece,"Pantalón deportivo térmico con diseño estilizado (Talla S, Color Rojo)",1126.49,10,1,2026-09-21 00:29:22,2026-09-21 02:04:22
4631,PROD-4631,Camiseta Graphic Setin Neck,"Playera casual de algodón con estampado frontal (Talla XL, Color Negro)",986.21,74,1,2026-09-20 07:55:23,2026-09-20 09:02:23
4632,PROD-4632,Smartphone Galaxy S26 Ultra 256GB,Smartphone de alta gama con cámara de 200MP y pantalla Dynamic AMOLED - Color Negro,9825.00,27,1,2026-09-22 04:13:08,2026-09-22 06:09:08
4633,PROD-4633,Polera Sportswear Club Fleece,"Sudadera de felpa con capucha y ajuste estándar (Talla XL, Color Blanco)",2384.69,29,1,2026-09-20 07:46:14,2026-09-20 08:27:14
4634,PROD-4634,Aspiradora Inalámbrica SpeedPro,Aspiradora escoba sin cable con cabezal de succión de 180 grados,6408.25,37,1,2026-09-21 22:47:21,2026-09-21 23:21:21
4635,PROD-4635,MacBook Pro 16 M3 1TB,Computadora portátil profesional para edición de video y desarrollo - Color Gris,9668.63,45,1,2026-09-21 01:40:09,2026-09-21 02:58:09
4636,PROD-4636,Freidora XXL Airfryer,Freidora de aire de gran capacidad con tecnología de extracción de grasa,4992.44,22,1,2026-09-19 01:04:18,2026-09-19 02:21:18
4637,PROD-4637,Apple Watch Series 10,Reloj inteligente con sensores avanzados de salud y actividad física,27046.69,44,1,2026-09-19 07:11:17,2026-09-19 07:22:17
4638,PROD-4638,Patinete Eléctrico Pro 4,Scooter eléctrico con gran autonomía para movilidad urbana,3013.70,29,1,2026-09-17 15:34:26,2026-09-17 16:02:26
4639,PROD-4639,Smart Band 8,Pulsera de actividad física con seguimiento del sueño y deporte,12946.05,9,1,2026-09-21 19:27:56,2026-09-21 20:49:56
4640,PROD-4640,Freidora de Aire 4L,Freidora sin aceite para cocinar de manera saludable y rápida,4115.72,33,1,2026-09-19 00:16:16,2026-09-19 00:27:16
4641,PROD-4641,Licuadora Reversible 2 Velocidades,Licuadora con motor reversible y vaso de vidrio resistente a choques térmicos,603.39,42,1,2026-09-21 04:51:50,2026-09-21 05:42:50
4642,PROD-4642,Aspiradora Inalámbrica SpeedPro,Aspiradora escoba sin cable con cabezal de succión de 180 grados,3493.23,14,1,2026-09-18 13:14:52,2026-09-18 13:55:52
4643,PROD-4643,Smartphone Redmi Note 13 Pro 1TB,Teléfono inteligente con excelente relación calidad-precio y gran cámara - Color Gris,1256.80,22,1,2026-09-20 05:18:27,2026-09-20 05:55:27
4644,PROD-4644,Aspiradora Inalámbrica SpeedPro,Aspiradora escoba sin cable con cabezal de succión de 180 grados,4955.80,43,1,2026-09-19 20:14:35,2026-09-19 21:53:35
4645,PROD-4645,Aspiradora Inalámbrica SpeedPro,Aspiradora escoba sin cable con cabezal de succión de 180 grados,4327.41,37,1,2026-09-17 14:52:27,2026-09-17 16:46:27
4646,PROD-4646,Freidora de Aire 4L,Freidora sin aceite para cocinar de manera saludable y rápida,6541.74,9,1,2026-09-17 20:54:34,2026-09-17 22:51:34
4647,PROD-4647,Zapatillas Air Force 1 '07,"Tenis clásicos de cuero blanco para uso urbano y casual (Talla S, Color Azul)",1395.52,38,1,2026-09-21 12:19:56,2026-09-21 13:20:56
4648,PROD-4648,Zapatillas Samba OG,"Tenis de estilo retro icónicos en cuero de primera calidad (Talla M, Color Blanco)",2104.13,14,1,2026-09-20 05:47:38,2026-09-20 06:54:38
4649,PROD-4649,Smartphone Galaxy S26+ 1TB,Teléfono inteligente con procesador de última generación y batería de larga duración - Color Negro,20867.57,32,1,2026-09-17 20:41:35,2026-09-17 20:45:35
4650,PROD-4650,Zapatillas Ultraboost Light,"Tenis de running con retorno de energía superior y ligereza (Talla M, Color Negro)",926.31,47,1,2026-09-18 01:39:12,2026-09-18 03:39:12
4651,PROD-4651,Zapatillas Running Pegasus 40,"Calzado de correr con amortiguación reactiva para entrenamiento (Talla XL, Color Azul)",950.53,39,1,2026-09-18 23:05:07,2026-09-19 00:30:07
4652,PROD-4652,Aspiradora Inalámbrica SpeedPro,Aspiradora escoba sin cable con cabezal de succión de 180 grados,7885.44,29,1,2026-09-19 19:34:52,2026-09-19 21:34:52
4653,PROD-4653,iPhone 16 Pro 1TB,Teléfono inteligente premium con chip de alto rendimiento y triple cámara - Color Verde,1441.24,18,1,2026-09-21 22:58:16,2026-09-21 23:27:16
4654,PROD-4654,Jeans 501 Original Fit,"Pantalón de mezclilla clásico de corte recto y ajuste cómodo (Talla S, Color Gris)",1676.96,84,1,2026-09-21 02:06:13,2026-09-21 02:29:13
4655,PROD-4655,Zapatillas Samba OG,"Tenis de estilo retro icónicos en cuero de primera calidad (Talla L, Color Blanco)",1896.58,24,1,2026-09-22 00:50:10,2026-09-22 02:08:10
4656,PROD-4656,Zapatillas Samba OG,"Tenis de estilo retro icónicos en cuero de primera calidad (Talla M, Color Negro)",2488.07,37,1,2026-09-20 23:49:11,2026-09-21 01:40:11
4657,PROD-4657,Zapatillas Air Max 270,"Calzado deportivo con cápsula de aire visible para máxima comodidad (Talla L, Color Rojo)",1414.92,29,1,2026-09-18 17:39:55,2026-09-18 19:20:55
4658,PROD-4658,Aspiradora Inalámbrica SpeedPro,Aspiradora escoba sin cable con cabezal de succión de 180 grados,6919.45,50,1,2026-09-19 00:35:12,2026-09-19 02:21:12
4659,PROD-4659,Freidora de Aire 4L,Freidora sin aceite para cocinar de manera saludable y rápida,5407.28,32,1,2026-09-20 21:42:20,2026-09-20 22:40:20
4660,PROD-4660,Freidora de Aire 4L,Freidora sin aceite para cocinar de manera saludable y rápida,5729.84,23,1,2026-09-19 04:56:17,2026-09-19 06:09:17
4661,PROD-4661,Monitor Odyssey G9,Monitor curvo ultrawide diseñado para gaming profesional,33068.09,29,1,2026-09-20 05:14:08,2026-09-20 07:13:08
4662,PROD-4662,Smartphone Redmi Note 13 Pro 512GB,Teléfono inteligente con excelente relación calidad-precio y gran cámara - Color Gris,20352.13,11,1,2026-09-20 10:40:42,2026-09-20 12:31:42
4663,PROD-4663,Smart TV Bravia XR OLED 55,Televisor OLED con negros absolutos y procesador de imagen cognitivo,22067.14,12,1,2026-09-21 21:32:41,2026-09-21 21:47:41
4664,PROD-4664,Chaqueta Camionera de Mezclilla,"Chaqueta clásica de mezclilla resistente para uso diario (Talla S, Color Azul)",1849.59,85,1,2026-09-20 22:16:16,2026-09-20 23:34:16
4665,PROD-4665,Cámara Alpha 7 IV,Cámara mirrorless profesional de fotograma completo para foto y video,14456.64,30,1,2026-09-18 19:29:35,2026-09-18 21:13:35
4666,PROD-4666,Freidora XXL Airfryer,Freidora de aire de gran capacidad con tecnología de extracción de grasa,1172.34,26,1,2026-09-21 13:36:39,2026-09-21 14:56:39
4667,PROD-4667,Aspiradora Inalámbrica SpeedPro,Aspiradora escoba sin cable con cabezal de succión de 180 grados,4093.58,22,1,2026-09-21 04:23:20,2026-09-21 05:54:20
4668,PROD-4668,Barra de Sonido HT-A7000,Sistema de audio para cine en casa con soporte Dolby Atmos,5197.37,49,1,2026-09-18 03:32:09,2026-09-18 05:04:09
4669,PROD-4669,Aspiradora Inalámbrica SpeedPro,Aspiradora escoba sin cable con cabezal de succión de 180 grados,7648.61,45,1,2026-09-18 11:05:18,2026-09-18 11:51:18
4670,PROD-4670,Jeans 501 Original Fit,"Pantalón de mezclilla clásico de corte recto y ajuste cómodo (Talla L, Color Negro)",1685.45,32,1,2026-09-19 21:49:28,2026-09-19 21:55:28
4671,PROD-4671,Smartphone Galaxy S26+ 128GB,Teléfono inteligente con procesador de última generación y batería de larga duración - Color Verde,27860.49,8,1,2026-09-18 01:13:16,2026-09-18 02:57:16
4672,PROD-4672,Zapatillas Air Force 1 '07,"Tenis clásicos de cuero blanco para uso urbano y casual (Talla XL, Color Negro)",2169.09,68,1,2026-09-18 17:08:54,2026-09-18 18:19:54
4673,PROD-4673,Zapatillas Running Pegasus 40,"Calzado de correr con amortiguación reactiva para entrenamiento (Talla S, Color Blanco)",2387.25,39,1,2026-09-17 13:17:07,2026-09-17 13:23:07
4674,PROD-4674,Cafetera Programable 12 Tazas,Cafetera de goteo con temporizador programable y jarra de vidrio,6204.74,41,1,2026-09-19 09:13:50,2026-09-19 10:38:50
4675,PROD-4675,Polerón Adicolor Classics,"Sudadera clásica con el logotipo de las tres tiras (Talla S, Color Verde)",1826.19,100,1,2026-09-22 12:31:08,2026-09-22 13:42:08
4676,PROD-4676,Zapatillas Air Max 270,"Calzado deportivo con cápsula de aire visible para máxima comodidad (Talla M, Color Verde)",2354.16,19,1,2026-09-17 22:02:46,2026-09-17 22:35:46
4677,PROD-4677,Freidora XXL Airfryer,Freidora de aire de gran capacidad con tecnología de extracción de grasa,4152.81,37,1,2026-09-21 08:34:58,2026-09-21 09:05:58
4678,PROD-4678,Aspiradora Inalámbrica SpeedPro,Aspiradora escoba sin cable con cabezal de succión de 180 grados,7767.65,54,1,2026-09-20 02:07:46,2026-09-20 02:15:46
4679,PROD-4679,Licuadora Reversible 2 Velocidades,Licuadora con motor reversible y vaso de vidrio resistente a choques térmicos,7907.48,57,1,2026-09-20 18:20:28,2026-09-20 19:30:28
4680,PROD-4680,iPhone 16 Pro Max 1TB,Smartphone insignia de Apple con acabado en titanio y cámara profesional - Color Blanco,27148.18,38,1,2026-09-21 23:01:15,2026-09-21 23:51:15
4681,PROD-4681,Camiseta Graphic Setin Neck,"Playera casual de algodón con estampado frontal (Talla XL, Color Negro)",1721.86,90,1,2026-09-21 21:38:40,2026-09-21 22:06:40
4682,PROD-4682,MacBook Pro 16 M3 1TB,Computadora portátil profesional para edición de video y desarrollo - Color Gris,27642.49,49,1,2026-09-21 08:32:18,2026-09-21 09:27:18
4683,PROD-4683,Freidora de Aire 4L,Freidora sin aceite para cocinar de manera saludable y rápida,4251.25,28,1,2026-09-21 08:13:49,2026-09-21 09:31:49
4684,PROD-4684,Freidora de Aire 4L,Freidora sin aceite para cocinar de manera saludable y rápida,6841.89,35,1,2026-09-19 05:00:05,2026-09-19 05:01:05
4685,PROD-4685,MacBook Pro 16 M3 128GB,Computadora portátil profesional para edición de video y desarrollo - Color Verde,20790.56,19,1,2026-09-21 13:01:25,2026-09-21 13:23:25
4686,PROD-4686,Jeans 511 Slim Fit,"Pantalón de mezclilla ajustado de estilo moderno (Talla XL, Color Azul)",2309.75,32,1,2026-09-19 20:31:44,2026-09-19 22:24:44
4687,PROD-4687,Freidora de Aire 4L,Freidora sin aceite para cocinar de manera saludable y rápida,4832.12,46,1,2026-09-21 08:04:34,2026-09-21 09:16:34
4688,PROD-4688,Jeans 511 Slim Fit,"Pantalón de mezclilla ajustado de estilo moderno (Talla L, Color Blanco)",2300.04,63,1,2026-09-22 04:01:38,2026-09-22 04:33:38
4689,PROD-4689,Zapatillas Running Pegasus 40,"Calzado de correr con amortiguación reactiva para entrenamiento (Talla L, Color Blanco)",2073.08,90,1,2026-09-20 03:37:01,2026-09-20 05:15:01
4690,PROD-4690,Freidora XXL Airfryer,Freidora de aire de gran capacidad con tecnología de extracción de grasa,7028.02,15,1,2026-09-17 23:56:34,2026-09-18 00:35:34
4691,PROD-4691,iPhone 16 Pro Max 1TB,Smartphone insignia de Apple con acabado en titanio y cámara profesional - Color Gris,1362.94,50,1,2026-09-20 16:48:07,2026-09-20 16:51:07
4692,PROD-4692,Zapatillas Samba OG,"Tenis de estilo retro icónicos en cuero de primera calidad (Talla XL, Color Negro)",2157.96,50,1,2026-09-21 19:24:57,2026-09-21 20:08:57
4693,PROD-4693,Cafetera Programable 12 Tazas,Cafetera de goteo con temporizador programable y jarra de vidrio,7314.83,52,1,2026-09-18 13:24:58,2026-09-18 15:03:58
4694,PROD-4694,Zapatillas Samba OG,"Tenis de estilo retro icónicos en cuero de primera calidad (Talla S, Color Blanco)",2332.93,83,1,2026-09-18 03:22:38,2026-09-18 04:50:38
4695,PROD-4695,Smartphone Galaxy Z Flip 6 1TB,Teléfono plegable compacto con pantalla exterior funcional - Color Blanco,17112.65,12,1,2026-09-20 01:10:40,2026-09-20 01:32:40
4696,PROD-4696,Aspiradora Inalámbrica SpeedPro,Aspiradora escoba sin cable con cabezal de succión de 180 grados,5908.83,21,1,2026-09-18 10:20:12,2026-09-18 10:44:12
4697,PROD-4697,Zapatillas Samba OG,"Tenis de estilo retro icónicos en cuero de primera calidad (Talla S, Color Rojo)",2062.05,32,1,2026-09-21 07:45:58,2026-09-21 08:25:58
4698,PROD-4698,Polerón Adicolor Classics,"Sudadera clásica con el logotipo de las tres tiras (Talla XL, Color Azul)",2004.56,68,1,2026-09-22 09:07:51,2026-09-22 10:20:51
4699,PROD-4699,Monitor UltraGear 27,Monitor de alta frecuencia de actualización para juegos competitivos,35174.48,42,1,2026-09-19 11:06:29,2026-09-19 12:43:29
4700,PROD-4700,Jeans 511 Slim Fit,"Pantalón de mezclilla ajustado de estilo moderno (Talla L, Color Verde)",1320.59,97,1,2026-09-18 01:32:16,2026-09-18 01:41:16
4701,PROD-4701,Smartphone Xiaomi 14 Ultra 1TB,Smartphone de gama alta enfocado en fotografía profesional Leica - Color Azul,920.66,50,1,2026-09-20 17:57:44,2026-09-20 18:51:44
4702,PROD-4702,Smart TV Bravia XR OLED 55,Televisor OLED con negros absolutos y procesador de imagen cognitivo,34503.38,34,1,2026-09-20 03:53:29,2026-09-20 04:06:29
4703,PROD-4703,iPad Pro 12.9,Tableta profesional con pantalla Liquid Retina XDR y chip M2,34156.65,23,1,2026-09-21 23:27:53,2026-09-22 01:15:53
4704,PROD-4704,MacBook Pro 16 M3 128GB,Computadora portátil profesional para edición de video y desarrollo - Color Negro,19777.94,28,1,2026-09-19 23:03:41,2026-09-19 23:34:41
4705,PROD-4705,Refrigeradora InstaView,Refrigerador inteligente con panel de cristal panorámico,5688.43,15,1,2026-09-21 08:36:33,2026-09-21 09:08:33
4706,PROD-4706,Cafetera Programable 12 Tazas,Cafetera de goteo con temporizador programable y jarra de vidrio,3944.17,18,1,2026-09-22 09:31:35,2026-09-22 09:45:35
4707,PROD-4707,Robot Aspiradora X10+,Aspiradora robótica con estación de vaciado automático y mapeo láser,19129.12,10,1,2026-09-18 14:07:29,2026-09-18 15:28:29
4708,PROD-4708,Camiseta Graphic Setin Neck,"Playera casual de algodón con estampado frontal (Talla L, Color Gris)",1521.25,29,1,2026-09-18 15:53:27,2026-09-18 15:53:27
4709,PROD-4709,Jeans 501 Original Fit,"Pantalón de mezclilla clásico de corte recto y ajuste cómodo (Talla S, Color Rojo)",1315.76,12,1,2026-09-20 21:16:10,2026-09-20 21:53:10
4710,PROD-4710,Monitor UltraGear 27,Monitor de alta frecuencia de actualización para juegos competitivos,9495.14,48,1,2026-09-17 23:12:36,2026-09-18 00:07:36
4711,PROD-4711,Freidora de Aire 4L,Freidora sin aceite para cocinar de manera saludable y rápida,5059.35,35,1,2026-09-22 04:05:19,2026-09-22 05:58:19
4712,PROD-4712,Patinete Eléctrico Pro 4,Scooter eléctrico con gran autonomía para movilidad urbana,2850.90,44,1,2026-09-21 23:37:22,2026-09-22 01:10:22
4713,PROD-4713,Polera Sportswear Club Fleece,"Sudadera de felpa con capucha y ajuste estándar (Talla S, Color Verde)",1875.16,12,1,2026-09-19 18:02:18,2026-09-19 19:55:18
4714,PROD-4714,Audífonos Galaxy Buds3 Pro,Audífonos inalámbricos con cancelación activa de ruido inteligente,4576.23,24,1,2026-09-21 17:23:58,2026-09-21 18:31:58
4715,PROD-4715,Zapatillas Ultraboost Light,"Tenis de running con retorno de energía superior y ligereza (Talla M, Color Azul)",2235.79,36,1,2026-09-21 17:36:36,2026-09-21 17:42:36
4716,PROD-4716,Apple Watch Series 10,Reloj inteligente con sensores avanzados de salud y actividad física,881.10,33,1,2026-09-18 08:43:05,2026-09-18 08:59:05
4717,PROD-4717,Consola PlayStation 5 Slim,Consola de videojuegos de última generación con almacenamiento SSD ultra rápido,5950.70,46,1,2026-09-20 18:08:35,2026-09-20 18:37:35
4718,PROD-4718,MacBook Air 15 M2 256GB,Laptop ultra delgada y liviana con gran autonomía - Color Verde,10250.36,34,1,2026-09-19 13:17:58,2026-09-19 15:00:58
4719,PROD-4719,Smart TV OLED C3 65,Televisor inteligente ideal para videojuegos y películas con pánel OLED,35311.69,41,1,2026-09-18 09:43:25,2026-09-18 11:31:25
4720,PROD-4720,Cafetera Programable 12 Tazas,Cafetera de goteo con temporizador programable y jarra de vidrio,1250.11,34,1,2026-09-21 20:25:58,2026-09-21 21:15:58
4721,PROD-4721,Smart TV 65 Neo QLED,Televisor inteligente 4K con tecnología de puntos cuánticos y alto contraste,30328.30,32,1,2026-09-21 06:16:12,2026-09-21 07:05:12
4722,PROD-4722,Aspiradora Inalámbrica SpeedPro,Aspiradora escoba sin cable con cabezal de succión de 180 grados,470.30,21,1,2026-09-17 13:19:07,2026-09-17 13:51:07
4723,PROD-4723,Polera Sportswear Club Fleece,"Sudadera de felpa con capucha y ajuste estándar (Talla S, Color Negro)",1187.50,65,1,2026-09-19 22:02:52,2026-09-19 22:35:52
4724,PROD-4724,Freidora XXL Airfryer,Freidora de aire de gran capacidad con tecnología de extracción de grasa,632.77,42,1,2026-09-19 06:57:52,2026-09-19 07:34:52
4725,PROD-4725,Freidora XXL Airfryer,Freidora de aire de gran capacidad con tecnología de extracción de grasa,1158.88,54,1,2026-09-21 12:37:49,2026-09-21 12:49:49
4726,PROD-4726,Polera Sportswear Club Fleece,"Sudadera de felpa con capucha y ajuste estándar (Talla M, Color Rojo)",2382.55,98,1,2026-09-18 13:51:41,2026-09-18 14:57:41
4727,PROD-4727,Smart TV OLED C3 65,Televisor inteligente ideal para videojuegos y películas con pánel OLED,10997.99,12,1,2026-09-19 17:20:38,2026-09-19 17:20:38
4728,PROD-4728,Camiseta Graphic Setin Neck,"Playera casual de algodón con estampado frontal (Talla XL, Color Negro)",1921.24,34,1,2026-09-18 06:54:06,2026-09-18 07:36:06
4729,PROD-4729,Cámara Alpha 7 IV,Cámara mirrorless profesional de fotograma completo para foto y video,6172.80,20,1,2026-09-21 18:31:04,2026-09-21 18:51:04
4730,PROD-4730,Smart TV OLED C3 65,Televisor inteligente ideal para videojuegos y películas con pánel OLED,12015.39,40,1,2026-09-18 17:13:58,2026-09-18 18:11:58
4731,PROD-4731,Aspiradora Inalámbrica SpeedPro,Aspiradora escoba sin cable con cabezal de succión de 180 grados,2186.09,25,1,2026-09-22 00:54:17,2026-09-22 01:01:17
4732,PROD-4732,Aspiradora Inalámbrica SpeedPro,Aspiradora escoba sin cable con cabezal de succión de 180 grados,7962.44,19,1,2026-09-19 14:36:20,2026-09-19 16:11:20
4733,PROD-4733,Cafetera Programable 12 Tazas,Cafetera de goteo con temporizador programable y jarra de vidrio,3167.41,57,1,2026-09-18 04:37:15,2026-09-18 04:48:15
4734,PROD-4734,Audífonos Bluetooth WH-1000XM5,Audífonos inalámbricos con la mejor cancelación de ruido del mercado,29506.03,25,1,2026-09-20 14:52:49,2026-09-20 16:19:49
4735,PROD-4735,Camiseta Graphic Setin Neck,"Playera casual de algodón con estampado frontal (Talla XL, Color Verde)",1518.09,78,1,2026-09-18 14:54:42,2026-09-18 15:45:42
4736,PROD-4736,iPhone 16 Pro 1TB,Teléfono inteligente premium con chip de alto rendimiento y triple cámara - Color Gris,19369.11,6,1,2026-09-18 23:45:54,2026-09-18 23:47:54
4737,PROD-4737,Zapatillas Running Pegasus 40,"Calzado de correr con amortiguación reactiva para entrenamiento (Talla S, Color Verde)",1982.35,70,1,2026-09-18 06:15:20,2026-09-18 08:02:20
4738,PROD-4738,Freidora XXL Airfryer,Freidora de aire de gran capacidad con tecnología de extracción de grasa,6474.47,27,1,2026-09-18 08:13:25,2026-09-18 08:35:25
4739,PROD-4739,Freidora de Aire 4L,Freidora sin aceite para cocinar de manera saludable y rápida,7675.32,29,1,2026-09-21 17:54:33,2026-09-21 19:32:33
4740,PROD-4740,Polerón Adicolor Classics,"Sudadera clásica con el logotipo de las tres tiras (Talla L, Color Rojo)",2240.46,15,1,2026-09-19 12:35:05,2026-09-19 14:09:05
4741,PROD-4741,Zapatillas Samba OG,"Tenis de estilo retro icónicos en cuero de primera calidad (Talla XL, Color Gris)",1306.57,86,1,2026-09-21 05:32:57,2026-09-21 07:21:57
4742,PROD-4742,Smartphone Galaxy Z Fold 6 1TB,Teléfono plegable con pantalla gigante para productividad y multitarea - Color Rojo,28810.57,19,1,2026-09-17 15:46:40,2026-09-17 17:16:40
4743,PROD-4743,Pantalón de Buzo Tech Fleece,"Pantalón deportivo térmico con diseño estilizado (Talla XL, Color Blanco)",1300.63,42,1,2026-09-19 12:27:41,2026-09-19 14:05:41
4744,PROD-4744,Licuadora Reversible 2 Velocidades,Licuadora con motor reversible y vaso de vidrio resistente a choques térmicos,7979.63,8,1,2026-09-20 21:08:07,2026-09-20 22:20:07
4745,PROD-4745,Polerón Adicolor Classics,"Sudadera clásica con el logotipo de las tres tiras (Talla XL, Color Negro)",2065.68,23,1,2026-09-19 15:52:57,2026-09-19 17:16:57
4746,PROD-4746,iPhone 16 Pro 256GB,Teléfono inteligente premium con chip de alto rendimiento y triple cámara - Color Blanco,13951.51,38,1,2026-09-21 03:46:45,2026-09-21 05:25:45
4747,PROD-4747,Jeans 501 Original Fit,"Pantalón de mezclilla clásico de corte recto y ajuste cómodo (Talla M, Color Gris)",1335.79,97,1,2026-09-22 02:05:37,2026-09-22 02:14:37
4748,PROD-4748,Refrigeradora InstaView,Refrigerador inteligente con panel de cristal panorámico,21010.73,38,1,2026-09-21 02:33:20,2026-09-21 03:52:20
4749,PROD-4749,Licuadora Reversible 2 Velocidades,Licuadora con motor reversible y vaso de vidrio resistente a choques térmicos,5620.13,39,1,2026-09-19 05:59:55,2026-09-19 06:48:55
4750,PROD-4750,Smartphone Galaxy Z Fold 6 1TB,Teléfono plegable con pantalla gigante para productividad y multitarea - Color Rojo,31876.92,43,1,2026-09-18 07:33:13,2026-09-18 08:32:13
4751,PROD-4751,Barra de Sonido HT-A7000,Sistema de audio para cine en casa con soporte Dolby Atmos,14485.13,8,1,2026-09-22 07:09:48,2026-09-22 08:58:48
4752,PROD-4752,Audífonos AirPods Pro 2,Audífonos intrauditivos con cancelación de ruido de nivel superior,24524.94,39,1,2026-09-20 16:42:06,2026-09-20 18:08:06
4753,PROD-4753,Chaqueta Camionera de Mezclilla,"Chaqueta clásica de mezclilla resistente para uso diario (Talla XL, Color Rojo)",1751.72,79,1,2026-09-22 05:40:52,2026-09-22 07:18:52
4754,PROD-4754,Camiseta Graphic Setin Neck,"Playera casual de algodón con estampado frontal (Talla XL, Color Verde)",871.83,82,1,2026-09-17 14:21:19,2026-09-17 15:43:19
4755,PROD-4755,Smartphone Xiaomi 14 Ultra 1TB,Smartphone de gama alta enfocado en fotografía profesional Leica - Color Rojo,10602.13,42,1,2026-09-21 06:11:52,2026-09-21 07:59:52
4756,PROD-4756,Aspiradora Inalámbrica SpeedPro,Aspiradora escoba sin cable con cabezal de succión de 180 grados,2776.01,51,1,2026-09-21 10:41:26,2026-09-21 12:05:26
4757,PROD-4757,Polera Sportswear Club Fleece,"Sudadera de felpa con capucha y ajuste estándar (Talla S, Color Negro)",1321.58,84,1,2026-09-18 13:55:10,2026-09-18 15:30:10
4758,PROD-4758,Camiseta Graphic Setin Neck,"Playera casual de algodón con estampado frontal (Talla L, Color Gris)",1756.51,48,1,2026-09-22 05:02:38,2026-09-22 05:59:38
4759,PROD-4759,Zapatillas Ultraboost Light,"Tenis de running con retorno de energía superior y ligereza (Talla XL, Color Negro)",2363.87,43,1,2026-09-19 01:26:37,2026-09-19 02:09:37
4760,PROD-4760,Cafetera Programable 12 Tazas,Cafetera de goteo con temporizador programable y jarra de vidrio,4319.51,48,1,2026-09-21 09:51:17,2026-09-21 11:21:17
4761,PROD-4761,Freidora de Aire 4L,Freidora sin aceite para cocinar de manera saludable y rápida,6574.05,53,1,2026-09-22 07:06:56,2026-09-22 08:19:56
4762,PROD-4762,Zapatillas Running Pegasus 40,"Calzado de correr con amortiguación reactiva para entrenamiento (Talla L, Color Azul)",1440.87,38,1,2026-09-21 14:58:00,2026-09-21 16:01:00
4763,PROD-4763,Zapatillas Running Pegasus 40,"Calzado de correr con amortiguación reactiva para entrenamiento (Talla S, Color Azul)",1375.45,49,1,2026-09-22 13:05:09,2026-09-22 13:32:09
4764,PROD-4764,Zapatillas Ultraboost Light,"Tenis de running con retorno de energía superior y ligereza (Talla XL, Color Verde)",802.61,66,1,2026-09-21 12:05:11,2026-09-21 13:30:11
4765,PROD-4765,Smart Band 8,Pulsera de actividad física con seguimiento del sueño y deporte,34484.21,11,1,2026-09-21 17:01:39,2026-09-21 18:22:39
4766,PROD-4766,Barra de Sonido HT-A7000,Sistema de audio para cine en casa con soporte Dolby Atmos,1406.69,45,1,2026-09-17 13:29:25,2026-09-17 14:31:25
4767,PROD-4767,Freidora de Aire 4L,Freidora sin aceite para cocinar de manera saludable y rápida,4837.40,17,1,2026-09-18 16:53:21,2026-09-18 17:18:21
4768,PROD-4768,Aspiradora Inalámbrica SpeedPro,Aspiradora escoba sin cable con cabezal de succión de 180 grados,503.77,20,1,2026-09-20 00:38:44,2026-09-20 01:52:44
4769,PROD-4769,Freidora XXL Airfryer,Freidora de aire de gran capacidad con tecnología de extracción de grasa,7649.91,29,1,2026-09-21 16:27:01,2026-09-21 18:05:01
4770,PROD-4770,MacBook Pro 16 M3 128GB,Computadora portátil profesional para edición de video y desarrollo - Color Blanco,33504.23,48,1,2026-09-22 09:47:14,2026-09-22 10:37:14
4771,PROD-4771,Jeans 511 Slim Fit,"Pantalón de mezclilla ajustado de estilo moderno (Talla XL, Color Blanco)",1024.16,95,1,2026-09-21 20:38:49,2026-09-21 21:20:49
4772,PROD-4772,Parlante Portátil SRS-XG300,Bocina inalámbrica portátil resistente al agua con graves potentes,16492.41,21,1,2026-09-21 03:39:05,2026-09-21 05:07:05
4773,PROD-4773,iPhone 16 256GB,Smartphone con pantalla Super Retina XDR y excelente duración de batería - Color Blanco,10008.26,36,1,2026-09-18 00:00:30,2026-09-18 00:37:30
4774,PROD-4774,Zapatillas Samba OG,"Tenis de estilo retro icónicos en cuero de primera calidad (Talla S, Color Rojo)",872.51,55,1,2026-09-19 10:50:02,2026-09-19 11:37:02
4775,PROD-4775,Zapatillas Samba OG,"Tenis de estilo retro icónicos en cuero de primera calidad (Talla S, Color Blanco)",429.01,62,1,2026-09-18 05:38:45,2026-09-18 06:38:45
4776,PROD-4776,Jeans 511 Slim Fit,"Pantalón de mezclilla ajustado de estilo moderno (Talla XL, Color Gris)",920.76,56,1,2026-09-20 23:11:24,2026-09-20 23:46:24
4777,PROD-4777,Zapatillas Air Force 1 '07,"Tenis clásicos de cuero blanco para uso urbano y casual (Talla M, Color Negro)",1534.68,41,1,2026-09-21 13:37:05,2026-09-21 14:53:05
4778,PROD-4778,Audífonos AirPods Max,Audífonos de diadema inalámbricos con sonido de alta fidelidad,24533.53,5,1,2026-09-20 02:03:16,2026-09-20 02:44:16
4779,PROD-4779,Smart Band 8,Pulsera de actividad física con seguimiento del sueño y deporte,4169.56,14,1,2026-09-18 13:42:06,2026-09-18 15:33:06
4780,PROD-4780,Refrigeradora InstaView,Refrigerador inteligente con panel de cristal panorámico,8908.36,50,1,2026-09-21 09:11:53,2026-09-21 09:14:53
4781,PROD-4781,Polera Sportswear Club Fleece,"Sudadera de felpa con capucha y ajuste estándar (Talla L, Color Azul)",1548.53,55,1,2026-09-19 01:16:32,2026-09-19 02:41:32
4782,PROD-4782,Cámara Alpha 7 IV,Cámara mirrorless profesional de fotograma completo para foto y video,13624.95,26,1,2026-09-21 01:40:13,2026-09-21 02:22:13
4783,PROD-4783,Apple Watch Series 10,Reloj inteligente con sensores avanzados de salud y actividad física,8034.73,26,1,2026-09-20 03:32:39,2026-09-20 03:32:39
4784,PROD-4784,Pantalón de Buzo Tech Fleece,"Pantalón deportivo térmico con diseño estilizado (Talla L, Color Blanco)",848.99,27,1,2026-09-20 12:12:10,2026-09-20 13:04:10
4785,PROD-4785,Refrigeradora InstaView,Refrigerador inteligente con panel de cristal panorámico,21821.51,21,1,2026-09-21 15:54:18,2026-09-21 17:39:18
4786,PROD-4786,Jeans 501 Original Fit,"Pantalón de mezclilla clásico de corte recto y ajuste cómodo (Talla M, Color Verde)",1944.94,41,1,2026-09-19 23:24:31,2026-09-20 00:36:31
4787,PROD-4787,Polerón Adicolor Classics,"Sudadera clásica con el logotipo de las tres tiras (Talla M, Color Azul)",2263.05,82,1,2026-09-17 15:38:22,2026-09-17 16:01:22
4788,PROD-4788,Licuadora Reversible 2 Velocidades,Licuadora con motor reversible y vaso de vidrio resistente a choques térmicos,871.72,36,1,2026-09-19 19:39:13,2026-09-19 20:22:13
4789,PROD-4789,Freidora de Aire 4L,Freidora sin aceite para cocinar de manera saludable y rápida,1191.79,57,1,2026-09-21 05:17:27,2026-09-21 05:21:27
4790,PROD-4790,Zapatillas Samba OG,"Tenis de estilo retro icónicos en cuero de primera calidad (Talla S, Color Verde)",494.34,53,1,2026-09-21 15:52:55,2026-09-21 16:05:55
4791,PROD-4791,Smartphone Galaxy S26 Ultra 256GB,Smartphone de alta gama con cámara de 200MP y pantalla Dynamic AMOLED - Color Rojo,30616.19,21,1,2026-09-19 10:09:37,2026-09-19 11:27:37
4792,PROD-4792,Smart Band 8,Pulsera de actividad física con seguimiento del sueño y deporte,21769.21,15,1,2026-09-18 05:47:08,2026-09-18 06:35:08
4793,PROD-4793,Audífonos Galaxy Buds3 Pro,Audífonos inalámbricos con cancelación activa de ruido inteligente,23541.40,48,1,2026-09-18 23:43:22,2026-09-19 01:19:22
4794,PROD-4794,Cafetera Programable 12 Tazas,Cafetera de goteo con temporizador programable y jarra de vidrio,5983.66,12,1,2026-09-22 00:58:19,2026-09-22 02:14:19
4795,PROD-4795,Monitor UltraGear 27,Monitor de alta frecuencia de actualización para juegos competitivos,28303.48,44,1,2026-09-18 10:28:31,2026-09-18 10:42:31
4796,PROD-4796,Audífonos Bluetooth WH-1000XM5,Audífonos inalámbricos con la mejor cancelación de ruido del mercado,1383.61,10,1,2026-09-18 12:21:19,2026-09-18 12:43:19
4797,PROD-4797,Jeans 501 Original Fit,"Pantalón de mezclilla clásico de corte recto y ajuste cómodo (Talla M, Color Blanco)",1448.45,93,1,2026-09-20 08:34:58,2026-09-20 09:30:58
4798,PROD-4798,Freidora XXL Airfryer,Freidora de aire de gran capacidad con tecnología de extracción de grasa,3850.63,11,1,2026-09-19 11:03:57,2026-09-19 11:39:57
4799,PROD-4799,Aspiradora Inalámbrica SpeedPro,Aspiradora escoba sin cable con cabezal de succión de 180 grados,5988.57,42,1,2026-09-20 05:54:13,2026-09-20 07:35:13
4800,PROD-4800,Smart TV OLED C3 65,Televisor inteligente ideal para videojuegos y películas con pánel OLED,2705.95,17,1,2026-09-18 11:03:38,2026-09-18 11:23:38
4801,PROD-4801,Licuadora Reversible 2 Velocidades,Licuadora con motor reversible y vaso de vidrio resistente a choques térmicos,7854.47,18,1,2026-09-20 02:28:43,2026-09-20 03:41:43
4802,PROD-4802,Freidora de Aire 4L,Freidora sin aceite para cocinar de manera saludable y rápida,2366.02,53,1,2026-09-20 02:08:36,2026-09-20 02:54:36
4803,PROD-4803,Freidora XXL Airfryer,Freidora de aire de gran capacidad con tecnología de extracción de grasa,6028.95,25,1,2026-09-20 12:37:36,2026-09-20 13:29:36
4804,PROD-4804,Monitor UltraGear 27,Monitor de alta frecuencia de actualización para juegos competitivos,29555.81,6,1,2026-09-21 11:17:49,2026-09-21 12:11:49
4805,PROD-4805,Zapatillas Air Max 270,"Calzado deportivo con cápsula de aire visible para máxima comodidad (Talla L, Color Gris)",730.30,69,1,2026-09-18 20:47:17,2026-09-18 21:44:17
4806,PROD-4806,Aspiradora Inalámbrica SpeedPro,Aspiradora escoba sin cable con cabezal de succión de 180 grados,3966.48,43,1,2026-09-20 19:13:13,2026-09-20 19:46:13
4807,PROD-4807,Smartphone Redmi Note 13 Pro 512GB,Teléfono inteligente con excelente relación calidad-precio y gran cámara - Color Azul,11791.85,34,1,2026-09-20 07:49:56,2026-09-20 09:28:56
4808,PROD-4808,Smartphone Redmi Note 13 Pro 256GB,Teléfono inteligente con excelente relación calidad-precio y gran cámara - Color Rojo,18745.19,43,1,2026-09-20 07:11:36,2026-09-20 09:08:36
4809,PROD-4809,Monitor UltraGear 27,Monitor de alta frecuencia de actualización para juegos competitivos,6004.74,38,1,2026-09-17 22:02:12,2026-09-17 23:43:12
4810,PROD-4810,Cafetera Programable 12 Tazas,Cafetera de goteo con temporizador programable y jarra de vidrio,6454.53,17,1,2026-09-19 23:31:02,2026-09-20 00:58:02
4811,PROD-4811,Cafetera Programable 12 Tazas,Cafetera de goteo con temporizador programable y jarra de vidrio,5293.65,32,1,2026-09-19 02:33:39,2026-09-19 02:48:39
4812,PROD-4812,Jeans 501 Original Fit,"Pantalón de mezclilla clásico de corte recto y ajuste cómodo (Talla L, Color Blanco)",2211.23,19,1,2026-09-21 11:06:49,2026-09-21 12:12:49
4813,PROD-4813,Chaqueta Camionera de Mezclilla,"Chaqueta clásica de mezclilla resistente para uso diario (Talla XL, Color Verde)",1892.06,79,1,2026-09-20 16:09:26,2026-09-20 16:10:26
4814,PROD-4814,Smart TV 65 Neo QLED,Televisor inteligente 4K con tecnología de puntos cuánticos y alto contraste,13918.96,35,1,2026-09-21 01:10:28,2026-09-21 02:57:28
4815,PROD-4815,Zapatillas Ultraboost Light,"Tenis de running con retorno de energía superior y ligereza (Talla M, Color Azul)",1602.66,34,1,2026-09-18 07:03:12,2026-09-18 08:55:12
4816,PROD-4816,Audífonos Bluetooth WH-1000XM5,Audífonos inalámbricos con la mejor cancelación de ruido del mercado,20260.88,28,1,2026-09-18 23:48:12,2026-09-19 00:35:12
4817,PROD-4817,Freidora XXL Airfryer,Freidora de aire de gran capacidad con tecnología de extracción de grasa,6772.26,58,1,2026-09-17 15:43:55,2026-09-17 15:53:55
4818,PROD-4818,Cafetera Programable 12 Tazas,Cafetera de goteo con temporizador programable y jarra de vidrio,4628.39,24,1,2026-09-20 22:06:25,2026-09-20 22:08:25
4819,PROD-4819,Freidora XXL Airfryer,Freidora de aire de gran capacidad con tecnología de extracción de grasa,7475.31,15,1,2026-09-20 09:44:42,2026-09-20 09:44:42
4820,PROD-4820,Aspiradora Inalámbrica SpeedPro,Aspiradora escoba sin cable con cabezal de succión de 180 grados,7028.89,14,1,2026-09-19 18:33:38,2026-09-19 18:54:38
4821,PROD-4821,Smart Band 8,Pulsera de actividad física con seguimiento del sueño y deporte,23534.68,8,1,2026-09-20 09:44:49,2026-09-20 11:29:49
4822,PROD-4822,Chaqueta Camionera de Mezclilla,"Chaqueta clásica de mezclilla resistente para uso diario (Talla M, Color Blanco)",1262.99,80,1,2026-09-21 01:25:47,2026-09-21 02:12:47
4823,PROD-4823,Aspiradora Inalámbrica SpeedPro,Aspiradora escoba sin cable con cabezal de succión de 180 grados,3842.89,17,1,2026-09-21 11:29:54,2026-09-21 13:25:54
4824,PROD-4824,Zapatillas Air Force 1 '07,"Tenis clásicos de cuero blanco para uso urbano y casual (Talla S, Color Gris)",2445.06,21,1,2026-09-17 18:12:18,2026-09-17 20:10:18
4825,PROD-4825,Licuadora Reversible 2 Velocidades,Licuadora con motor reversible y vaso de vidrio resistente a choques térmicos,5539.77,11,1,2026-09-22 11:50:16,2026-09-22 12:03:16
4826,PROD-4826,Polerón Adicolor Classics,"Sudadera clásica con el logotipo de las tres tiras (Talla L, Color Negro)",1912.00,11,1,2026-09-19 19:19:07,2026-09-19 19:25:07
4827,PROD-4827,Barra de Sonido HT-A7000,Sistema de audio para cine en casa con soporte Dolby Atmos,10761.63,35,1,2026-09-18 12:55:01,2026-09-18 14:22:01
4828,PROD-4828,Cafetera Programable 12 Tazas,Cafetera de goteo con temporizador programable y jarra de vidrio,5588.35,19,1,2026-09-17 17:52:57,2026-09-17 18:02:57
4829,PROD-4829,Audífonos AirPods Max,Audífonos de diadema inalámbricos con sonido de alta fidelidad,13438.84,44,1,2026-09-22 08:14:33,2026-09-22 09:31:33
4830,PROD-4830,Pantalón de Buzo Tech Fleece,"Pantalón deportivo térmico con diseño estilizado (Talla L, Color Verde)",844.65,86,1,2026-09-20 02:36:21,2026-09-20 03:17:21
4831,PROD-4831,Aspiradora Inalámbrica SpeedPro,Aspiradora escoba sin cable con cabezal de succión de 180 grados,2333.48,56,1,2026-09-18 13:25:50,2026-09-18 14:09:50
4832,PROD-4832,Robot Aspiradora X10+,Aspiradora robótica con estación de vaciado automático y mapeo láser,27606.09,21,1,2026-09-21 14:31:56,2026-09-21 15:54:56
4833,PROD-4833,Smartphone Galaxy Z Flip 6 128GB,Teléfono plegable compacto con pantalla exterior funcional - Color Azul,10589.58,27,1,2026-09-22 06:29:44,2026-09-22 08:01:44
4834,PROD-4834,Patinete Eléctrico Pro 4,Scooter eléctrico con gran autonomía para movilidad urbana,1896.90,48,1,2026-09-19 18:28:07,2026-09-19 18:39:07
4835,PROD-4835,Audífonos AirPods Max,Audífonos de diadema inalámbricos con sonido de alta fidelidad,33778.83,44,1,2026-09-22 04:51:47,2026-09-22 05:20:47
4836,PROD-4836,Pantalón de Buzo Tech Fleece,"Pantalón deportivo térmico con diseño estilizado (Talla XL, Color Azul)",1497.18,96,1,2026-09-19 19:58:26,2026-09-19 21:36:26
4837,PROD-4837,Monitor UltraGear 27,Monitor de alta frecuencia de actualización para juegos competitivos,12694.43,10,1,2026-09-22 10:49:55,2026-09-22 12:30:55
4838,PROD-4838,Zapatillas Running Pegasus 40,"Calzado de correr con amortiguación reactiva para entrenamiento (Talla S, Color Gris)",1470.07,88,1,2026-09-21 22:29:23,2026-09-21 23:19:23
4839,PROD-4839,Freidora de Aire 4L,Freidora sin aceite para cocinar de manera saludable y rápida,2473.81,47,1,2026-09-17 18:11:11,2026-09-17 19:16:11
4840,PROD-4840,iPad Pro 12.9,Tableta profesional con pantalla Liquid Retina XDR y chip M2,18367.71,15,1,2026-09-19 06:21:35,2026-09-19 07:55:35
4841,PROD-4841,Smart TV Bravia XR OLED 55,Televisor OLED con negros absolutos y procesador de imagen cognitivo,9569.96,26,1,2026-09-17 17:00:50,2026-09-17 18:12:50
4842,PROD-4842,Freidora XXL Airfryer,Freidora de aire de gran capacidad con tecnología de extracción de grasa,1788.20,31,1,2026-09-22 04:29:58,2026-09-22 05:00:58
4843,PROD-4843,Camiseta Graphic Setin Neck,"Playera casual de algodón con estampado frontal (Talla S, Color Negro)",2287.93,21,1,2026-09-21 17:48:46,2026-09-21 17:55:46
4844,PROD-4844,Freidora XXL Airfryer,Freidora de aire de gran capacidad con tecnología de extracción de grasa,7712.41,24,1,2026-09-20 00:52:21,2026-09-20 02:18:21
4845,PROD-4845,Polerón Adicolor Classics,"Sudadera clásica con el logotipo de las tres tiras (Talla L, Color Rojo)",828.10,31,1,2026-09-18 00:13:57,2026-09-18 00:44:57
4846,PROD-4846,Zapatillas Samba OG,"Tenis de estilo retro icónicos en cuero de primera calidad (Talla S, Color Rojo)",1781.92,16,1,2026-09-22 12:20:47,2026-09-22 13:44:47
4847,PROD-4847,Polerón Adicolor Classics,"Sudadera clásica con el logotipo de las tres tiras (Talla M, Color Verde)",941.25,78,1,2026-09-17 14:19:13,2026-09-17 16:11:13
4848,PROD-4848,iPhone 16 1TB,Smartphone con pantalla Super Retina XDR y excelente duración de batería - Color Gris,5997.65,44,1,2026-09-20 13:14:55,2026-09-20 14:38:55
4849,PROD-4849,Tablet Galaxy Tab S9 512GB,"Tableta de alto rendimiento para diseño, trabajo y entretenimiento - Color Gris",19906.04,15,1,2026-09-22 12:54:53,2026-09-22 14:07:53
4850,PROD-4850,Freidora XXL Airfryer,Freidora de aire de gran capacidad con tecnología de extracción de grasa,5858.79,17,1,2026-09-17 22:27:54,2026-09-18 00:16:54
4851,PROD-4851,Polera Sportswear Club Fleece,"Sudadera de felpa con capucha y ajuste estándar (Talla L, Color Azul)",1005.85,10,1,2026-09-19 08:01:36,2026-09-19 08:23:36
4852,PROD-4852,Freidora de Aire 4L,Freidora sin aceite para cocinar de manera saludable y rápida,7683.92,38,1,2026-09-21 22:07:17,2026-09-21 23:17:17
4853,PROD-4853,Zapatillas Samba OG,"Tenis de estilo retro icónicos en cuero de primera calidad (Talla M, Color Negro)",913.84,20,1,2026-09-20 07:48:44,2026-09-20 08:11:44
4854,PROD-4854,Zapatillas Running Pegasus 40,"Calzado de correr con amortiguación reactiva para entrenamiento (Talla S, Color Gris)",1089.89,28,1,2026-09-21 07:37:17,2026-09-21 09:23:17
4855,PROD-4855,Smart Band 8,Pulsera de actividad física con seguimiento del sueño y deporte,31181.67,32,1,2026-09-21 07:21:22,2026-09-21 09:18:22
4856,PROD-4856,Aspiradora Inalámbrica SpeedPro,Aspiradora escoba sin cable con cabezal de succión de 180 grados,7549.38,29,1,2026-09-19 07:48:33,2026-09-19 08:23:33
4857,PROD-4857,Zapatillas Samba OG,"Tenis de estilo retro icónicos en cuero de primera calidad (Talla XL, Color Gris)",2427.92,40,1,2026-09-19 05:32:35,2026-09-19 05:32:35
4858,PROD-4858,Smart TV OLED C3 65,Televisor inteligente ideal para videojuegos y películas con pánel OLED,26132.55,42,1,2026-09-21 17:52:40,2026-09-21 18:19:40
4859,PROD-4859,Chaqueta Camionera de Mezclilla,"Chaqueta clásica de mezclilla resistente para uso diario (Talla XL, Color Blanco)",1845.07,52,1,2026-09-21 13:44:13,2026-09-21 13:52:13
4860,PROD-4860,Freidora de Aire 4L,Freidora sin aceite para cocinar de manera saludable y rápida,3264.26,23,1,2026-09-20 16:14:52,2026-09-20 17:31:52
4861,PROD-4861,Smartphone Galaxy S26 512GB,Smartphone compacto con pantalla fluida y excelente rendimiento - Color Rojo,10665.17,23,1,2026-09-20 10:47:55,2026-09-20 12:04:55
4862,PROD-4862,Patinete Eléctrico Pro 4,Scooter eléctrico con gran autonomía para movilidad urbana,14952.89,9,1,2026-09-19 17:33:32,2026-09-19 18:25:32
4863,PROD-4863,Freidora XXL Airfryer,Freidora de aire de gran capacidad con tecnología de extracción de grasa,5759.91,52,1,2026-09-19 00:03:40,2026-09-19 01:54:40
4864,PROD-4864,Smartphone Redmi Note 13 Pro 1TB,Teléfono inteligente con excelente relación calidad-precio y gran cámara - Color Gris,22271.76,38,1,2026-09-17 17:30:57,2026-09-17 19:20:57
4865,PROD-4865,Jeans 501 Original Fit,"Pantalón de mezclilla clásico de corte recto y ajuste cómodo (Talla XL, Color Negro)",632.34,26,1,2026-09-20 06:34:28,2026-09-20 07:55:28
4866,PROD-4866,Jeans 511 Slim Fit,"Pantalón de mezclilla ajustado de estilo moderno (Talla S, Color Blanco)",2149.54,96,1,2026-09-18 14:46:46,2026-09-18 16:29:46
4867,PROD-4867,Freidora XXL Airfryer,Freidora de aire de gran capacidad con tecnología de extracción de grasa,4480.41,48,1,2026-09-21 11:35:00,2026-09-21 11:55:00
4868,PROD-4868,Pantalón de Buzo Tech Fleece,"Pantalón deportivo térmico con diseño estilizado (Talla L, Color Azul)",754.31,18,1,2026-09-22 09:35:20,2026-09-22 11:18:20
4869,PROD-4869,iPhone 16 Pro 256GB,Teléfono inteligente premium con chip de alto rendimiento y triple cámara - Color Rojo,25297.76,36,1,2026-09-20 20:24:45,2026-09-20 22:12:45
4870,PROD-4870,Monitor UltraGear 27,Monitor de alta frecuencia de actualización para juegos competitivos,19655.31,8,1,2026-09-19 22:38:57,2026-09-19 23:31:57
4871,PROD-4871,Barra de Sonido HT-A7000,Sistema de audio para cine en casa con soporte Dolby Atmos,31811.16,27,1,2026-09-21 07:46:47,2026-09-21 09:36:47
4872,PROD-4872,Aspiradora Inalámbrica SpeedPro,Aspiradora escoba sin cable con cabezal de succión de 180 grados,3262.99,30,1,2026-09-20 04:10:16,2026-09-20 04:51:16
4873,PROD-4873,Freidora XXL Airfryer,Freidora de aire de gran capacidad con tecnología de extracción de grasa,4373.93,9,1,2026-09-18 13:10:32,2026-09-18 14:30:32
4874,PROD-4874,Freidora de Aire 4L,Freidora sin aceite para cocinar de manera saludable y rápida,1460.27,18,1,2026-09-21 13:37:58,2026-09-21 14:43:58
4875,PROD-4875,Aspiradora Inalámbrica SpeedPro,Aspiradora escoba sin cable con cabezal de succión de 180 grados,4838.40,28,1,2026-09-21 06:27:00,2026-09-21 07:01:00
4876,PROD-4876,Polerón Adicolor Classics,"Sudadera clásica con el logotipo de las tres tiras (Talla L, Color Blanco)",1504.24,30,1,2026-09-21 17:59:18,2026-09-21 19:46:18
4877,PROD-4877,Aspiradora Inalámbrica SpeedPro,Aspiradora escoba sin cable con cabezal de succión de 180 grados,7114.06,29,1,2026-09-18 11:33:15,2026-09-18 11:38:15
4878,PROD-4878,Smartphone Galaxy Z Fold 6 256GB,Teléfono plegable con pantalla gigante para productividad y multitarea - Color Rojo,19683.99,34,1,2026-09-18 02:23:14,2026-09-18 04:04:14
4879,PROD-4879,Licuadora Reversible 2 Velocidades,Licuadora con motor reversible y vaso de vidrio resistente a choques térmicos,6068.02,9,1,2026-09-18 19:23:59,2026-09-18 21:14:59
4880,PROD-4880,Zapatillas Running Pegasus 40,"Calzado de correr con amortiguación reactiva para entrenamiento (Talla XL, Color Gris)",622.57,66,1,2026-09-22 02:11:12,2026-09-22 03:12:12
4881,PROD-4881,Freidora XXL Airfryer,Freidora de aire de gran capacidad con tecnología de extracción de grasa,3648.82,42,1,2026-09-21 19:24:27,2026-09-21 20:48:27
4882,PROD-4882,Camiseta Graphic Setin Neck,"Playera casual de algodón con estampado frontal (Talla M, Color Rojo)",1344.95,58,1,2026-09-17 17:20:30,2026-09-17 18:52:30
4883,PROD-4883,iPhone 16 Pro Max 1TB,Smartphone insignia de Apple con acabado en titanio y cámara profesional - Color Azul,20416.85,22,1,2026-09-20 04:50:39,2026-09-20 05:00:39
4884,PROD-4884,Freidora de Aire 4L,Freidora sin aceite para cocinar de manera saludable y rápida,1783.17,42,1,2026-09-18 22:14:59,2026-09-18 23:59:59
4885,PROD-4885,Barra de Sonido HT-A7000,Sistema de audio para cine en casa con soporte Dolby Atmos,22981.98,45,1,2026-09-21 19:40:15,2026-09-21 20:27:15
4886,PROD-4886,Chaqueta Camionera de Mezclilla,"Chaqueta clásica de mezclilla resistente para uso diario (Talla XL, Color Blanco)",764.69,93,1,2026-09-18 07:54:22,2026-09-18 09:43:22
4887,PROD-4887,Zapatillas Air Force 1 '07,"Tenis clásicos de cuero blanco para uso urbano y casual (Talla S, Color Gris)",1060.77,53,1,2026-09-20 18:24:15,2026-09-20 19:09:15
4888,PROD-4888,Freidora XXL Airfryer,Freidora de aire de gran capacidad con tecnología de extracción de grasa,862.81,16,1,2026-09-22 06:06:55,2026-09-22 07:05:55
4889,PROD-4889,iPhone 16 512GB,Smartphone con pantalla Super Retina XDR y excelente duración de batería - Color Azul,33258.72,6,1,2026-09-19 10:34:23,2026-09-19 12:04:23
4890,PROD-4890,Consola PlayStation 5 Slim,Consola de videojuegos de última generación con almacenamiento SSD ultra rápido,27597.23,14,1,2026-09-19 13:19:29,2026-09-19 14:02:29
4891,PROD-4891,Pantalón de Buzo Tech Fleece,"Pantalón deportivo térmico con diseño estilizado (Talla M, Color Rojo)",2060.89,68,1,2026-09-21 11:39:43,2026-09-21 11:43:43
4892,PROD-4892,Jeans 501 Original Fit,"Pantalón de mezclilla clásico de corte recto y ajuste cómodo (Talla XL, Color Azul)",2437.79,78,1,2026-09-17 23:10:49,2026-09-17 23:56:49
4893,PROD-4893,Aspiradora Inalámbrica SpeedPro,Aspiradora escoba sin cable con cabezal de succión de 180 grados,3437.95,49,1,2026-09-20 08:08:10,2026-09-20 08:37:10
4894,PROD-4894,Aspiradora Inalámbrica SpeedPro,Aspiradora escoba sin cable con cabezal de succión de 180 grados,3288.86,8,1,2026-09-19 08:21:59,2026-09-19 08:56:59
4895,PROD-4895,Aspiradora Inalámbrica SpeedPro,Aspiradora escoba sin cable con cabezal de succión de 180 grados,4195.90,22,1,2026-09-18 19:17:22,2026-09-18 19:40:22
4896,PROD-4896,Cafetera Programable 12 Tazas,Cafetera de goteo con temporizador programable y jarra de vidrio,6845.87,52,1,2026-09-18 12:51:12,2026-09-18 13:27:12
4897,PROD-4897,Aspiradora Inalámbrica SpeedPro,Aspiradora escoba sin cable con cabezal de succión de 180 grados,4463.41,52,1,2026-09-20 04:51:17,2026-09-20 04:54:17
4898,PROD-4898,Smartphone Xiaomi 14 Ultra 256GB,Smartphone de gama alta enfocado en fotografía profesional Leica - Color Verde,22331.08,25,1,2026-09-21 01:58:09,2026-09-21 03:45:09
4899,PROD-4899,Freidora XXL Airfryer,Freidora de aire de gran capacidad con tecnología de extracción de grasa,3605.27,10,1,2026-09-20 12:12:27,2026-09-20 13:04:27
4900,PROD-4900,Refrigeradora InstaView,Refrigerador inteligente con panel de cristal panorámico,11967.60,8,1,2026-09-18 01:30:34,2026-09-18 01:46:34
4901,PROD-4901,Licuadora Reversible 2 Velocidades,Licuadora con motor reversible y vaso de vidrio resistente a choques térmicos,6931.86,23,1,2026-09-21 00:59:03,2026-09-21 02:04:03
4902,PROD-4902,Smartphone Galaxy Z Fold 6 1TB,Teléfono plegable con pantalla gigante para productividad y multitarea - Color Negro,31283.65,29,1,2026-09-18 10:02:57,2026-09-18 11:11:57
4903,PROD-4903,iPad Pro 12.9,Tableta profesional con pantalla Liquid Retina XDR y chip M2,15562.59,44,1,2026-09-17 20:52:41,2026-09-17 21:33:41
4904,PROD-4904,Licuadora Reversible 2 Velocidades,Licuadora con motor reversible y vaso de vidrio resistente a choques térmicos,4510.37,9,1,2026-09-18 06:08:39,2026-09-18 06:54:39
4905,PROD-4905,Audífonos AirPods Max,Audífonos de diadema inalámbricos con sonido de alta fidelidad,10447.22,17,1,2026-09-19 12:35:53,2026-09-19 13:26:53
4906,PROD-4906,Jeans 511 Slim Fit,"Pantalón de mezclilla ajustado de estilo moderno (Talla XL, Color Azul)",706.26,68,1,2026-09-17 23:25:55,2026-09-18 00:05:55
4907,PROD-4907,Zapatillas Running Pegasus 40,"Calzado de correr con amortiguación reactiva para entrenamiento (Talla XL, Color Verde)",1685.14,69,1,2026-09-21 18:35:38,2026-09-21 20:32:38
4908,PROD-4908,Aspiradora Inalámbrica SpeedPro,Aspiradora escoba sin cable con cabezal de succión de 180 grados,7701.43,29,1,2026-09-20 23:52:51,2026-09-21 00:35:51
4909,PROD-4909,Aspiradora Inalámbrica SpeedPro,Aspiradora escoba sin cable con cabezal de succión de 180 grados,593.18,29,1,2026-09-19 12:19:34,2026-09-19 14:13:34
4910,PROD-4910,Cafetera Programable 12 Tazas,Cafetera de goteo con temporizador programable y jarra de vidrio,5181.87,16,1,2026-09-20 23:07:25,2026-09-21 00:37:25
4911,PROD-4911,Freidora de Aire 4L,Freidora sin aceite para cocinar de manera saludable y rápida,1271.97,40,1,2026-09-19 18:12:04,2026-09-19 20:04:04
4912,PROD-4912,Jeans 511 Slim Fit,"Pantalón de mezclilla ajustado de estilo moderno (Talla L, Color Blanco)",1832.81,26,1,2026-09-22 00:44:39,2026-09-22 02:33:39
4913,PROD-4913,Freidora XXL Airfryer,Freidora de aire de gran capacidad con tecnología de extracción de grasa,6548.44,11,1,2026-09-20 07:06:06,2026-09-20 09:00:06
4914,PROD-4914,Licuadora Reversible 2 Velocidades,Licuadora con motor reversible y vaso de vidrio resistente a choques térmicos,3397.12,28,1,2026-09-18 03:07:53,2026-09-18 04:58:53
4915,PROD-4915,Refrigeradora InstaView,Refrigerador inteligente con panel de cristal panorámico,25696.68,10,1,2026-09-19 08:42:30,2026-09-19 10:28:30
4916,PROD-4916,Polera Sportswear Club Fleece,"Sudadera de felpa con capucha y ajuste estándar (Talla L, Color Gris)",670.22,36,1,2026-09-17 18:59:15,2026-09-17 20:40:15
4917,PROD-4917,Freidora de Aire 4L,Freidora sin aceite para cocinar de manera saludable y rápida,5193.13,56,1,2026-09-21 07:50:06,2026-09-21 09:42:06
4918,PROD-4918,Zapatillas Air Max 270,"Calzado deportivo con cápsula de aire visible para máxima comodidad (Talla S, Color Rojo)",1920.90,80,1,2026-09-18 09:42:59,2026-09-18 10:20:59
4919,PROD-4919,iPad Pro 12.9,Tableta profesional con pantalla Liquid Retina XDR y chip M2,24753.67,20,1,2026-09-18 14:12:11,2026-09-18 15:44:11
4920,PROD-4920,MacBook Air 15 M2 512GB,Laptop ultra delgada y liviana con gran autonomía - Color Negro,26655.85,16,1,2026-09-21 01:58:43,2026-09-21 02:23:43
4921,PROD-4921,Chaqueta Camionera de Mezclilla,"Chaqueta clásica de mezclilla resistente para uso diario (Talla S, Color Rojo)",888.61,32,1,2026-09-22 09:12:46,2026-09-22 10:43:46
4922,PROD-4922,Smart TV OLED C3 65,Televisor inteligente ideal para videojuegos y películas con pánel OLED,13340.26,47,1,2026-09-18 13:06:19,2026-09-18 13:51:19
4923,PROD-4923,Zapatillas Samba OG,"Tenis de estilo retro icónicos en cuero de primera calidad (Talla S, Color Verde)",407.86,71,1,2026-09-21 05:37:27,2026-09-21 07:33:27
4924,PROD-4924,Jeans 511 Slim Fit,"Pantalón de mezclilla ajustado de estilo moderno (Talla M, Color Blanco)",1048.57,62,1,2026-09-17 14:17:53,2026-09-17 14:28:53
4925,PROD-4925,Licuadora Reversible 2 Velocidades,Licuadora con motor reversible y vaso de vidrio resistente a choques térmicos,1949.99,27,1,2026-09-22 01:01:39,2026-09-22 02:34:39
4926,PROD-4926,Parlante Portátil SRS-XG300,Bocina inalámbrica portátil resistente al agua con graves potentes,25706.86,35,1,2026-09-17 23:06:31,2026-09-17 23:31:31
4927,PROD-4927,Refrigeradora InstaView,Refrigerador inteligente con panel de cristal panorámico,22631.15,49,1,2026-09-18 14:43:37,2026-09-18 16:37:37
4928,PROD-4928,Zapatillas Running Pegasus 40,"Calzado de correr con amortiguación reactiva para entrenamiento (Talla XL, Color Negro)",749.12,40,1,2026-09-19 07:23:44,2026-09-19 09:07:44
4929,PROD-4929,Smartphone Galaxy S26+ 256GB,Teléfono inteligente con procesador de última generación y batería de larga duración - Color Negro,27951.16,44,1,2026-09-18 01:40:47,2026-09-18 03:33:47
4930,PROD-4930,Cafetera Programable 12 Tazas,Cafetera de goteo con temporizador programable y jarra de vidrio,1035.23,22,1,2026-09-17 18:51:09,2026-09-17 19:02:09
4931,PROD-4931,Zapatillas Samba OG,"Tenis de estilo retro icónicos en cuero de primera calidad (Talla S, Color Blanco)",1678.85,87,1,2026-09-17 20:29:57,2026-09-17 21:40:57
4932,PROD-4932,Cafetera Programable 12 Tazas,Cafetera de goteo con temporizador programable y jarra de vidrio,3286.83,34,1,2026-09-19 09:05:39,2026-09-19 10:48:39
4933,PROD-4933,Jeans 511 Slim Fit,"Pantalón de mezclilla ajustado de estilo moderno (Talla S, Color Rojo)",581.54,83,1,2026-09-21 03:02:51,2026-09-21 03:06:51
4934,PROD-4934,Licuadora Reversible 2 Velocidades,Licuadora con motor reversible y vaso de vidrio resistente a choques térmicos,5497.33,20,1,2026-09-19 11:50:56,2026-09-19 12:40:56
4935,PROD-4935,Licuadora Reversible 2 Velocidades,Licuadora con motor reversible y vaso de vidrio resistente a choques térmicos,3761.24,17,1,2026-09-18 23:06:58,2026-09-19 00:43:58
4936,PROD-4936,Zapatillas Samba OG,"Tenis de estilo retro icónicos en cuero de primera calidad (Talla XL, Color Negro)",2482.16,99,1,2026-09-17 23:11:18,2026-09-18 01:07:18
4937,PROD-4937,Jeans 501 Original Fit,"Pantalón de mezclilla clásico de corte recto y ajuste cómodo (Talla M, Color Verde)",1527.89,82,1,2026-09-18 02:32:36,2026-09-18 03:51:36
4938,PROD-4938,Monitor UltraGear 27,Monitor de alta frecuencia de actualización para juegos competitivos,10814.96,25,1,2026-09-22 11:31:54,2026-09-22 13:21:54
4939,PROD-4939,Smartphone Galaxy Z Fold 6 256GB,Teléfono plegable con pantalla gigante para productividad y multitarea - Color Blanco,1313.88,20,1,2026-09-19 04:47:07,2026-09-19 06:29:07
4940,PROD-4940,Zapatillas Samba OG,"Tenis de estilo retro icónicos en cuero de primera calidad (Talla XL, Color Negro)",2410.02,19,1,2026-09-19 02:24:26,2026-09-19 04:18:26
4941,PROD-4941,Aspiradora Inalámbrica SpeedPro,Aspiradora escoba sin cable con cabezal de succión de 180 grados,3021.56,60,1,2026-09-21 21:19:13,2026-09-21 22:22:13
4942,PROD-4942,Zapatillas Air Max 270,"Calzado deportivo con cápsula de aire visible para máxima comodidad (Talla L, Color Verde)",2198.28,68,1,2026-09-18 11:14:59,2026-09-18 11:42:59
4943,PROD-4943,Smartphone Xiaomi 14 Ultra 128GB,Smartphone de gama alta enfocado en fotografía profesional Leica - Color Azul,1426.46,17,1,2026-09-21 13:32:25,2026-09-21 14:35:25
4944,PROD-4944,Licuadora Reversible 2 Velocidades,Licuadora con motor reversible y vaso de vidrio resistente a choques térmicos,5357.66,50,1,2026-09-22 01:30:50,2026-09-22 03:08:50
4945,PROD-4945,Barra de Sonido HT-A7000,Sistema de audio para cine en casa con soporte Dolby Atmos,27304.03,6,1,2026-09-18 16:29:01,2026-09-18 18:06:01
4946,PROD-4946,Freidora XXL Airfryer,Freidora de aire de gran capacidad con tecnología de extracción de grasa,859.24,33,1,2026-09-20 08:20:36,2026-09-20 08:22:36
4947,PROD-4947,Parlante Portátil SRS-XG300,Bocina inalámbrica portátil resistente al agua con graves potentes,22067.51,30,1,2026-09-21 04:04:57,2026-09-21 05:54:57
4948,PROD-4948,Zapatillas Running Pegasus 40,"Calzado de correr con amortiguación reactiva para entrenamiento (Talla M, Color Verde)",644.39,41,1,2026-09-18 20:53:14,2026-09-18 22:21:14
4949,PROD-4949,Jeans 501 Original Fit,"Pantalón de mezclilla clásico de corte recto y ajuste cómodo (Talla XL, Color Negro)",1945.71,50,1,2026-09-20 17:15:53,2026-09-20 18:59:53
4950,PROD-4950,Monitor Odyssey G9,Monitor curvo ultrawide diseñado para gaming profesional,31266.00,9,1,2026-09-19 05:03:52,2026-09-19 06:26:52
4951,PROD-4951,Monitor UltraGear 27,Monitor de alta frecuencia de actualización para juegos competitivos,7525.48,16,1,2026-09-18 20:35:47,2026-09-18 21:13:47
4952,PROD-4952,Smart TV 65 Neo QLED,Televisor inteligente 4K con tecnología de puntos cuánticos y alto contraste,12486.41,39,1,2026-09-22 06:27:36,2026-09-22 07:29:36
4953,PROD-4953,Zapatillas Running Pegasus 40,"Calzado de correr con amortiguación reactiva para entrenamiento (Talla M, Color Rojo)",2231.83,31,1,2026-09-19 00:33:29,2026-09-19 01:32:29
4954,PROD-4954,Polerón Adicolor Classics,"Sudadera clásica con el logotipo de las tres tiras (Talla S, Color Rojo)",1409.71,28,1,2026-09-20 17:30:35,2026-09-20 19:18:35
4955,PROD-4955,Polerón Adicolor Classics,"Sudadera clásica con el logotipo de las tres tiras (Talla M, Color Verde)",1153.74,53,1,2026-09-22 01:16:20,2026-09-22 01:51:20
4956,PROD-4956,Zapatillas Air Force 1 '07,"Tenis clásicos de cuero blanco para uso urbano y casual (Talla M, Color Rojo)",2003.99,83,1,2026-09-20 02:23:51,2026-09-20 04:03:51
4957,PROD-4957,MacBook Air 15 M2 256GB,Laptop ultra delgada y liviana con gran autonomía - Color Blanco,15706.98,39,1,2026-09-20 22:46:52,2026-09-21 00:42:52
4958,PROD-4958,Refrigeradora InstaView,Refrigerador inteligente con panel de cristal panorámico,17860.89,30,1,2026-09-20 23:02:35,2026-09-21 00:49:35
4959,PROD-4959,Licuadora Reversible 2 Velocidades,Licuadora con motor reversible y vaso de vidrio resistente a choques térmicos,7641.64,42,1,2026-09-17 15:35:04,2026-09-17 15:39:04
4960,PROD-4960,Zapatillas Ultraboost Light,"Tenis de running con retorno de energía superior y ligereza (Talla XL, Color Gris)",1293.80,76,1,2026-09-19 10:25:53,2026-09-19 11:17:53
4961,PROD-4961,Zapatillas Running Pegasus 40,"Calzado de correr con amortiguación reactiva para entrenamiento (Talla XL, Color Verde)",1381.16,44,1,2026-09-18 03:25:14,2026-09-18 04:15:14
4962,PROD-4962,Smartphone Redmi Note 13 Pro 256GB,Teléfono inteligente con excelente relación calidad-precio y gran cámara - Color Negro,14711.53,11,1,2026-09-20 07:43:07,2026-09-20 08:25:07
4963,PROD-4963,Camiseta Graphic Setin Neck,"Playera casual de algodón con estampado frontal (Talla XL, Color Azul)",430.23,43,1,2026-09-19 17:17:53,2026-09-19 18:22:53
4964,PROD-4964,Jeans 501 Original Fit,"Pantalón de mezclilla clásico de corte recto y ajuste cómodo (Talla S, Color Verde)",2018.94,42,1,2026-09-22 09:30:33,2026-09-22 09:40:33
4965,PROD-4965,Zapatillas Air Max 270,"Calzado deportivo con cápsula de aire visible para máxima comodidad (Talla S, Color Verde)",1019.95,37,1,2026-09-21 19:29:54,2026-09-21 20:17:54
4966,PROD-4966,Smart TV 65 Neo QLED,Televisor inteligente 4K con tecnología de puntos cuánticos y alto contraste,19635.03,12,1,2026-09-18 03:57:40,2026-09-18 04:36:40
4967,PROD-4967,Jeans 511 Slim Fit,"Pantalón de mezclilla ajustado de estilo moderno (Talla XL, Color Negro)",542.05,87,1,2026-09-18 13:20:29,2026-09-18 14:11:29
4968,PROD-4968,Freidora de Aire 4L,Freidora sin aceite para cocinar de manera saludable y rápida,2996.88,53,1,2026-09-21 08:56:47,2026-09-21 09:30:47
4969,PROD-4969,Polera Sportswear Club Fleece,"Sudadera de felpa con capucha y ajuste estándar (Talla M, Color Verde)",1206.21,41,1,2026-09-19 20:25:06,2026-09-19 21:29:06
4970,PROD-4970,Camiseta Graphic Setin Neck,"Playera casual de algodón con estampado frontal (Talla XL, Color Negro)",2475.57,13,1,2026-09-18 18:00:16,2026-09-18 18:37:16
4971,PROD-4971,Aspiradora Inalámbrica SpeedPro,Aspiradora escoba sin cable con cabezal de succión de 180 grados,2534.15,29,1,2026-09-20 23:37:37,2026-09-21 00:22:37
4972,PROD-4972,Aspiradora Inalámbrica SpeedPro,Aspiradora escoba sin cable con cabezal de succión de 180 grados,617.83,22,1,2026-09-17 14:07:16,2026-09-17 15:55:16
4973,PROD-4973,Smart TV 65 Neo QLED,Televisor inteligente 4K con tecnología de puntos cuánticos y alto contraste,23345.27,13,1,2026-09-18 11:16:25,2026-09-18 12:19:25
4974,PROD-4974,Audífonos AirPods Pro 2,Audífonos intrauditivos con cancelación de ruido de nivel superior,13862.46,42,1,2026-09-20 09:47:16,2026-09-20 11:43:16
4975,PROD-4975,Zapatillas Ultraboost Light,"Tenis de running con retorno de energía superior y ligereza (Talla S, Color Verde)",2193.07,66,1,2026-09-22 01:25:31,2026-09-22 03:16:31
4976,PROD-4976,Robot Aspiradora X10+,Aspiradora robótica con estación de vaciado automático y mapeo láser,8727.27,28,1,2026-09-21 12:57:19,2026-09-21 14:37:19
4977,PROD-4977,Monitor UltraGear 27,Monitor de alta frecuencia de actualización para juegos competitivos,30239.49,45,1,2026-09-20 06:47:19,2026-09-20 06:49:19
4978,PROD-4978,Freidora de Aire 4L,Freidora sin aceite para cocinar de manera saludable y rápida,623.26,53,1,2026-09-21 05:09:18,2026-09-21 06:22:18
4979,PROD-4979,Patinete Eléctrico Pro 4,Scooter eléctrico con gran autonomía para movilidad urbana,1676.69,12,1,2026-09-17 23:15:02,2026-09-17 23:39:02
4980,PROD-4980,Zapatillas Samba OG,"Tenis de estilo retro icónicos en cuero de primera calidad (Talla S, Color Blanco)",941.45,77,1,2026-09-21 08:37:19,2026-09-21 09:09:19
4981,PROD-4981,Freidora XXL Airfryer,Freidora de aire de gran capacidad con tecnología de extracción de grasa,7024.20,38,1,2026-09-22 11:30:15,2026-09-22 12:29:15
4982,PROD-4982,Smart TV 65 Neo QLED,Televisor inteligente 4K con tecnología de puntos cuánticos y alto contraste,6631.58,36,1,2026-09-21 00:10:55,2026-09-21 00:52:55
4983,PROD-4983,Freidora XXL Airfryer,Freidora de aire de gran capacidad con tecnología de extracción de grasa,2717.10,19,1,2026-09-21 03:36:18,2026-09-21 04:21:18
4984,PROD-4984,Zapatillas Running Pegasus 40,"Calzado de correr con amortiguación reactiva para entrenamiento (Talla XL, Color Azul)",1588.57,47,1,2026-09-18 09:14:05,2026-09-18 11:00:05
4985,PROD-4985,Patinete Eléctrico Pro 4,Scooter eléctrico con gran autonomía para movilidad urbana,30488.30,13,1,2026-09-20 10:14:08,2026-09-20 10:57:08
4986,PROD-4986,Smart TV OLED C3 65,Televisor inteligente ideal para videojuegos y películas con pánel OLED,34836.63,12,1,2026-09-20 01:32:05,2026-09-20 03:31:05
4987,PROD-4987,Cafetera Programable 12 Tazas,Cafetera de goteo con temporizador programable y jarra de vidrio,7945.47,21,1,2026-09-19 04:33:45,2026-09-19 05:12:45
4988,PROD-4988,Polerón Adicolor Classics,"Sudadera clásica con el logotipo de las tres tiras (Talla L, Color Verde)",1965.21,84,1,2026-09-18 15:55:29,2026-09-18 16:24:29
4989,PROD-4989,Zapatillas Ultraboost Light,"Tenis de running con retorno de energía superior y ligereza (Talla XL, Color Verde)",807.65,39,1,2026-09-22 13:00:47,2026-09-22 13:20:47
4990,PROD-4990,Zapatillas Running Pegasus 40,"Calzado de correr con amortiguación reactiva para entrenamiento (Talla XL, Color Verde)",545.86,97,1,2026-09-17 19:50:08,2026-09-17 19:56:08
4991,PROD-4991,Smartphone Redmi Note 13 Pro 1TB,Teléfono inteligente con excelente relación calidad-precio y gran cámara - Color Rojo,34791.43,11,1,2026-09-18 07:22:46,2026-09-18 08:49:46
4992,PROD-4992,Aspiradora Inalámbrica SpeedPro,Aspiradora escoba sin cable con cabezal de succión de 180 grados,3808.38,12,1,2026-09-22 00:32:24,2026-09-22 02:06:24
4993,PROD-4993,Smartphone Galaxy Z Flip 6 512GB,Teléfono plegable compacto con pantalla exterior funcional - Color Rojo,10505.38,49,1,2026-09-19 07:06:49,2026-09-19 07:28:49
4994,PROD-4994,Freidora de Aire 4L,Freidora sin aceite para cocinar de manera saludable y rápida,5823.61,57,1,2026-09-18 10:55:07,2026-09-18 12:35:07
4995,PROD-4995,Cafetera Programable 12 Tazas,Cafetera de goteo con temporizador programable y jarra de vidrio,2020.83,18,1,2026-09-21 15:20:28,2026-09-21 16:28:28
4996,PROD-4996,Zapatillas Samba OG,"Tenis de estilo retro icónicos en cuero de primera calidad (Talla XL, Color Verde)",1407.68,81,1,2026-09-18 07:16:10,2026-09-18 08:40:10
4997,PROD-4997,Smartphone Galaxy S26 1TB,Smartphone compacto con pantalla fluida y excelente rendimiento - Color Gris,13931.68,45,1,2026-09-20 07:34:11,2026-09-20 09:05:11
4998,PROD-4998,Jeans 501 Original Fit,"Pantalón de mezclilla clásico de corte recto y ajuste cómodo (Talla L, Color Rojo)",1554.79,18,1,2026-09-20 17:31:21,2026-09-20 19:21:21
4999,PROD-4999,Chaqueta Camionera de Mezclilla,"Chaqueta clásica de mezclilla resistente para uso diario (Talla S, Color Verde)",2362.42,72,1,2026-09-21 23:05:30,2026-09-22 00:18:30
5000,PROD-5000,Smart TV 65 Neo QLED,Televisor inteligente 4K con tecnología de puntos cuánticos y alto contraste,4733.74,24,1,2026-09-19 23:33:26,2026-09-20 00:05:26
5001,PROD-5001,Zapatillas Air Force 1 '07,"Tenis clásicos de cuero blanco para uso urbano y casual (Talla S, Color Rojo)",2190.96,40,1,2026-09-17 21:53:56,2026-09-17 23:30:56
5002,PROD-5002,Aspiradora Inalámbrica SpeedPro,Aspiradora escoba sin cable con cabezal de succión de 180 grados,6481.86,19,1,2026-09-21 23:38:07,2026-09-22 01:16:07
5003,PROD-5003,Zapatillas Air Max 270,"Calzado deportivo con cápsula de aire visible para máxima comodidad (Talla L, Color Verde)",747.16,73,1,2026-09-21 22:12:07,2026-09-21 23:37:07
5004,PROD-5004,Zapatillas Running Pegasus 40,"Calzado de correr con amortiguación reactiva para entrenamiento (Talla XL, Color Azul)",360.17,70,1,2026-09-20 22:42:42,2026-09-20 23:53:42
5005,PROD-5005,iPad Pro 12.9,Tableta profesional con pantalla Liquid Retina XDR y chip M2,9099.89,26,1,2026-09-18 02:55:01,2026-09-18 03:15:01
5006,PROD-5006,Smart TV OLED C3 65,Televisor inteligente ideal para videojuegos y películas con pánel OLED,20046.35,15,1,2026-09-22 03:03:27,2026-09-22 03:24:27
5007,PROD-5007,Zapatillas Running Pegasus 40,"Calzado de correr con amortiguación reactiva para entrenamiento (Talla S, Color Rojo)",1229.56,61,1,2026-09-20 01:06:07,2026-09-20 02:39:07
5008,PROD-5008,Audífonos AirPods Pro 2,Audífonos intrauditivos con cancelación de ruido de nivel superior,15778.41,18,1,2026-09-20 21:06:33,2026-09-20 21:33:33
