ID,SKU,name,description,current_price,current_stock,status,creation_date,last_update
1,PROD-001,Licuadora Reversible 2 Velocidades,Licuadora con motor reversible y vaso de vidrio resistente a choques térmicos,6035.78,23,1,2026-09-18 19:51:53,2026-09-18 20:08:53
2,PROD-002,Cafetera Programable 12 Tazas,Cafetera de goteo con temporizador programable y jarra de vidrio,6029.07,42,1,2026-09-18 00:01:07,2026-09-18 01:16:07
3,PROD-003,Jeans 501 Original Fit,"Pantalón de mezclilla clásico de corte recto y ajuste cómodo (Talla S, Color Blanco)",850.22,87,1,2026-09-17 15:13:19,2026-09-17 16:24:19
4,PROD-004,Monitor UltraGear 27,Monitor de alta frecuencia de actualización para juegos competitivos,8325.64,42,1,2026-09-19 03:52:19,2026-09-19 05:35:19
5,PROD-005,Apple Watch Series 10,Reloj inteligente con sensores avanzados de salud y actividad física,12578.89,14,1,2026-09-18 18:42:53,2026-09-18 20:19:53
6,PROD-006,Jeans 501 Original Fit,"Pantalón de mezclilla clásico de corte recto y ajuste cómodo (Talla XL, Color Negro)",1121.81,54,1,2026-09-21 03:16:53,2026-09-21 03:49:53
7,PROD-007,Robot Aspiradora X10+,Aspiradora robótica con estación de vaciado automático y mapeo láser,4931.33,29,1,2026-09-17 22:50:00,2026-09-18 00:00:00
8,PROD-008,Polerón Adicolor Classics,"Sudadera clásica con el logotipo de las tres tiras (Talla L, Color Rojo)",763.42,18,1,2026-09-17 18:01:52,2026-09-17 19:25:52
9,PROD-009,Consola PlayStation 5 Slim,Consola de videojuegos de última generación con almacenamiento SSD ultra rápido,30863.78,11,1,2026-09-19 18:43:02,2026-09-19 19:18:02
10,PROD-010,Zapatillas Samba OG,"Tenis de estilo retro icónicos en cuero de primera calidad (Talla M, Color Gris)",1113.83,95,1,2026-09-19 02:14:20,2026-09-19 03:43:20
11,PROD-011,Cafetera Programable 12 Tazas,Cafetera de goteo con temporizador programable y jarra de vidrio,5225.83,42,1,2026-09-21 21:32:39,2026-09-21 22:03:39
12,PROD-012,Smart Band 8,Pulsera de actividad física con seguimiento del sueño y deporte,10083.15,45,1,2026-09-21 15:34:42,2026-09-21 16:45:42
13,PROD-013,Consola PlayStation 5 Slim,Consola de videojuegos de última generación con almacenamiento SSD ultra rápido,8631.21,7,1,2026-09-22 08:36:02,2026-09-22 09:16:02
14,PROD-014,Zapatillas Air Force 1 '07,"Tenis clásicos de cuero blanco para uso urbano y casual (Talla M, Color Rojo)",2234.19,50,1,2026-09-18 18:19:24,2026-09-18 19:42:24
15,PROD-015,Pantalón de Buzo Tech Fleece,"Pantalón deportivo térmico con diseño estilizado (Talla M, Color Gris)",650.21,81,1,2026-09-20 17:51:06,2026-09-20 18:24:06
16,PROD-016,Aspiradora Inalámbrica SpeedPro,Aspiradora escoba sin cable con cabezal de succión de 180 grados,3151.17,16,1,2026-09-20 13:33:45,2026-09-20 14:36:45
17,PROD-017,Smartphone Galaxy S26+ 256GB,Teléfono inteligente con procesador de última generación y batería de larga duración - Color Verde,6179.36,48,1,2026-09-20 00:50:20,2026-09-20 02:06:20
18,PROD-018,Smart Band 8,Pulsera de actividad física con seguimiento del sueño y deporte,21654.04,34,1,2026-09-20 16:24:55,2026-09-20 16:56:55
19,PROD-019,Cafetera Programable 12 Tazas,Cafetera de goteo con temporizador programable y jarra de vidrio,5877.49,51,1,2026-09-20 17:33:34,2026-09-20 19:09:34
20,PROD-020,Zapatillas Samba OG,"Tenis de estilo retro icónicos en cuero de primera calidad (Talla S, Color Gris)",1284.75,68,1,2026-09-17 11:49:48,2026-09-17 13:21:48
21,PROD-021,Freidora XXL Airfryer,Freidora de aire de gran capacidad con tecnología de extracción de grasa,4258.38,14,1,2026-09-21 06:25:24,2026-09-21 07:03:24
22,PROD-022,Licuadora Reversible 2 Velocidades,Licuadora con motor reversible y vaso de vidrio resistente a choques térmicos,3241.75,18,1,2026-09-20 17:54:36,2026-09-20 19:33:36
23,PROD-023,Cafetera Programable 12 Tazas,Cafetera de goteo con temporizador programable y jarra de vidrio,2863.59,9,1,2026-09-18 03:38:57,2026-09-18 05:36:57
24,PROD-024,Zapatillas Air Max 270,"Calzado deportivo con cápsula de aire visible para máxima comodidad (Talla S, Color Blanco)",2237.72,20,1,2026-09-17 23:49:54,2026-09-18 01:22:54
25,PROD-025,Jeans 511 Slim Fit,"Pantalón de mezclilla ajustado de estilo moderno (Talla M, Color Verde)",1371.86,80,1,2026-09-18 11:24:21,2026-09-18 11:57:21
26,PROD-026,Freidora XXL Airfryer,Freidora de aire de gran capacidad con tecnología de extracción de grasa,7459.74,56,1,2026-09-21 21:39:41,2026-09-21 23:07:41
27,PROD-027,Smart TV Bravia XR OLED 55,Televisor OLED con negros absolutos y procesador de imagen cognitivo,35827.80,46,1,2026-09-19 17:44:26,2026-09-19 18:40:26
28,PROD-028,Freidora XXL Airfryer,Freidora de aire de gran capacidad con tecnología de extracción de grasa,2284.08,12,1,2026-09-19 12:35:41,2026-09-19 12:37:41
29,PROD-029,Cafetera Programable 12 Tazas,Cafetera de goteo con temporizador programable y jarra de vidrio,2073.65,12,1,2026-09-21 18:26:39,2026-09-21 19:46:39
30,PROD-030,iPhone 16 Pro 128GB,Teléfono inteligente premium con chip de alto rendimiento y triple cámara - Color Gris,3015.44,20,1,2026-09-19 03:54:49,2026-09-19 05:19:49
31,PROD-031,Jeans 511 Slim Fit,"Pantalón de mezclilla ajustado de estilo moderno (Talla XL, Color Blanco)",2036.93,62,1,2026-09-18 15:05:16,2026-09-18 15:17:16
32,PROD-032,Patinete Eléctrico Pro 4,Scooter eléctrico con gran autonomía para movilidad urbana,15537.04,34,1,2026-09-21 21:32:12,2026-09-21 21:38:12
33,PROD-033,Licuadora Reversible 2 Velocidades,Licuadora con motor reversible y vaso de vidrio resistente a choques térmicos,3459.92,29,1,2026-09-22 07:57:08,2026-09-22 09:47:08
34,PROD-034,MacBook Pro 16 M3 256GB,Computadora portátil profesional para edición de video y desarrollo - Color Rojo,16425.78,32,1,2026-09-18 14:04:47,2026-09-18 14:39:47
35,PROD-035,Jeans 501 Original Fit,"Pantalón de mezclilla clásico de corte recto y ajuste cómodo (Talla XL, Color Rojo)",560.50,93,1,2026-09-20 18:05:10,2026-09-20 19:52:10
36,PROD-036,Smartphone Galaxy Z Fold 6 256GB,Teléfono plegable con pantalla gigante para productividad y multitarea - Color Azul,17740.26,18,1,2026-09-19 21:45:47,2026-09-19 23:40:47
37,PROD-037,Apple Watch Series 10,Reloj inteligente con sensores avanzados de salud y actividad física,576.52,29,1,2026-09-19 01:58:49,2026-09-19 03:56:49
38,PROD-038,Pantalón de Buzo Tech Fleece,"Pantalón deportivo térmico con diseño estilizado (Talla XL, Color Blanco)",758.28,37,1,2026-09-17 19:52:29,2026-09-17 21:06:29
39,PROD-039,Cafetera Programable 12 Tazas,Cafetera de goteo con temporizador programable y jarra de vidrio,2783.40,11,1,2026-09-21 00:26:04,2026-09-21 01:27:04
40,PROD-040,Licuadora Reversible 2 Velocidades,Licuadora con motor reversible y vaso de vidrio resistente a choques térmicos,7701.92,13,1,2026-09-18 14:25:12,2026-09-18 14:33:12
41,PROD-041,Cafetera Programable 12 Tazas,Cafetera de goteo con temporizador programable y jarra de vidrio,6949.83,33,1,2026-09-18 04:49:02,2026-09-18 06:49:02
42,PROD-042,Cafetera Programable 12 Tazas,Cafetera de goteo con temporizador programable y jarra de vidrio,4918.35,47,1,2026-09-17 23:17:49,2026-09-18 00:10:49
43,PROD-043,Aspiradora Inalámbrica SpeedPro,Aspiradora escoba sin cable con cabezal de succión de 180 grados,1952.37,53,1,2026-09-19 09:06:49,2026-09-19 09:36:49
44,PROD-044,Zapatillas Air Max 270,"Calzado deportivo con cápsula de aire visible para máxima comodidad (Talla L, Color Azul)",1029.78,19,1,2026-09-17 12:42:50,2026-09-17 13:40:50
45,PROD-045,Licuadora Reversible 2 Velocidades,Licuadora con motor reversible y vaso de vidrio resistente a choques térmicos,4486.02,40,1,2026-09-19 01:58:48,2026-09-19 02:14:48
46,PROD-046,Jeans 511 Slim Fit,"Pantalón de mezclilla ajustado de estilo moderno (Talla L, Color Gris)",689.16,79,1,2026-09-21 17:49:04,2026-09-21 18:27:04
47,PROD-047,Cafetera Programable 12 Tazas,Cafetera de goteo con temporizador programable y jarra de vidrio,6609.99,27,1,2026-09-21 11:58:13,2026-09-21 12:11:13
48,PROD-048,Consola PlayStation 5 Slim,Consola de videojuegos de última generación con almacenamiento SSD ultra rápido,32084.80,40,1,2026-09-18 09:59:46,2026-09-18 10:33:46
49,PROD-049,Zapatillas Ultraboost Light,"Tenis de running con retorno de energía superior y ligereza (Talla L, Color Blanco)",1828.12,43,1,2026-09-20 12:57:46,2026-09-20 13:59:46
50,PROD-050,Jeans 501 Original Fit,"Pantalón de mezclilla clásico de corte recto y ajuste cómodo (Talla XL, Color Gris)",444.79,52,1,2026-09-22 03:39:35,2026-09-22 03:55:35
51,PROD-051,Freidora XXL Airfryer,Freidora de aire de gran capacidad con tecnología de extracción de grasa,6033.35,43,1,2026-09-21 18:07:39,2026-09-21 19:01:39
52,PROD-052,Licuadora Reversible 2 Velocidades,Licuadora con motor reversible y vaso de vidrio resistente a choques térmicos,971.85,52,1,2026-09-18 09:03:54,2026-09-18 10:12:54
53,PROD-053,Parlante Portátil SRS-XG300,Bocina inalámbrica portátil resistente al agua con graves potentes,20114.64,32,1,2026-09-18 05:55:05,2026-09-18 06:00:05
54,PROD-054,Zapatillas Air Force 1 '07,"Tenis clásicos de cuero blanco para uso urbano y casual (Talla L, Color Blanco)",1816.44,95,1,2026-09-18 02:19:40,2026-09-18 03:04:40
55,PROD-055,Freidora XXL Airfryer,Freidora de aire de gran capacidad con tecnología de extracción de grasa,7435.81,23,1,2026-09-18 11:01:24,2026-09-18 12:43:24
56,PROD-056,Smartphone Redmi Note 13 Pro 256GB,Teléfono inteligente con excelente relación calidad-precio y gran cámara - Color Verde,33319.30,31,1,2026-09-22 08:11:29,2026-09-22 09:36:29
57,PROD-057,Freidora de Aire 4L,Freidora sin aceite para cocinar de manera saludable y rápida,1609.90,52,1,2026-09-18 03:06:00,2026-09-18 03:54:00
58,PROD-058,Smartphone Xiaomi 14 Ultra 256GB,Smartphone de gama alta enfocado en fotografía profesional Leica - Color Azul,12912.87,19,1,2026-09-18 19:49:23,2026-09-18 19:52:23
59,PROD-059,Freidora de Aire 4L,Freidora sin aceite para cocinar de manera saludable y rápida,2894.79,12,1,2026-09-22 03:58:52,2026-09-22 04:33:52
60,PROD-060,Polerón Adicolor Classics,"Sudadera clásica con el logotipo de las tres tiras (Talla XL, Color Verde)",2459.47,78,1,2026-09-19 11:35:04,2026-09-19 13:35:04
61,PROD-061,Smartphone Galaxy Z Flip 6 256GB,Teléfono plegable compacto con pantalla exterior funcional - Color Rojo,34669.97,21,1,2026-09-17 16:55:44,2026-09-17 17:08:44
62,PROD-062,Aspiradora Inalámbrica SpeedPro,Aspiradora escoba sin cable con cabezal de succión de 180 grados,5936.94,28,1,2026-09-20 02:54:43,2026-09-20 04:11:43
63,PROD-063,Freidora de Aire 4L,Freidora sin aceite para cocinar de manera saludable y rápida,7236.24,20,1,2026-09-19 00:27:14,2026-09-19 00:32:14
64,PROD-064,Freidora XXL Airfryer,Freidora de aire de gran capacidad con tecnología de extracción de grasa,4351.39,59,1,2026-09-20 17:46:30,2026-09-20 19:13:30
65,PROD-065,Freidora de Aire 4L,Freidora sin aceite para cocinar de manera saludable y rápida,3677.86,50,1,2026-09-19 11:26:46,2026-09-19 12:45:46
66,PROD-066,Zapatillas Ultraboost Light,"Tenis de running con retorno de energía superior y ligereza (Talla L, Color Rojo)",1014.96,62,1,2026-09-19 10:51:40,2026-09-19 11:42:40
67,PROD-067,Freidora XXL Airfryer,Freidora de aire de gran capacidad con tecnología de extracción de grasa,1857.98,50,1,2026-09-19 18:34:28,2026-09-19 20:00:28
68,PROD-068,Cafetera Programable 12 Tazas,Cafetera de goteo con temporizador programable y jarra de vidrio,4725.20,33,1,2026-09-20 19:09:23,2026-09-20 20:55:23
69,PROD-069,Cámara Alpha 7 IV,Cámara mirrorless profesional de fotograma completo para foto y video,7961.49,42,1,2026-09-21 03:42:32,2026-09-21 05:05:32
70,PROD-070,Pantalón de Buzo Tech Fleece,"Pantalón deportivo térmico con diseño estilizado (Talla XL, Color Verde)",809.46,70,1,2026-09-22 06:57:12,2026-09-22 08:52:12
71,PROD-071,Cafetera Programable 12 Tazas,Cafetera de goteo con temporizador programable y jarra de vidrio,1044.45,40,1,2026-09-21 12:02:17,2026-09-21 13:23:17
72,PROD-072,Freidora XXL Airfryer,Freidora de aire de gran capacidad con tecnología de extracción de grasa,6620.02,56,1,2026-09-18 21:33:45,2026-09-18 22:59:45
73,PROD-073,Jeans 511 Slim Fit,"Pantalón de mezclilla ajustado de estilo moderno (Talla M, Color Negro)",449.36,70,1,2026-09-21 04:22:50,2026-09-21 06:10:50
74,PROD-074,Smart Band 8,Pulsera de actividad física con seguimiento del sueño y deporte,31957.86,41,1,2026-09-18 15:40:27,2026-09-18 17:11:27
75,PROD-075,Aspiradora Inalámbrica SpeedPro,Aspiradora escoba sin cable con cabezal de succión de 180 grados,3437.36,17,1,2026-09-21 10:54:10,2026-09-21 12:22:10
76,PROD-076,Smart TV 65 Neo QLED,Televisor inteligente 4K con tecnología de puntos cuánticos y alto contraste,8268.86,49,1,2026-09-20 14:47:26,2026-09-20 15:46:26
77,PROD-077,Smart TV OLED C3 65,Televisor inteligente ideal para videojuegos y películas con pánel OLED,33070.19,12,1,2026-09-20 05:50:04,2026-09-20 06:07:04
78,PROD-078,Polerón Adicolor Classics,"Sudadera clásica con el logotipo de las tres tiras (Talla L, Color Azul)",1667.20,74,1,2026-09-20 01:30:22,2026-09-20 03:16:22
79,PROD-079,Freidora XXL Airfryer,Freidora de aire de gran capacidad con tecnología de extracción de grasa,6051.78,38,1,2026-09-20 04:54:13,2026-09-20 05:27:13
80,PROD-080,Parlante Portátil SRS-XG300,Bocina inalámbrica portátil resistente al agua con graves potentes,17703.19,20,1,2026-09-19 03:20:55,2026-09-19 04:16:55
81,PROD-081,Audífonos Bluetooth WH-1000XM5,Audífonos inalámbricos con la mejor cancelación de ruido del mercado,10145.89,25,1,2026-09-20 18:01:22,2026-09-20 18:11:22
82,PROD-082,MacBook Pro 16 M3 1TB,Computadora portátil profesional para edición de video y desarrollo - Color Verde,5924.59,18,1,2026-09-17 20:42:41,2026-09-17 21:35:41
83,PROD-083,Zapatillas Running Pegasus 40,"Calzado de correr con amortiguación reactiva para entrenamiento (Talla XL, Color Azul)",483.87,63,1,2026-09-19 20:04:45,2026-09-19 21:59:45
84,PROD-084,Cafetera Programable 12 Tazas,Cafetera de goteo con temporizador programable y jarra de vidrio,3290.90,8,1,2026-09-19 14:35:09,2026-09-19 15:13:09
85,PROD-085,Zapatillas Running Pegasus 40,"Calzado de correr con amortiguación reactiva para entrenamiento (Talla M, Color Azul)",821.76,65,1,2026-09-20 10:05:03,2026-09-20 10:08:03
86,PROD-086,Pantalón de Buzo Tech Fleece,"Pantalón deportivo térmico con diseño estilizado (Talla M, Color Azul)",2327.01,89,1,2026-09-20 17:08:41,2026-09-20 17:11:41
87,PROD-087,Polerón Adicolor Classics,"Sudadera clásica con el logotipo de las tres tiras (Talla S, Color Negro)",1731.91,27,1,2026-09-20 06:35:49,2026-09-20 06:58:49
88,PROD-088,Smart TV Bravia XR OLED 55,Televisor OLED con negros absolutos y procesador de imagen cognitivo,12121.02,34,1,2026-09-19 10:57:28,2026-09-19 11:40:28
89,PROD-089,Pantalón de Buzo Tech Fleece,"Pantalón deportivo térmico con diseño estilizado (Talla L, Color Negro)",1361.16,79,1,2026-09-17 18:56:34,2026-09-17 19:40:34
90,PROD-090,Smartphone Galaxy S26 Ultra 128GB,Smartphone de alta gama con cámara de 200MP y pantalla Dynamic AMOLED - Color Blanco,7577.30,6,1,2026-09-21 05:50:45,2026-09-21 06:09:45
91,PROD-091,Audífonos AirPods Max,Audífonos de diadema inalámbricos con sonido de alta fidelidad,24265.79,41,1,2026-09-18 19:06:03,2026-09-18 20:05:03
92,PROD-092,Aspiradora Inalámbrica SpeedPro,Aspiradora escoba sin cable con cabezal de succión de 180 grados,1675.20,46,1,2026-09-22 00:16:55,2026-09-22 01:47:55
93,PROD-093,MacBook Air 15 M2 128GB,Laptop ultra delgada y liviana con gran autonomía - Color Rojo,1411.58,24,1,2026-09-20 23:12:50,2026-09-21 00:38:50
94,PROD-094,Zapatillas Air Max 270,"Calzado deportivo con cápsula de aire visible para máxima comodidad (Talla S, Color Rojo)",1834.82,90,1,2026-09-18 22:43:30,2026-09-18 22:56:30
95,PROD-095,Freidora XXL Airfryer,Freidora de aire de gran capacidad con tecnología de extracción de grasa,6451.33,44,1,2026-09-22 05:20:13,2026-09-22 05:25:13
96,PROD-096,Zapatillas Samba OG,"Tenis de estilo retro icónicos en cuero de primera calidad (Talla L, Color Negro)",1437.82,53,1,2026-09-17 13:12:00,2026-09-17 15:00:00
97,PROD-097,Zapatillas Air Force 1 '07,"Tenis clásicos de cuero blanco para uso urbano y casual (Talla XL, Color Gris)",1716.51,68,1,2026-09-21 18:22:00,2026-09-21 18:41:00
98,PROD-098,Chaqueta Camionera de Mezclilla,"Chaqueta clásica de mezclilla resistente para uso diario (Talla XL, Color Azul)",1286.49,85,1,2026-09-19 02:26:43,2026-09-19 03:07:43
99,PROD-099,Smartphone Galaxy Z Flip 6 1TB,Teléfono plegable compacto con pantalla exterior funcional - Color Blanco,27141.91,41,1,2026-09-21 04:14:36,2026-09-21 05:39:36
100,PROD-100,Zapatillas Air Force 1 '07,"Tenis clásicos de cuero blanco para uso urbano y casual (Talla XL, Color Gris)",740.96,37,1,2026-09-19 15:01:57,2026-09-19 16:43:57
101,PROD-101,Polera Sportswear Club Fleece,"Sudadera de felpa con capucha y ajuste estándar (Talla L, Color Rojo)",371.82,34,1,2026-09-17 23:49:32,2026-09-18 00:19:32
102,PROD-102,Aspiradora Inalámbrica SpeedPro,Aspiradora escoba sin cable con cabezal de succión de 180 grados,4619.34,23,1,2026-09-21 15:56:05,2026-09-21 16:56:05
103,PROD-103,Aspiradora Inalámbrica SpeedPro,Aspiradora escoba sin cable con cabezal de succión de 180 grados,6426.29,13,1,2026-09-19 06:12:31,2026-09-19 06:40:31
104,PROD-104,Zapatillas Ultraboost Light,"Tenis de running con retorno de energía superior y ligereza (Talla L, Color Verde)",1600.34,70,1,2026-09-20 19:57:46,2026-09-20 21:04:46
105,PROD-105,Zapatillas Running Pegasus 40,"Calzado de correr con amortiguación reactiva para entrenamiento (Talla L, Color Gris)",1861.14,44,1,2026-09-19 08:00:45,2026-09-19 08:32:45
106,PROD-106,Smartphone Galaxy Z Fold 6 512GB,Teléfono plegable con pantalla gigante para productividad y multitarea - Color Negro,26872.28,49,1,2026-09-18 14:19:18,2026-09-18 14:43:18
107,PROD-107,Patinete Eléctrico Pro 4,Scooter eléctrico con gran autonomía para movilidad urbana,26222.77,38,1,2026-09-21 02:16:17,2026-09-21 02:52:17
108,PROD-108,MacBook Air 15 M2 256GB,Laptop ultra delgada y liviana con gran autonomía - Color Gris,6870.17,5,1,2026-09-21 18:28:12,2026-09-21 19:36:12
109,PROD-109,Consola PlayStation 5 Slim,Consola de videojuegos de última generación con almacenamiento SSD ultra rápido,35087.47,40,1,2026-09-19 05:54:10,2026-09-19 07:23:10
110,PROD-110,Smartphone Redmi Note 13 Pro 128GB,Teléfono inteligente con excelente relación calidad-precio y gran cámara - Color Rojo,10594.05,35,1,2026-09-20 03:30:19,2026-09-20 04:13:19
111,PROD-111,Smartphone Galaxy Z Flip 6 1TB,Teléfono plegable compacto con pantalla exterior funcional - Color Negro,29685.11,30,1,2026-09-20 10:58:23,2026-09-20 11:07:23
112,PROD-112,Licuadora Reversible 2 Velocidades,Licuadora con motor reversible y vaso de vidrio resistente a choques térmicos,1533.90,44,1,2026-09-19 07:36:24,2026-09-19 07:46:24
113,PROD-113,Audífonos Galaxy Buds3 Pro,Audífonos inalámbricos con cancelación activa de ruido inteligente,27637.74,43,1,2026-09-21 02:10:29,2026-09-21 03:51:29
114,PROD-114,Cafetera Programable 12 Tazas,Cafetera de goteo con temporizador programable y jarra de vidrio,3290.87,36,1,2026-09-19 06:39:45,2026-09-19 08:29:45
115,PROD-115,Aspiradora Inalámbrica SpeedPro,Aspiradora escoba sin cable con cabezal de succión de 180 grados,4721.58,11,1,2026-09-21 04:08:29,2026-09-21 05:42:29
116,PROD-116,MacBook Pro 16 M3 512GB,Computadora portátil profesional para edición de video y desarrollo - Color Verde,3382.16,20,1,2026-09-18 12:40:15,2026-09-18 13:50:15
117,PROD-117,iPhone 16 Pro Max 1TB,Smartphone insignia de Apple con acabado en titanio y cámara profesional - Color Azul,24972.68,35,1,2026-09-19 05:46:30,2026-09-19 05:50:30
118,PROD-118,Barra de Sonido HT-A7000,Sistema de audio para cine en casa con soporte Dolby Atmos,10536.50,34,1,2026-09-17 21:43:25,2026-09-17 23:10:25
119,PROD-119,Barra de Sonido HT-A7000,Sistema de audio para cine en casa con soporte Dolby Atmos,21437.53,17,1,2026-09-20 01:16:22,2026-09-20 01:30:22
120,PROD-120,Cafetera Programable 12 Tazas,Cafetera de goteo con temporizador programable y jarra de vidrio,1532.32,25,1,2026-09-18 08:04:19,2026-09-18 08:13:19
121,PROD-121,MacBook Air 15 M2 512GB,Laptop ultra delgada y liviana con gran autonomía - Color Azul,4914.55,49,1,2026-09-19 07:38:38,2026-09-19 09:07:38
122,PROD-122,Zapatillas Running Pegasus 40,"Calzado de correr con amortiguación reactiva para entrenamiento (Talla XL, Color Azul)",522.95,15,1,2026-09-20 02:16:34,2026-09-20 03:50:34
123,PROD-123,Zapatillas Samba OG,"Tenis de estilo retro icónicos en cuero de primera calidad (Talla S, Color Negro)",842.19,96,1,2026-09-20 23:07:36,2026-09-21 00:22:36
124,PROD-124,Parlante Portátil SRS-XG300,Bocina inalámbrica portátil resistente al agua con graves potentes,1928.22,16,1,2026-09-20 07:52:44,2026-09-20 08:58:44
125,PROD-125,Aspiradora Inalámbrica SpeedPro,Aspiradora escoba sin cable con cabezal de succión de 180 grados,1779.32,45,1,2026-09-20 02:50:16,2026-09-20 04:11:16
126,PROD-126,Camiseta Graphic Setin Neck,"Playera casual de algodón con estampado frontal (Talla L, Color Azul)",1066.61,95,1,2026-09-18 02:35:27,2026-09-18 04:24:27
127,PROD-127,Smart TV Bravia XR OLED 55,Televisor OLED con negros absolutos y procesador de imagen cognitivo,25125.42,23,1,2026-09-21 11:51:11,2026-09-21 13:51:11
128,PROD-128,Zapatillas Ultraboost Light,"Tenis de running con retorno de energía superior y ligereza (Talla XL, Color Negro)",1026.21,51,1,2026-09-18 04:14:23,2026-09-18 05:52:23
129,PROD-129,Zapatillas Ultraboost Light,"Tenis de running con retorno de energía superior y ligereza (Talla XL, Color Azul)",466.54,76,1,2026-09-19 16:02:43,2026-09-19 17:21:43
130,PROD-130,Zapatillas Samba OG,"Tenis de estilo retro icónicos en cuero de primera calidad (Talla S, Color Blanco)",924.17,26,1,2026-09-19 05:18:17,2026-09-19 06:14:17
131,PROD-131,Freidora XXL Airfryer,Freidora de aire de gran capacidad con tecnología de extracción de grasa,619.41,48,1,2026-09-21 04:01:51,2026-09-21 05:43:51
132,PROD-132,MacBook Air 15 M2 128GB,Laptop ultra delgada y liviana con gran autonomía - Color Rojo,14983.67,19,1,2026-09-18 03:52:53,2026-09-18 04:51:53
133,PROD-133,Audífonos AirPods Max,Audífonos de diadema inalámbricos con sonido de alta fidelidad,33609.18,23,1,2026-09-20 13:28:02,2026-09-20 14:58:02
134,PROD-134,Pantalón de Buzo Tech Fleece,"Pantalón deportivo térmico con diseño estilizado (Talla XL, Color Blanco)",1332.09,28,1,2026-09-19 19:13:16,2026-09-19 19:37:16
135,PROD-135,Licuadora Reversible 2 Velocidades,Licuadora con motor reversible y vaso de vidrio resistente a choques térmicos,2499.48,58,1,2026-09-19 23:47:16,2026-09-20 00:30:16
136,PROD-136,Freidora XXL Airfryer,Freidora de aire de gran capacidad con tecnología de extracción de grasa,2549.58,27,1,2026-09-21 00:50:11,2026-09-21 02:04:11
137,PROD-137,Freidora XXL Airfryer,Freidora de aire de gran capacidad con tecnología de extracción de grasa,3793.76,38,1,2026-09-19 13:37:11,2026-09-19 14:19:11
138,PROD-138,Aspiradora Inalámbrica SpeedPro,Aspiradora escoba sin cable con cabezal de succión de 180 grados,7489.68,20,1,2026-09-21 16:56:17,2026-09-21 17:26:17
139,PROD-139,Freidora XXL Airfryer,Freidora de aire de gran capacidad con tecnología de extracción de grasa,6905.70,34,1,2026-09-17 17:42:50,2026-09-17 18:22:50
140,PROD-140,Aspiradora Inalámbrica SpeedPro,Aspiradora escoba sin cable con cabezal de succión de 180 grados,3334.20,50,1,2026-09-22 06:45:29,2026-09-22 08:30:29
141,PROD-141,Freidora de Aire 4L,Freidora sin aceite para cocinar de manera saludable y rápida,7732.67,16,1,2026-09-20 12:30:32,2026-09-20 13:45:32
142,PROD-142,Camiseta Graphic Setin Neck,"Playera casual de algodón con estampado frontal (Talla S, Color Rojo)",2307.45,11,1,2026-09-21 20:34:15,2026-09-21 20:52:15
143,PROD-143,Zapatillas Ultraboost Light,"Tenis de running con retorno de energía superior y ligereza (Talla S, Color Azul)",2030.28,43,1,2026-09-19 12:39:50,2026-09-19 13:58:50
144,PROD-144,Freidora XXL Airfryer,Freidora de aire de gran capacidad con tecnología de extracción de grasa,6873.42,51,1,2026-09-20 17:04:18,2026-09-20 17:52:18
145,PROD-145,Polerón Adicolor Classics,"Sudadera clásica con el logotipo de las tres tiras (Talla XL, Color Rojo)",427.18,18,1,2026-09-18 21:32:54,2026-09-18 22:52:54
146,PROD-146,Freidora XXL Airfryer,Freidora de aire de gran capacidad con tecnología de extracción de grasa,6075.42,35,1,2026-09-18 01:41:39,2026-09-18 03:18:39
147,PROD-147,Freidora de Aire 4L,Freidora sin aceite para cocinar de manera saludable y rápida,1664.37,27,1,2026-09-17 15:34:23,2026-09-17 15:39:23
148,PROD-148,Chaqueta Camionera de Mezclilla,"Chaqueta clásica de mezclilla resistente para uso diario (Talla L, Color Gris)",1275.98,41,1,2026-09-20 16:42:51,2026-09-20 17:34:51
149,PROD-149,Licuadora Reversible 2 Velocidades,Licuadora con motor reversible y vaso de vidrio resistente a choques térmicos,1730.53,47,1,2026-09-19 19:04:10,2026-09-19 20:23:10
150,PROD-150,Freidora de Aire 4L,Freidora sin aceite para cocinar de manera saludable y rápida,7337.50,17,1,2026-09-18 21:10:20,2026-09-18 22:09:20
151,PROD-151,Aspiradora Inalámbrica SpeedPro,Aspiradora escoba sin cable con cabezal de succión de 180 grados,2340.48,8,1,2026-09-22 08:32:26,2026-09-22 09:31:26
152,PROD-152,Polerón Adicolor Classics,"Sudadera clásica con el logotipo de las tres tiras (Talla M, Color Negro)",1299.72,54,1,2026-09-21 00:55:43,2026-09-21 01:33:43
153,PROD-153,Aspiradora Inalámbrica SpeedPro,Aspiradora escoba sin cable con cabezal de succión de 180 grados,3871.95,27,1,2026-09-18 16:22:14,2026-09-18 17:11:14
154,PROD-154,Jeans 511 Slim Fit,"Pantalón de mezclilla ajustado de estilo moderno (Talla XL, Color Rojo)",1121.76,47,1,2026-09-21 17:11:50,2026-09-21 17:48:50
155,PROD-155,Patinete Eléctrico Pro 4,Scooter eléctrico con gran autonomía para movilidad urbana,787.48,48,1,2026-09-22 04:42:26,2026-09-22 06:17:26
156,PROD-156,Refrigeradora InstaView,Refrigerador inteligente con panel de cristal panorámico,18133.82,23,1,2026-09-22 04:19:58,2026-09-22 06:01:58
157,PROD-157,Monitor UltraGear 27,Monitor de alta frecuencia de actualización para juegos competitivos,8274.66,17,1,2026-09-21 05:46:52,2026-09-21 06:18:52
158,PROD-158,Cafetera Programable 12 Tazas,Cafetera de goteo con temporizador programable y jarra de vidrio,1138.45,48,1,2026-09-21 09:29:15,2026-09-21 09:34:15
159,PROD-159,Zapatillas Air Force 1 '07,"Tenis clásicos de cuero blanco para uso urbano y casual (Talla L, Color Verde)",632.54,47,1,2026-09-19 10:56:21,2026-09-19 12:31:21
160,PROD-160,Jeans 511 Slim Fit,"Pantalón de mezclilla ajustado de estilo moderno (Talla M, Color Rojo)",2234.39,56,1,2026-09-20 16:40:06,2026-09-20 17:44:06
161,PROD-161,Chaqueta Camionera de Mezclilla,"Chaqueta clásica de mezclilla resistente para uso diario (Talla XL, Color Gris)",1955.10,53,1,2026-09-22 08:28:56,2026-09-22 08:42:56
162,PROD-162,Jeans 511 Slim Fit,"Pantalón de mezclilla ajustado de estilo moderno (Talla M, Color Verde)",1907.07,60,1,2026-09-22 08:32:02,2026-09-22 09:43:02
163,PROD-163,Camiseta Graphic Setin Neck,"Playera casual de algodón con estampado frontal (Talla S, Color Gris)",1503.63,68,1,2026-09-19 17:02:12,2026-09-19 18:28:12
164,PROD-164,Aspiradora Inalámbrica SpeedPro,Aspiradora escoba sin cable con cabezal de succión de 180 grados,6650.37,31,1,2026-09-18 03:08:11,2026-09-18 04:34:11
165,PROD-165,Smartphone Redmi Note 13 Pro 512GB,Teléfono inteligente con excelente relación calidad-precio y gran cámara - Color Rojo,8358.54,9,1,2026-09-21 07:53:41,2026-09-21 09:38:41
166,PROD-166,Zapatillas Samba OG,"Tenis de estilo retro icónicos en cuero de primera calidad (Talla XL, Color Negro)",650.52,14,1,2026-09-19 07:41:01,2026-09-19 08:44:01
167,PROD-167,Smartphone Galaxy Z Fold 6 256GB,Teléfono plegable con pantalla gigante para productividad y multitarea - Color Azul,16604.35,47,1,2026-09-21 23:35:06,2026-09-22 01:04:06
168,PROD-168,Freidora XXL Airfryer,Freidora de aire de gran capacidad con tecnología de extracción de grasa,7129.14,49,1,2026-09-18 01:46:42,2026-09-18 03:32:42
169,PROD-169,Zapatillas Samba OG,"Tenis de estilo retro icónicos en cuero de primera calidad (Talla L, Color Negro)",1834.10,37,1,2026-09-20 03:55:47,2026-09-20 04:51:47
170,PROD-170,Consola PlayStation 5 Slim,Consola de videojuegos de última generación con almacenamiento SSD ultra rápido,35322.93,28,1,2026-09-20 18:39:03,2026-09-20 20:34:03
171,PROD-171,Freidora XXL Airfryer,Freidora de aire de gran capacidad con tecnología de extracción de grasa,3425.86,20,1,2026-09-18 05:08:53,2026-09-18 06:56:53
172,PROD-172,Jeans 511 Slim Fit,"Pantalón de mezclilla ajustado de estilo moderno (Talla S, Color Negro)",2041.61,41,1,2026-09-18 05:41:47,2026-09-18 07:21:47
173,PROD-173,Licuadora Reversible 2 Velocidades,Licuadora con motor reversible y vaso de vidrio resistente a choques térmicos,6706.62,43,1,2026-09-18 17:31:37,2026-09-18 18:46:37
174,PROD-174,iPad Pro 12.9,Tableta profesional con pantalla Liquid Retina XDR y chip M2,27990.08,43,1,2026-09-17 11:46:13,2026-09-17 12:21:13
175,PROD-175,Audífonos AirPods Pro 2,Audífonos intrauditivos con cancelación de ruido de nivel superior,9398.22,16,1,2026-09-18 03:22:00,2026-09-18 04:46:00
176,PROD-176,iPhone 16 Pro Max 512GB,Smartphone insignia de Apple con acabado en titanio y cámara profesional - Color Blanco,21404.28,6,1,2026-09-18 12:44:02,2026-09-18 13:17:02
177,PROD-177,Apple Watch Series 10,Reloj inteligente con sensores avanzados de salud y actividad física,19176.04,9,1,2026-09-20 08:42:57,2026-09-20 09:39:57
178,PROD-178,Polerón Adicolor Classics,"Sudadera clásica con el logotipo de las tres tiras (Talla S, Color Azul)",1433.25,88,1,2026-09-17 17:40:22,2026-09-17 19:13:22
179,PROD-179,Aspiradora Inalámbrica SpeedPro,Aspiradora escoba sin cable con cabezal de succión de 180 grados,5289.39,9,1,2026-09-17 20:12:57,2026-09-17 21:13:57
180,PROD-180,Zapatillas Air Force 1 '07,"Tenis clásicos de cuero blanco para uso urbano y casual (Talla XL, Color Verde)",2305.86,19,1,2026-09-17 23:07:24,2026-09-17 23:48:24
181,PROD-181,Licuadora Reversible 2 Velocidades,Licuadora con motor reversible y vaso de vidrio resistente a choques térmicos,1359.06,47,1,2026-09-21 07:33:21,2026-09-21 08:47:21
182,PROD-182,Aspiradora Inalámbrica SpeedPro,Aspiradora escoba sin cable con cabezal de succión de 180 grados,7959.17,41,1,2026-09-19 06:18:18,2026-09-19 07:16:18
183,PROD-183,Freidora XXL Airfryer,Freidora de aire de gran capacidad con tecnología de extracción de grasa,6427.53,15,1,2026-09-21 10:42:25,2026-09-21 12:05:25
184,PROD-184,Freidora de Aire 4L,Freidora sin aceite para cocinar de manera saludable y rápida,3831.82,22,1,2026-09-19 23:37:24,2026-09-20 00:20:24
185,PROD-185,Pantalón de Buzo Tech Fleece,"Pantalón deportivo térmico con diseño estilizado (Talla S, Color Gris)",1267.54,95,1,2026-09-19 00:28:42,2026-09-19 01:15:42
186,PROD-186,Smartphone Redmi Note 13 Pro 128GB,Teléfono inteligente con excelente relación calidad-precio y gran cámara - Color Negro,3809.67,11,1,2026-09-21 23:47:46,2026-09-22 01:21:46
187,PROD-187,Jeans 501 Original Fit,"Pantalón de mezclilla clásico de corte recto y ajuste cómodo (Talla L, Color Verde)",612.80,55,1,2026-09-21 12:15:17,2026-09-21 14:15:17
188,PROD-188,Zapatillas Ultraboost Light,"Tenis de running con retorno de energía superior y ligereza (Talla L, Color Rojo)",1021.77,23,1,2026-09-20 23:31:22,2026-09-21 00:35:22
189,PROD-189,Audífonos AirPods Max,Audífonos de diadema inalámbricos con sonido de alta fidelidad,8460.69,11,1,2026-09-19 14:20:47,2026-09-19 16:08:47
190,PROD-190,Freidora XXL Airfryer,Freidora de aire de gran capacidad con tecnología de extracción de grasa,6195.80,44,1,2026-09-18 20:17:39,2026-09-18 22:00:39
191,PROD-191,Polerón Adicolor Classics,"Sudadera clásica con el logotipo de las tres tiras (Talla S, Color Rojo)",2347.53,98,1,2026-09-19 02:18:26,2026-09-19 02:21:26
192,PROD-192,Barra de Sonido HT-A7000,Sistema de audio para cine en casa con soporte Dolby Atmos,27565.54,26,1,2026-09-19 14:28:44,2026-09-19 14:28:44
193,PROD-193,Apple Watch Series 10,Reloj inteligente con sensores avanzados de salud y actividad física,2970.28,45,1,2026-09-17 15:49:20,2026-09-17 16:00:20
194,PROD-194,Freidora de Aire 4L,Freidora sin aceite para cocinar de manera saludable y rápida,3590.73,29,1,2026-09-18 10:16:54,2026-09-18 11:03:54
195,PROD-195,Zapatillas Samba OG,"Tenis de estilo retro icónicos en cuero de primera calidad (Talla S, Color Negro)",684.50,89,1,2026-09-17 18:36:16,2026-09-17 20:02:16
196,PROD-196,Smart TV Bravia XR OLED 55,Televisor OLED con negros absolutos y procesador de imagen cognitivo,23998.82,36,1,2026-09-21 03:46:09,2026-09-21 04:42:09
197,PROD-197,Zapatillas Air Max 270,"Calzado deportivo con cápsula de aire visible para máxima comodidad (Talla S, Color Gris)",1274.31,46,1,2026-09-21 14:07:48,2026-09-21 15:33:48
198,PROD-198,Aspiradora Inalámbrica SpeedPro,Aspiradora escoba sin cable con cabezal de succión de 180 grados,745.17,33,1,2026-09-21 02:38:25,2026-09-21 02:45:25
199,PROD-199,MacBook Air 15 M2 256GB,Laptop ultra delgada y liviana con gran autonomía - Color Blanco,27627.71,23,1,2026-09-19 11:08:37,2026-09-19 11:23:37
200,PROD-200,Smart Band 8,Pulsera de actividad física con seguimiento del sueño y deporte,6737.17,29,1,2026-09-20 16:55:13,2026-09-20 18:25:13
201,PROD-201,Refrigeradora InstaView,Refrigerador inteligente con panel de cristal panorámico,30084.07,27,1,2026-09-17 21:51:15,2026-09-17 22:41:15
202,PROD-202,Freidora de Aire 4L,Freidora sin aceite para cocinar de manera saludable y rápida,542.44,12,1,2026-09-19 08:57:00,2026-09-19 10:10:00
203,PROD-203,Zapatillas Samba OG,"Tenis de estilo retro icónicos en cuero de primera calidad (Talla XL, Color Gris)",597.62,12,1,2026-09-19 10:39:19,2026-09-19 11:00:19
204,PROD-204,Aspiradora Inalámbrica SpeedPro,Aspiradora escoba sin cable con cabezal de succión de 180 grados,1069.79,14,1,2026-09-18 22:47:34,2026-09-18 23:42:34
205,PROD-205,Freidora XXL Airfryer,Freidora de aire de gran capacidad con tecnología de extracción de grasa,3407.83,27,1,2026-09-21 23:58:23,2026-09-22 00:41:23
206,PROD-206,Audífonos Bluetooth WH-1000XM5,Audífonos inalámbricos con la mejor cancelación de ruido del mercado,3211.47,45,1,2026-09-18 03:57:49,2026-09-18 05:04:49
207,PROD-207,Freidora de Aire 4L,Freidora sin aceite para cocinar de manera saludable y rápida,3068.36,60,1,2026-09-21 09:21:25,2026-09-21 11:05:25
208,PROD-208,iPhone 16 Pro 256GB,Teléfono inteligente premium con chip de alto rendimiento y triple cámara - Color Gris,7503.15,43,1,2026-09-18 09:37:14,2026-09-18 11:14:14
209,PROD-209,Licuadora Reversible 2 Velocidades,Licuadora con motor reversible y vaso de vidrio resistente a choques térmicos,7629.82,48,1,2026-09-20 11:19:06,2026-09-20 12:18:06
210,PROD-210,Aspiradora Inalámbrica SpeedPro,Aspiradora escoba sin cable con cabezal de succión de 180 grados,6968.28,48,1,2026-09-19 09:23:54,2026-09-19 09:42:54
211,PROD-211,Camiseta Graphic Setin Neck,"Playera casual de algodón con estampado frontal (Talla XL, Color Verde)",1001.06,45,1,2026-09-21 01:29:21,2026-09-21 01:36:21
212,PROD-212,Zapatillas Ultraboost Light,"Tenis de running con retorno de energía superior y ligereza (Talla L, Color Azul)",1321.61,17,1,2026-09-19 17:03:31,2026-09-19 18:49:31
213,PROD-213,Jeans 501 Original Fit,"Pantalón de mezclilla clásico de corte recto y ajuste cómodo (Talla XL, Color Azul)",1597.71,15,1,2026-09-20 04:51:16,2026-09-20 06:47:16
214,PROD-214,Freidora de Aire 4L,Freidora sin aceite para cocinar de manera saludable y rápida,4998.04,40,1,2026-09-18 09:19:41,2026-09-18 09:26:41
215,PROD-215,Chaqueta Camionera de Mezclilla,"Chaqueta clásica de mezclilla resistente para uso diario (Talla S, Color Rojo)",1739.17,15,1,2026-09-18 23:26:16,2026-09-19 00:56:16
216,PROD-216,Zapatillas Running Pegasus 40,"Calzado de correr con amortiguación reactiva para entrenamiento (Talla M, Color Gris)",1151.63,46,1,2026-09-19 19:46:44,2026-09-19 20:38:44
217,PROD-217,Polerón Adicolor Classics,"Sudadera clásica con el logotipo de las tres tiras (Talla S, Color Verde)",1741.71,18,1,2026-09-19 11:22:19,2026-09-19 11:34:19
218,PROD-218,Aspiradora Inalámbrica SpeedPro,Aspiradora escoba sin cable con cabezal de succión de 180 grados,2315.17,50,1,2026-09-21 03:07:55,2026-09-21 04:58:55
219,PROD-219,Consola PlayStation 5 Slim,Consola de videojuegos de última generación con almacenamiento SSD ultra rápido,21187.25,14,1,2026-09-19 14:18:13,2026-09-19 14:57:13
220,PROD-220,Freidora XXL Airfryer,Freidora de aire de gran capacidad con tecnología de extracción de grasa,4922.31,13,1,2026-09-19 08:26:37,2026-09-19 09:37:37
221,PROD-221,Zapatillas Samba OG,"Tenis de estilo retro icónicos en cuero de primera calidad (Talla M, Color Verde)",1861.09,97,1,2026-09-20 16:01:08,2026-09-20 16:12:08
222,PROD-222,Aspiradora Inalámbrica SpeedPro,Aspiradora escoba sin cable con cabezal de succión de 180 grados,538.55,27,1,2026-09-18 13:36:36,2026-09-18 14:03:36
223,PROD-223,Zapatillas Air Max 270,"Calzado deportivo con cápsula de aire visible para máxima comodidad (Talla M, Color Blanco)",683.13,47,1,2026-09-22 06:08:08,2026-09-22 06:20:08
224,PROD-224,Cafetera Programable 12 Tazas,Cafetera de goteo con temporizador programable y jarra de vidrio,2959.41,57,1,2026-09-21 05:21:53,2026-09-21 05:37:53
225,PROD-225,Freidora XXL Airfryer,Freidora de aire de gran capacidad con tecnología de extracción de grasa,1633.08,52,1,2026-09-22 03:39:24,2026-09-22 04:58:24
226,PROD-226,Smartphone Redmi Note 13 Pro 1TB,Teléfono inteligente con excelente relación calidad-precio y gran cámara - Color Gris,24510.88,20,1,2026-09-20 04:02:55,2026-09-20 05:20:55
227,PROD-227,Zapatillas Samba OG,"Tenis de estilo retro icónicos en cuero de primera calidad (Talla M, Color Rojo)",864.21,70,1,2026-09-18 15:36:47,2026-09-18 16:23:47
228,PROD-228,Aspiradora Inalámbrica SpeedPro,Aspiradora escoba sin cable con cabezal de succión de 180 grados,6247.73,57,1,2026-09-19 18:58:18,2026-09-19 20:02:18
229,PROD-229,Freidora XXL Airfryer,Freidora de aire de gran capacidad con tecnología de extracción de grasa,6608.37,59,1,2026-09-21 03:25:04,2026-09-21 03:42:04
230,PROD-230,Camiseta Graphic Setin Neck,"Playera casual de algodón con estampado frontal (Talla L, Color Rojo)",2358.73,76,1,2026-09-18 05:30:54,2026-09-18 06:06:54
231,PROD-231,MacBook Air 15 M2 1TB,Laptop ultra delgada y liviana con gran autonomía - Color Rojo,5730.88,32,1,2026-09-18 00:42:51,2026-09-18 02:38:51
232,PROD-232,Patinete Eléctrico Pro 4,Scooter eléctrico con gran autonomía para movilidad urbana,33531.75,31,1,2026-09-17 19:06:48,2026-09-17 19:56:48
233,PROD-233,Freidora XXL Airfryer,Freidora de aire de gran capacidad con tecnología de extracción de grasa,3334.86,13,1,2026-09-19 17:57:29,2026-09-19 18:25:29
234,PROD-234,Consola PlayStation 5 Slim,Consola de videojuegos de última generación con almacenamiento SSD ultra rápido,30290.76,46,1,2026-09-19 12:11:15,2026-09-19 13:52:15
235,PROD-235,iPhone 16 Pro Max 512GB,Smartphone insignia de Apple con acabado en titanio y cámara profesional - Color Azul,25210.56,13,1,2026-09-22 01:52:18,2026-09-22 03:22:18
236,PROD-236,Zapatillas Running Pegasus 40,"Calzado de correr con amortiguación reactiva para entrenamiento (Talla S, Color Negro)",390.86,37,1,2026-09-18 09:07:58,2026-09-18 10:17:58
237,PROD-237,Freidora XXL Airfryer,Freidora de aire de gran capacidad con tecnología de extracción de grasa,6298.91,23,1,2026-09-19 07:12:56,2026-09-19 07:27:56
238,PROD-238,Apple Watch Series 10,Reloj inteligente con sensores avanzados de salud y actividad física,23182.79,44,1,2026-09-20 05:55:46,2026-09-20 06:03:46
239,PROD-239,Robot Aspiradora X10+,Aspiradora robótica con estación de vaciado automático y mapeo láser,19529.91,45,1,2026-09-20 14:24:52,2026-09-20 15:37:52
240,PROD-240,MacBook Air 15 M2 1TB,Laptop ultra delgada y liviana con gran autonomía - Color Negro,22325.74,20,1,2026-09-20 22:27:59,2026-09-20 23:20:59
241,PROD-241,Audífonos Galaxy Buds3 Pro,Audífonos inalámbricos con cancelación activa de ruido inteligente,35100.23,9,1,2026-09-20 15:58:13,2026-09-20 17:07:13
242,PROD-242,Freidora de Aire 4L,Freidora sin aceite para cocinar de manera saludable y rápida,7037.32,10,1,2026-09-21 07:56:01,2026-09-21 08:45:01
243,PROD-243,Zapatillas Air Force 1 '07,"Tenis clásicos de cuero blanco para uso urbano y casual (Talla L, Color Negro)",1091.33,94,1,2026-09-21 06:51:14,2026-09-21 07:04:14
244,PROD-244,Freidora XXL Airfryer,Freidora de aire de gran capacidad con tecnología de extracción de grasa,736.95,42,1,2026-09-19 12:39:43,2026-09-19 14:23:43
245,PROD-245,Cafetera Programable 12 Tazas,Cafetera de goteo con temporizador programable y jarra de vidrio,3931.13,52,1,2026-09-20 09:02:55,2026-09-20 10:22:55
246,PROD-246,iPhone 16 Pro 1TB,Teléfono inteligente premium con chip de alto rendimiento y triple cámara - Color Negro,10917.21,7,1,2026-09-22 06:34:16,2026-09-22 06:59:16
247,PROD-247,Cámara Alpha 7 IV,Cámara mirrorless profesional de fotograma completo para foto y video,18796.12,39,1,2026-09-20 08:18:04,2026-09-20 08:50:04
248,PROD-248,MacBook Air 15 M2 512GB,Laptop ultra delgada y liviana con gran autonomía - Color Negro,31235.84,26,1,2026-09-19 03:08:51,2026-09-19 03:23:51
249,PROD-249,Pantalón de Buzo Tech Fleece,"Pantalón deportivo térmico con diseño estilizado (Talla XL, Color Azul)",1078.93,33,1,2026-09-20 11:37:20,2026-09-20 13:05:20
250,PROD-250,Zapatillas Running Pegasus 40,"Calzado de correr con amortiguación reactiva para entrenamiento (Talla L, Color Negro)",1913.22,20,1,2026-09-20 02:04:09,2026-09-20 03:21:09
251,PROD-251,Monitor UltraGear 27,Monitor de alta frecuencia de actualización para juegos competitivos,11903.01,10,1,2026-09-19 11:06:51,2026-09-19 12:30:51
252,PROD-252,Pantalón de Buzo Tech Fleece,"Pantalón deportivo térmico con diseño estilizado (Talla XL, Color Blanco)",1832.99,54,1,2026-09-20 04:28:31,2026-09-20 04:33:31
253,PROD-253,Aspiradora Inalámbrica SpeedPro,Aspiradora escoba sin cable con cabezal de succión de 180 grados,2486.62,58,1,2026-09-17 19:42:39,2026-09-17 19:51:39
254,PROD-254,Aspiradora Inalámbrica SpeedPro,Aspiradora escoba sin cable con cabezal de succión de 180 grados,4299.45,55,1,2026-09-21 14:18:13,2026-09-21 14:38:13
255,PROD-255,Audífonos AirPods Max,Audífonos de diadema inalámbricos con sonido de alta fidelidad,1735.36,9,1,2026-09-18 21:43:36,2026-09-18 23:22:36
256,PROD-256,Aspiradora Inalámbrica SpeedPro,Aspiradora escoba sin cable con cabezal de succión de 180 grados,3309.69,44,1,2026-09-17 16:04:26,2026-09-17 17:21:26
257,PROD-257,Patinete Eléctrico Pro 4,Scooter eléctrico con gran autonomía para movilidad urbana,13706.47,9,1,2026-09-20 22:56:27,2026-09-20 23:13:27
258,PROD-258,Aspiradora Inalámbrica SpeedPro,Aspiradora escoba sin cable con cabezal de succión de 180 grados,2789.33,25,1,2026-09-18 23:42:35,2026-09-18 23:56:35
259,PROD-259,Audífonos AirPods Max,Audífonos de diadema inalámbricos con sonido de alta fidelidad,18879.96,40,1,2026-09-18 04:30:27,2026-09-18 05:03:27
260,PROD-260,Zapatillas Samba OG,"Tenis de estilo retro icónicos en cuero de primera calidad (Talla M, Color Rojo)",963.99,72,1,2026-09-18 16:30:38,2026-09-18 16:45:38
261,PROD-261,Monitor Odyssey G9,Monitor curvo ultrawide diseñado para gaming profesional,6629.30,50,1,2026-09-20 04:10:53,2026-09-20 04:21:53
262,PROD-262,Aspiradora Inalámbrica SpeedPro,Aspiradora escoba sin cable con cabezal de succión de 180 grados,5792.51,43,1,2026-09-20 18:19:00,2026-09-20 18:56:00
263,PROD-263,Jeans 511 Slim Fit,"Pantalón de mezclilla ajustado de estilo moderno (Talla L, Color Rojo)",832.12,35,1,2026-09-22 06:42:37,2026-09-22 06:59:37
264,PROD-264,Smartphone Redmi Note 13 Pro 512GB,Teléfono inteligente con excelente relación calidad-precio y gran cámara - Color Rojo,20815.85,34,1,2026-09-22 08:23:57,2026-09-22 09:33:57
265,PROD-265,Smart TV OLED C3 65,Televisor inteligente ideal para videojuegos y películas con pánel OLED,2834.06,30,1,2026-09-21 19:46:06,2026-09-21 21:18:06
266,PROD-266,Zapatillas Samba OG,"Tenis de estilo retro icónicos en cuero de primera calidad (Talla XL, Color Rojo)",508.56,50,1,2026-09-21 08:54:17,2026-09-21 09:03:17
267,PROD-267,Zapatillas Running Pegasus 40,"Calzado de correr con amortiguación reactiva para entrenamiento (Talla L, Color Blanco)",2237.61,80,1,2026-09-21 08:32:03,2026-09-21 09:47:03
268,PROD-268,Apple Watch Series 10,Reloj inteligente con sensores avanzados de salud y actividad física,18351.66,8,1,2026-09-18 05:26:23,2026-09-18 06:32:23
269,PROD-269,Audífonos Bluetooth WH-1000XM5,Audífonos inalámbricos con la mejor cancelación de ruido del mercado,6249.83,50,1,2026-09-18 20:11:38,2026-09-18 20:55:38
270,PROD-270,Freidora XXL Airfryer,Freidora de aire de gran capacidad con tecnología de extracción de grasa,2304.60,48,1,2026-09-20 19:34:46,2026-09-20 20:09:46
271,PROD-271,Parlante Portátil SRS-XG300,Bocina inalámbrica portátil resistente al agua con graves potentes,19438.47,37,1,2026-09-21 08:42:29,2026-09-21 09:03:29
272,PROD-272,Licuadora Reversible 2 Velocidades,Licuadora con motor reversible y vaso de vidrio resistente a choques térmicos,5406.37,54,1,2026-09-21 03:29:14,2026-09-21 04:12:14
273,PROD-273,Licuadora Reversible 2 Velocidades,Licuadora con motor reversible y vaso de vidrio resistente a choques térmicos,1017.29,49,1,2026-09-22 03:38:44,2026-09-22 04:51:44
274,PROD-274,Zapatillas Ultraboost Light,"Tenis de running con retorno de energía superior y ligereza (Talla XL, Color Rojo)",1723.83,73,1,2026-09-21 06:41:41,2026-09-21 07:50:41
275,PROD-275,Zapatillas Samba OG,"Tenis de estilo retro icónicos en cuero de primera calidad (Talla XL, Color Blanco)",2080.08,97,1,2026-09-19 22:29:56,2026-09-19 23:07:56
276,PROD-276,Jeans 501 Original Fit,"Pantalón de mezclilla clásico de corte recto y ajuste cómodo (Talla M, Color Azul)",1243.59,69,1,2026-09-18 17:04:13,2026-09-18 17:47:13
277,PROD-277,Freidora de Aire 4L,Freidora sin aceite para cocinar de manera saludable y rápida,6947.29,28,1,2026-09-21 22:16:59,2026-09-22 00:06:59
278,PROD-278,Zapatillas Air Max 270,"Calzado deportivo con cápsula de aire visible para máxima comodidad (Talla L, Color Rojo)",1557.55,50,1,2026-09-18 22:33:47,2026-09-18 23:32:47
279,PROD-279,Smart TV Bravia XR OLED 55,Televisor OLED con negros absolutos y procesador de imagen cognitivo,9301.12,11,1,2026-09-17 18:43:38,2026-09-17 19:20:38
280,PROD-280,Zapatillas Samba OG,"Tenis de estilo retro icónicos en cuero de primera calidad (Talla M, Color Blanco)",2098.98,83,1,2026-09-21 20:22:45,2026-09-21 21:02:45
281,PROD-281,Audífonos AirPods Max,Audífonos de diadema inalámbricos con sonido de alta fidelidad,35856.91,34,1,2026-09-20 11:59:40,2026-09-20 13:51:40
282,PROD-282,Zapatillas Air Force 1 '07,"Tenis clásicos de cuero blanco para uso urbano y casual (Talla S, Color Azul)",1436.71,40,1,2026-09-18 18:41:24,2026-09-18 19:55:24
283,PROD-283,Jeans 501 Original Fit,"Pantalón de mezclilla clásico de corte recto y ajuste cómodo (Talla L, Color Azul)",1634.67,93,1,2026-09-21 13:18:01,2026-09-21 14:18:01
284,PROD-284,Zapatillas Ultraboost Light,"Tenis de running con retorno de energía superior y ligereza (Talla S, Color Azul)",637.96,43,1,2026-09-21 21:18:30,2026-09-21 22:04:30
285,PROD-285,Zapatillas Air Force 1 '07,"Tenis clásicos de cuero blanco para uso urbano y casual (Talla XL, Color Negro)",1576.11,34,1,2026-09-19 16:09:13,2026-09-19 17:19:13
286,PROD-286,Camiseta Graphic Setin Neck,"Playera casual de algodón con estampado frontal (Talla XL, Color Rojo)",951.40,89,1,2026-09-21 14:26:51,2026-09-21 15:44:51
287,PROD-287,iPhone 16 Pro 1TB,Teléfono inteligente premium con chip de alto rendimiento y triple cámara - Color Gris,28718.85,26,1,2026-09-20 20:35:51,2026-09-20 22:35:51
288,PROD-288,Jeans 511 Slim Fit,"Pantalón de mezclilla ajustado de estilo moderno (Talla XL, Color Rojo)",436.55,14,1,2026-09-18 07:18:53,2026-09-18 08:49:53
289,PROD-289,Zapatillas Running Pegasus 40,"Calzado de correr con amortiguación reactiva para entrenamiento (Talla XL, Color Blanco)",1653.46,75,1,2026-09-18 07:42:52,2026-09-18 08:23:52
290,PROD-290,Freidora XXL Airfryer,Freidora de aire de gran capacidad con tecnología de extracción de grasa,3386.45,47,1,2026-09-21 23:01:43,2026-09-22 00:48:43
291,PROD-291,Zapatillas Samba OG,"Tenis de estilo retro icónicos en cuero de primera calidad (Talla XL, Color Verde)",1560.29,70,1,2026-09-22 10:09:34,2026-09-22 10:11:34
292,PROD-292,Zapatillas Air Force 1 '07,"Tenis clásicos de cuero blanco para uso urbano y casual (Talla XL, Color Rojo)",1011.51,98,1,2026-09-21 07:00:00,2026-09-21 07:03:00
293,PROD-293,Aspiradora Inalámbrica SpeedPro,Aspiradora escoba sin cable con cabezal de succión de 180 grados,7749.74,58,1,2026-09-22 04:23:39,2026-09-22 05:37:39
294,PROD-294,Cafetera Programable 12 Tazas,Cafetera de goteo con temporizador programable y jarra de vidrio,790.30,38,1,2026-09-18 12:11:24,2026-09-18 13:18:24
295,PROD-295,Freidora XXL Airfryer,Freidora de aire de gran capacidad con tecnología de extracción de grasa,6644.63,23,1,2026-09-17 15:57:19,2026-09-17 17:10:19
296,PROD-296,Licuadora Reversible 2 Velocidades,Licuadora con motor reversible y vaso de vidrio resistente a choques térmicos,543.92,28,1,2026-09-20 00:20:48,2026-09-20 00:39:48
297,PROD-297,Zapatillas Ultraboost Light,"Tenis de running con retorno de energía superior y ligereza (Talla XL, Color Rojo)",2016.19,70,1,2026-09-21 22:31:17,2026-09-22 00:04:17
298,PROD-298,Audífonos AirPods Pro 2,Audífonos intrauditivos con cancelación de ruido de nivel superior,7860.63,25,1,2026-09-21 11:48:04,2026-09-21 12:49:04
299,PROD-299,Aspiradora Inalámbrica SpeedPro,Aspiradora escoba sin cable con cabezal de succión de 180 grados,7670.81,37,1,2026-09-20 16:59:59,2026-09-20 17:42:59
300,PROD-300,Aspiradora Inalámbrica SpeedPro,Aspiradora escoba sin cable con cabezal de succión de 180 grados,5036.58,20,1,2026-09-18 23:15:34,2026-09-18 23:50:34
301,PROD-301,Freidora XXL Airfryer,Freidora de aire de gran capacidad con tecnología de extracción de grasa,7555.29,27,1,2026-09-22 03:40:04,2026-09-22 04:16:04
302,PROD-302,Cafetera Programable 12 Tazas,Cafetera de goteo con temporizador programable y jarra de vidrio,5757.91,28,1,2026-09-20 09:14:02,2026-09-20 09:58:02
303,PROD-303,Aspiradora Inalámbrica SpeedPro,Aspiradora escoba sin cable con cabezal de succión de 180 grados,1326.24,51,1,2026-09-20 18:27:55,2026-09-20 19:15:55
304,PROD-304,Zapatillas Air Max 270,"Calzado deportivo con cápsula de aire visible para máxima comodidad (Talla L, Color Negro)",968.41,20,1,2026-09-19 13:48:01,2026-09-19 15:46:01
305,PROD-305,Zapatillas Samba OG,"Tenis de estilo retro icónicos en cuero de primera calidad (Talla XL, Color Blanco)",784.45,78,1,2026-09-19 02:50:38,2026-09-19 04:49:38
306,PROD-306,Freidora XXL Airfryer,Freidora de aire de gran capacidad con tecnología de extracción de grasa,1230.12,55,1,2026-09-21 00:49:15,2026-09-21 01:19:15
307,PROD-307,Audífonos Galaxy Buds3 Pro,Audífonos inalámbricos con cancelación activa de ruido inteligente,8511.34,19,1,2026-09-17 19:00:07,2026-09-17 19:12:07
308,PROD-308,Pantalón de Buzo Tech Fleece,"Pantalón deportivo térmico con diseño estilizado (Talla S, Color Verde)",2007.15,10,1,2026-09-20 19:30:30,2026-09-20 21:28:30
309,PROD-309,Smart Band 8,Pulsera de actividad física con seguimiento del sueño y deporte,17449.42,17,1,2026-09-22 01:26:42,2026-09-22 02:02:42
310,PROD-310,Zapatillas Air Force 1 '07,"Tenis clásicos de cuero blanco para uso urbano y casual (Talla S, Color Verde)",1584.39,78,1,2026-09-21 22:56:11,2026-09-22 00:28:11
311,PROD-311,Apple Watch Series 10,Reloj inteligente con sensores avanzados de salud y actividad física,31819.70,16,1,2026-09-17 16:38:59,2026-09-17 18:25:59
312,PROD-312,Zapatillas Air Max 270,"Calzado deportivo con cápsula de aire visible para máxima comodidad (Talla L, Color Negro)",369.92,82,1,2026-09-21 03:08:38,2026-09-21 03:21:38
313,PROD-313,Pantalón de Buzo Tech Fleece,"Pantalón deportivo térmico con diseño estilizado (Talla XL, Color Blanco)",2179.78,69,1,2026-09-19 03:05:32,2026-09-19 03:29:32
314,PROD-314,Audífonos Bluetooth WH-1000XM5,Audífonos inalámbricos con la mejor cancelación de ruido del mercado,26454.73,46,1,2026-09-19 00:49:27,2026-09-19 02:20:27
315,PROD-315,Tablet Galaxy Tab S9 512GB,"Tableta de alto rendimiento para diseño, trabajo y entretenimiento - Color Rojo",24441.24,17,1,2026-09-18 12:54:56,2026-09-18 14:12:56
316,PROD-316,Aspiradora Inalámbrica SpeedPro,Aspiradora escoba sin cable con cabezal de succión de 180 grados,4316.13,13,1,2026-09-19 21:43:59,2026-09-19 23:08:59
317,PROD-317,iPhone 16 1TB,Smartphone con pantalla Super Retina XDR y excelente duración de batería - Color Gris,33721.80,5,1,2026-09-19 01:20:13,2026-09-19 02:09:13
318,PROD-318,Patinete Eléctrico Pro 4,Scooter eléctrico con gran autonomía para movilidad urbana,34368.24,24,1,2026-09-21 00:11:04,2026-09-21 01:43:04
319,PROD-319,Freidora de Aire 4L,Freidora sin aceite para cocinar de manera saludable y rápida,5367.99,52,1,2026-09-18 21:46:17,2026-09-18 21:53:17
320,PROD-320,Freidora de Aire 4L,Freidora sin aceite para cocinar de manera saludable y rápida,2731.73,33,1,2026-09-21 15:16:27,2026-09-21 16:20:27
321,PROD-321,Freidora XXL Airfryer,Freidora de aire de gran capacidad con tecnología de extracción de grasa,5254.21,26,1,2026-09-19 16:53:05,2026-09-19 18:11:05
322,PROD-322,iPhone 16 1TB,Smartphone con pantalla Super Retina XDR y excelente duración de batería - Color Blanco,16651.74,43,1,2026-09-19 17:46:14,2026-09-19 18:39:14
323,PROD-323,Freidora XXL Airfryer,Freidora de aire de gran capacidad con tecnología de extracción de grasa,6190.13,51,1,2026-09-22 01:16:27,2026-09-22 02:32:27
324,PROD-324,Monitor UltraGear 27,Monitor de alta frecuencia de actualización para juegos competitivos,19250.15,28,1,2026-09-17 22:43:55,2026-09-18 00:40:55
325,PROD-325,Licuadora Reversible 2 Velocidades,Licuadora con motor reversible y vaso de vidrio resistente a choques térmicos,6698.68,40,1,2026-09-18 16:47:55,2026-09-18 18:00:55
326,PROD-326,Licuadora Reversible 2 Velocidades,Licuadora con motor reversible y vaso de vidrio resistente a choques térmicos,2893.69,41,1,2026-09-20 03:42:18,2026-09-20 03:56:18
327,PROD-327,Cafetera Programable 12 Tazas,Cafetera de goteo con temporizador programable y jarra de vidrio,4831.92,13,1,2026-09-20 13:41:10,2026-09-20 14:38:10
328,PROD-328,Smartphone Xiaomi 14 Ultra 1TB,Smartphone de gama alta enfocado en fotografía profesional Leica - Color Azul,20518.85,40,1,2026-09-20 06:41:46,2026-09-20 08:07:46
329,PROD-329,Zapatillas Ultraboost Light,"Tenis de running con retorno de energía superior y ligereza (Talla XL, Color Gris)",2105.37,37,1,2026-09-20 23:34:48,2026-09-20 23:43:48
330,PROD-330,Patinete Eléctrico Pro 4,Scooter eléctrico con gran autonomía para movilidad urbana,25363.66,39,1,2026-09-17 20:07:58,2026-09-17 22:06:58
331,PROD-331,Smartphone Redmi Note 13 Pro 512GB,Teléfono inteligente con excelente relación calidad-precio y gran cámara - Color Azul,6889.34,13,1,2026-09-22 02:53:21,2026-09-22 04:15:21
332,PROD-332,Aspiradora Inalámbrica SpeedPro,Aspiradora escoba sin cable con cabezal de succión de 180 grados,7945.71,32,1,2026-09-20 04:40:49,2026-09-20 06:31:49
333,PROD-333,Zapatillas Air Force 1 '07,"Tenis clásicos de cuero blanco para uso urbano y casual (Talla M, Color Verde)",2199.62,25,1,2026-09-18 13:20:58,2026-09-18 14:28:58
334,PROD-334,Zapatillas Ultraboost Light,"Tenis de running con retorno de energía superior y ligereza (Talla M, Color Negro)",1975.79,48,1,2026-09-20 06:47:14,2026-09-20 08:13:14
335,PROD-335,Aspiradora Inalámbrica SpeedPro,Aspiradora escoba sin cable con cabezal de succión de 180 grados,6657.54,23,1,2026-09-20 06:26:27,2026-09-20 07:10:27
336,PROD-336,Audífonos Bluetooth WH-1000XM5,Audífonos inalámbricos con la mejor cancelación de ruido del mercado,33778.07,12,1,2026-09-17 16:02:58,2026-09-17 17:45:58
337,PROD-337,Freidora XXL Airfryer,Freidora de aire de gran capacidad con tecnología de extracción de grasa,2229.06,12,1,2026-09-18 02:03:05,2026-09-18 03:19:05
338,PROD-338,Robot Aspiradora X10+,Aspiradora robótica con estación de vaciado automático y mapeo láser,24356.84,8,1,2026-09-18 22:59:58,2026-09-19 00:33:58
339,PROD-339,Smart Band 8,Pulsera de actividad física con seguimiento del sueño y deporte,8819.04,18,1,2026-09-22 01:13:22,2026-09-22 03:03:22
340,PROD-340,Audífonos AirPods Pro 2,Audífonos intrauditivos con cancelación de ruido de nivel superior,35768.66,19,1,2026-09-22 10:09:53,2026-09-22 12:06:53
341,PROD-341,Aspiradora Inalámbrica SpeedPro,Aspiradora escoba sin cable con cabezal de succión de 180 grados,2200.47,17,1,2026-09-21 11:30:28,2026-09-21 12:36:28
342,PROD-342,Patinete Eléctrico Pro 4,Scooter eléctrico con gran autonomía para movilidad urbana,10267.96,40,1,2026-09-21 01:31:30,2026-09-21 03:23:30
343,PROD-343,Cafetera Programable 12 Tazas,Cafetera de goteo con temporizador programable y jarra de vidrio,5558.50,43,1,2026-09-20 11:32:15,2026-09-20 11:38:15
344,PROD-344,Polerón Adicolor Classics,"Sudadera clásica con el logotipo de las tres tiras (Talla XL, Color Rojo)",1035.28,63,1,2026-09-19 22:48:52,2026-09-19 23:07:52
345,PROD-345,Zapatillas Air Max 270,"Calzado deportivo con cápsula de aire visible para máxima comodidad (Talla XL, Color Blanco)",2176.08,48,1,2026-09-21 18:24:21,2026-09-21 18:42:21
346,PROD-346,Camiseta Graphic Setin Neck,"Playera casual de algodón con estampado frontal (Talla XL, Color Rojo)",1489.48,59,1,2026-09-18 22:43:34,2026-09-18 23:15:34
347,PROD-347,Barra de Sonido HT-A7000,Sistema de audio para cine en casa con soporte Dolby Atmos,3307.00,33,1,2026-09-19 17:23:58,2026-09-19 17:34:58
348,PROD-348,Licuadora Reversible 2 Velocidades,Licuadora con motor reversible y vaso de vidrio resistente a choques térmicos,2440.31,51,1,2026-09-21 03:27:45,2026-09-21 04:44:45
349,PROD-349,Smartphone Galaxy Z Fold 6 256GB,Teléfono plegable con pantalla gigante para productividad y multitarea - Color Azul,7915.56,26,1,2026-09-19 07:30:44,2026-09-19 09:26:44
350,PROD-350,MacBook Pro 16 M3 128GB,Computadora portátil profesional para edición de video y desarrollo - Color Verde,35984.81,35,1,2026-09-18 22:41:15,2026-09-19 00:10:15
351,PROD-351,Freidora de Aire 4L,Freidora sin aceite para cocinar de manera saludable y rápida,7354.96,43,1,2026-09-19 10:11:45,2026-09-19 11:50:45
352,PROD-352,Pantalón de Buzo Tech Fleece,"Pantalón deportivo térmico con diseño estilizado (Talla L, Color Gris)",912.36,75,1,2026-09-20 11:46:43,2026-09-20 12:45:43
353,PROD-353,Patinete Eléctrico Pro 4,Scooter eléctrico con gran autonomía para movilidad urbana,32958.73,28,1,2026-09-19 08:55:48,2026-09-19 09:47:48
354,PROD-354,Smart TV OLED C3 65,Televisor inteligente ideal para videojuegos y películas con pánel OLED,26814.46,6,1,2026-09-19 01:20:07,2026-09-19 02:30:07
355,PROD-355,Aspiradora Inalámbrica SpeedPro,Aspiradora escoba sin cable con cabezal de succión de 180 grados,1558.33,29,1,2026-09-18 20:51:23,2026-09-18 21:39:23
356,PROD-356,Freidora de Aire 4L,Freidora sin aceite para cocinar de manera saludable y rápida,4584.88,51,1,2026-09-19 12:31:07,2026-09-19 13:03:07
357,PROD-357,Polerón Adicolor Classics,"Sudadera clásica con el logotipo de las tres tiras (Talla XL, Color Azul)",711.70,55,1,2026-09-18 12:00:30,2026-09-18 12:17:30
358,PROD-358,Freidora XXL Airfryer,Freidora de aire de gran capacidad con tecnología de extracción de grasa,7368.44,42,1,2026-09-21 08:49:39,2026-09-21 08:56:39
359,PROD-359,Licuadora Reversible 2 Velocidades,Licuadora con motor reversible y vaso de vidrio resistente a choques térmicos,7583.43,50,1,2026-09-17 18:25:22,2026-09-17 20:02:22
360,PROD-360,Smartphone Xiaomi 14 Ultra 256GB,Smartphone de gama alta enfocado en fotografía profesional Leica - Color Negro,25604.52,5,1,2026-09-18 19:12:39,2026-09-18 20:16:39
361,PROD-361,Zapatillas Air Force 1 '07,"Tenis clásicos de cuero blanco para uso urbano y casual (Talla XL, Color Verde)",1398.89,10,1,2026-09-20 16:51:59,2026-09-20 18:01:59
362,PROD-362,Jeans 501 Original Fit,"Pantalón de mezclilla clásico de corte recto y ajuste cómodo (Talla L, Color Rojo)",2451.58,12,1,2026-09-20 12:29:52,2026-09-20 14:13:52
363,PROD-363,Freidora XXL Airfryer,Freidora de aire de gran capacidad con tecnología de extracción de grasa,1213.32,14,1,2026-09-20 15:43:35,2026-09-20 16:02:35
364,PROD-364,Audífonos AirPods Pro 2,Audífonos intrauditivos con cancelación de ruido de nivel superior,9460.85,27,1,2026-09-19 02:17:22,2026-09-19 03:58:22
365,PROD-365,Chaqueta Camionera de Mezclilla,"Chaqueta clásica de mezclilla resistente para uso diario (Talla XL, Color Azul)",1564.75,99,1,2026-09-18 20:15:01,2026-09-18 20:53:01
366,PROD-366,Cafetera Programable 12 Tazas,Cafetera de goteo con temporizador programable y jarra de vidrio,7936.73,49,1,2026-09-22 01:58:48,2026-09-22 02:02:48
367,PROD-367,Smart Band 8,Pulsera de actividad física con seguimiento del sueño y deporte,13889.52,35,1,2026-09-17 19:31:47,2026-09-17 20:52:47
368,PROD-368,iPhone 16 Pro 1TB,Teléfono inteligente premium con chip de alto rendimiento y triple cámara - Color Azul,23394.21,26,1,2026-09-20 21:45:58,2026-09-20 23:34:58
369,PROD-369,Smart TV OLED C3 65,Televisor inteligente ideal para videojuegos y películas con pánel OLED,8656.71,49,1,2026-09-20 21:54:05,2026-09-20 22:54:05
370,PROD-370,Jeans 501 Original Fit,"Pantalón de mezclilla clásico de corte recto y ajuste cómodo (Talla L, Color Rojo)",1561.55,14,1,2026-09-18 13:28:40,2026-09-18 15:26:40
371,PROD-371,Jeans 511 Slim Fit,"Pantalón de mezclilla ajustado de estilo moderno (Talla M, Color Verde)",2114.94,19,1,2026-09-19 06:56:34,2026-09-19 07:16:34
372,PROD-372,Cafetera Programable 12 Tazas,Cafetera de goteo con temporizador programable y jarra de vidrio,6743.34,32,1,2026-09-21 13:57:28,2026-09-21 15:51:28
373,PROD-373,Aspiradora Inalámbrica SpeedPro,Aspiradora escoba sin cable con cabezal de succión de 180 grados,6142.63,16,1,2026-09-22 06:28:55,2026-09-22 07:56:55
374,PROD-374,Cafetera Programable 12 Tazas,Cafetera de goteo con temporizador programable y jarra de vidrio,6065.47,30,1,2026-09-17 19:10:39,2026-09-17 19:22:39
375,PROD-375,Jeans 501 Original Fit,"Pantalón de mezclilla clásico de corte recto y ajuste cómodo (Talla L, Color Rojo)",2003.36,86,1,2026-09-19 21:07:53,2026-09-19 22:46:53
376,PROD-376,Chaqueta Camionera de Mezclilla,"Chaqueta clásica de mezclilla resistente para uso diario (Talla XL, Color Azul)",840.50,80,1,2026-09-19 18:01:58,2026-09-19 18:56:58
377,PROD-377,Refrigeradora InstaView,Refrigerador inteligente con panel de cristal panorámico,13992.58,44,1,2026-09-19 06:22:30,2026-09-19 08:04:30
378,PROD-378,Smartphone Galaxy S26+ 512GB,Teléfono inteligente con procesador de última generación y batería de larga duración - Color Blanco,13990.00,45,1,2026-09-18 09:49:32,2026-09-18 11:23:32
379,PROD-379,Polera Sportswear Club Fleece,"Sudadera de felpa con capucha y ajuste estándar (Talla S, Color Negro)",361.17,49,1,2026-09-20 04:07:36,2026-09-20 04:53:36
380,PROD-380,Jeans 511 Slim Fit,"Pantalón de mezclilla ajustado de estilo moderno (Talla S, Color Blanco)",1276.61,81,1,2026-09-20 20:08:50,2026-09-20 21:13:50
381,PROD-381,Jeans 501 Original Fit,"Pantalón de mezclilla clásico de corte recto y ajuste cómodo (Talla S, Color Gris)",1541.57,86,1,2026-09-21 02:27:14,2026-09-21 04:07:14
382,PROD-382,Zapatillas Air Force 1 '07,"Tenis clásicos de cuero blanco para uso urbano y casual (Talla L, Color Azul)",1183.77,20,1,2026-09-21 20:55:13,2026-09-21 22:50:13
383,PROD-383,Cafetera Programable 12 Tazas,Cafetera de goteo con temporizador programable y jarra de vidrio,4360.39,51,1,2026-09-19 18:48:20,2026-09-19 19:09:20
384,PROD-384,Cámara Alpha 7 IV,Cámara mirrorless profesional de fotograma completo para foto y video,10028.44,14,1,2026-09-17 20:34:17,2026-09-17 20:55:17
385,PROD-385,Pantalón de Buzo Tech Fleece,"Pantalón deportivo térmico con diseño estilizado (Talla L, Color Azul)",2032.73,56,1,2026-09-19 00:00:50,2026-09-19 02:00:50
386,PROD-386,Robot Aspiradora X10+,Aspiradora robótica con estación de vaciado automático y mapeo láser,22391.74,34,1,2026-09-18 02:56:11,2026-09-18 03:13:11
387,PROD-387,Camiseta Graphic Setin Neck,"Playera casual de algodón con estampado frontal (Talla L, Color Rojo)",1166.76,52,1,2026-09-20 03:28:10,2026-09-20 04:10:10
388,PROD-388,Polerón Adicolor Classics,"Sudadera clásica con el logotipo de las tres tiras (Talla M, Color Gris)",1039.43,98,1,2026-09-18 16:36:31,2026-09-18 17:37:31
389,PROD-389,Camiseta Graphic Setin Neck,"Playera casual de algodón con estampado frontal (Talla L, Color Gris)",1929.98,91,1,2026-09-20 10:51:56,2026-09-20 12:04:56
390,PROD-390,Smart TV Bravia XR OLED 55,Televisor OLED con negros absolutos y procesador de imagen cognitivo,10450.66,30,1,2026-09-19 16:31:00,2026-09-19 16:45:00
391,PROD-391,Cafetera Programable 12 Tazas,Cafetera de goteo con temporizador programable y jarra de vidrio,7979.21,19,1,2026-09-21 14:38:20,2026-09-21 16:16:20
392,PROD-392,Cafetera Programable 12 Tazas,Cafetera de goteo con temporizador programable y jarra de vidrio,3908.33,53,1,2026-09-18 17:53:23,2026-09-18 18:49:23
393,PROD-393,Zapatillas Ultraboost Light,"Tenis de running con retorno de energía superior y ligereza (Talla XL, Color Verde)",1423.50,91,1,2026-09-19 07:27:38,2026-09-19 07:57:38
394,PROD-394,Zapatillas Ultraboost Light,"Tenis de running con retorno de energía superior y ligereza (Talla XL, Color Azul)",509.03,86,1,2026-09-20 09:09:04,2026-09-20 10:23:04
395,PROD-395,Polerón Adicolor Classics,"Sudadera clásica con el logotipo de las tres tiras (Talla XL, Color Rojo)",429.05,56,1,2026-09-21 17:32:25,2026-09-21 19:26:25
396,PROD-396,Licuadora Reversible 2 Velocidades,Licuadora con motor reversible y vaso de vidrio resistente a choques térmicos,6244.05,50,1,2026-09-21 12:09:38,2026-09-21 12:54:38
397,PROD-397,Smart TV OLED C3 65,Televisor inteligente ideal para videojuegos y películas con pánel OLED,20494.32,46,1,2026-09-21 14:01:17,2026-09-21 15:23:17
398,PROD-398,Pantalón de Buzo Tech Fleece,"Pantalón deportivo térmico con diseño estilizado (Talla S, Color Negro)",562.00,38,1,2026-09-20 13:43:48,2026-09-20 15:18:48
399,PROD-399,Freidora de Aire 4L,Freidora sin aceite para cocinar de manera saludable y rápida,3243.31,37,1,2026-09-22 03:50:16,2026-09-22 05:16:16
400,PROD-400,Freidora de Aire 4L,Freidora sin aceite para cocinar de manera saludable y rápida,7982.54,38,1,2026-09-18 02:35:00,2026-09-18 03:12:00
401,PROD-401,Jeans 501 Original Fit,"Pantalón de mezclilla clásico de corte recto y ajuste cómodo (Talla M, Color Gris)",1020.56,68,1,2026-09-22 05:34:30,2026-09-22 06:00:30
402,PROD-402,Aspiradora Inalámbrica SpeedPro,Aspiradora escoba sin cable con cabezal de succión de 180 grados,4018.84,36,1,2026-09-21 20:30:19,2026-09-21 21:59:19
403,PROD-403,Zapatillas Air Force 1 '07,"Tenis clásicos de cuero blanco para uso urbano y casual (Talla L, Color Negro)",2091.90,24,1,2026-09-17 14:38:48,2026-09-17 16:26:48
404,PROD-404,Zapatillas Ultraboost Light,"Tenis de running con retorno de energía superior y ligereza (Talla M, Color Verde)",874.41,32,1,2026-09-20 19:44:06,2026-09-20 20:04:06
405,PROD-405,Zapatillas Samba OG,"Tenis de estilo retro icónicos en cuero de primera calidad (Talla XL, Color Blanco)",2065.17,90,1,2026-09-18 14:13:12,2026-09-18 14:36:12
406,PROD-406,Aspiradora Inalámbrica SpeedPro,Aspiradora escoba sin cable con cabezal de succión de 180 grados,621.86,47,1,2026-09-18 16:05:41,2026-09-18 17:02:41
407,PROD-407,Aspiradora Inalámbrica SpeedPro,Aspiradora escoba sin cable con cabezal de succión de 180 grados,433.82,21,1,2026-09-18 17:19:37,2026-09-18 17:54:37
408,PROD-408,Cafetera Programable 12 Tazas,Cafetera de goteo con temporizador programable y jarra de vidrio,1173.32,42,1,2026-09-18 14:35:07,2026-09-18 15:21:07
409,PROD-409,Camiseta Graphic Setin Neck,"Playera casual de algodón con estampado frontal (Talla S, Color Gris)",1792.01,72,1,2026-09-20 16:12:41,2026-09-20 17:33:41
410,PROD-410,Zapatillas Samba OG,"Tenis de estilo retro icónicos en cuero de primera calidad (Talla XL, Color Rojo)",595.60,55,1,2026-09-20 06:02:17,2026-09-20 07:21:17
411,PROD-411,Parlante Portátil SRS-XG300,Bocina inalámbrica portátil resistente al agua con graves potentes,21450.98,48,1,2026-09-18 06:51:54,2026-09-18 07:31:54
412,PROD-412,MacBook Air 15 M2 128GB,Laptop ultra delgada y liviana con gran autonomía - Color Blanco,13752.37,14,1,2026-09-20 13:45:06,2026-09-20 14:34:06
413,PROD-413,Zapatillas Ultraboost Light,"Tenis de running con retorno de energía superior y ligereza (Talla XL, Color Azul)",749.37,91,1,2026-09-20 17:37:08,2026-09-20 19:05:08
414,PROD-414,Cafetera Programable 12 Tazas,Cafetera de goteo con temporizador programable y jarra de vidrio,1668.18,26,1,2026-09-18 07:47:22,2026-09-18 08:10:22
415,PROD-415,Zapatillas Running Pegasus 40,"Calzado de correr con amortiguación reactiva para entrenamiento (Talla S, Color Gris)",2396.46,72,1,2026-09-18 07:14:30,2026-09-18 07:38:30
416,PROD-416,Polerón Adicolor Classics,"Sudadera clásica con el logotipo de las tres tiras (Talla XL, Color Azul)",1822.10,63,1,2026-09-21 18:46:46,2026-09-21 20:33:46
417,PROD-417,Zapatillas Air Max 270,"Calzado deportivo con cápsula de aire visible para máxima comodidad (Talla S, Color Rojo)",416.35,38,1,2026-09-19 05:53:46,2026-09-19 05:57:46
418,PROD-418,Chaqueta Camionera de Mezclilla,"Chaqueta clásica de mezclilla resistente para uso diario (Talla M, Color Azul)",1566.15,73,1,2026-09-20 19:25:01,2026-09-20 20:30:01
419,PROD-419,Smart TV OLED C3 65,Televisor inteligente ideal para videojuegos y películas con pánel OLED,10010.06,39,1,2026-09-22 11:15:24,2026-09-22 12:01:24
420,PROD-420,Cafetera Programable 12 Tazas,Cafetera de goteo con temporizador programable y jarra de vidrio,3754.39,21,1,2026-09-20 01:16:30,2026-09-20 01:29:30
421,PROD-421,Freidora de Aire 4L,Freidora sin aceite para cocinar de manera saludable y rápida,7048.55,10,1,2026-09-20 04:51:16,2026-09-20 05:24:16
422,PROD-422,Camiseta Graphic Setin Neck,"Playera casual de algodón con estampado frontal (Talla S, Color Blanco)",801.24,85,1,2026-09-21 15:43:11,2026-09-21 16:27:11
423,PROD-423,Freidora XXL Airfryer,Freidora de aire de gran capacidad con tecnología de extracción de grasa,5082.75,58,1,2026-09-18 17:26:55,2026-09-18 19:10:55
424,PROD-424,Tablet Galaxy Tab S9 512GB,"Tableta de alto rendimiento para diseño, trabajo y entretenimiento - Color Rojo",19626.28,25,1,2026-09-21 17:53:33,2026-09-21 18:30:33
425,PROD-425,Zapatillas Samba OG,"Tenis de estilo retro icónicos en cuero de primera calidad (Talla S, Color Blanco)",2419.96,62,1,2026-09-17 19:59:29,2026-09-17 20:34:29
426,PROD-426,Cafetera Programable 12 Tazas,Cafetera de goteo con temporizador programable y jarra de vidrio,6982.20,23,1,2026-09-18 08:39:20,2026-09-18 10:10:20
427,PROD-427,Camiseta Graphic Setin Neck,"Playera casual de algodón con estampado frontal (Talla XL, Color Blanco)",1591.46,44,1,2026-09-21 06:47:21,2026-09-21 07:40:21
428,PROD-428,Zapatillas Air Force 1 '07,"Tenis clásicos de cuero blanco para uso urbano y casual (Talla S, Color Azul)",1458.57,45,1,2026-09-21 16:31:51,2026-09-21 18:30:51
429,PROD-429,Pantalón de Buzo Tech Fleece,"Pantalón deportivo térmico con diseño estilizado (Talla L, Color Rojo)",355.32,21,1,2026-09-21 21:48:25,2026-09-21 22:46:25
430,PROD-430,Freidora XXL Airfryer,Freidora de aire de gran capacidad con tecnología de extracción de grasa,6447.15,33,1,2026-09-18 19:04:52,2026-09-18 19:58:52
431,PROD-431,Patinete Eléctrico Pro 4,Scooter eléctrico con gran autonomía para movilidad urbana,11961.71,23,1,2026-09-19 12:32:47,2026-09-19 13:42:47
432,PROD-432,Cafetera Programable 12 Tazas,Cafetera de goteo con temporizador programable y jarra de vidrio,6878.41,58,1,2026-09-19 13:25:05,2026-09-19 15:19:05
433,PROD-433,Licuadora Reversible 2 Velocidades,Licuadora con motor reversible y vaso de vidrio resistente a choques térmicos,1156.77,58,1,2026-09-20 06:17:20,2026-09-20 06:19:20
434,PROD-434,Audífonos AirPods Max,Audífonos de diadema inalámbricos con sonido de alta fidelidad,16706.39,32,1,2026-09-18 16:49:20,2026-09-18 18:17:20
435,PROD-435,Audífonos Bluetooth WH-1000XM5,Audífonos inalámbricos con la mejor cancelación de ruido del mercado,31542.03,22,1,2026-09-18 00:57:04,2026-09-18 02:20:04
436,PROD-436,Zapatillas Air Force 1 '07,"Tenis clásicos de cuero blanco para uso urbano y casual (Talla L, Color Verde)",2293.17,31,1,2026-09-17 18:53:58,2026-09-17 19:43:58
437,PROD-437,Freidora XXL Airfryer,Freidora de aire de gran capacidad con tecnología de extracción de grasa,3662.16,13,1,2026-09-21 17:50:27,2026-09-21 18:02:27
438,PROD-438,Audífonos AirPods Max,Audífonos de diadema inalámbricos con sonido de alta fidelidad,3266.82,42,1,2026-09-18 20:17:56,2026-09-18 21:23:56
439,PROD-439,Freidora XXL Airfryer,Freidora de aire de gran capacidad con tecnología de extracción de grasa,461.28,29,1,2026-09-22 10:21:27,2026-09-22 10:36:27
440,PROD-440,Zapatillas Ultraboost Light,"Tenis de running con retorno de energía superior y ligereza (Talla XL, Color Negro)",842.24,21,1,2026-09-21 21:46:57,2026-09-21 23:29:57
441,PROD-441,Tablet Galaxy Tab S9 512GB,"Tableta de alto rendimiento para diseño, trabajo y entretenimiento - Color Gris",5368.09,13,1,2026-09-21 08:47:37,2026-09-21 10:13:37
442,PROD-442,Audífonos Galaxy Buds3 Pro,Audífonos inalámbricos con cancelación activa de ruido inteligente,20496.84,44,1,2026-09-21 10:01:24,2026-09-21 10:22:24
443,PROD-443,Zapatillas Air Max 270,"Calzado deportivo con cápsula de aire visible para máxima comodidad (Talla M, Color Azul)",1674.56,66,1,2026-09-18 18:59:45,2026-09-18 19:10:45
444,PROD-444,iPhone 16 Pro 1TB,Teléfono inteligente premium con chip de alto rendimiento y triple cámara - Color Gris,34695.33,25,1,2026-09-22 06:33:59,2026-09-22 06:50:59
445,PROD-445,Barra de Sonido HT-A7000,Sistema de audio para cine en casa con soporte Dolby Atmos,3490.83,40,1,2026-09-21 02:53:03,2026-09-21 04:09:03
446,PROD-446,Freidora XXL Airfryer,Freidora de aire de gran capacidad con tecnología de extracción de grasa,6843.98,50,1,2026-09-19 07:17:18,2026-09-19 07:43:18
447,PROD-447,Cafetera Programable 12 Tazas,Cafetera de goteo con temporizador programable y jarra de vidrio,3377.31,49,1,2026-09-17 19:18:16,2026-09-17 20:58:16
448,PROD-448,Smart Band 8,Pulsera de actividad física con seguimiento del sueño y deporte,4502.40,36,1,2026-09-21 08:17:05,2026-09-21 09:33:05
449,PROD-449,Smart TV OLED C3 65,Televisor inteligente ideal para videojuegos y películas con pánel OLED,35534.33,25,1,2026-09-18 06:34:44,2026-09-18 07:23:44
450,PROD-450,Aspiradora Inalámbrica SpeedPro,Aspiradora escoba sin cable con cabezal de succión de 180 grados,4552.31,19,1,2026-09-22 02:26:15,2026-09-22 03:26:15
451,PROD-451,Smartphone Galaxy S26+ 128GB,Teléfono inteligente con procesador de última generación y batería de larga duración - Color Gris,8158.87,8,1,2026-09-22 06:18:22,2026-09-22 07:08:22
452,PROD-452,Aspiradora Inalámbrica SpeedPro,Aspiradora escoba sin cable con cabezal de succión de 180 grados,3619.17,33,1,2026-09-17 23:21:42,2026-09-18 00:42:42
453,PROD-453,Freidora de Aire 4L,Freidora sin aceite para cocinar de manera saludable y rápida,1035.34,13,1,2026-09-20 13:49:17,2026-09-20 15:46:17
454,PROD-454,Audífonos AirPods Pro 2,Audífonos intrauditivos con cancelación de ruido de nivel superior,12099.64,42,1,2026-09-21 07:43:59,2026-09-21 09:20:59
455,PROD-455,Freidora de Aire 4L,Freidora sin aceite para cocinar de manera saludable y rápida,5709.94,54,1,2026-09-18 22:06:41,2026-09-18 22:13:41
456,PROD-456,Smart TV 65 Neo QLED,Televisor inteligente 4K con tecnología de puntos cuánticos y alto contraste,4617.52,44,1,2026-09-21 04:01:30,2026-09-21 04:08:30
457,PROD-457,Polerón Adicolor Classics,"Sudadera clásica con el logotipo de las tres tiras (Talla M, Color Negro)",377.23,27,1,2026-09-21 17:31:14,2026-09-21 17:32:14
458,PROD-458,Patinete Eléctrico Pro 4,Scooter eléctrico con gran autonomía para movilidad urbana,19066.69,21,1,2026-09-18 11:40:23,2026-09-18 12:27:23
459,PROD-459,Barra de Sonido HT-A7000,Sistema de audio para cine en casa con soporte Dolby Atmos,31967.72,6,1,2026-09-19 12:08:49,2026-09-19 13:51:49
460,PROD-460,Zapatillas Running Pegasus 40,"Calzado de correr con amortiguación reactiva para entrenamiento (Talla S, Color Gris)",1881.49,83,1,2026-09-21 06:44:54,2026-09-21 06:53:54
461,PROD-461,Zapatillas Running Pegasus 40,"Calzado de correr con amortiguación reactiva para entrenamiento (Talla L, Color Negro)",1424.16,82,1,2026-09-18 11:39:40,2026-09-18 12:26:40
462,PROD-462,Consola PlayStation 5 Slim,Consola de videojuegos de última generación con almacenamiento SSD ultra rápido,32246.53,48,1,2026-09-21 20:37:11,2026-09-21 20:51:11
463,PROD-463,Smart TV OLED C3 65,Televisor inteligente ideal para videojuegos y películas con pánel OLED,2063.35,5,1,2026-09-18 22:58:22,2026-09-18 23:03:22
464,PROD-464,Pantalón de Buzo Tech Fleece,"Pantalón deportivo térmico con diseño estilizado (Talla M, Color Blanco)",2351.99,14,1,2026-09-20 19:52:27,2026-09-20 21:34:27
465,PROD-465,Freidora XXL Airfryer,Freidora de aire de gran capacidad con tecnología de extracción de grasa,2845.70,34,1,2026-09-21 20:15:25,2026-09-21 20:55:25
466,PROD-466,Chaqueta Camionera de Mezclilla,"Chaqueta clásica de mezclilla resistente para uso diario (Talla S, Color Rojo)",1797.65,16,1,2026-09-18 13:28:35,2026-09-18 13:56:35
467,PROD-467,Freidora de Aire 4L,Freidora sin aceite para cocinar de manera saludable y rápida,923.84,37,1,2026-09-19 04:28:17,2026-09-19 06:07:17
468,PROD-468,Zapatillas Air Force 1 '07,"Tenis clásicos de cuero blanco para uso urbano y casual (Talla XL, Color Negro)",1143.18,47,1,2026-09-20 21:28:04,2026-09-20 23:08:04
469,PROD-469,Polerón Adicolor Classics,"Sudadera clásica con el logotipo de las tres tiras (Talla M, Color Azul)",1141.79,73,1,2026-09-22 03:52:38,2026-09-22 05:31:38
470,PROD-470,Smart TV OLED C3 65,Televisor inteligente ideal para videojuegos y películas con pánel OLED,5845.11,31,1,2026-09-17 14:50:22,2026-09-17 15:19:22
471,PROD-471,Freidora XXL Airfryer,Freidora de aire de gran capacidad con tecnología de extracción de grasa,7627.53,8,1,2026-09-22 01:53:04,2026-09-22 03:17:04
472,PROD-472,Polerón Adicolor Classics,"Sudadera clásica con el logotipo de las tres tiras (Talla L, Color Negro)",791.17,40,1,2026-09-20 00:29:51,2026-09-20 01:31:51
473,PROD-473,MacBook Air 15 M2 128GB,Laptop ultra delgada y liviana con gran autonomía - Color Negro,33205.24,38,1,2026-09-19 23:30:47,2026-09-20 00:59:47
474,PROD-474,Zapatillas Air Force 1 '07,"Tenis clásicos de cuero blanco para uso urbano y casual (Talla S, Color Rojo)",637.05,60,1,2026-09-17 22:15:19,2026-09-17 23:30:19
475,PROD-475,Freidora de Aire 4L,Freidora sin aceite para cocinar de manera saludable y rápida,5434.57,16,1,2026-09-18 21:50:23,2026-09-18 22:27:23
476,PROD-476,Pantalón de Buzo Tech Fleece,"Pantalón deportivo térmico con diseño estilizado (Talla L, Color Gris)",1323.43,39,1,2026-09-17 22:14:04,2026-09-18 00:14:04
477,PROD-477,iPhone 16 Pro 256GB,Teléfono inteligente premium con chip de alto rendimiento y triple cámara - Color Negro,6335.31,34,1,2026-09-19 09:05:30,2026-09-19 09:57:30
478,PROD-478,Monitor UltraGear 27,Monitor de alta frecuencia de actualización para juegos competitivos,34744.53,18,1,2026-09-20 05:10:21,2026-09-20 05:49:21
479,PROD-479,Zapatillas Air Force 1 '07,"Tenis clásicos de cuero blanco para uso urbano y casual (Talla S, Color Blanco)",2086.33,48,1,2026-09-21 17:59:15,2026-09-21 19:28:15
480,PROD-480,Licuadora Reversible 2 Velocidades,Licuadora con motor reversible y vaso de vidrio resistente a choques térmicos,6753.03,28,1,2026-09-18 08:57:31,2026-09-18 09:08:31
481,PROD-481,Freidora de Aire 4L,Freidora sin aceite para cocinar de manera saludable y rápida,3411.46,11,1,2026-09-21 13:58:46,2026-09-21 14:36:46
482,PROD-482,Jeans 501 Original Fit,"Pantalón de mezclilla clásico de corte recto y ajuste cómodo (Talla XL, Color Azul)",1545.30,80,1,2026-09-18 23:44:41,2026-09-18 23:56:41
483,PROD-483,Jeans 511 Slim Fit,"Pantalón de mezclilla ajustado de estilo moderno (Talla S, Color Negro)",482.59,38,1,2026-09-18 06:23:39,2026-09-18 06:48:39
484,PROD-484,Zapatillas Air Force 1 '07,"Tenis clásicos de cuero blanco para uso urbano y casual (Talla L, Color Negro)",396.87,18,1,2026-09-18 16:09:25,2026-09-18 18:04:25
485,PROD-485,Freidora XXL Airfryer,Freidora de aire de gran capacidad con tecnología de extracción de grasa,1099.04,59,1,2026-09-19 11:38:34,2026-09-19 11:53:34
486,PROD-486,Smartphone Redmi Note 13 Pro 256GB,Teléfono inteligente con excelente relación calidad-precio y gran cámara - Color Rojo,15877.05,30,1,2026-09-20 11:36:40,2026-09-20 11:39:40
487,PROD-487,Zapatillas Samba OG,"Tenis de estilo retro icónicos en cuero de primera calidad (Talla M, Color Gris)",811.64,33,1,2026-09-19 03:24:16,2026-09-19 03:59:16
488,PROD-488,Jeans 501 Original Fit,"Pantalón de mezclilla clásico de corte recto y ajuste cómodo (Talla M, Color Verde)",984.48,62,1,2026-09-20 19:33:26,2026-09-20 20:34:26
489,PROD-489,Smartphone Galaxy Z Flip 6 1TB,Teléfono plegable compacto con pantalla exterior funcional - Color Blanco,15382.84,46,1,2026-09-22 07:27:28,2026-09-22 08:34:28
490,PROD-490,Smart TV OLED C3 65,Televisor inteligente ideal para videojuegos y películas con pánel OLED,35623.83,50,1,2026-09-19 15:39:25,2026-09-19 16:40:25
491,PROD-491,Aspiradora Inalámbrica SpeedPro,Aspiradora escoba sin cable con cabezal de succión de 180 grados,7336.35,40,1,2026-09-19 10:11:40,2026-09-19 11:00:40
492,PROD-492,Jeans 501 Original Fit,"Pantalón de mezclilla clásico de corte recto y ajuste cómodo (Talla L, Color Rojo)",820.89,45,1,2026-09-17 19:53:25,2026-09-17 21:36:25
493,PROD-493,Zapatillas Samba OG,"Tenis de estilo retro icónicos en cuero de primera calidad (Talla M, Color Blanco)",565.29,94,1,2026-09-18 22:28:40,2026-09-18 23:02:40
494,PROD-494,Licuadora Reversible 2 Velocidades,Licuadora con motor reversible y vaso de vidrio resistente a choques térmicos,4775.26,59,1,2026-09-19 19:55:32,2026-09-19 20:40:32
495,PROD-495,MacBook Pro 16 M3 512GB,Computadora portátil profesional para edición de video y desarrollo - Color Verde,25265.74,42,1,2026-09-17 15:27:55,2026-09-17 16:57:55
496,PROD-496,Freidora XXL Airfryer,Freidora de aire de gran capacidad con tecnología de extracción de grasa,4679.63,20,1,2026-09-22 09:22:50,2026-09-22 11:14:50
497,PROD-497,Zapatillas Samba OG,"Tenis de estilo retro icónicos en cuero de primera calidad (Talla M, Color Azul)",431.62,17,1,2026-09-18 21:14:08,2026-09-18 22:31:08
498,PROD-498,Audífonos Galaxy Buds3 Pro,Audífonos inalámbricos con cancelación activa de ruido inteligente,17468.61,26,1,2026-09-21 04:47:50,2026-09-21 05:12:50
499,PROD-499,Barra de Sonido HT-A7000,Sistema de audio para cine en casa con soporte Dolby Atmos,6799.83,25,1,2026-09-17 20:01:51,2026-09-17 20:03:51
500,PROD-500,Refrigeradora InstaView,Refrigerador inteligente con panel de cristal panorámico,33061.46,12,1,2026-09-20 16:00:17,2026-09-20 17:50:17
501,PROD-501,Chaqueta Camionera de Mezclilla,"Chaqueta clásica de mezclilla resistente para uso diario (Talla XL, Color Rojo)",567.22,48,1,2026-09-19 10:20:23,2026-09-19 10:37:23
502,PROD-502,Smart Band 8,Pulsera de actividad física con seguimiento del sueño y deporte,23545.90,16,1,2026-09-21 18:20:54,2026-09-21 19:31:54
503,PROD-503,Freidora XXL Airfryer,Freidora de aire de gran capacidad con tecnología de extracción de grasa,5458.04,60,1,2026-09-18 12:53:41,2026-09-18 13:41:41
504,PROD-504,Polerón Adicolor Classics,"Sudadera clásica con el logotipo de las tres tiras (Talla L, Color Blanco)",732.07,10,1,2026-09-21 17:35:41,2026-09-21 18:48:41
505,PROD-505,Zapatillas Ultraboost Light,"Tenis de running con retorno de energía superior y ligereza (Talla M, Color Rojo)",1034.17,88,1,2026-09-18 19:31:39,2026-09-18 20:52:39
506,PROD-506,Freidora de Aire 4L,Freidora sin aceite para cocinar de manera saludable y rápida,1468.89,55,1,2026-09-17 22:41:20,2026-09-17 23:11:20
507,PROD-507,Zapatillas Air Max 270,"Calzado deportivo con cápsula de aire visible para máxima comodidad (Talla S, Color Verde)",1790.55,52,1,2026-09-20 04:24:09,2026-09-20 04:25:09
508,PROD-508,Jeans 511 Slim Fit,"Pantalón de mezclilla ajustado de estilo moderno (Talla S, Color Gris)",901.81,23,1,2026-09-21 20:16:31,2026-09-21 20:16:31
509,PROD-509,Smart Band 8,Pulsera de actividad física con seguimiento del sueño y deporte,26506.75,15,1,2026-09-19 23:39:12,2026-09-20 00:42:12
510,PROD-510,Zapatillas Running Pegasus 40,"Calzado de correr con amortiguación reactiva para entrenamiento (Talla XL, Color Negro)",2131.94,83,1,2026-09-21 10:09:42,2026-09-21 11:46:42
511,PROD-511,Licuadora Reversible 2 Velocidades,Licuadora con motor reversible y vaso de vidrio resistente a choques térmicos,3829.78,59,1,2026-09-17 16:13:24,2026-09-17 16:50:24
512,PROD-512,Cámara Alpha 7 IV,Cámara mirrorless profesional de fotograma completo para foto y video,34284.01,9,1,2026-09-19 13:08:12,2026-09-19 13:29:12
513,PROD-513,Jeans 501 Original Fit,"Pantalón de mezclilla clásico de corte recto y ajuste cómodo (Talla S, Color Gris)",1627.17,88,1,2026-09-20 09:39:40,2026-09-20 11:09:40
514,PROD-514,Smartphone Xiaomi 14 Ultra 1TB,Smartphone de gama alta enfocado en fotografía profesional Leica - Color Blanco,2401.23,26,1,2026-09-18 17:17:34,2026-09-18 17:41:34
515,PROD-515,Polerón Adicolor Classics,"Sudadera clásica con el logotipo de las tres tiras (Talla L, Color Verde)",955.27,40,1,2026-09-18 01:19:34,2026-09-18 01:25:34
516,PROD-516,Polerón Adicolor Classics,"Sudadera clásica con el logotipo de las tres tiras (Talla XL, Color Blanco)",467.19,10,1,2026-09-20 01:37:55,2026-09-20 01:48:55
517,PROD-517,Polerón Adicolor Classics,"Sudadera clásica con el logotipo de las tres tiras (Talla XL, Color Blanco)",558.52,36,1,2026-09-18 12:14:12,2026-09-18 13:35:12
518,PROD-518,Camiseta Graphic Setin Neck,"Playera casual de algodón con estampado frontal (Talla S, Color Gris)",2037.48,70,1,2026-09-20 10:35:14,2026-09-20 12:29:14
519,PROD-519,Freidora XXL Airfryer,Freidora de aire de gran capacidad con tecnología de extracción de grasa,5278.18,32,1,2026-09-18 14:16:58,2026-09-18 15:03:58
520,PROD-520,Zapatillas Air Max 270,"Calzado deportivo con cápsula de aire visible para máxima comodidad (Talla XL, Color Negro)",916.09,69,1,2026-09-19 01:43:04,2026-09-19 02:11:04
521,PROD-521,Zapatillas Ultraboost Light,"Tenis de running con retorno de energía superior y ligereza (Talla M, Color Verde)",1785.06,20,1,2026-09-21 12:39:45,2026-09-21 13:23:45
522,PROD-522,Freidora XXL Airfryer,Freidora de aire de gran capacidad con tecnología de extracción de grasa,4607.37,32,1,2026-09-22 10:32:47,2026-09-22 11:38:47
523,PROD-523,Polerón Adicolor Classics,"Sudadera clásica con el logotipo de las tres tiras (Talla XL, Color Rojo)",2245.56,70,1,2026-09-19 06:52:51,2026-09-19 07:02:51
524,PROD-524,Zapatillas Ultraboost Light,"Tenis de running con retorno de energía superior y ligereza (Talla M, Color Negro)",2390.90,67,1,2026-09-18 12:32:05,2026-09-18 12:53:05
525,PROD-525,iPhone 16 128GB,Smartphone con pantalla Super Retina XDR y excelente duración de batería - Color Azul,3282.08,48,1,2026-09-20 02:45:58,2026-09-20 03:10:58
526,PROD-526,Cafetera Programable 12 Tazas,Cafetera de goteo con temporizador programable y jarra de vidrio,2359.94,54,1,2026-09-22 08:56:07,2026-09-22 09:04:07
527,PROD-527,Robot Aspiradora X10+,Aspiradora robótica con estación de vaciado automático y mapeo láser,14606.10,25,1,2026-09-19 03:34:55,2026-09-19 04:40:55
528,PROD-528,Camiseta Graphic Setin Neck,"Playera casual de algodón con estampado frontal (Talla S, Color Azul)",671.73,82,1,2026-09-21 00:58:53,2026-09-21 02:12:53
529,PROD-529,Smartphone Galaxy S26+ 512GB,Teléfono inteligente con procesador de última generación y batería de larga duración - Color Rojo,31744.82,31,1,2026-09-19 01:49:30,2026-09-19 02:38:30
530,PROD-530,Aspiradora Inalámbrica SpeedPro,Aspiradora escoba sin cable con cabezal de succión de 180 grados,684.74,25,1,2026-09-19 22:02:41,2026-09-19 22:20:41
531,PROD-531,Freidora XXL Airfryer,Freidora de aire de gran capacidad con tecnología de extracción de grasa,3408.02,29,1,2026-09-21 15:55:15,2026-09-21 16:25:15
532,PROD-532,Patinete Eléctrico Pro 4,Scooter eléctrico con gran autonomía para movilidad urbana,32344.61,6,1,2026-09-19 12:33:46,2026-09-19 14:17:46
533,PROD-533,Polera Sportswear Club Fleece,"Sudadera de felpa con capucha y ajuste estándar (Talla XL, Color Verde)",1822.43,39,1,2026-09-18 06:55:43,2026-09-18 07:33:43
534,PROD-534,Aspiradora Inalámbrica SpeedPro,Aspiradora escoba sin cable con cabezal de succión de 180 grados,2447.59,34,1,2026-09-21 03:27:50,2026-09-21 04:49:50
535,PROD-535,Audífonos AirPods Max,Audífonos de diadema inalámbricos con sonido de alta fidelidad,8004.36,31,1,2026-09-21 23:15:55,2026-09-22 00:17:55
536,PROD-536,Freidora XXL Airfryer,Freidora de aire de gran capacidad con tecnología de extracción de grasa,4316.05,18,1,2026-09-17 20:54:49,2026-09-17 21:33:49
537,PROD-537,Freidora XXL Airfryer,Freidora de aire de gran capacidad con tecnología de extracción de grasa,6331.92,41,1,2026-09-20 22:10:35,2026-09-20 22:13:35
538,PROD-538,MacBook Pro 16 M3 128GB,Computadora portátil profesional para edición de video y desarrollo - Color Blanco,1674.02,8,1,2026-09-19 15:50:27,2026-09-19 17:20:27
539,PROD-539,Cámara Alpha 7 IV,Cámara mirrorless profesional de fotograma completo para foto y video,29734.47,37,1,2026-09-19 21:09:59,2026-09-19 22:30:59
540,PROD-540,Smartphone Galaxy Z Fold 6 512GB,Teléfono plegable con pantalla gigante para productividad y multitarea - Color Azul,21588.55,16,1,2026-09-20 08:28:24,2026-09-20 09:43:24
541,PROD-541,Aspiradora Inalámbrica SpeedPro,Aspiradora escoba sin cable con cabezal de succión de 180 grados,1642.70,24,1,2026-09-22 00:25:58,2026-09-22 02:11:58
542,PROD-542,Freidora de Aire 4L,Freidora sin aceite para cocinar de manera saludable y rápida,608.62,11,1,2026-09-18 11:04:57,2026-09-18 12:53:57
543,PROD-543,Licuadora Reversible 2 Velocidades,Licuadora con motor reversible y vaso de vidrio resistente a choques térmicos,5320.09,51,1,2026-09-18 17:27:53,2026-09-18 18:01:53
544,PROD-544,Freidora XXL Airfryer,Freidora de aire de gran capacidad con tecnología de extracción de grasa,6971.19,57,1,2026-09-21 14:42:36,2026-09-21 14:43:36
545,PROD-545,Jeans 511 Slim Fit,"Pantalón de mezclilla ajustado de estilo moderno (Talla S, Color Blanco)",892.64,49,1,2026-09-21 19:09:28,2026-09-21 20:39:28
546,PROD-546,Aspiradora Inalámbrica SpeedPro,Aspiradora escoba sin cable con cabezal de succión de 180 grados,7205.67,30,1,2026-09-20 06:12:14,2026-09-20 06:44:14
547,PROD-547,Patinete Eléctrico Pro 4,Scooter eléctrico con gran autonomía para movilidad urbana,24540.46,44,1,2026-09-19 21:11:49,2026-09-19 22:25:49
548,PROD-548,Audífonos Galaxy Buds3 Pro,Audífonos inalámbricos con cancelación activa de ruido inteligente,35979.74,28,1,2026-09-20 21:07:32,2026-09-20 22:29:32
549,PROD-549,Aspiradora Inalámbrica SpeedPro,Aspiradora escoba sin cable con cabezal de succión de 180 grados,5601.54,38,1,2026-09-17 20:39:16,2026-09-17 21:22:16
550,PROD-550,Zapatillas Samba OG,"Tenis de estilo retro icónicos en cuero de primera calidad (Talla L, Color Gris)",1760.66,93,1,2026-09-19 06:52:19,2026-09-19 07:16:19
551,PROD-551,Smart TV OLED C3 65,Televisor inteligente ideal para videojuegos y películas con pánel OLED,32438.89,43,1,2026-09-19 22:12:30,2026-09-19 23:36:30
552,PROD-552,Zapatillas Ultraboost Light,"Tenis de running con retorno de energía superior y ligereza (Talla S, Color Verde)",1419.35,47,1,2026-09-19 01:08:21,2026-09-19 03:04:21
553,PROD-553,Pantalón de Buzo Tech Fleece,"Pantalón deportivo térmico con diseño estilizado (Talla S, Color Rojo)",1872.35,83,1,2026-09-22 10:11:53,2026-09-22 10:35:53
554,PROD-554,Polerón Adicolor Classics,"Sudadera clásica con el logotipo de las tres tiras (Talla M, Color Verde)",1499.47,70,1,2026-09-21 13:12:19,2026-09-21 13:57:19
555,PROD-555,Freidora XXL Airfryer,Freidora de aire de gran capacidad con tecnología de extracción de grasa,6788.85,43,1,2026-09-18 13:44:14,2026-09-18 14:21:14
556,PROD-556,Smartphone Xiaomi 14 Ultra 512GB,Smartphone de gama alta enfocado en fotografía profesional Leica - Color Verde,29196.21,16,1,2026-09-21 14:20:52,2026-09-21 16:15:52
557,PROD-557,Zapatillas Ultraboost Light,"Tenis de running con retorno de energía superior y ligereza (Talla M, Color Gris)",830.16,49,1,2026-09-20 00:35:35,2026-09-20 02:15:35
558,PROD-558,Polera Sportswear Club Fleece,"Sudadera de felpa con capucha y ajuste estándar (Talla L, Color Azul)",2180.11,70,1,2026-09-17 19:10:29,2026-09-17 21:00:29
559,PROD-559,Freidora de Aire 4L,Freidora sin aceite para cocinar de manera saludable y rápida,7159.64,40,1,2026-09-18 04:48:25,2026-09-18 06:39:25
560,PROD-560,Aspiradora Inalámbrica SpeedPro,Aspiradora escoba sin cable con cabezal de succión de 180 grados,3539.62,17,1,2026-09-18 07:21:45,2026-09-18 07:46:45
561,PROD-561,Zapatillas Running Pegasus 40,"Calzado de correr con amortiguación reactiva para entrenamiento (Talla XL, Color Blanco)",1030.22,33,1,2026-09-22 04:47:56,2026-09-22 04:57:56
562,PROD-562,Zapatillas Air Max 270,"Calzado deportivo con cápsula de aire visible para máxima comodidad (Talla L, Color Verde)",474.73,67,1,2026-09-19 03:11:34,2026-09-19 03:37:34
563,PROD-563,Smart TV OLED C3 65,Televisor inteligente ideal para videojuegos y películas con pánel OLED,17879.99,10,1,2026-09-18 06:12:12,2026-09-18 07:30:12
564,PROD-564,Zapatillas Samba OG,"Tenis de estilo retro icónicos en cuero de primera calidad (Talla XL, Color Azul)",2425.45,59,1,2026-09-17 12:02:14,2026-09-17 12:06:14
565,PROD-565,Cafetera Programable 12 Tazas,Cafetera de goteo con temporizador programable y jarra de vidrio,3235.57,8,1,2026-09-19 10:16:59,2026-09-19 11:52:59
566,PROD-566,Licuadora Reversible 2 Velocidades,Licuadora con motor reversible y vaso de vidrio resistente a choques térmicos,5543.29,48,1,2026-09-21 22:11:46,2026-09-21 22:42:46
567,PROD-567,Cámara Alpha 7 IV,Cámara mirrorless profesional de fotograma completo para foto y video,5077.04,29,1,2026-09-20 12:39:40,2026-09-20 13:54:40
568,PROD-568,Jeans 501 Original Fit,"Pantalón de mezclilla clásico de corte recto y ajuste cómodo (Talla S, Color Gris)",2389.20,68,1,2026-09-21 21:21:20,2026-09-21 22:27:20
569,PROD-569,Aspiradora Inalámbrica SpeedPro,Aspiradora escoba sin cable con cabezal de succión de 180 grados,7148.60,16,1,2026-09-19 13:16:17,2026-09-19 15:11:17
570,PROD-570,Zapatillas Air Max 270,"Calzado deportivo con cápsula de aire visible para máxima comodidad (Talla M, Color Azul)",391.12,38,1,2026-09-21 21:15:32,2026-09-21 21:31:32
571,PROD-571,Audífonos Galaxy Buds3 Pro,Audífonos inalámbricos con cancelación activa de ruido inteligente,6498.96,28,1,2026-09-21 18:55:13,2026-09-21 20:18:13
572,PROD-572,Patinete Eléctrico Pro 4,Scooter eléctrico con gran autonomía para movilidad urbana,27879.36,44,1,2026-09-17 18:26:00,2026-09-17 19:42:00
573,PROD-573,Smartphone Galaxy S26 Ultra 128GB,Smartphone de alta gama con cámara de 200MP y pantalla Dynamic AMOLED - Color Verde,4610.54,33,1,2026-09-19 18:44:09,2026-09-19 18:59:09
574,PROD-574,Aspiradora Inalámbrica SpeedPro,Aspiradora escoba sin cable con cabezal de succión de 180 grados,5734.20,21,1,2026-09-21 16:36:07,2026-09-21 18:03:07
575,PROD-575,Freidora de Aire 4L,Freidora sin aceite para cocinar de manera saludable y rápida,3598.62,14,1,2026-09-21 11:50:18,2026-09-21 12:56:18
576,PROD-576,Polerón Adicolor Classics,"Sudadera clásica con el logotipo de las tres tiras (Talla M, Color Azul)",2135.90,23,1,2026-09-20 13:51:44,2026-09-20 15:23:44
577,PROD-577,Freidora de Aire 4L,Freidora sin aceite para cocinar de manera saludable y rápida,1266.50,14,1,2026-09-20 11:50:45,2026-09-20 12:15:45
578,PROD-578,Freidora de Aire 4L,Freidora sin aceite para cocinar de manera saludable y rápida,6719.39,20,1,2026-09-19 15:29:01,2026-09-19 16:59:01
579,PROD-579,Zapatillas Air Max 270,"Calzado deportivo con cápsula de aire visible para máxima comodidad (Talla S, Color Rojo)",1417.16,36,1,2026-09-21 15:35:04,2026-09-21 17:34:04
580,PROD-580,Zapatillas Air Max 270,"Calzado deportivo con cápsula de aire visible para máxima comodidad (Talla S, Color Negro)",1794.01,24,1,2026-09-20 22:58:28,2026-09-21 00:23:28
581,PROD-581,Jeans 501 Original Fit,"Pantalón de mezclilla clásico de corte recto y ajuste cómodo (Talla S, Color Verde)",1905.69,42,1,2026-09-21 09:11:45,2026-09-21 09:40:45
582,PROD-582,Polera Sportswear Club Fleece,"Sudadera de felpa con capucha y ajuste estándar (Talla XL, Color Negro)",564.59,32,1,2026-09-17 17:06:07,2026-09-17 18:55:07
583,PROD-583,Polera Sportswear Club Fleece,"Sudadera de felpa con capucha y ajuste estándar (Talla XL, Color Verde)",599.19,15,1,2026-09-17 12:45:58,2026-09-17 14:34:58
584,PROD-584,iPad Pro 12.9,Tableta profesional con pantalla Liquid Retina XDR y chip M2,13192.22,33,1,2026-09-21 05:54:52,2026-09-21 06:28:52
585,PROD-585,Freidora de Aire 4L,Freidora sin aceite para cocinar de manera saludable y rápida,6593.73,19,1,2026-09-18 03:56:07,2026-09-18 04:47:07
586,PROD-586,Polera Sportswear Club Fleece,"Sudadera de felpa con capucha y ajuste estándar (Talla XL, Color Verde)",2178.94,63,1,2026-09-21 09:51:09,2026-09-21 11:44:09
587,PROD-587,Smartphone Galaxy S26 128GB,Smartphone compacto con pantalla fluida y excelente rendimiento - Color Blanco,4181.82,42,1,2026-09-20 09:39:07,2026-09-20 11:21:07
588,PROD-588,Freidora XXL Airfryer,Freidora de aire de gran capacidad con tecnología de extracción de grasa,5046.06,57,1,2026-09-19 15:34:56,2026-09-19 16:52:56
589,PROD-589,Audífonos AirPods Max,Audífonos de diadema inalámbricos con sonido de alta fidelidad,33174.13,12,1,2026-09-19 23:15:18,2026-09-20 00:11:18
590,PROD-590,Smartphone Galaxy Z Flip 6 512GB,Teléfono plegable compacto con pantalla exterior funcional - Color Negro,25512.17,48,1,2026-09-20 15:47:22,2026-09-20 17:25:22
591,PROD-591,Cafetera Programable 12 Tazas,Cafetera de goteo con temporizador programable y jarra de vidrio,7035.89,41,1,2026-09-20 15:32:23,2026-09-20 17:00:23
592,PROD-592,Freidora de Aire 4L,Freidora sin aceite para cocinar de manera saludable y rápida,5429.02,23,1,2026-09-20 09:32:36,2026-09-20 10:16:36
593,PROD-593,Freidora XXL Airfryer,Freidora de aire de gran capacidad con tecnología de extracción de grasa,6776.65,43,1,2026-09-21 04:37:10,2026-09-21 04:43:10
594,PROD-594,Audífonos AirPods Pro 2,Audífonos intrauditivos con cancelación de ruido de nivel superior,30634.02,36,1,2026-09-18 11:26:46,2026-09-18 11:35:46
595,PROD-595,Zapatillas Air Max 270,"Calzado deportivo con cápsula de aire visible para máxima comodidad (Talla L, Color Gris)",458.25,38,1,2026-09-20 19:31:45,2026-09-20 20:53:45
596,PROD-596,Zapatillas Air Max 270,"Calzado deportivo con cápsula de aire visible para máxima comodidad (Talla S, Color Azul)",1305.01,83,1,2026-09-20 04:36:59,2026-09-20 04:47:59
597,PROD-597,Polera Sportswear Club Fleece,"Sudadera de felpa con capucha y ajuste estándar (Talla S, Color Azul)",1952.26,12,1,2026-09-18 02:18:21,2026-09-18 03:09:21
598,PROD-598,Jeans 501 Original Fit,"Pantalón de mezclilla clásico de corte recto y ajuste cómodo (Talla S, Color Rojo)",2420.82,91,1,2026-09-19 07:43:04,2026-09-19 09:36:04
599,PROD-599,Cafetera Programable 12 Tazas,Cafetera de goteo con temporizador programable y jarra de vidrio,5503.21,29,1,2026-09-19 16:16:23,2026-09-19 18:01:23
600,PROD-600,Audífonos AirPods Max,Audífonos de diadema inalámbricos con sonido de alta fidelidad,12285.03,44,1,2026-09-21 02:43:54,2026-09-21 03:43:54
601,PROD-601,Aspiradora Inalámbrica SpeedPro,Aspiradora escoba sin cable con cabezal de succión de 180 grados,1266.58,56,1,2026-09-21 11:19:05,2026-09-21 11:47:05
602,PROD-602,Cámara Alpha 7 IV,Cámara mirrorless profesional de fotograma completo para foto y video,29960.88,23,1,2026-09-20 19:07:14,2026-09-20 20:13:14
603,PROD-603,Zapatillas Ultraboost Light,"Tenis de running con retorno de energía superior y ligereza (Talla S, Color Blanco)",1408.71,62,1,2026-09-18 02:56:05,2026-09-18 03:28:05
604,PROD-604,Licuadora Reversible 2 Velocidades,Licuadora con motor reversible y vaso de vidrio resistente a choques térmicos,1317.67,33,1,2026-09-18 18:45:17,2026-09-18 19:43:17
605,PROD-605,Consola PlayStation 5 Slim,Consola de videojuegos de última generación con almacenamiento SSD ultra rápido,27378.80,7,1,2026-09-21 07:34:47,2026-09-21 09:21:47
606,PROD-606,Freidora de Aire 4L,Freidora sin aceite para cocinar de manera saludable y rápida,3876.15,45,1,2026-09-20 12:47:11,2026-09-20 13:04:11
607,PROD-607,Jeans 501 Original Fit,"Pantalón de mezclilla clásico de corte recto y ajuste cómodo (Talla XL, Color Rojo)",1388.30,75,1,2026-09-22 05:06:38,2026-09-22 07:03:38
608,PROD-608,Smart TV OLED C3 65,Televisor inteligente ideal para videojuegos y películas con pánel OLED,26432.56,13,1,2026-09-18 02:26:19,2026-09-18 03:15:19
609,PROD-609,Aspiradora Inalámbrica SpeedPro,Aspiradora escoba sin cable con cabezal de succión de 180 grados,3581.85,46,1,2026-09-21 16:12:44,2026-09-21 17:49:44
610,PROD-610,Smart TV Bravia XR OLED 55,Televisor OLED con negros absolutos y procesador de imagen cognitivo,34707.57,23,1,2026-09-20 05:18:28,2026-09-20 07:01:28
611,PROD-611,Apple Watch Series 10,Reloj inteligente con sensores avanzados de salud y actividad física,21889.62,37,1,2026-09-19 06:53:23,2026-09-19 08:40:23
612,PROD-612,Freidora XXL Airfryer,Freidora de aire de gran capacidad con tecnología de extracción de grasa,1926.76,47,1,2026-09-21 19:23:50,2026-09-21 20:00:50
613,PROD-613,Freidora XXL Airfryer,Freidora de aire de gran capacidad con tecnología de extracción de grasa,7858.15,49,1,2026-09-18 13:15:12,2026-09-18 14:19:12
614,PROD-614,Freidora XXL Airfryer,Freidora de aire de gran capacidad con tecnología de extracción de grasa,6181.89,43,1,2026-09-20 09:18:59,2026-09-20 10:32:59
615,PROD-615,Aspiradora Inalámbrica SpeedPro,Aspiradora escoba sin cable con cabezal de succión de 180 grados,7068.83,35,1,2026-09-22 09:04:31,2026-09-22 09:05:31
616,PROD-616,Licuadora Reversible 2 Velocidades,Licuadora con motor reversible y vaso de vidrio resistente a choques térmicos,3294.61,11,1,2026-09-21 12:58:13,2026-09-21 13:05:13
617,PROD-617,Audífonos Bluetooth WH-1000XM5,Audífonos inalámbricos con la mejor cancelación de ruido del mercado,35415.40,48,1,2026-09-18 23:50:53,2026-09-19 00:08:53
618,PROD-618,Audífonos Bluetooth WH-1000XM5,Audífonos inalámbricos con la mejor cancelación de ruido del mercado,27252.59,7,1,2026-09-19 15:35:39,2026-09-19 17:19:39
619,PROD-619,Jeans 511 Slim Fit,"Pantalón de mezclilla ajustado de estilo moderno (Talla XL, Color Blanco)",1448.48,99,1,2026-09-19 05:14:52,2026-09-19 06:42:52
620,PROD-620,Freidora de Aire 4L,Freidora sin aceite para cocinar de manera saludable y rápida,3345.42,58,1,2026-09-21 15:08:22,2026-09-21 15:48:22
621,PROD-621,Licuadora Reversible 2 Velocidades,Licuadora con motor reversible y vaso de vidrio resistente a choques térmicos,6051.89,20,1,2026-09-21 05:44:00,2026-09-21 07:35:00
622,PROD-622,Chaqueta Camionera de Mezclilla,"Chaqueta clásica de mezclilla resistente para uso diario (Talla M, Color Verde)",2423.22,47,1,2026-09-20 04:43:15,2026-09-20 05:05:15
623,PROD-623,Licuadora Reversible 2 Velocidades,Licuadora con motor reversible y vaso de vidrio resistente a choques térmicos,7714.81,55,1,2026-09-20 14:11:30,2026-09-20 14:26:30
624,PROD-624,Camiseta Graphic Setin Neck,"Playera casual de algodón con estampado frontal (Talla L, Color Rojo)",918.12,30,1,2026-09-21 00:24:23,2026-09-21 02:12:23
625,PROD-625,Chaqueta Camionera de Mezclilla,"Chaqueta clásica de mezclilla resistente para uso diario (Talla XL, Color Verde)",2365.61,15,1,2026-09-18 09:44:31,2026-09-18 11:42:31
626,PROD-626,Zapatillas Ultraboost Light,"Tenis de running con retorno de energía superior y ligereza (Talla L, Color Azul)",2048.30,80,1,2026-09-19 15:30:26,2026-09-19 15:39:26
627,PROD-627,Freidora XXL Airfryer,Freidora de aire de gran capacidad con tecnología de extracción de grasa,7673.11,41,1,2026-09-17 21:17:11,2026-09-17 22:57:11
628,PROD-628,Freidora de Aire 4L,Freidora sin aceite para cocinar de manera saludable y rápida,4527.41,33,1,2026-09-18 00:44:52,2026-09-18 01:28:52
629,PROD-629,iPad Pro 12.9,Tableta profesional con pantalla Liquid Retina XDR y chip M2,12252.86,23,1,2026-09-18 19:10:15,2026-09-18 20:46:15
630,PROD-630,Freidora XXL Airfryer,Freidora de aire de gran capacidad con tecnología de extracción de grasa,1271.89,30,1,2026-09-20 04:15:44,2026-09-20 04:45:44
631,PROD-631,Licuadora Reversible 2 Velocidades,Licuadora con motor reversible y vaso de vidrio resistente a choques térmicos,5587.39,28,1,2026-09-19 18:53:56,2026-09-19 20:50:56
632,PROD-632,Patinete Eléctrico Pro 4,Scooter eléctrico con gran autonomía para movilidad urbana,19678.42,23,1,2026-09-17 14:57:19,2026-09-17 16:53:19
633,PROD-633,Aspiradora Inalámbrica SpeedPro,Aspiradora escoba sin cable con cabezal de succión de 180 grados,4099.72,26,1,2026-09-21 10:14:35,2026-09-21 10:38:35
634,PROD-634,Zapatillas Ultraboost Light,"Tenis de running con retorno de energía superior y ligereza (Talla S, Color Blanco)",2439.00,78,1,2026-09-20 17:00:40,2026-09-20 17:00:40
635,PROD-635,Licuadora Reversible 2 Velocidades,Licuadora con motor reversible y vaso de vidrio resistente a choques térmicos,5494.55,57,1,2026-09-18 18:24:12,2026-09-18 20:14:12
636,PROD-636,Freidora XXL Airfryer,Freidora de aire de gran capacidad con tecnología de extracción de grasa,1962.40,52,1,2026-09-21 23:19:41,2026-09-22 00:58:41
637,PROD-637,Zapatillas Ultraboost Light,"Tenis de running con retorno de energía superior y ligereza (Talla M, Color Negro)",1337.33,52,1,2026-09-17 16:52:30,2026-09-17 17:03:30
638,PROD-638,Smartphone Galaxy S26 512GB,Smartphone compacto con pantalla fluida y excelente rendimiento - Color Rojo,3000.69,19,1,2026-09-19 01:01:33,2026-09-19 01:53:33
639,PROD-639,Pantalón de Buzo Tech Fleece,"Pantalón deportivo térmico con diseño estilizado (Talla XL, Color Gris)",386.32,96,1,2026-09-18 04:35:13,2026-09-18 05:43:13
640,PROD-640,Smart TV OLED C3 65,Televisor inteligente ideal para videojuegos y películas con pánel OLED,27336.60,42,1,2026-09-17 17:59:10,2026-09-17 19:28:10
641,PROD-641,Parlante Portátil SRS-XG300,Bocina inalámbrica portátil resistente al agua con graves potentes,4267.81,48,1,2026-09-19 07:14:41,2026-09-19 08:31:41
642,PROD-642,Smart TV Bravia XR OLED 55,Televisor OLED con negros absolutos y procesador de imagen cognitivo,14040.18,47,1,2026-09-17 15:50:45,2026-09-17 16:50:45
643,PROD-643,Smart TV OLED C3 65,Televisor inteligente ideal para videojuegos y películas con pánel OLED,5341.54,30,1,2026-09-22 07:23:44,2026-09-22 09:05:44
644,PROD-644,Freidora XXL Airfryer,Freidora de aire de gran capacidad con tecnología de extracción de grasa,2665.23,58,1,2026-09-21 21:34:23,2026-09-21 22:56:23
645,PROD-645,Jeans 511 Slim Fit,"Pantalón de mezclilla ajustado de estilo moderno (Talla S, Color Negro)",360.81,86,1,2026-09-19 20:44:59,2026-09-19 21:52:59
646,PROD-646,Freidora de Aire 4L,Freidora sin aceite para cocinar de manera saludable y rápida,1996.40,55,1,2026-09-21 21:04:47,2026-09-21 21:48:47
647,PROD-647,Robot Aspiradora X10+,Aspiradora robótica con estación de vaciado automático y mapeo láser,5557.16,16,1,2026-09-18 19:30:43,2026-09-18 20:48:43
648,PROD-648,Jeans 501 Original Fit,"Pantalón de mezclilla clásico de corte recto y ajuste cómodo (Talla M, Color Verde)",2069.27,16,1,2026-09-22 00:44:09,2026-09-22 02:43:09
649,PROD-649,Freidora XXL Airfryer,Freidora de aire de gran capacidad con tecnología de extracción de grasa,2608.96,12,1,2026-09-18 23:51:59,2026-09-19 00:03:59
650,PROD-650,Monitor UltraGear 27,Monitor de alta frecuencia de actualización para juegos competitivos,34279.67,27,1,2026-09-18 06:01:48,2026-09-18 07:26:48
651,PROD-651,Licuadora Reversible 2 Velocidades,Licuadora con motor reversible y vaso de vidrio resistente a choques térmicos,2567.04,12,1,2026-09-18 15:32:15,2026-09-18 16:12:15
652,PROD-652,Polera Sportswear Club Fleece,"Sudadera de felpa con capucha y ajuste estándar (Talla L, Color Verde)",1605.97,82,1,2026-09-20 21:54:45,2026-09-20 22:40:45
653,PROD-653,Zapatillas Air Max 270,"Calzado deportivo con cápsula de aire visible para máxima comodidad (Talla S, Color Gris)",879.28,38,1,2026-09-21 19:04:44,2026-09-21 20:38:44
654,PROD-654,Aspiradora Inalámbrica SpeedPro,Aspiradora escoba sin cable con cabezal de succión de 180 grados,6784.84,16,1,2026-09-21 14:19:42,2026-09-21 15:52:42
655,PROD-655,Pantalón de Buzo Tech Fleece,"Pantalón deportivo térmico con diseño estilizado (Talla XL, Color Gris)",2015.75,72,1,2026-09-20 19:42:01,2026-09-20 19:55:01
656,PROD-656,Smart TV OLED C3 65,Televisor inteligente ideal para videojuegos y películas con pánel OLED,30383.65,13,1,2026-09-20 17:47:57,2026-09-20 18:12:57
657,PROD-657,Polerón Adicolor Classics,"Sudadera clásica con el logotipo de las tres tiras (Talla S, Color Verde)",512.11,12,1,2026-09-20 13:13:14,2026-09-20 14:33:14
658,PROD-658,Refrigeradora InstaView,Refrigerador inteligente con panel de cristal panorámico,14882.27,42,1,2026-09-18 18:20:34,2026-09-18 20:16:34
659,PROD-659,Monitor UltraGear 27,Monitor de alta frecuencia de actualización para juegos competitivos,19793.16,39,1,2026-09-20 08:06:45,2026-09-20 09:29:45
660,PROD-660,Smart TV Bravia XR OLED 55,Televisor OLED con negros absolutos y procesador de imagen cognitivo,8427.39,42,1,2026-09-21 22:08:29,2026-09-21 23:57:29
661,PROD-661,Camiseta Graphic Setin Neck,"Playera casual de algodón con estampado frontal (Talla S, Color Azul)",1132.31,11,1,2026-09-21 11:52:01,2026-09-21 12:22:01
662,PROD-662,Cafetera Programable 12 Tazas,Cafetera de goteo con temporizador programable y jarra de vidrio,1466.82,18,1,2026-09-18 13:26:50,2026-09-18 14:38:50
663,PROD-663,Cafetera Programable 12 Tazas,Cafetera de goteo con temporizador programable y jarra de vidrio,5963.23,30,1,2026-09-17 17:14:38,2026-09-17 17:42:38
664,PROD-664,Jeans 501 Original Fit,"Pantalón de mezclilla clásico de corte recto y ajuste cómodo (Talla L, Color Gris)",853.14,95,1,2026-09-18 17:28:16,2026-09-18 18:34:16
665,PROD-665,Pantalón de Buzo Tech Fleece,"Pantalón deportivo térmico con diseño estilizado (Talla XL, Color Negro)",435.80,93,1,2026-09-19 10:33:13,2026-09-19 10:46:13
666,PROD-666,Aspiradora Inalámbrica SpeedPro,Aspiradora escoba sin cable con cabezal de succión de 180 grados,4797.60,44,1,2026-09-18 12:40:34,2026-09-18 13:28:34
667,PROD-667,Aspiradora Inalámbrica SpeedPro,Aspiradora escoba sin cable con cabezal de succión de 180 grados,4866.36,12,1,2026-09-20 14:36:07,2026-09-20 15:08:07
668,PROD-668,Camiseta Graphic Setin Neck,"Playera casual de algodón con estampado frontal (Talla L, Color Gris)",1396.75,71,1,2026-09-21 03:21:07,2026-09-21 03:21:07
669,PROD-669,Freidora de Aire 4L,Freidora sin aceite para cocinar de manera saludable y rápida,1658.60,12,1,2026-09-20 14:17:34,2026-09-20 15:39:34
670,PROD-670,Jeans 511 Slim Fit,"Pantalón de mezclilla ajustado de estilo moderno (Talla M, Color Blanco)",1128.78,25,1,2026-09-21 11:38:18,2026-09-21 12:07:18
671,PROD-671,Zapatillas Air Force 1 '07,"Tenis clásicos de cuero blanco para uso urbano y casual (Talla XL, Color Verde)",1379.45,36,1,2026-09-21 01:23:51,2026-09-21 01:43:51
672,PROD-672,Freidora XXL Airfryer,Freidora de aire de gran capacidad con tecnología de extracción de grasa,2251.89,16,1,2026-09-20 22:52:39,2026-09-21 00:07:39
673,PROD-673,Audífonos AirPods Pro 2,Audífonos intrauditivos con cancelación de ruido de nivel superior,1891.28,41,1,2026-09-18 08:44:46,2026-09-18 08:51:46
674,PROD-674,Audífonos Bluetooth WH-1000XM5,Audífonos inalámbricos con la mejor cancelación de ruido del mercado,18840.74,30,1,2026-09-21 02:38:42,2026-09-21 03:50:42
675,PROD-675,Cafetera Programable 12 Tazas,Cafetera de goteo con temporizador programable y jarra de vidrio,5932.60,60,1,2026-09-19 04:38:18,2026-09-19 04:48:18
676,PROD-676,Robot Aspiradora X10+,Aspiradora robótica con estación de vaciado automático y mapeo láser,35743.54,35,1,2026-09-18 12:11:53,2026-09-18 12:39:53
677,PROD-677,Zapatillas Ultraboost Light,"Tenis de running con retorno de energía superior y ligereza (Talla M, Color Rojo)",1768.24,43,1,2026-09-18 11:47:01,2026-09-18 13:19:01
678,PROD-678,Aspiradora Inalámbrica SpeedPro,Aspiradora escoba sin cable con cabezal de succión de 180 grados,4933.65,12,1,2026-09-18 20:49:35,2026-09-18 21:37:35
679,PROD-679,Jeans 501 Original Fit,"Pantalón de mezclilla clásico de corte recto y ajuste cómodo (Talla S, Color Blanco)",1473.83,74,1,2026-09-21 15:01:32,2026-09-21 15:54:32
680,PROD-680,Smart TV OLED C3 65,Televisor inteligente ideal para videojuegos y películas con pánel OLED,6798.49,44,1,2026-09-21 02:42:42,2026-09-21 02:46:42
681,PROD-681,Licuadora Reversible 2 Velocidades,Licuadora con motor reversible y vaso de vidrio resistente a choques térmicos,4065.03,16,1,2026-09-21 03:14:41,2026-09-21 04:23:41
682,PROD-682,Robot Aspiradora X10+,Aspiradora robótica con estación de vaciado automático y mapeo láser,15434.28,7,1,2026-09-21 16:57:32,2026-09-21 18:04:32
683,PROD-683,Camiseta Graphic Setin Neck,"Playera casual de algodón con estampado frontal (Talla XL, Color Gris)",1616.45,99,1,2026-09-20 23:15:40,2026-09-20 23:27:40
684,PROD-684,Chaqueta Camionera de Mezclilla,"Chaqueta clásica de mezclilla resistente para uso diario (Talla XL, Color Blanco)",2306.68,20,1,2026-09-19 04:36:40,2026-09-19 05:52:40
685,PROD-685,Aspiradora Inalámbrica SpeedPro,Aspiradora escoba sin cable con cabezal de succión de 180 grados,1836.56,53,1,2026-09-21 23:39:31,2026-09-22 01:20:31
686,PROD-686,Refrigeradora InstaView,Refrigerador inteligente con panel de cristal panorámico,4682.92,5,1,2026-09-19 17:58:30,2026-09-19 19:21:30
687,PROD-687,Smart TV Bravia XR OLED 55,Televisor OLED con negros absolutos y procesador de imagen cognitivo,13360.58,14,1,2026-09-20 01:24:31,2026-09-20 02:47:31
688,PROD-688,Aspiradora Inalámbrica SpeedPro,Aspiradora escoba sin cable con cabezal de succión de 180 grados,6897.82,35,1,2026-09-20 21:35:36,2026-09-20 22:21:36
689,PROD-689,Aspiradora Inalámbrica SpeedPro,Aspiradora escoba sin cable con cabezal de succión de 180 grados,6137.79,34,1,2026-09-20 19:45:48,2026-09-20 21:25:48
690,PROD-690,Freidora XXL Airfryer,Freidora de aire de gran capacidad con tecnología de extracción de grasa,3213.62,43,1,2026-09-20 09:48:36,2026-09-20 10:20:36
691,PROD-691,Zapatillas Samba OG,"Tenis de estilo retro icónicos en cuero de primera calidad (Talla XL, Color Verde)",646.85,94,1,2026-09-18 04:42:02,2026-09-18 06:17:02
692,PROD-692,Smartphone Xiaomi 14 Ultra 128GB,Smartphone de gama alta enfocado en fotografía profesional Leica - Color Blanco,18546.20,26,1,2026-09-22 07:59:25,2026-09-22 09:09:25
693,PROD-693,Licuadora Reversible 2 Velocidades,Licuadora con motor reversible y vaso de vidrio resistente a choques térmicos,3357.19,48,1,2026-09-17 12:07:40,2026-09-17 13:49:40
694,PROD-694,Audífonos AirPods Max,Audífonos de diadema inalámbricos con sonido de alta fidelidad,33368.09,32,1,2026-09-18 00:11:38,2026-09-18 00:19:38
695,PROD-695,Chaqueta Camionera de Mezclilla,"Chaqueta clásica de mezclilla resistente para uso diario (Talla S, Color Rojo)",431.17,59,1,2026-09-19 21:42:20,2026-09-19 23:00:20
696,PROD-696,Freidora XXL Airfryer,Freidora de aire de gran capacidad con tecnología de extracción de grasa,7587.44,60,1,2026-09-18 12:52:59,2026-09-18 14:13:59
697,PROD-697,Zapatillas Air Force 1 '07,"Tenis clásicos de cuero blanco para uso urbano y casual (Talla M, Color Verde)",2351.13,76,1,2026-09-19 05:00:36,2026-09-19 05:24:36
698,PROD-698,Refrigeradora InstaView,Refrigerador inteligente con panel de cristal panorámico,18811.38,19,1,2026-09-21 04:57:03,2026-09-21 05:18:03
699,PROD-699,Freidora de Aire 4L,Freidora sin aceite para cocinar de manera saludable y rápida,2218.35,8,1,2026-09-18 10:17:13,2026-09-18 10:28:13
700,PROD-700,Polera Sportswear Club Fleece,"Sudadera de felpa con capucha y ajuste estándar (Talla XL, Color Azul)",1610.07,76,1,2026-09-17 13:35:43,2026-09-17 15:09:43
701,PROD-701,Licuadora Reversible 2 Velocidades,Licuadora con motor reversible y vaso de vidrio resistente a choques térmicos,4576.90,54,1,2026-09-20 20:47:03,2026-09-20 22:44:03
702,PROD-702,Aspiradora Inalámbrica SpeedPro,Aspiradora escoba sin cable con cabezal de succión de 180 grados,7720.99,25,1,2026-09-18 20:18:51,2026-09-18 21:35:51
703,PROD-703,Smart Band 8,Pulsera de actividad física con seguimiento del sueño y deporte,20909.19,21,1,2026-09-18 12:50:55,2026-09-18 13:42:55
704,PROD-704,Cafetera Programable 12 Tazas,Cafetera de goteo con temporizador programable y jarra de vidrio,950.13,26,1,2026-09-19 12:52:07,2026-09-19 13:06:07
705,PROD-705,Aspiradora Inalámbrica SpeedPro,Aspiradora escoba sin cable con cabezal de succión de 180 grados,5675.86,32,1,2026-09-20 21:22:29,2026-09-20 22:23:29
706,PROD-706,Smart TV Bravia XR OLED 55,Televisor OLED con negros absolutos y procesador de imagen cognitivo,24696.61,42,1,2026-09-17 15:20:26,2026-09-17 16:21:26
707,PROD-707,Consola PlayStation 5 Slim,Consola de videojuegos de última generación con almacenamiento SSD ultra rápido,14084.90,19,1,2026-09-21 13:56:24,2026-09-21 15:25:24
708,PROD-708,Smart TV Bravia XR OLED 55,Televisor OLED con negros absolutos y procesador de imagen cognitivo,34418.32,38,1,2026-09-20 17:22:02,2026-09-20 17:23:02
709,PROD-709,Freidora XXL Airfryer,Freidora de aire de gran capacidad con tecnología de extracción de grasa,2583.40,33,1,2026-09-21 13:28:18,2026-09-21 15:03:18
710,PROD-710,Jeans 511 Slim Fit,"Pantalón de mezclilla ajustado de estilo moderno (Talla XL, Color Gris)",1110.11,83,1,2026-09-19 02:32:40,2026-09-19 02:55:40
711,PROD-711,Freidora de Aire 4L,Freidora sin aceite para cocinar de manera saludable y rápida,6002.05,23,1,2026-09-21 22:27:43,2026-09-21 22:57:43
712,PROD-712,Jeans 511 Slim Fit,"Pantalón de mezclilla ajustado de estilo moderno (Talla M, Color Blanco)",2148.12,55,1,2026-09-18 10:04:33,2026-09-18 11:43:33
713,PROD-713,Smartphone Galaxy S26+ 1TB,Teléfono inteligente con procesador de última generación y batería de larga duración - Color Rojo,735.14,39,1,2026-09-17 17:30:45,2026-09-17 19:18:45
714,PROD-714,Zapatillas Running Pegasus 40,"Calzado de correr con amortiguación reactiva para entrenamiento (Talla L, Color Azul)",2280.96,83,1,2026-09-19 03:22:06,2026-09-19 04:24:06
715,PROD-715,Monitor UltraGear 27,Monitor de alta frecuencia de actualización para juegos competitivos,14624.72,41,1,2026-09-18 06:02:04,2026-09-18 06:08:04
716,PROD-716,Aspiradora Inalámbrica SpeedPro,Aspiradora escoba sin cable con cabezal de succión de 180 grados,7541.37,10,1,2026-09-20 12:32:08,2026-09-20 13:16:08
717,PROD-717,Zapatillas Ultraboost Light,"Tenis de running con retorno de energía superior y ligereza (Talla XL, Color Negro)",1851.23,68,1,2026-09-19 09:19:39,2026-09-19 10:47:39
718,PROD-718,Smartphone Galaxy Z Fold 6 1TB,Teléfono plegable con pantalla gigante para productividad y multitarea - Color Rojo,4076.55,28,1,2026-09-21 04:35:59,2026-09-21 06:25:59
719,PROD-719,Chaqueta Camionera de Mezclilla,"Chaqueta clásica de mezclilla resistente para uso diario (Talla M, Color Gris)",1363.39,88,1,2026-09-19 13:19:28,2026-09-19 14:05:28
720,PROD-720,Smart Band 8,Pulsera de actividad física con seguimiento del sueño y deporte,7973.90,49,1,2026-09-22 00:54:14,2026-09-22 01:41:14
721,PROD-721,Polera Sportswear Club Fleece,"Sudadera de felpa con capucha y ajuste estándar (Talla XL, Color Blanco)",1578.53,83,1,2026-09-21 15:15:54,2026-09-21 15:44:54
722,PROD-722,Audífonos Bluetooth WH-1000XM5,Audífonos inalámbricos con la mejor cancelación de ruido del mercado,20214.57,29,1,2026-09-18 15:54:40,2026-09-18 16:12:40
723,PROD-723,Freidora de Aire 4L,Freidora sin aceite para cocinar de manera saludable y rápida,6523.08,19,1,2026-09-20 00:44:45,2026-09-20 01:47:45
724,PROD-724,Refrigeradora InstaView,Refrigerador inteligente con panel de cristal panorámico,26079.89,36,1,2026-09-19 07:03:11,2026-09-19 07:35:11
725,PROD-725,Freidora de Aire 4L,Freidora sin aceite para cocinar de manera saludable y rápida,1152.21,18,1,2026-09-17 20:06:03,2026-09-17 20:33:03
726,PROD-726,Zapatillas Air Force 1 '07,"Tenis clásicos de cuero blanco para uso urbano y casual (Talla XL, Color Verde)",1069.51,56,1,2026-09-19 15:49:51,2026-09-19 17:00:51
727,PROD-727,Aspiradora Inalámbrica SpeedPro,Aspiradora escoba sin cable con cabezal de succión de 180 grados,550.75,15,1,2026-09-19 14:29:19,2026-09-19 16:20:19
728,PROD-728,Cafetera Programable 12 Tazas,Cafetera de goteo con temporizador programable y jarra de vidrio,4776.80,49,1,2026-09-20 17:46:23,2026-09-20 18:08:23
729,PROD-729,Polera Sportswear Club Fleece,"Sudadera de felpa con capucha y ajuste estándar (Talla XL, Color Verde)",1310.90,20,1,2026-09-19 18:51:17,2026-09-19 20:09:17
730,PROD-730,Zapatillas Air Max 270,"Calzado deportivo con cápsula de aire visible para máxima comodidad (Talla M, Color Verde)",2086.59,53,1,2026-09-20 00:47:20,2026-09-20 02:07:20
731,PROD-731,Freidora XXL Airfryer,Freidora de aire de gran capacidad con tecnología de extracción de grasa,1001.25,29,1,2026-09-18 20:35:38,2026-09-18 21:15:38
732,PROD-732,Zapatillas Samba OG,"Tenis de estilo retro icónicos en cuero de primera calidad (Talla L, Color Rojo)",1735.99,44,1,2026-09-20 04:09:01,2026-09-20 05:48:01
733,PROD-733,Polerón Adicolor Classics,"Sudadera clásica con el logotipo de las tres tiras (Talla XL, Color Azul)",709.73,12,1,2026-09-18 05:34:03,2026-09-18 07:07:03
734,PROD-734,Barra de Sonido HT-A7000,Sistema de audio para cine en casa con soporte Dolby Atmos,25374.74,10,1,2026-09-18 18:01:27,2026-09-18 18:22:27
735,PROD-735,Jeans 501 Original Fit,"Pantalón de mezclilla clásico de corte recto y ajuste cómodo (Talla S, Color Azul)",1529.13,13,1,2026-09-22 03:37:58,2026-09-22 04:27:58
736,PROD-736,Licuadora Reversible 2 Velocidades,Licuadora con motor reversible y vaso de vidrio resistente a choques térmicos,2394.64,17,1,2026-09-17 23:38:10,2026-09-18 01:01:10
737,PROD-737,Zapatillas Air Max 270,"Calzado deportivo con cápsula de aire visible para máxima comodidad (Talla M, Color Verde)",960.98,90,1,2026-09-18 05:46:03,2026-09-18 06:02:03
738,PROD-738,Licuadora Reversible 2 Velocidades,Licuadora con motor reversible y vaso de vidrio resistente a choques térmicos,667.18,30,1,2026-09-19 10:43:06,2026-09-19 12:33:06
739,PROD-739,Zapatillas Running Pegasus 40,"Calzado de correr con amortiguación reactiva para entrenamiento (Talla L, Color Rojo)",1306.42,99,1,2026-09-20 17:53:49,2026-09-20 18:15:49
740,PROD-740,Aspiradora Inalámbrica SpeedPro,Aspiradora escoba sin cable con cabezal de succión de 180 grados,4378.29,48,1,2026-09-20 17:05:43,2026-09-20 17:44:43
741,PROD-741,Zapatillas Running Pegasus 40,"Calzado de correr con amortiguación reactiva para entrenamiento (Talla M, Color Negro)",1300.00,56,1,2026-09-19 23:23:20,2026-09-19 23:56:20
742,PROD-742,Consola PlayStation 5 Slim,Consola de videojuegos de última generación con almacenamiento SSD ultra rápido,503.28,13,1,2026-09-19 13:26:21,2026-09-19 14:02:21
743,PROD-743,Zapatillas Ultraboost Light,"Tenis de running con retorno de energía superior y ligereza (Talla XL, Color Azul)",994.16,65,1,2026-09-22 07:34:10,2026-09-22 08:11:10
744,PROD-744,Licuadora Reversible 2 Velocidades,Licuadora con motor reversible y vaso de vidrio resistente a choques térmicos,4566.41,20,1,2026-09-19 23:19:15,2026-09-20 01:11:15
745,PROD-745,Aspiradora Inalámbrica SpeedPro,Aspiradora escoba sin cable con cabezal de succión de 180 grados,2299.21,53,1,2026-09-21 22:42:29,2026-09-22 00:04:29
746,PROD-746,Zapatillas Air Max 270,"Calzado deportivo con cápsula de aire visible para máxima comodidad (Talla L, Color Negro)",1257.81,40,1,2026-09-20 14:35:39,2026-09-20 16:12:39
747,PROD-747,Aspiradora Inalámbrica SpeedPro,Aspiradora escoba sin cable con cabezal de succión de 180 grados,5328.27,42,1,2026-09-22 09:08:55,2026-09-22 09:42:55
748,PROD-748,Jeans 501 Original Fit,"Pantalón de mezclilla clásico de corte recto y ajuste cómodo (Talla M, Color Blanco)",972.63,91,1,2026-09-20 05:40:17,2026-09-20 06:59:17
749,PROD-749,Zapatillas Running Pegasus 40,"Calzado de correr con amortiguación reactiva para entrenamiento (Talla XL, Color Blanco)",1039.38,29,1,2026-09-17 18:35:08,2026-09-17 19:43:08
750,PROD-750,iPhone 16 Pro 512GB,Teléfono inteligente premium con chip de alto rendimiento y triple cámara - Color Gris,4938.89,33,1,2026-09-21 21:15:00,2026-09-21 21:16:00
751,PROD-751,Smartphone Galaxy S26 128GB,Smartphone compacto con pantalla fluida y excelente rendimiento - Color Azul,8210.18,31,1,2026-09-19 08:44:02,2026-09-19 10:24:02
752,PROD-752,Pantalón de Buzo Tech Fleece,"Pantalón deportivo térmico con diseño estilizado (Talla S, Color Gris)",522.48,28,1,2026-09-17 19:31:07,2026-09-17 20:05:07
753,PROD-753,Camiseta Graphic Setin Neck,"Playera casual de algodón con estampado frontal (Talla M, Color Blanco)",2275.75,42,1,2026-09-22 10:22:41,2026-09-22 11:10:41
754,PROD-754,Smartphone Galaxy Z Fold 6 1TB,Teléfono plegable con pantalla gigante para productividad y multitarea - Color Azul,9274.26,7,1,2026-09-18 16:21:54,2026-09-18 17:19:54
755,PROD-755,Cafetera Programable 12 Tazas,Cafetera de goteo con temporizador programable y jarra de vidrio,5461.66,21,1,2026-09-20 08:13:03,2026-09-20 09:02:03
756,PROD-756,Aspiradora Inalámbrica SpeedPro,Aspiradora escoba sin cable con cabezal de succión de 180 grados,1605.45,54,1,2026-09-17 17:30:04,2026-09-17 19:05:04
757,PROD-757,Freidora de Aire 4L,Freidora sin aceite para cocinar de manera saludable y rápida,4057.34,27,1,2026-09-18 16:17:55,2026-09-18 17:03:55
758,PROD-758,iPhone 16 Pro 256GB,Teléfono inteligente premium con chip de alto rendimiento y triple cámara - Color Verde,15912.74,5,1,2026-09-18 11:43:52,2026-09-18 13:24:52
759,PROD-759,Zapatillas Ultraboost Light,"Tenis de running con retorno de energía superior y ligereza (Talla XL, Color Blanco)",369.20,15,1,2026-09-20 23:58:58,2026-09-21 01:38:58
760,PROD-760,Freidora XXL Airfryer,Freidora de aire de gran capacidad con tecnología de extracción de grasa,3222.63,13,1,2026-09-18 23:34:49,2026-09-18 23:54:49
761,PROD-761,Chaqueta Camionera de Mezclilla,"Chaqueta clásica de mezclilla resistente para uso diario (Talla S, Color Negro)",1114.36,29,1,2026-09-21 17:29:44,2026-09-21 18:37:44
762,PROD-762,Audífonos AirPods Max,Audífonos de diadema inalámbricos con sonido de alta fidelidad,8759.95,40,1,2026-09-22 06:12:00,2026-09-22 07:34:00
763,PROD-763,Zapatillas Air Max 270,"Calzado deportivo con cápsula de aire visible para máxima comodidad (Talla S, Color Verde)",1162.20,27,1,2026-09-18 23:52:04,2026-09-19 01:47:04
764,PROD-764,Smart Band 8,Pulsera de actividad física con seguimiento del sueño y deporte,20345.38,39,1,2026-09-21 16:52:15,2026-09-21 17:54:15
765,PROD-765,Smart TV OLED C3 65,Televisor inteligente ideal para videojuegos y películas con pánel OLED,19798.53,25,1,2026-09-21 22:01:16,2026-09-21 23:00:16
766,PROD-766,Polerón Adicolor Classics,"Sudadera clásica con el logotipo de las tres tiras (Talla M, Color Negro)",1491.95,67,1,2026-09-19 06:25:04,2026-09-19 08:09:04
767,PROD-767,Zapatillas Samba OG,"Tenis de estilo retro icónicos en cuero de primera calidad (Talla XL, Color Negro)",2018.22,74,1,2026-09-19 18:33:34,2026-09-19 20:06:34
768,PROD-768,Tablet Galaxy Tab S9 256GB,"Tableta de alto rendimiento para diseño, trabajo y entretenimiento - Color Gris",26095.63,47,1,2026-09-20 17:50:55,2026-09-20 19:34:55
769,PROD-769,Camiseta Graphic Setin Neck,"Playera casual de algodón con estampado frontal (Talla M, Color Rojo)",958.73,62,1,2026-09-21 08:41:45,2026-09-21 09:22:45
770,PROD-770,Audífonos Galaxy Buds3 Pro,Audífonos inalámbricos con cancelación activa de ruido inteligente,23890.63,7,1,2026-09-18 06:15:26,2026-09-18 06:37:26
771,PROD-771,iPhone 16 Pro 1TB,Teléfono inteligente premium con chip de alto rendimiento y triple cámara - Color Blanco,4005.75,41,1,2026-09-21 08:49:09,2026-09-21 10:36:09
772,PROD-772,Zapatillas Samba OG,"Tenis de estilo retro icónicos en cuero de primera calidad (Talla L, Color Negro)",1137.66,87,1,2026-09-21 19:54:04,2026-09-21 20:03:04
773,PROD-773,Audífonos AirPods Max,Audífonos de diadema inalámbricos con sonido de alta fidelidad,33458.33,10,1,2026-09-20 07:31:24,2026-09-20 09:13:24
774,PROD-774,Freidora de Aire 4L,Freidora sin aceite para cocinar de manera saludable y rápida,4640.95,34,1,2026-09-22 11:04:25,2026-09-22 11:51:25
775,PROD-775,Cafetera Programable 12 Tazas,Cafetera de goteo con temporizador programable y jarra de vidrio,2420.20,10,1,2026-09-21 22:17:51,2026-09-21 22:26:51
776,PROD-776,Jeans 511 Slim Fit,"Pantalón de mezclilla ajustado de estilo moderno (Talla S, Color Negro)",1909.12,78,1,2026-09-19 19:28:31,2026-09-19 19:52:31
777,PROD-777,Refrigeradora InstaView,Refrigerador inteligente con panel de cristal panorámico,9331.09,45,1,2026-09-18 13:24:41,2026-09-18 14:35:41
778,PROD-778,Freidora XXL Airfryer,Freidora de aire de gran capacidad con tecnología de extracción de grasa,6223.75,44,1,2026-09-19 15:29:22,2026-09-19 16:55:22
779,PROD-779,Polerón Adicolor Classics,"Sudadera clásica con el logotipo de las tres tiras (Talla XL, Color Negro)",708.64,33,1,2026-09-20 19:27:07,2026-09-20 20:18:07
780,PROD-780,Freidora XXL Airfryer,Freidora de aire de gran capacidad con tecnología de extracción de grasa,4457.64,46,1,2026-09-20 03:52:32,2026-09-20 05:51:32
781,PROD-781,Zapatillas Running Pegasus 40,"Calzado de correr con amortiguación reactiva para entrenamiento (Talla L, Color Gris)",1236.54,91,1,2026-09-20 02:03:59,2026-09-20 03:48:59
782,PROD-782,Freidora XXL Airfryer,Freidora de aire de gran capacidad con tecnología de extracción de grasa,4679.90,21,1,2026-09-19 17:58:48,2026-09-19 19:36:48
783,PROD-783,Aspiradora Inalámbrica SpeedPro,Aspiradora escoba sin cable con cabezal de succión de 180 grados,7708.55,36,1,2026-09-19 21:11:16,2026-09-19 21:11:16
784,PROD-784,Freidora de Aire 4L,Freidora sin aceite para cocinar de manera saludable y rápida,4927.80,41,1,2026-09-18 07:01:50,2026-09-18 08:54:50
785,PROD-785,Chaqueta Camionera de Mezclilla,"Chaqueta clásica de mezclilla resistente para uso diario (Talla M, Color Blanco)",2189.80,12,1,2026-09-22 03:43:07,2026-09-22 05:28:07
786,PROD-786,Freidora XXL Airfryer,Freidora de aire de gran capacidad con tecnología de extracción de grasa,1116.58,37,1,2026-09-19 15:09:13,2026-09-19 15:28:13
787,PROD-787,Cámara Alpha 7 IV,Cámara mirrorless profesional de fotograma completo para foto y video,32081.70,20,1,2026-09-18 21:17:23,2026-09-18 21:49:23
788,PROD-788,Camiseta Graphic Setin Neck,"Playera casual de algodón con estampado frontal (Talla M, Color Verde)",515.98,51,1,2026-09-22 06:49:57,2026-09-22 07:50:57
789,PROD-789,Robot Aspiradora X10+,Aspiradora robótica con estación de vaciado automático y mapeo láser,29592.79,11,1,2026-09-21 02:02:39,2026-09-21 03:24:39
790,PROD-790,Camiseta Graphic Setin Neck,"Playera casual de algodón con estampado frontal (Talla S, Color Negro)",2332.02,52,1,2026-09-19 14:01:42,2026-09-19 15:53:42
791,PROD-791,Zapatillas Air Force 1 '07,"Tenis clásicos de cuero blanco para uso urbano y casual (Talla M, Color Verde)",1753.48,87,1,2026-09-17 13:01:21,2026-09-17 14:22:21
792,PROD-792,Freidora XXL Airfryer,Freidora de aire de gran capacidad con tecnología de extracción de grasa,2716.35,10,1,2026-09-19 09:51:40,2026-09-19 11:00:40
793,PROD-793,Freidora de Aire 4L,Freidora sin aceite para cocinar de manera saludable y rápida,4218.25,22,1,2026-09-18 09:40:06,2026-09-18 09:46:06
794,PROD-794,Aspiradora Inalámbrica SpeedPro,Aspiradora escoba sin cable con cabezal de succión de 180 grados,6121.59,44,1,2026-09-20 12:51:50,2026-09-20 13:02:50
795,PROD-795,Patinete Eléctrico Pro 4,Scooter eléctrico con gran autonomía para movilidad urbana,28416.07,14,1,2026-09-18 06:36:32,2026-09-18 07:19:32
796,PROD-796,Robot Aspiradora X10+,Aspiradora robótica con estación de vaciado automático y mapeo láser,26958.68,40,1,2026-09-19 21:29:38,2026-09-19 22:02:38
797,PROD-797,Robot Aspiradora X10+,Aspiradora robótica con estación de vaciado automático y mapeo láser,15924.43,49,1,2026-09-18 06:20:41,2026-09-18 07:57:41
798,PROD-798,Robot Aspiradora X10+,Aspiradora robótica con estación de vaciado automático y mapeo láser,7532.85,30,1,2026-09-21 10:20:53,2026-09-21 11:33:53
799,PROD-799,Refrigeradora InstaView,Refrigerador inteligente con panel de cristal panorámico,35896.30,38,1,2026-09-18 23:13:10,2026-09-18 23:44:10
800,PROD-800,Smart TV Bravia XR OLED 55,Televisor OLED con negros absolutos y procesador de imagen cognitivo,11981.11,41,1,2026-09-18 00:24:20,2026-09-18 00:38:20
801,PROD-801,Aspiradora Inalámbrica SpeedPro,Aspiradora escoba sin cable con cabezal de succión de 180 grados,3176.03,20,1,2026-09-19 10:04:06,2026-09-19 10:48:06
802,PROD-802,Freidora de Aire 4L,Freidora sin aceite para cocinar de manera saludable y rápida,1686.34,30,1,2026-09-21 05:06:04,2026-09-21 06:51:04
803,PROD-803,Zapatillas Ultraboost Light,"Tenis de running con retorno de energía superior y ligereza (Talla XL, Color Negro)",2337.06,39,1,2026-09-18 16:26:19,2026-09-18 17:53:19
804,PROD-804,Jeans 501 Original Fit,"Pantalón de mezclilla clásico de corte recto y ajuste cómodo (Talla S, Color Verde)",467.26,89,1,2026-09-18 08:51:52,2026-09-18 10:42:52
805,PROD-805,Chaqueta Camionera de Mezclilla,"Chaqueta clásica de mezclilla resistente para uso diario (Talla S, Color Gris)",1317.63,12,1,2026-09-19 11:41:25,2026-09-19 12:07:25
806,PROD-806,Licuadora Reversible 2 Velocidades,Licuadora con motor reversible y vaso de vidrio resistente a choques térmicos,4552.82,56,1,2026-09-19 01:01:38,2026-09-19 02:11:38
807,PROD-807,Polerón Adicolor Classics,"Sudadera clásica con el logotipo de las tres tiras (Talla M, Color Verde)",1852.32,12,1,2026-09-19 18:12:17,2026-09-19 19:26:17
808,PROD-808,Freidora de Aire 4L,Freidora sin aceite para cocinar de manera saludable y rápida,1694.43,26,1,2026-09-18 16:35:09,2026-09-18 18:16:09
809,PROD-809,Freidora XXL Airfryer,Freidora de aire de gran capacidad con tecnología de extracción de grasa,3933.70,8,1,2026-09-17 21:03:23,2026-09-17 21:52:23
810,PROD-810,Aspiradora Inalámbrica SpeedPro,Aspiradora escoba sin cable con cabezal de succión de 180 grados,6968.55,9,1,2026-09-19 05:57:18,2026-09-19 07:48:18
811,PROD-811,Freidora XXL Airfryer,Freidora de aire de gran capacidad con tecnología de extracción de grasa,7846.43,40,1,2026-09-21 18:42:48,2026-09-21 18:54:48
812,PROD-812,Zapatillas Running Pegasus 40,"Calzado de correr con amortiguación reactiva para entrenamiento (Talla S, Color Blanco)",777.58,68,1,2026-09-20 21:00:48,2026-09-20 22:58:48
813,PROD-813,Licuadora Reversible 2 Velocidades,Licuadora con motor reversible y vaso de vidrio resistente a choques térmicos,2280.18,41,1,2026-09-19 07:45:56,2026-09-19 08:27:56
814,PROD-814,Zapatillas Air Max 270,"Calzado deportivo con cápsula de aire visible para máxima comodidad (Talla S, Color Gris)",1821.27,55,1,2026-09-21 06:24:48,2026-09-21 07:02:48
815,PROD-815,Monitor UltraGear 27,Monitor de alta frecuencia de actualización para juegos competitivos,29322.20,45,1,2026-09-19 00:53:05,2026-09-19 02:45:05
816,PROD-816,Chaqueta Camionera de Mezclilla,"Chaqueta clásica de mezclilla resistente para uso diario (Talla M, Color Blanco)",1084.84,60,1,2026-09-21 11:01:48,2026-09-21 11:18:48
817,PROD-817,Robot Aspiradora X10+,Aspiradora robótica con estación de vaciado automático y mapeo láser,34601.50,44,1,2026-09-21 06:27:22,2026-09-21 07:54:22
818,PROD-818,Smartphone Xiaomi 14 Ultra 256GB,Smartphone de gama alta enfocado en fotografía profesional Leica - Color Azul,34954.07,43,1,2026-09-19 11:18:47,2026-09-19 12:15:47
819,PROD-819,Licuadora Reversible 2 Velocidades,Licuadora con motor reversible y vaso de vidrio resistente a choques térmicos,5358.79,45,1,2026-09-20 18:11:52,2026-09-20 19:38:52
820,PROD-820,MacBook Air 15 M2 256GB,Laptop ultra delgada y liviana con gran autonomía - Color Azul,35846.85,14,1,2026-09-21 10:55:41,2026-09-21 12:54:41
821,PROD-821,Freidora de Aire 4L,Freidora sin aceite para cocinar de manera saludable y rápida,915.39,42,1,2026-09-21 20:08:01,2026-09-21 20:23:01
822,PROD-822,Audífonos Bluetooth WH-1000XM5,Audífonos inalámbricos con la mejor cancelación de ruido del mercado,26311.32,25,1,2026-09-19 23:39:23,2026-09-20 00:31:23
823,PROD-823,Polera Sportswear Club Fleece,"Sudadera de felpa con capucha y ajuste estándar (Talla M, Color Blanco)",579.56,33,1,2026-09-17 15:10:22,2026-09-17 16:47:22
824,PROD-824,Freidora XXL Airfryer,Freidora de aire de gran capacidad con tecnología de extracción de grasa,4932.34,22,1,2026-09-21 15:27:50,2026-09-21 15:30:50
825,PROD-825,Camiseta Graphic Setin Neck,"Playera casual de algodón con estampado frontal (Talla M, Color Rojo)",2169.20,70,1,2026-09-21 19:03:10,2026-09-21 20:26:10
826,PROD-826,Camiseta Graphic Setin Neck,"Playera casual de algodón con estampado frontal (Talla XL, Color Azul)",645.65,34,1,2026-09-18 20:18:39,2026-09-18 20:22:39
827,PROD-827,Chaqueta Camionera de Mezclilla,"Chaqueta clásica de mezclilla resistente para uso diario (Talla XL, Color Blanco)",1946.09,35,1,2026-09-22 01:43:00,2026-09-22 02:09:00
828,PROD-828,Audífonos AirPods Max,Audífonos de diadema inalámbricos con sonido de alta fidelidad,31283.08,36,1,2026-09-21 15:32:05,2026-09-21 16:13:05
829,PROD-829,Camiseta Graphic Setin Neck,"Playera casual de algodón con estampado frontal (Talla XL, Color Negro)",1657.05,58,1,2026-09-21 20:14:39,2026-09-21 20:54:39
830,PROD-830,Polerón Adicolor Classics,"Sudadera clásica con el logotipo de las tres tiras (Talla S, Color Rojo)",585.03,68,1,2026-09-17 17:32:05,2026-09-17 19:24:05
831,PROD-831,Refrigeradora InstaView,Refrigerador inteligente con panel de cristal panorámico,14544.20,7,1,2026-09-20 20:34:42,2026-09-20 21:23:42
832,PROD-832,Licuadora Reversible 2 Velocidades,Licuadora con motor reversible y vaso de vidrio resistente a choques térmicos,2612.96,33,1,2026-09-19 07:42:41,2026-09-19 09:21:41
833,PROD-833,Zapatillas Air Max 270,"Calzado deportivo con cápsula de aire visible para máxima comodidad (Talla XL, Color Gris)",1668.24,16,1,2026-09-21 15:50:21,2026-09-21 16:56:21
834,PROD-834,Smart Band 8,Pulsera de actividad física con seguimiento del sueño y deporte,3710.65,37,1,2026-09-18 03:50:21,2026-09-18 04:13:21
835,PROD-835,Freidora de Aire 4L,Freidora sin aceite para cocinar de manera saludable y rápida,3543.05,36,1,2026-09-17 14:59:08,2026-09-17 15:21:08
836,PROD-836,Polerón Adicolor Classics,"Sudadera clásica con el logotipo de las tres tiras (Talla M, Color Azul)",543.89,51,1,2026-09-21 16:05:46,2026-09-21 17:28:46
837,PROD-837,Cafetera Programable 12 Tazas,Cafetera de goteo con temporizador programable y jarra de vidrio,5972.79,13,1,2026-09-18 03:59:02,2026-09-18 05:29:02
838,PROD-838,Zapatillas Samba OG,"Tenis de estilo retro icónicos en cuero de primera calidad (Talla S, Color Rojo)",1870.65,75,1,2026-09-21 04:29:49,2026-09-21 04:49:49
839,PROD-839,Zapatillas Samba OG,"Tenis de estilo retro icónicos en cuero de primera calidad (Talla S, Color Blanco)",2311.34,82,1,2026-09-21 11:24:30,2026-09-21 13:14:30
840,PROD-840,iPhone 16 256GB,Smartphone con pantalla Super Retina XDR y excelente duración de batería - Color Verde,2321.52,24,1,2026-09-19 08:26:03,2026-09-19 09:59:03
841,PROD-841,Zapatillas Air Max 270,"Calzado deportivo con cápsula de aire visible para máxima comodidad (Talla S, Color Blanco)",2414.93,10,1,2026-09-21 06:01:27,2026-09-21 07:38:27
842,PROD-842,Camiseta Graphic Setin Neck,"Playera casual de algodón con estampado frontal (Talla XL, Color Azul)",1518.53,10,1,2026-09-21 03:54:05,2026-09-21 05:46:05
843,PROD-843,Jeans 511 Slim Fit,"Pantalón de mezclilla ajustado de estilo moderno (Talla XL, Color Azul)",1231.83,20,1,2026-09-21 02:54:57,2026-09-21 04:10:57
844,PROD-844,Audífonos AirPods Pro 2,Audífonos intrauditivos con cancelación de ruido de nivel superior,10373.01,45,1,2026-09-20 20:33:23,2026-09-20 22:17:23
845,PROD-845,Smartphone Galaxy S26 256GB,Smartphone compacto con pantalla fluida y excelente rendimiento - Color Negro,23691.33,7,1,2026-09-18 08:31:45,2026-09-18 10:20:45
846,PROD-846,Refrigeradora InstaView,Refrigerador inteligente con panel de cristal panorámico,11094.67,10,1,2026-09-17 18:29:53,2026-09-17 18:42:53
847,PROD-847,Jeans 511 Slim Fit,"Pantalón de mezclilla ajustado de estilo moderno (Talla L, Color Rojo)",1770.99,99,1,2026-09-21 02:00:22,2026-09-21 03:13:22
848,PROD-848,Freidora de Aire 4L,Freidora sin aceite para cocinar de manera saludable y rápida,6094.94,31,1,2026-09-17 16:34:37,2026-09-17 16:45:37
849,PROD-849,Polera Sportswear Club Fleece,"Sudadera de felpa con capucha y ajuste estándar (Talla XL, Color Negro)",1980.65,80,1,2026-09-17 20:48:46,2026-09-17 21:25:46
850,PROD-850,Jeans 501 Original Fit,"Pantalón de mezclilla clásico de corte recto y ajuste cómodo (Talla L, Color Gris)",1483.16,77,1,2026-09-18 17:55:06,2026-09-18 19:24:06
851,PROD-851,Smart TV OLED C3 65,Televisor inteligente ideal para videojuegos y películas con pánel OLED,4380.23,45,1,2026-09-20 16:23:27,2026-09-20 16:34:27
852,PROD-852,Polerón Adicolor Classics,"Sudadera clásica con el logotipo de las tres tiras (Talla L, Color Azul)",1659.02,50,1,2026-09-19 01:10:23,2026-09-19 02:17:23
853,PROD-853,Freidora XXL Airfryer,Freidora de aire de gran capacidad con tecnología de extracción de grasa,5068.60,39,1,2026-09-20 15:02:42,2026-09-20 16:35:42
854,PROD-854,Aspiradora Inalámbrica SpeedPro,Aspiradora escoba sin cable con cabezal de succión de 180 grados,6540.65,47,1,2026-09-18 21:15:00,2026-09-18 22:45:00
855,PROD-855,Jeans 501 Original Fit,"Pantalón de mezclilla clásico de corte recto y ajuste cómodo (Talla S, Color Negro)",1349.50,25,1,2026-09-21 22:45:32,2026-09-22 00:33:32
856,PROD-856,Monitor UltraGear 27,Monitor de alta frecuencia de actualización para juegos competitivos,15198.46,26,1,2026-09-19 14:16:44,2026-09-19 15:27:44
857,PROD-857,Licuadora Reversible 2 Velocidades,Licuadora con motor reversible y vaso de vidrio resistente a choques térmicos,5268.70,52,1,2026-09-19 04:22:20,2026-09-19 04:54:20
858,PROD-858,Cámara Alpha 7 IV,Cámara mirrorless profesional de fotograma completo para foto y video,18487.48,25,1,2026-09-22 03:03:52,2026-09-22 03:03:52
859,PROD-859,Cámara Alpha 7 IV,Cámara mirrorless profesional de fotograma completo para foto y video,14559.75,41,1,2026-09-21 05:04:04,2026-09-21 05:07:04
860,PROD-860,iPad Pro 12.9,Tableta profesional con pantalla Liquid Retina XDR y chip M2,30100.80,48,1,2026-09-20 09:07:57,2026-09-20 11:04:57
861,PROD-861,Jeans 511 Slim Fit,"Pantalón de mezclilla ajustado de estilo moderno (Talla XL, Color Blanco)",1698.48,78,1,2026-09-19 12:09:40,2026-09-19 13:08:40
862,PROD-862,Zapatillas Ultraboost Light,"Tenis de running con retorno de energía superior y ligereza (Talla L, Color Rojo)",1908.67,50,1,2026-09-20 20:12:39,2026-09-20 21:20:39
863,PROD-863,iPad Pro 12.9,Tableta profesional con pantalla Liquid Retina XDR y chip M2,28883.50,27,1,2026-09-17 21:00:01,2026-09-17 21:19:01
864,PROD-864,Chaqueta Camionera de Mezclilla,"Chaqueta clásica de mezclilla resistente para uso diario (Talla XL, Color Verde)",1498.69,31,1,2026-09-20 22:30:45,2026-09-20 23:47:45
865,PROD-865,Jeans 501 Original Fit,"Pantalón de mezclilla clásico de corte recto y ajuste cómodo (Talla L, Color Verde)",2194.31,100,1,2026-09-17 15:57:49,2026-09-17 16:31:49
866,PROD-866,Camiseta Graphic Setin Neck,"Playera casual de algodón con estampado frontal (Talla M, Color Gris)",1321.60,48,1,2026-09-18 18:50:06,2026-09-18 19:57:06
867,PROD-867,Jeans 501 Original Fit,"Pantalón de mezclilla clásico de corte recto y ajuste cómodo (Talla L, Color Negro)",2022.25,21,1,2026-09-20 03:59:12,2026-09-20 05:03:12
868,PROD-868,Robot Aspiradora X10+,Aspiradora robótica con estación de vaciado automático y mapeo láser,5969.76,26,1,2026-09-20 09:46:05,2026-09-20 11:19:05
869,PROD-869,Aspiradora Inalámbrica SpeedPro,Aspiradora escoba sin cable con cabezal de succión de 180 grados,1489.04,14,1,2026-09-22 11:05:24,2026-09-22 13:05:24
870,PROD-870,Licuadora Reversible 2 Velocidades,Licuadora con motor reversible y vaso de vidrio resistente a choques térmicos,5906.74,37,1,2026-09-19 19:48:14,2026-09-19 21:19:14
871,PROD-871,Licuadora Reversible 2 Velocidades,Licuadora con motor reversible y vaso de vidrio resistente a choques térmicos,2763.46,10,1,2026-09-21 15:25:00,2026-09-21 17:13:00
872,PROD-872,Freidora de Aire 4L,Freidora sin aceite para cocinar de manera saludable y rápida,3948.26,10,1,2026-09-18 02:22:22,2026-09-18 03:28:22
873,PROD-873,Freidora XXL Airfryer,Freidora de aire de gran capacidad con tecnología de extracción de grasa,4789.45,27,1,2026-09-21 08:23:48,2026-09-21 10:17:48
874,PROD-874,Audífonos Bluetooth WH-1000XM5,Audífonos inalámbricos con la mejor cancelación de ruido del mercado,7335.37,22,1,2026-09-20 16:52:32,2026-09-20 17:32:32
875,PROD-875,Zapatillas Ultraboost Light,"Tenis de running con retorno de energía superior y ligereza (Talla L, Color Blanco)",688.62,24,1,2026-09-17 13:34:45,2026-09-17 14:53:45
876,PROD-876,Licuadora Reversible 2 Velocidades,Licuadora con motor reversible y vaso de vidrio resistente a choques térmicos,4523.22,43,1,2026-09-19 09:44:24,2026-09-19 10:18:24
877,PROD-877,Parlante Portátil SRS-XG300,Bocina inalámbrica portátil resistente al agua con graves potentes,9191.29,9,1,2026-09-19 08:42:18,2026-09-19 10:00:18
878,PROD-878,Zapatillas Samba OG,"Tenis de estilo retro icónicos en cuero de primera calidad (Talla S, Color Blanco)",412.33,96,1,2026-09-17 18:42:20,2026-09-17 18:55:20
879,PROD-879,Jeans 501 Original Fit,"Pantalón de mezclilla clásico de corte recto y ajuste cómodo (Talla XL, Color Azul)",734.81,86,1,2026-09-21 01:41:01,2026-09-21 03:01:01
880,PROD-880,Aspiradora Inalámbrica SpeedPro,Aspiradora escoba sin cable con cabezal de succión de 180 grados,2774.55,60,1,2026-09-18 16:12:53,2026-09-18 17:43:53
881,PROD-881,Freidora de Aire 4L,Freidora sin aceite para cocinar de manera saludable y rápida,4715.20,13,1,2026-09-22 09:44:15,2026-09-22 11:26:15
882,PROD-882,Freidora XXL Airfryer,Freidora de aire de gran capacidad con tecnología de extracción de grasa,3862.44,51,1,2026-09-21 09:12:27,2026-09-21 10:42:27
883,PROD-883,Zapatillas Air Max 270,"Calzado deportivo con cápsula de aire visible para máxima comodidad (Talla M, Color Blanco)",2201.36,88,1,2026-09-19 00:56:20,2026-09-19 02:52:20
884,PROD-884,Zapatillas Air Max 270,"Calzado deportivo con cápsula de aire visible para máxima comodidad (Talla L, Color Gris)",1324.56,13,1,2026-09-17 20:52:37,2026-09-17 21:52:37
885,PROD-885,Smart TV Bravia XR OLED 55,Televisor OLED con negros absolutos y procesador de imagen cognitivo,16874.08,15,1,2026-09-19 04:27:51,2026-09-19 06:05:51
886,PROD-886,Polerón Adicolor Classics,"Sudadera clásica con el logotipo de las tres tiras (Talla M, Color Rojo)",571.30,23,1,2026-09-19 10:48:56,2026-09-19 11:59:56
887,PROD-887,Freidora de Aire 4L,Freidora sin aceite para cocinar de manera saludable y rápida,4448.87,33,1,2026-09-21 01:21:37,2026-09-21 02:13:37
888,PROD-888,Smart TV OLED C3 65,Televisor inteligente ideal para videojuegos y películas con pánel OLED,19952.19,35,1,2026-09-19 19:15:17,2026-09-19 19:23:17
889,PROD-889,Camiseta Graphic Setin Neck,"Playera casual de algodón con estampado frontal (Talla XL, Color Rojo)",2042.75,79,1,2026-09-21 16:26:52,2026-09-21 16:56:52
890,PROD-890,Monitor Odyssey G9,Monitor curvo ultrawide diseñado para gaming profesional,4558.46,43,1,2026-09-20 06:46:24,2026-09-20 07:27:24
891,PROD-891,Freidora de Aire 4L,Freidora sin aceite para cocinar de manera saludable y rápida,1738.92,33,1,2026-09-17 21:29:41,2026-09-17 22:45:41
892,PROD-892,Monitor UltraGear 27,Monitor de alta frecuencia de actualización para juegos competitivos,12122.99,46,1,2026-09-21 11:30:03,2026-09-21 11:37:03
893,PROD-893,iPhone 16 128GB,Smartphone con pantalla Super Retina XDR y excelente duración de batería - Color Blanco,23961.29,33,1,2026-09-20 16:43:38,2026-09-20 17:20:38
894,PROD-894,Polerón Adicolor Classics,"Sudadera clásica con el logotipo de las tres tiras (Talla XL, Color Blanco)",792.17,50,1,2026-09-19 07:00:34,2026-09-19 08:12:34
895,PROD-895,Aspiradora Inalámbrica SpeedPro,Aspiradora escoba sin cable con cabezal de succión de 180 grados,5855.21,30,1,2026-09-18 00:21:39,2026-09-18 01:35:39
896,PROD-896,Refrigeradora InstaView,Refrigerador inteligente con panel de cristal panorámico,14849.01,13,1,2026-09-19 06:12:04,2026-09-19 06:19:04
897,PROD-897,Zapatillas Ultraboost Light,"Tenis de running con retorno de energía superior y ligereza (Talla S, Color Verde)",1554.07,55,1,2026-09-18 03:20:00,2026-09-18 05:10:00
898,PROD-898,Jeans 511 Slim Fit,"Pantalón de mezclilla ajustado de estilo moderno (Talla XL, Color Verde)",1618.85,90,1,2026-09-19 09:41:17,2026-09-19 11:12:17
899,PROD-899,Pantalón de Buzo Tech Fleece,"Pantalón deportivo térmico con diseño estilizado (Talla XL, Color Rojo)",804.11,32,1,2026-09-20 08:30:56,2026-09-20 08:47:56
900,PROD-900,Monitor UltraGear 27,Monitor de alta frecuencia de actualización para juegos competitivos,30438.13,28,1,2026-09-20 00:07:18,2026-09-20 00:26:18
901,PROD-901,Zapatillas Ultraboost Light,"Tenis de running con retorno de energía superior y ligereza (Talla M, Color Negro)",504.25,12,1,2026-09-18 08:19:42,2026-09-18 09:51:42
902,PROD-902,Zapatillas Samba OG,"Tenis de estilo retro icónicos en cuero de primera calidad (Talla M, Color Negro)",645.02,63,1,2026-09-20 05:46:17,2026-09-20 07:40:17
903,PROD-903,Freidora XXL Airfryer,Freidora de aire de gran capacidad con tecnología de extracción de grasa,3853.40,35,1,2026-09-20 19:45:20,2026-09-20 21:29:20
904,PROD-904,Polera Sportswear Club Fleece,"Sudadera de felpa con capucha y ajuste estándar (Talla M, Color Blanco)",1263.26,10,1,2026-09-20 23:31:33,2026-09-21 00:34:33
905,PROD-905,Cafetera Programable 12 Tazas,Cafetera de goteo con temporizador programable y jarra de vidrio,4213.14,34,1,2026-09-20 18:53:55,2026-09-20 20:06:55
906,PROD-906,Jeans 501 Original Fit,"Pantalón de mezclilla clásico de corte recto y ajuste cómodo (Talla XL, Color Verde)",1142.44,84,1,2026-09-20 09:29:08,2026-09-20 10:57:08
907,PROD-907,Audífonos AirPods Pro 2,Audífonos intrauditivos con cancelación de ruido de nivel superior,35417.06,22,1,2026-09-20 07:04:07,2026-09-20 08:10:07
908,PROD-908,Refrigeradora InstaView,Refrigerador inteligente con panel de cristal panorámico,3639.85,35,1,2026-09-21 07:12:15,2026-09-21 08:46:15
909,PROD-909,Cafetera Programable 12 Tazas,Cafetera de goteo con temporizador programable y jarra de vidrio,5216.03,59,1,2026-09-20 23:46:19,2026-09-21 00:25:19
910,PROD-910,Freidora de Aire 4L,Freidora sin aceite para cocinar de manera saludable y rápida,4466.25,8,1,2026-09-20 07:38:29,2026-09-20 08:36:29
911,PROD-911,Aspiradora Inalámbrica SpeedPro,Aspiradora escoba sin cable con cabezal de succión de 180 grados,3599.72,59,1,2026-09-19 06:15:51,2026-09-19 06:52:51
912,PROD-912,Smartphone Galaxy Z Flip 6 512GB,Teléfono plegable compacto con pantalla exterior funcional - Color Negro,22840.15,42,1,2026-09-18 11:58:53,2026-09-18 13:11:53
913,PROD-913,Barra de Sonido HT-A7000,Sistema de audio para cine en casa con soporte Dolby Atmos,22663.25,23,1,2026-09-20 09:57:20,2026-09-20 10:07:20
914,PROD-914,Smart TV OLED C3 65,Televisor inteligente ideal para videojuegos y películas con pánel OLED,30726.31,22,1,2026-09-19 00:03:54,2026-09-19 00:19:54
915,PROD-915,Aspiradora Inalámbrica SpeedPro,Aspiradora escoba sin cable con cabezal de succión de 180 grados,6919.72,8,1,2026-09-21 23:20:09,2026-09-21 23:34:09
916,PROD-916,Cafetera Programable 12 Tazas,Cafetera de goteo con temporizador programable y jarra de vidrio,6016.15,50,1,2026-09-20 04:24:21,2026-09-20 05:11:21
917,PROD-917,Barra de Sonido HT-A7000,Sistema de audio para cine en casa con soporte Dolby Atmos,8884.95,16,1,2026-09-22 07:46:28,2026-09-22 08:53:28
918,PROD-918,Consola PlayStation 5 Slim,Consola de videojuegos de última generación con almacenamiento SSD ultra rápido,34840.77,43,1,2026-09-22 11:01:46,2026-09-22 11:20:46
919,PROD-919,Pantalón de Buzo Tech Fleece,"Pantalón deportivo térmico con diseño estilizado (Talla M, Color Verde)",1296.40,91,1,2026-09-18 11:43:11,2026-09-18 12:09:11
920,PROD-920,Freidora XXL Airfryer,Freidora de aire de gran capacidad con tecnología de extracción de grasa,5281.18,56,1,2026-09-22 10:42:37,2026-09-22 10:56:37
921,PROD-921,Audífonos AirPods Max,Audífonos de diadema inalámbricos con sonido de alta fidelidad,14655.44,24,1,2026-09-20 08:43:07,2026-09-20 10:18:07
922,PROD-922,Freidora de Aire 4L,Freidora sin aceite para cocinar de manera saludable y rápida,5594.68,32,1,2026-09-20 08:28:28,2026-09-20 09:01:28
923,PROD-923,Monitor UltraGear 27,Monitor de alta frecuencia de actualización para juegos competitivos,921.14,33,1,2026-09-19 18:59:27,2026-09-19 20:25:27
924,PROD-924,Polerón Adicolor Classics,"Sudadera clásica con el logotipo de las tres tiras (Talla S, Color Negro)",2323.08,91,1,2026-09-19 14:53:14,2026-09-19 16:41:14
925,PROD-925,Polerón Adicolor Classics,"Sudadera clásica con el logotipo de las tres tiras (Talla L, Color Gris)",931.20,22,1,2026-09-19 00:32:40,2026-09-19 01:55:40
926,PROD-926,Aspiradora Inalámbrica SpeedPro,Aspiradora escoba sin cable con cabezal de succión de 180 grados,6275.95,55,1,2026-09-18 22:34:18,2026-09-19 00:07:18
927,PROD-927,Cafetera Programable 12 Tazas,Cafetera de goteo con temporizador programable y jarra de vidrio,2964.29,52,1,2026-09-18 13:33:35,2026-09-18 14:13:35
928,PROD-928,Cafetera Programable 12 Tazas,Cafetera de goteo con temporizador programable y jarra de vidrio,464.42,12,1,2026-09-17 13:05:58,2026-09-17 13:57:58
929,PROD-929,Smart TV OLED C3 65,Televisor inteligente ideal para videojuegos y películas con pánel OLED,24835.23,27,1,2026-09-18 19:18:44,2026-09-18 20:50:44
930,PROD-930,Zapatillas Air Max 270,"Calzado deportivo con cápsula de aire visible para máxima comodidad (Talla S, Color Negro)",1681.70,17,1,2026-09-21 01:53:06,2026-09-21 03:17:06
931,PROD-931,Refrigeradora InstaView,Refrigerador inteligente con panel de cristal panorámico,4823.55,12,1,2026-09-17 23:56:18,2026-09-18 01:45:18
932,PROD-932,Freidora de Aire 4L,Freidora sin aceite para cocinar de manera saludable y rápida,5388.60,49,1,2026-09-20 21:47:50,2026-09-20 23:29:50
933,PROD-933,Smartphone Galaxy S26 512GB,Smartphone compacto con pantalla fluida y excelente rendimiento - Color Gris,17076.92,9,1,2026-09-21 08:23:11,2026-09-21 09:21:11
934,PROD-934,Polera Sportswear Club Fleece,"Sudadera de felpa con capucha y ajuste estándar (Talla L, Color Blanco)",2028.57,45,1,2026-09-22 04:31:54,2026-09-22 04:38:54
935,PROD-935,Polera Sportswear Club Fleece,"Sudadera de felpa con capucha y ajuste estándar (Talla S, Color Gris)",2404.55,43,1,2026-09-18 13:16:13,2026-09-18 14:12:13
936,PROD-936,Smartphone Xiaomi 14 Ultra 1TB,Smartphone de gama alta enfocado en fotografía profesional Leica - Color Blanco,23414.65,11,1,2026-09-18 08:18:37,2026-09-18 09:27:37
937,PROD-937,Jeans 501 Original Fit,"Pantalón de mezclilla clásico de corte recto y ajuste cómodo (Talla XL, Color Verde)",906.84,14,1,2026-09-17 21:58:37,2026-09-17 22:07:37
938,PROD-938,Aspiradora Inalámbrica SpeedPro,Aspiradora escoba sin cable con cabezal de succión de 180 grados,542.61,39,1,2026-09-18 09:02:09,2026-09-18 10:25:09
939,PROD-939,Licuadora Reversible 2 Velocidades,Licuadora con motor reversible y vaso de vidrio resistente a choques térmicos,5451.00,25,1,2026-09-18 09:26:12,2026-09-18 10:55:12
940,PROD-940,Zapatillas Running Pegasus 40,"Calzado de correr con amortiguación reactiva para entrenamiento (Talla S, Color Rojo)",1871.35,72,1,2026-09-20 08:59:29,2026-09-20 09:54:29
941,PROD-941,Zapatillas Ultraboost Light,"Tenis de running con retorno de energía superior y ligereza (Talla M, Color Negro)",1176.51,98,1,2026-09-22 10:29:02,2026-09-22 12:08:02
942,PROD-942,Chaqueta Camionera de Mezclilla,"Chaqueta clásica de mezclilla resistente para uso diario (Talla L, Color Verde)",1001.08,17,1,2026-09-21 07:26:19,2026-09-21 08:48:19
943,PROD-943,Parlante Portátil SRS-XG300,Bocina inalámbrica portátil resistente al agua con graves potentes,30793.64,26,1,2026-09-17 23:04:29,2026-09-18 00:51:29
944,PROD-944,Zapatillas Air Max 270,"Calzado deportivo con cápsula de aire visible para máxima comodidad (Talla M, Color Rojo)",434.56,59,1,2026-09-21 11:35:01,2026-09-21 11:59:01
945,PROD-945,Zapatillas Samba OG,"Tenis de estilo retro icónicos en cuero de primera calidad (Talla S, Color Verde)",1831.01,72,1,2026-09-17 23:42:59,2026-09-18 01:35:59
946,PROD-946,Freidora XXL Airfryer,Freidora de aire de gran capacidad con tecnología de extracción de grasa,1463.57,20,1,2026-09-17 15:03:05,2026-09-17 16:35:05
947,PROD-947,Freidora de Aire 4L,Freidora sin aceite para cocinar de manera saludable y rápida,3354.63,58,1,2026-09-20 18:04:51,2026-09-20 19:26:51
948,PROD-948,Zapatillas Running Pegasus 40,"Calzado de correr con amortiguación reactiva para entrenamiento (Talla XL, Color Negro)",429.64,17,1,2026-09-19 12:32:28,2026-09-19 14:12:28
949,PROD-949,Freidora de Aire 4L,Freidora sin aceite para cocinar de manera saludable y rápida,1298.22,59,1,2026-09-21 10:34:52,2026-09-21 11:59:52
950,PROD-950,Freidora XXL Airfryer,Freidora de aire de gran capacidad con tecnología de extracción de grasa,6031.99,22,1,2026-09-17 21:50:53,2026-09-17 21:54:53
951,PROD-951,Freidora de Aire 4L,Freidora sin aceite para cocinar de manera saludable y rápida,5369.12,38,1,2026-09-21 05:24:52,2026-09-21 05:29:52
952,PROD-952,iPhone 16 Pro Max 256GB,Smartphone insignia de Apple con acabado en titanio y cámara profesional - Color Verde,2273.51,24,1,2026-09-22 10:53:10,2026-09-22 12:34:10
953,PROD-953,Robot Aspiradora X10+,Aspiradora robótica con estación de vaciado automático y mapeo láser,6559.47,42,1,2026-09-17 20:40:19,2026-09-17 22:24:19
954,PROD-954,Monitor Odyssey G9,Monitor curvo ultrawide diseñado para gaming profesional,21621.70,44,1,2026-09-18 19:28:50,2026-09-18 19:36:50
955,PROD-955,Patinete Eléctrico Pro 4,Scooter eléctrico con gran autonomía para movilidad urbana,29309.00,48,1,2026-09-19 21:54:15,2026-09-19 22:35:15
956,PROD-956,Refrigeradora InstaView,Refrigerador inteligente con panel de cristal panorámico,5375.19,18,1,2026-09-22 02:39:22,2026-09-22 02:44:22
957,PROD-957,Freidora de Aire 4L,Freidora sin aceite para cocinar de manera saludable y rápida,880.49,25,1,2026-09-18 07:55:35,2026-09-18 09:31:35
958,PROD-958,Chaqueta Camionera de Mezclilla,"Chaqueta clásica de mezclilla resistente para uso diario (Talla M, Color Azul)",873.84,84,1,2026-09-17 17:17:04,2026-09-17 17:34:04
959,PROD-959,Monitor UltraGear 27,Monitor de alta frecuencia de actualización para juegos competitivos,28106.99,6,1,2026-09-20 10:16:38,2026-09-20 10:26:38
960,PROD-960,Smartphone Galaxy S26 128GB,Smartphone compacto con pantalla fluida y excelente rendimiento - Color Verde,23637.33,23,1,2026-09-19 23:58:27,2026-09-20 01:26:27
961,PROD-961,Zapatillas Ultraboost Light,"Tenis de running con retorno de energía superior y ligereza (Talla M, Color Blanco)",1725.63,76,1,2026-09-20 04:57:16,2026-09-20 05:49:16
962,PROD-962,iPhone 16 Pro Max 256GB,Smartphone insignia de Apple con acabado en titanio y cámara profesional - Color Verde,18246.01,10,1,2026-09-21 06:41:56,2026-09-21 08:26:56
963,PROD-963,Pantalón de Buzo Tech Fleece,"Pantalón deportivo térmico con diseño estilizado (Talla S, Color Rojo)",856.62,25,1,2026-09-20 16:34:23,2026-09-20 16:46:23
964,PROD-964,Freidora XXL Airfryer,Freidora de aire de gran capacidad con tecnología de extracción de grasa,3928.04,48,1,2026-09-21 11:22:44,2026-09-21 11:48:44
965,PROD-965,Jeans 511 Slim Fit,"Pantalón de mezclilla ajustado de estilo moderno (Talla S, Color Blanco)",1823.27,70,1,2026-09-20 11:48:48,2026-09-20 12:10:48
966,PROD-966,Smartphone Galaxy S26 Ultra 512GB,Smartphone de alta gama con cámara de 200MP y pantalla Dynamic AMOLED - Color Gris,7940.44,21,1,2026-09-19 12:02:33,2026-09-19 13:20:33
967,PROD-967,Jeans 501 Original Fit,"Pantalón de mezclilla clásico de corte recto y ajuste cómodo (Talla S, Color Rojo)",728.16,13,1,2026-09-20 09:59:58,2026-09-20 11:04:58
968,PROD-968,Smartphone Galaxy Z Fold 6 1TB,Teléfono plegable con pantalla gigante para productividad y multitarea - Color Rojo,21081.54,31,1,2026-09-18 16:18:09,2026-09-18 17:53:09
969,PROD-969,Freidora XXL Airfryer,Freidora de aire de gran capacidad con tecnología de extracción de grasa,6320.21,28,1,2026-09-18 20:31:50,2026-09-18 20:43:50
970,PROD-970,Smartphone Xiaomi 14 Ultra 1TB,Smartphone de gama alta enfocado en fotografía profesional Leica - Color Blanco,3110.30,42,1,2026-09-20 09:54:16,2026-09-20 10:00:16
971,PROD-971,Jeans 511 Slim Fit,"Pantalón de mezclilla ajustado de estilo moderno (Talla XL, Color Blanco)",1182.76,27,1,2026-09-20 06:01:14,2026-09-20 07:33:14
972,PROD-972,Cámara Alpha 7 IV,Cámara mirrorless profesional de fotograma completo para foto y video,7678.49,13,1,2026-09-17 16:01:53,2026-09-17 17:29:53
973,PROD-973,Freidora de Aire 4L,Freidora sin aceite para cocinar de manera saludable y rápida,1437.41,37,1,2026-09-20 06:08:34,2026-09-20 07:01:34
974,PROD-974,Audífonos Bluetooth WH-1000XM5,Audífonos inalámbricos con la mejor cancelación de ruido del mercado,31967.52,43,1,2026-09-18 10:11:29,2026-09-18 11:52:29
975,PROD-975,Cafetera Programable 12 Tazas,Cafetera de goteo con temporizador programable y jarra de vidrio,7773.03,22,1,2026-09-17 23:57:04,2026-09-18 00:49:04
976,PROD-976,Freidora XXL Airfryer,Freidora de aire de gran capacidad con tecnología de extracción de grasa,4896.01,37,1,2026-09-19 04:00:52,2026-09-19 04:01:52
977,PROD-977,Freidora XXL Airfryer,Freidora de aire de gran capacidad con tecnología de extracción de grasa,2283.52,35,1,2026-09-20 23:44:54,2026-09-21 00:12:54
978,PROD-978,Cafetera Programable 12 Tazas,Cafetera de goteo con temporizador programable y jarra de vidrio,7226.71,34,1,2026-09-17 17:47:53,2026-09-17 17:52:53
979,PROD-979,Polerón Adicolor Classics,"Sudadera clásica con el logotipo de las tres tiras (Talla S, Color Azul)",1491.91,71,1,2026-09-22 09:16:51,2026-09-22 10:58:51
980,PROD-980,Freidora de Aire 4L,Freidora sin aceite para cocinar de manera saludable y rápida,4164.17,13,1,2026-09-20 20:41:35,2026-09-20 22:17:35
981,PROD-981,Smartphone Xiaomi 14 Ultra 256GB,Smartphone de gama alta enfocado en fotografía profesional Leica - Color Gris,11000.56,46,1,2026-09-18 00:34:15,2026-09-18 00:36:15
982,PROD-982,Zapatillas Samba OG,"Tenis de estilo retro icónicos en cuero de primera calidad (Talla M, Color Verde)",1337.46,83,1,2026-09-22 00:11:20,2026-09-22 01:25:20
983,PROD-983,Smart Band 8,Pulsera de actividad física con seguimiento del sueño y deporte,27900.14,50,1,2026-09-19 22:23:32,2026-09-19 22:46:32
984,PROD-984,Zapatillas Samba OG,"Tenis de estilo retro icónicos en cuero de primera calidad (Talla S, Color Verde)",502.00,98,1,2026-09-19 11:50:25,2026-09-19 12:57:25
985,PROD-985,Smart TV Bravia XR OLED 55,Televisor OLED con negros absolutos y procesador de imagen cognitivo,27227.52,49,1,2026-09-21 04:33:34,2026-09-21 05:42:34
986,PROD-986,Cafetera Programable 12 Tazas,Cafetera de goteo con temporizador programable y jarra de vidrio,1015.29,29,1,2026-09-21 22:30:37,2026-09-22 00:29:37
987,PROD-987,Refrigeradora InstaView,Refrigerador inteligente con panel de cristal panorámico,13421.66,8,1,2026-09-18 03:31:05,2026-09-18 04:20:05
988,PROD-988,Zapatillas Running Pegasus 40,"Calzado de correr con amortiguación reactiva para entrenamiento (Talla S, Color Gris)",1137.83,92,1,2026-09-20 20:44:14,2026-09-20 22:14:14
989,PROD-989,Refrigeradora InstaView,Refrigerador inteligente con panel de cristal panorámico,27961.93,13,1,2026-09-19 12:08:06,2026-09-19 12:38:06
990,PROD-990,Cafetera Programable 12 Tazas,Cafetera de goteo con temporizador programable y jarra de vidrio,4036.55,56,1,2026-09-20 23:50:36,2026-09-21 01:41:36
991,PROD-991,Cafetera Programable 12 Tazas,Cafetera de goteo con temporizador programable y jarra de vidrio,6182.73,28,1,2026-09-19 14:43:29,2026-09-19 16:37:29
992,PROD-992,Polerón Adicolor Classics,"Sudadera clásica con el logotipo de las tres tiras (Talla XL, Color Gris)",467.09,57,1,2026-09-19 13:38:05,2026-09-19 14:35:05
993,PROD-993,Polerón Adicolor Classics,"Sudadera clásica con el logotipo de las tres tiras (Talla S, Color Azul)",1876.12,96,1,2026-09-20 16:57:36,2026-09-20 18:52:36
994,PROD-994,Zapatillas Running Pegasus 40,"Calzado de correr con amortiguación reactiva para entrenamiento (Talla L, Color Verde)",2382.54,18,1,2026-09-18 14:47:18,2026-09-18 16:41:18
995,PROD-995,Jeans 501 Original Fit,"Pantalón de mezclilla clásico de corte recto y ajuste cómodo (Talla XL, Color Blanco)",970.00,19,1,2026-09-18 03:17:05,2026-09-18 03:38:05
996,PROD-996,Jeans 511 Slim Fit,"Pantalón de mezclilla ajustado de estilo moderno (Talla XL, Color Blanco)",2231.24,76,1,2026-09-21 06:42:40,2026-09-21 06:44:40
997,PROD-997,Zapatillas Running Pegasus 40,"Calzado de correr con amortiguación reactiva para entrenamiento (Talla M, Color Azul)",1095.41,66,1,2026-09-21 22:47:39,2026-09-22 00:09:39
998,PROD-998,Audífonos Bluetooth WH-1000XM5,Audífonos inalámbricos con la mejor cancelación de ruido del mercado,2734.71,19,1,2026-09-20 15:01:57,2026-09-20 16:23:57
999,PROD-999,Zapatillas Running Pegasus 40,"Calzado de correr con amortiguación reactiva para entrenamiento (Talla L, Color Verde)",1739.01,51,1,2026-09-20 10:09:28,2026-09-20 11:24:28
1000,PROD-1000,Aspiradora Inalámbrica SpeedPro,Aspiradora escoba sin cable con cabezal de succión de 180 grados,2711.03,16,1,2026-09-22 06:18:52,2026-09-22 06:57:52
1001,PROD-1001,Audífonos Bluetooth WH-1000XM5,Audífonos inalámbricos con la mejor cancelación de ruido del mercado,17690.63,23,1,2026-09-22 03:27:37,2026-09-22 05:15:37
1002,PROD-1002,iPad Pro 12.9,Tableta profesional con pantalla Liquid Retina XDR y chip M2,10595.56,15,1,2026-09-21 05:27:07,2026-09-21 07:25:07
1003,PROD-1003,Monitor UltraGear 27,Monitor de alta frecuencia de actualización para juegos competitivos,6970.96,16,1,2026-09-21 18:29:01,2026-09-21 19:57:01
1004,PROD-1004,Licuadora Reversible 2 Velocidades,Licuadora con motor reversible y vaso de vidrio resistente a choques térmicos,2208.08,10,1,2026-09-19 09:28:10,2026-09-19 10:41:10
1005,PROD-1005,Patinete Eléctrico Pro 4,Scooter eléctrico con gran autonomía para movilidad urbana,13623.36,18,1,2026-09-20 21:16:32,2026-09-20 22:46:32
1006,PROD-1006,Cámara Alpha 7 IV,Cámara mirrorless profesional de fotograma completo para foto y video,5752.02,33,1,2026-09-20 17:58:52,2026-09-20 18:18:52
1007,PROD-1007,Freidora XXL Airfryer,Freidora de aire de gran capacidad con tecnología de extracción de grasa,7395.30,33,1,2026-09-20 12:05:25,2026-09-20 13:43:25
1008,PROD-1008,Patinete Eléctrico Pro 4,Scooter eléctrico con gran autonomía para movilidad urbana,6039.89,39,1,2026-09-20 13:15:15,2026-09-20 13:57:15
1009,PROD-1009,Aspiradora Inalámbrica SpeedPro,Aspiradora escoba sin cable con cabezal de succión de 180 grados,7209.43,56,1,2026-09-20 22:54:45,2026-09-21 00:19:45
1010,PROD-1010,Refrigeradora InstaView,Refrigerador inteligente con panel de cristal panorámico,32694.27,33,1,2026-09-19 12:40:55,2026-09-19 14:08:55
1011,PROD-1011,Smartphone Redmi Note 13 Pro 256GB,Teléfono inteligente con excelente relación calidad-precio y gran cámara - Color Verde,20059.08,24,1,2026-09-17 14:58:07,2026-09-17 15:49:07
1012,PROD-1012,Freidora de Aire 4L,Freidora sin aceite para cocinar de manera saludable y rápida,3116.19,28,1,2026-09-17 19:22:20,2026-09-17 20:39:20
1013,PROD-1013,Cafetera Programable 12 Tazas,Cafetera de goteo con temporizador programable y jarra de vidrio,4400.90,58,1,2026-09-22 03:04:25,2026-09-22 03:39:25
1014,PROD-1014,Smartphone Galaxy S26+ 1TB,Teléfono inteligente con procesador de última generación y batería de larga duración - Color Verde,24340.30,10,1,2026-09-20 13:53:31,2026-09-20 14:43:31
1015,PROD-1015,Patinete Eléctrico Pro 4,Scooter eléctrico con gran autonomía para movilidad urbana,21912.60,37,1,2026-09-17 19:31:12,2026-09-17 21:27:12
1016,PROD-1016,Aspiradora Inalámbrica SpeedPro,Aspiradora escoba sin cable con cabezal de succión de 180 grados,1524.39,35,1,2026-09-19 17:11:19,2026-09-19 18:00:19
1017,PROD-1017,Chaqueta Camionera de Mezclilla,"Chaqueta clásica de mezclilla resistente para uso diario (Talla L, Color Gris)",1012.38,67,1,2026-09-20 21:03:49,2026-09-20 21:14:49
1018,PROD-1018,Smart Band 8,Pulsera de actividad física con seguimiento del sueño y deporte,29030.84,23,1,2026-09-18 11:12:40,2026-09-18 12:55:40
1019,PROD-1019,Aspiradora Inalámbrica SpeedPro,Aspiradora escoba sin cable con cabezal de succión de 180 grados,1460.71,45,1,2026-09-21 02:26:17,2026-09-21 02:37:17
1020,PROD-1020,MacBook Air 15 M2 1TB,Laptop ultra delgada y liviana con gran autonomía - Color Rojo,35525.66,9,1,2026-09-21 01:22:52,2026-09-21 02:58:52
1021,PROD-1021,Jeans 501 Original Fit,"Pantalón de mezclilla clásico de corte recto y ajuste cómodo (Talla XL, Color Verde)",2315.98,63,1,2026-09-18 12:49:41,2026-09-18 14:00:41
1022,PROD-1022,Polerón Adicolor Classics,"Sudadera clásica con el logotipo de las tres tiras (Talla M, Color Blanco)",749.91,58,1,2026-09-19 05:30:49,2026-09-19 06:40:49
1023,PROD-1023,Chaqueta Camionera de Mezclilla,"Chaqueta clásica de mezclilla resistente para uso diario (Talla L, Color Azul)",1552.45,69,1,2026-09-18 20:03:20,2026-09-18 20:06:20
1024,PROD-1024,MacBook Air 15 M2 512GB,Laptop ultra delgada y liviana con gran autonomía - Color Verde,30115.63,35,1,2026-09-18 05:26:31,2026-09-18 06:49:31
1025,PROD-1025,Aspiradora Inalámbrica SpeedPro,Aspiradora escoba sin cable con cabezal de succión de 180 grados,1763.23,52,1,2026-09-21 09:15:40,2026-09-21 09:46:40
1026,PROD-1026,Smartphone Galaxy Z Flip 6 1TB,Teléfono plegable compacto con pantalla exterior funcional - Color Negro,21760.64,28,1,2026-09-20 23:58:52,2026-09-21 00:59:52
1027,PROD-1027,Aspiradora Inalámbrica SpeedPro,Aspiradora escoba sin cable con cabezal de succión de 180 grados,5172.77,38,1,2026-09-21 16:27:51,2026-09-21 18:11:51
1028,PROD-1028,Parlante Portátil SRS-XG300,Bocina inalámbrica portátil resistente al agua con graves potentes,26519.98,6,1,2026-09-19 01:09:19,2026-09-19 01:29:19
1029,PROD-1029,Licuadora Reversible 2 Velocidades,Licuadora con motor reversible y vaso de vidrio resistente a choques térmicos,2829.58,52,1,2026-09-18 07:05:26,2026-09-18 07:50:26
1030,PROD-1030,Smartphone Galaxy Z Flip 6 512GB,Teléfono plegable compacto con pantalla exterior funcional - Color Azul,23086.77,27,1,2026-09-17 18:27:07,2026-09-17 19:04:07
1031,PROD-1031,Polerón Adicolor Classics,"Sudadera clásica con el logotipo de las tres tiras (Talla S, Color Rojo)",766.70,90,1,2026-09-18 14:02:41,2026-09-18 15:39:41
1032,PROD-1032,Smart TV OLED C3 65,Televisor inteligente ideal para videojuegos y películas con pánel OLED,19801.79,25,1,2026-09-21 15:06:47,2026-09-21 16:48:47
1033,PROD-1033,Polera Sportswear Club Fleece,"Sudadera de felpa con capucha y ajuste estándar (Talla S, Color Rojo)",1597.10,28,1,2026-09-17 13:14:09,2026-09-17 13:31:09
1034,PROD-1034,Aspiradora Inalámbrica SpeedPro,Aspiradora escoba sin cable con cabezal de succión de 180 grados,6318.94,34,1,2026-09-19 12:55:09,2026-09-19 14:52:09
1035,PROD-1035,Smartphone Galaxy Z Fold 6 256GB,Teléfono plegable con pantalla gigante para productividad y multitarea - Color Rojo,8349.53,17,1,2026-09-22 07:09:11,2026-09-22 09:03:11
1036,PROD-1036,Freidora de Aire 4L,Freidora sin aceite para cocinar de manera saludable y rápida,3899.73,12,1,2026-09-18 04:20:00,2026-09-18 06:04:00
1037,PROD-1037,Monitor Odyssey G9,Monitor curvo ultrawide diseñado para gaming profesional,12861.45,49,1,2026-09-19 16:09:37,2026-09-19 16:26:37
1038,PROD-1038,Polerón Adicolor Classics,"Sudadera clásica con el logotipo de las tres tiras (Talla L, Color Blanco)",1876.27,13,1,2026-09-21 23:46:38,2026-09-22 01:30:38
1039,PROD-1039,iPhone 16 256GB,Smartphone con pantalla Super Retina XDR y excelente duración de batería - Color Verde,8543.39,13,1,2026-09-18 17:55:04,2026-09-18 18:11:04
1040,PROD-1040,Smartphone Redmi Note 13 Pro 128GB,Teléfono inteligente con excelente relación calidad-precio y gran cámara - Color Negro,28001.58,32,1,2026-09-17 17:32:58,2026-09-17 17:57:58
1041,PROD-1041,Audífonos Galaxy Buds3 Pro,Audífonos inalámbricos con cancelación activa de ruido inteligente,21557.75,35,1,2026-09-18 04:40:36,2026-09-18 06:36:36
1042,PROD-1042,Jeans 501 Original Fit,"Pantalón de mezclilla clásico de corte recto y ajuste cómodo (Talla L, Color Verde)",372.09,22,1,2026-09-22 05:17:54,2026-09-22 05:32:54
1043,PROD-1043,Cafetera Programable 12 Tazas,Cafetera de goteo con temporizador programable y jarra de vidrio,7248.93,19,1,2026-09-21 13:01:14,2026-09-21 13:45:14
1044,PROD-1044,Smartphone Galaxy S26 512GB,Smartphone compacto con pantalla fluida y excelente rendimiento - Color Rojo,12848.20,15,1,2026-09-20 12:16:03,2026-09-20 13:55:03
1045,PROD-1045,Cafetera Programable 12 Tazas,Cafetera de goteo con temporizador programable y jarra de vidrio,4733.79,14,1,2026-09-22 10:43:06,2026-09-22 11:57:06
1046,PROD-1046,Smart TV OLED C3 65,Televisor inteligente ideal para videojuegos y películas con pánel OLED,25911.31,23,1,2026-09-18 12:22:25,2026-09-18 14:17:25
1047,PROD-1047,Cafetera Programable 12 Tazas,Cafetera de goteo con temporizador programable y jarra de vidrio,1150.01,21,1,2026-09-20 12:47:10,2026-09-20 14:35:10
1048,PROD-1048,Aspiradora Inalámbrica SpeedPro,Aspiradora escoba sin cable con cabezal de succión de 180 grados,5705.81,19,1,2026-09-20 03:23:18,2026-09-20 04:49:18
1049,PROD-1049,iPad Pro 12.9,Tableta profesional con pantalla Liquid Retina XDR y chip M2,35336.19,32,1,2026-09-18 18:33:48,2026-09-18 19:38:48
1050,PROD-1050,Smartphone Redmi Note 13 Pro 512GB,Teléfono inteligente con excelente relación calidad-precio y gran cámara - Color Negro,17039.51,38,1,2026-09-18 07:09:04,2026-09-18 08:12:04
1051,PROD-1051,Zapatillas Samba OG,"Tenis de estilo retro icónicos en cuero de primera calidad (Talla S, Color Negro)",1055.45,24,1,2026-09-19 19:23:43,2026-09-19 19:59:43
1052,PROD-1052,Polerón Adicolor Classics,"Sudadera clásica con el logotipo de las tres tiras (Talla L, Color Verde)",2448.78,66,1,2026-09-18 20:15:09,2026-09-18 21:25:09
1053,PROD-1053,Pantalón de Buzo Tech Fleece,"Pantalón deportivo térmico con diseño estilizado (Talla M, Color Negro)",2273.72,70,1,2026-09-21 14:15:47,2026-09-21 15:02:47
1054,PROD-1054,Monitor Odyssey G9,Monitor curvo ultrawide diseñado para gaming profesional,24359.39,30,1,2026-09-20 03:09:15,2026-09-20 04:15:15
1055,PROD-1055,Licuadora Reversible 2 Velocidades,Licuadora con motor reversible y vaso de vidrio resistente a choques térmicos,1489.59,33,1,2026-09-21 16:34:46,2026-09-21 17:49:46
1056,PROD-1056,iPhone 16 Pro 512GB,Teléfono inteligente premium con chip de alto rendimiento y triple cámara - Color Blanco,12521.42,43,1,2026-09-19 22:14:10,2026-09-19 22:29:10
1057,PROD-1057,Smart Band 8,Pulsera de actividad física con seguimiento del sueño y deporte,10387.40,50,1,2026-09-22 02:54:37,2026-09-22 04:08:37
1058,PROD-1058,Aspiradora Inalámbrica SpeedPro,Aspiradora escoba sin cable con cabezal de succión de 180 grados,3106.34,50,1,2026-09-21 03:11:59,2026-09-21 04:02:59
1059,PROD-1059,Zapatillas Samba OG,"Tenis de estilo retro icónicos en cuero de primera calidad (Talla M, Color Azul)",582.28,42,1,2026-09-20 10:37:22,2026-09-20 11:40:22
1060,PROD-1060,iPhone 16 Pro Max 128GB,Smartphone insignia de Apple con acabado en titanio y cámara profesional - Color Verde,2376.26,9,1,2026-09-20 11:54:13,2026-09-20 13:20:13
1061,PROD-1061,Apple Watch Series 10,Reloj inteligente con sensores avanzados de salud y actividad física,21962.73,25,1,2026-09-18 09:36:04,2026-09-18 10:14:04
1062,PROD-1062,Licuadora Reversible 2 Velocidades,Licuadora con motor reversible y vaso de vidrio resistente a choques térmicos,5424.21,41,1,2026-09-22 03:08:35,2026-09-22 04:11:35
1063,PROD-1063,Chaqueta Camionera de Mezclilla,"Chaqueta clásica de mezclilla resistente para uso diario (Talla XL, Color Azul)",1435.31,79,1,2026-09-19 13:24:00,2026-09-19 15:07:00
1064,PROD-1064,Licuadora Reversible 2 Velocidades,Licuadora con motor reversible y vaso de vidrio resistente a choques térmicos,7929.41,15,1,2026-09-19 19:13:39,2026-09-19 20:10:39
1065,PROD-1065,Pantalón de Buzo Tech Fleece,"Pantalón deportivo térmico con diseño estilizado (Talla XL, Color Negro)",420.65,81,1,2026-09-21 11:23:28,2026-09-21 13:13:28
1066,PROD-1066,Zapatillas Ultraboost Light,"Tenis de running con retorno de energía superior y ligereza (Talla XL, Color Azul)",639.15,59,1,2026-09-20 10:20:53,2026-09-20 11:57:53
1067,PROD-1067,Refrigeradora InstaView,Refrigerador inteligente con panel de cristal panorámico,17914.66,40,1,2026-09-21 15:10:20,2026-09-21 16:19:20
1068,PROD-1068,Aspiradora Inalámbrica SpeedPro,Aspiradora escoba sin cable con cabezal de succión de 180 grados,4673.14,18,1,2026-09-20 13:08:55,2026-09-20 13:15:55
1069,PROD-1069,Pantalón de Buzo Tech Fleece,"Pantalón deportivo térmico con diseño estilizado (Talla XL, Color Rojo)",1804.45,46,1,2026-09-19 10:01:52,2026-09-19 10:08:52
1070,PROD-1070,Smart TV OLED C3 65,Televisor inteligente ideal para videojuegos y películas con pánel OLED,5051.03,28,1,2026-09-19 14:09:58,2026-09-19 15:52:58
1071,PROD-1071,Cafetera Programable 12 Tazas,Cafetera de goteo con temporizador programable y jarra de vidrio,2993.55,14,1,2026-09-20 01:42:39,2026-09-20 02:26:39
1072,PROD-1072,Polera Sportswear Club Fleece,"Sudadera de felpa con capucha y ajuste estándar (Talla S, Color Verde)",875.09,40,1,2026-09-21 09:44:29,2026-09-21 10:23:29
1073,PROD-1073,Cafetera Programable 12 Tazas,Cafetera de goteo con temporizador programable y jarra de vidrio,897.80,27,1,2026-09-18 04:01:42,2026-09-18 04:44:42
1074,PROD-1074,Audífonos Galaxy Buds3 Pro,Audífonos inalámbricos con cancelación activa de ruido inteligente,12077.15,34,1,2026-09-21 11:09:06,2026-09-21 12:59:06
1075,PROD-1075,Polerón Adicolor Classics,"Sudadera clásica con el logotipo de las tres tiras (Talla XL, Color Gris)",393.86,70,1,2026-09-21 00:59:22,2026-09-21 01:01:22
1076,PROD-1076,Zapatillas Running Pegasus 40,"Calzado de correr con amortiguación reactiva para entrenamiento (Talla XL, Color Gris)",1580.96,72,1,2026-09-18 01:55:45,2026-09-18 03:23:45
1077,PROD-1077,Freidora de Aire 4L,Freidora sin aceite para cocinar de manera saludable y rápida,4175.16,59,1,2026-09-22 02:45:16,2026-09-22 04:10:16
1078,PROD-1078,Chaqueta Camionera de Mezclilla,"Chaqueta clásica de mezclilla resistente para uso diario (Talla L, Color Azul)",783.78,91,1,2026-09-22 05:59:40,2026-09-22 06:08:40
1079,PROD-1079,Freidora de Aire 4L,Freidora sin aceite para cocinar de manera saludable y rápida,2415.18,27,1,2026-09-20 22:52:57,2026-09-20 23:43:57
1080,PROD-1080,Refrigeradora InstaView,Refrigerador inteligente con panel de cristal panorámico,34506.91,50,1,2026-09-20 23:33:46,2026-09-20 23:45:46
1081,PROD-1081,Aspiradora Inalámbrica SpeedPro,Aspiradora escoba sin cable con cabezal de succión de 180 grados,911.25,59,1,2026-09-20 16:41:57,2026-09-20 17:41:57
1082,PROD-1082,Chaqueta Camionera de Mezclilla,"Chaqueta clásica de mezclilla resistente para uso diario (Talla S, Color Verde)",2121.04,74,1,2026-09-22 08:28:00,2026-09-22 09:06:00
1083,PROD-1083,Polerón Adicolor Classics,"Sudadera clásica con el logotipo de las tres tiras (Talla L, Color Blanco)",1240.78,42,1,2026-09-21 06:22:28,2026-09-21 07:27:28
1084,PROD-1084,Polerón Adicolor Classics,"Sudadera clásica con el logotipo de las tres tiras (Talla M, Color Negro)",1699.86,76,1,2026-09-18 14:31:27,2026-09-18 15:44:27
1085,PROD-1085,Camiseta Graphic Setin Neck,"Playera casual de algodón con estampado frontal (Talla L, Color Verde)",1495.35,88,1,2026-09-22 03:22:06,2026-09-22 05:18:06
1086,PROD-1086,Polerón Adicolor Classics,"Sudadera clásica con el logotipo de las tres tiras (Talla S, Color Rojo)",781.39,69,1,2026-09-18 08:52:27,2026-09-18 09:22:27
1087,PROD-1087,Smart TV Bravia XR OLED 55,Televisor OLED con negros absolutos y procesador de imagen cognitivo,15064.24,9,1,2026-09-21 07:40:47,2026-09-21 08:06:47
1088,PROD-1088,Polera Sportswear Club Fleece,"Sudadera de felpa con capucha y ajuste estándar (Talla M, Color Gris)",1826.74,40,1,2026-09-19 22:27:57,2026-09-19 22:57:57
1089,PROD-1089,MacBook Pro 16 M3 128GB,Computadora portátil profesional para edición de video y desarrollo - Color Blanco,28795.09,24,1,2026-09-20 06:57:20,2026-09-20 07:59:20
1090,PROD-1090,Aspiradora Inalámbrica SpeedPro,Aspiradora escoba sin cable con cabezal de succión de 180 grados,5316.61,10,1,2026-09-18 16:46:28,2026-09-18 17:06:28
1091,PROD-1091,Jeans 501 Original Fit,"Pantalón de mezclilla clásico de corte recto y ajuste cómodo (Talla L, Color Gris)",1766.14,32,1,2026-09-21 09:11:22,2026-09-21 11:00:22
1092,PROD-1092,Smartphone Redmi Note 13 Pro 128GB,Teléfono inteligente con excelente relación calidad-precio y gran cámara - Color Negro,11643.62,24,1,2026-09-17 20:37:02,2026-09-17 22:32:02
1093,PROD-1093,Zapatillas Air Force 1 '07,"Tenis clásicos de cuero blanco para uso urbano y casual (Talla XL, Color Verde)",2161.91,40,1,2026-09-18 03:39:31,2026-09-18 04:52:31
1094,PROD-1094,Cafetera Programable 12 Tazas,Cafetera de goteo con temporizador programable y jarra de vidrio,5448.05,45,1,2026-09-22 04:14:30,2026-09-22 06:13:30
1095,PROD-1095,Aspiradora Inalámbrica SpeedPro,Aspiradora escoba sin cable con cabezal de succión de 180 grados,7122.69,23,1,2026-09-21 02:42:46,2026-09-21 02:57:46
1096,PROD-1096,Zapatillas Running Pegasus 40,"Calzado de correr con amortiguación reactiva para entrenamiento (Talla XL, Color Verde)",1949.51,64,1,2026-09-18 19:06:26,2026-09-18 19:24:26
1097,PROD-1097,MacBook Pro 16 M3 512GB,Computadora portátil profesional para edición de video y desarrollo - Color Azul,14997.33,42,1,2026-09-17 19:30:08,2026-09-17 20:32:08
1098,PROD-1098,Freidora XXL Airfryer,Freidora de aire de gran capacidad con tecnología de extracción de grasa,2805.32,35,1,2026-09-20 08:30:47,2026-09-20 09:57:47
1099,PROD-1099,Audífonos Bluetooth WH-1000XM5,Audífonos inalámbricos con la mejor cancelación de ruido del mercado,13386.43,50,1,2026-09-19 16:54:48,2026-09-19 18:39:48
1100,PROD-1100,Jeans 501 Original Fit,"Pantalón de mezclilla clásico de corte recto y ajuste cómodo (Talla S, Color Verde)",2322.53,95,1,2026-09-18 22:15:46,2026-09-18 22:47:46
1101,PROD-1101,Aspiradora Inalámbrica SpeedPro,Aspiradora escoba sin cable con cabezal de succión de 180 grados,5256.01,52,1,2026-09-19 16:12:07,2026-09-19 18:07:07
1102,PROD-1102,Cafetera Programable 12 Tazas,Cafetera de goteo con temporizador programable y jarra de vidrio,6988.84,36,1,2026-09-19 19:55:57,2026-09-19 19:56:57
1103,PROD-1103,Polera Sportswear Club Fleece,"Sudadera de felpa con capucha y ajuste estándar (Talla S, Color Blanco)",989.46,30,1,2026-09-20 03:16:08,2026-09-20 04:36:08
1104,PROD-1104,Zapatillas Samba OG,"Tenis de estilo retro icónicos en cuero de primera calidad (Talla S, Color Gris)",2212.86,72,1,2026-09-20 07:57:54,2026-09-20 09:31:54
1105,PROD-1105,Pantalón de Buzo Tech Fleece,"Pantalón deportivo térmico con diseño estilizado (Talla S, Color Blanco)",1851.74,74,1,2026-09-17 21:01:22,2026-09-17 21:46:22
1106,PROD-1106,Polerón Adicolor Classics,"Sudadera clásica con el logotipo de las tres tiras (Talla L, Color Azul)",1844.70,16,1,2026-09-21 08:45:51,2026-09-21 10:07:51
1107,PROD-1107,Smartphone Xiaomi 14 Ultra 128GB,Smartphone de gama alta enfocado en fotografía profesional Leica - Color Azul,7602.67,24,1,2026-09-19 09:02:47,2026-09-19 10:15:47
1108,PROD-1108,Smartphone Galaxy S26 256GB,Smartphone compacto con pantalla fluida y excelente rendimiento - Color Rojo,25831.52,46,1,2026-09-22 02:30:04,2026-09-22 02:46:04
1109,PROD-1109,Aspiradora Inalámbrica SpeedPro,Aspiradora escoba sin cable con cabezal de succión de 180 grados,3831.32,55,1,2026-09-18 06:48:04,2026-09-18 07:21:04
1110,PROD-1110,Monitor UltraGear 27,Monitor de alta frecuencia de actualización para juegos competitivos,28883.27,17,1,2026-09-17 23:38:56,2026-09-18 00:31:56
1111,PROD-1111,Camiseta Graphic Setin Neck,"Playera casual de algodón con estampado frontal (Talla XL, Color Rojo)",832.65,12,1,2026-09-20 20:41:57,2026-09-20 22:03:57
1112,PROD-1112,Licuadora Reversible 2 Velocidades,Licuadora con motor reversible y vaso de vidrio resistente a choques térmicos,7803.37,20,1,2026-09-19 01:28:56,2026-09-19 02:57:56
1113,PROD-1113,Smart TV 65 Neo QLED,Televisor inteligente 4K con tecnología de puntos cuánticos y alto contraste,22439.14,43,1,2026-09-19 01:14:44,2026-09-19 01:33:44
1114,PROD-1114,Audífonos Bluetooth WH-1000XM5,Audífonos inalámbricos con la mejor cancelación de ruido del mercado,34127.14,12,1,2026-09-17 13:24:47,2026-09-17 14:55:47
1115,PROD-1115,Aspiradora Inalámbrica SpeedPro,Aspiradora escoba sin cable con cabezal de succión de 180 grados,6687.16,39,1,2026-09-18 04:37:01,2026-09-18 05:05:01
1116,PROD-1116,Licuadora Reversible 2 Velocidades,Licuadora con motor reversible y vaso de vidrio resistente a choques térmicos,7590.00,60,1,2026-09-22 05:15:44,2026-09-22 05:49:44
1117,PROD-1117,Zapatillas Samba OG,"Tenis de estilo retro icónicos en cuero de primera calidad (Talla XL, Color Blanco)",1277.31,36,1,2026-09-21 02:45:03,2026-09-21 03:12:03
1118,PROD-1118,Polerón Adicolor Classics,"Sudadera clásica con el logotipo de las tres tiras (Talla M, Color Azul)",737.80,28,1,2026-09-17 15:32:52,2026-09-17 16:09:52
1119,PROD-1119,Camiseta Graphic Setin Neck,"Playera casual de algodón con estampado frontal (Talla M, Color Gris)",1603.24,92,1,2026-09-20 06:04:56,2026-09-20 06:14:56
1120,PROD-1120,Smartphone Xiaomi 14 Ultra 512GB,Smartphone de gama alta enfocado en fotografía profesional Leica - Color Verde,14613.19,18,1,2026-09-21 19:14:40,2026-09-21 20:03:40
1121,PROD-1121,Aspiradora Inalámbrica SpeedPro,Aspiradora escoba sin cable con cabezal de succión de 180 grados,955.22,43,1,2026-09-17 19:54:50,2026-09-17 20:00:50
1122,PROD-1122,Camiseta Graphic Setin Neck,"Playera casual de algodón con estampado frontal (Talla L, Color Rojo)",2369.54,86,1,2026-09-21 18:41:43,2026-09-21 20:16:43
1123,PROD-1123,Smartphone Galaxy Z Flip 6 1TB,Teléfono plegable compacto con pantalla exterior funcional - Color Gris,35202.10,47,1,2026-09-19 17:22:26,2026-09-19 17:38:26
1124,PROD-1124,Cafetera Programable 12 Tazas,Cafetera de goteo con temporizador programable y jarra de vidrio,1763.23,18,1,2026-09-20 12:43:15,2026-09-20 13:46:15
1125,PROD-1125,Zapatillas Air Max 270,"Calzado deportivo con cápsula de aire visible para máxima comodidad (Talla S, Color Gris)",1877.05,65,1,2026-09-18 08:00:28,2026-09-18 08:33:28
1126,PROD-1126,Consola PlayStation 5 Slim,Consola de videojuegos de última generación con almacenamiento SSD ultra rápido,35237.34,36,1,2026-09-19 04:16:52,2026-09-19 05:51:52
1127,PROD-1127,Polera Sportswear Club Fleece,"Sudadera de felpa con capucha y ajuste estándar (Talla L, Color Rojo)",2133.62,43,1,2026-09-20 14:38:49,2026-09-20 15:18:49
1128,PROD-1128,Chaqueta Camionera de Mezclilla,"Chaqueta clásica de mezclilla resistente para uso diario (Talla XL, Color Blanco)",1544.70,94,1,2026-09-21 08:04:36,2026-09-21 09:46:36
1129,PROD-1129,Jeans 511 Slim Fit,"Pantalón de mezclilla ajustado de estilo moderno (Talla M, Color Negro)",844.20,14,1,2026-09-20 07:50:32,2026-09-20 08:23:32
1130,PROD-1130,Smart Band 8,Pulsera de actividad física con seguimiento del sueño y deporte,4618.85,36,1,2026-09-17 17:17:53,2026-09-17 18:13:53
1131,PROD-1131,Polerón Adicolor Classics,"Sudadera clásica con el logotipo de las tres tiras (Talla XL, Color Azul)",1409.93,28,1,2026-09-18 05:21:57,2026-09-18 06:05:57
1132,PROD-1132,MacBook Air 15 M2 256GB,Laptop ultra delgada y liviana con gran autonomía - Color Blanco,27122.75,22,1,2026-09-20 21:23:10,2026-09-20 23:17:10
1133,PROD-1133,Cafetera Programable 12 Tazas,Cafetera de goteo con temporizador programable y jarra de vidrio,7984.83,8,1,2026-09-20 15:57:50,2026-09-20 17:35:50
1134,PROD-1134,Freidora de Aire 4L,Freidora sin aceite para cocinar de manera saludable y rápida,7395.14,23,1,2026-09-22 03:14:33,2026-09-22 04:17:33
1135,PROD-1135,Freidora de Aire 4L,Freidora sin aceite para cocinar de manera saludable y rápida,597.31,51,1,2026-09-21 14:28:58,2026-09-21 14:43:58
1136,PROD-1136,Zapatillas Running Pegasus 40,"Calzado de correr con amortiguación reactiva para entrenamiento (Talla S, Color Gris)",680.62,20,1,2026-09-20 06:23:01,2026-09-20 08:09:01
1137,PROD-1137,Aspiradora Inalámbrica SpeedPro,Aspiradora escoba sin cable con cabezal de succión de 180 grados,5175.51,25,1,2026-09-21 01:53:41,2026-09-21 03:17:41
1138,PROD-1138,Consola PlayStation 5 Slim,Consola de videojuegos de última generación con almacenamiento SSD ultra rápido,23794.13,33,1,2026-09-19 10:40:36,2026-09-19 12:13:36
1139,PROD-1139,Licuadora Reversible 2 Velocidades,Licuadora con motor reversible y vaso de vidrio resistente a choques térmicos,6960.92,59,1,2026-09-21 09:05:41,2026-09-21 09:41:41
1140,PROD-1140,Jeans 501 Original Fit,"Pantalón de mezclilla clásico de corte recto y ajuste cómodo (Talla XL, Color Negro)",1207.55,32,1,2026-09-18 22:19:18,2026-09-18 23:57:18
1141,PROD-1141,Jeans 501 Original Fit,"Pantalón de mezclilla clásico de corte recto y ajuste cómodo (Talla M, Color Blanco)",1185.28,61,1,2026-09-19 04:51:15,2026-09-19 06:13:15
1142,PROD-1142,Licuadora Reversible 2 Velocidades,Licuadora con motor reversible y vaso de vidrio resistente a choques térmicos,2668.95,59,1,2026-09-20 02:19:27,2026-09-20 03:53:27
1143,PROD-1143,Polerón Adicolor Classics,"Sudadera clásica con el logotipo de las tres tiras (Talla M, Color Gris)",1780.87,57,1,2026-09-20 14:01:04,2026-09-20 14:26:04
1144,PROD-1144,Pantalón de Buzo Tech Fleece,"Pantalón deportivo térmico con diseño estilizado (Talla XL, Color Gris)",1560.57,64,1,2026-09-18 00:29:49,2026-09-18 02:05:49
1145,PROD-1145,Zapatillas Running Pegasus 40,"Calzado de correr con amortiguación reactiva para entrenamiento (Talla M, Color Azul)",1705.98,21,1,2026-09-17 17:14:48,2026-09-17 18:19:48
1146,PROD-1146,Zapatillas Air Max 270,"Calzado deportivo con cápsula de aire visible para máxima comodidad (Talla M, Color Azul)",1483.65,92,1,2026-09-20 15:46:09,2026-09-20 15:56:09
1147,PROD-1147,Pantalón de Buzo Tech Fleece,"Pantalón deportivo térmico con diseño estilizado (Talla S, Color Azul)",995.85,26,1,2026-09-21 15:01:04,2026-09-21 16:56:04
1148,PROD-1148,Camiseta Graphic Setin Neck,"Playera casual de algodón con estampado frontal (Talla L, Color Rojo)",452.62,19,1,2026-09-17 17:55:29,2026-09-17 19:00:29
1149,PROD-1149,Monitor UltraGear 27,Monitor de alta frecuencia de actualización para juegos competitivos,15162.19,34,1,2026-09-21 11:36:05,2026-09-21 13:08:05
1150,PROD-1150,Aspiradora Inalámbrica SpeedPro,Aspiradora escoba sin cable con cabezal de succión de 180 grados,2336.94,13,1,2026-09-22 03:17:59,2026-09-22 04:21:59
1151,PROD-1151,Monitor Odyssey G9,Monitor curvo ultrawide diseñado para gaming profesional,6874.10,16,1,2026-09-19 20:35:09,2026-09-19 20:40:09
1152,PROD-1152,Patinete Eléctrico Pro 4,Scooter eléctrico con gran autonomía para movilidad urbana,11645.10,34,1,2026-09-22 01:39:18,2026-09-22 03:04:18
1153,PROD-1153,Zapatillas Samba OG,"Tenis de estilo retro icónicos en cuero de primera calidad (Talla L, Color Blanco)",803.80,20,1,2026-09-22 00:09:05,2026-09-22 01:26:05
1154,PROD-1154,Zapatillas Ultraboost Light,"Tenis de running con retorno de energía superior y ligereza (Talla XL, Color Rojo)",388.52,60,1,2026-09-18 04:21:00,2026-09-18 04:22:00
1155,PROD-1155,Smart Band 8,Pulsera de actividad física con seguimiento del sueño y deporte,25059.12,47,1,2026-09-21 23:44:46,2026-09-22 01:01:46
1156,PROD-1156,Aspiradora Inalámbrica SpeedPro,Aspiradora escoba sin cable con cabezal de succión de 180 grados,5100.60,47,1,2026-09-19 15:53:32,2026-09-19 17:21:32
1157,PROD-1157,Aspiradora Inalámbrica SpeedPro,Aspiradora escoba sin cable con cabezal de succión de 180 grados,1066.03,16,1,2026-09-17 13:22:41,2026-09-17 13:46:41
1158,PROD-1158,Smartphone Galaxy Z Fold 6 128GB,Teléfono plegable con pantalla gigante para productividad y multitarea - Color Blanco,17579.66,14,1,2026-09-21 09:58:57,2026-09-21 10:28:57
1159,PROD-1159,Polerón Adicolor Classics,"Sudadera clásica con el logotipo de las tres tiras (Talla M, Color Negro)",996.97,69,1,2026-09-18 08:56:08,2026-09-18 09:56:08
1160,PROD-1160,Jeans 501 Original Fit,"Pantalón de mezclilla clásico de corte recto y ajuste cómodo (Talla M, Color Blanco)",1938.38,66,1,2026-09-20 09:59:51,2026-09-20 10:59:51
1161,PROD-1161,Robot Aspiradora X10+,Aspiradora robótica con estación de vaciado automático y mapeo láser,9113.35,23,1,2026-09-20 22:17:12,2026-09-21 00:03:12
1162,PROD-1162,Chaqueta Camionera de Mezclilla,"Chaqueta clásica de mezclilla resistente para uso diario (Talla S, Color Negro)",1705.38,65,1,2026-09-19 23:53:46,2026-09-20 01:41:46
1163,PROD-1163,Polerón Adicolor Classics,"Sudadera clásica con el logotipo de las tres tiras (Talla L, Color Negro)",1398.12,72,1,2026-09-20 14:07:13,2026-09-20 15:22:13
1164,PROD-1164,Freidora XXL Airfryer,Freidora de aire de gran capacidad con tecnología de extracción de grasa,5828.61,41,1,2026-09-17 14:07:38,2026-09-17 15:01:38
1165,PROD-1165,Freidora XXL Airfryer,Freidora de aire de gran capacidad con tecnología de extracción de grasa,2435.65,49,1,2026-09-20 00:06:27,2026-09-20 01:59:27
1166,PROD-1166,Camiseta Graphic Setin Neck,"Playera casual de algodón con estampado frontal (Talla L, Color Azul)",1849.66,12,1,2026-09-18 10:51:12,2026-09-18 11:27:12
1167,PROD-1167,Freidora de Aire 4L,Freidora sin aceite para cocinar de manera saludable y rápida,3013.24,22,1,2026-09-20 13:17:14,2026-09-20 13:45:14
1168,PROD-1168,Aspiradora Inalámbrica SpeedPro,Aspiradora escoba sin cable con cabezal de succión de 180 grados,1396.81,26,1,2026-09-21 20:39:04,2026-09-21 22:10:04
1169,PROD-1169,Polera Sportswear Club Fleece,"Sudadera de felpa con capucha y ajuste estándar (Talla XL, Color Blanco)",1686.96,46,1,2026-09-21 15:56:51,2026-09-21 17:31:51
1170,PROD-1170,Smartphone Xiaomi 14 Ultra 256GB,Smartphone de gama alta enfocado en fotografía profesional Leica - Color Blanco,6049.15,36,1,2026-09-18 02:03:09,2026-09-18 03:44:09
1171,PROD-1171,Polera Sportswear Club Fleece,"Sudadera de felpa con capucha y ajuste estándar (Talla M, Color Blanco)",1547.19,12,1,2026-09-19 15:36:34,2026-09-19 17:28:34
1172,PROD-1172,Zapatillas Air Max 270,"Calzado deportivo con cápsula de aire visible para máxima comodidad (Talla M, Color Rojo)",418.74,18,1,2026-09-19 12:32:37,2026-09-19 13:27:37
1173,PROD-1173,Smart TV OLED C3 65,Televisor inteligente ideal para videojuegos y películas con pánel OLED,4784.43,19,1,2026-09-20 10:11:22,2026-09-20 10:44:22
1174,PROD-1174,Zapatillas Air Force 1 '07,"Tenis clásicos de cuero blanco para uso urbano y casual (Talla L, Color Blanco)",2184.83,75,1,2026-09-21 03:21:48,2026-09-21 04:46:48
1175,PROD-1175,Monitor Odyssey G9,Monitor curvo ultrawide diseñado para gaming profesional,28864.03,12,1,2026-09-18 02:46:44,2026-09-18 04:26:44
1176,PROD-1176,Cafetera Programable 12 Tazas,Cafetera de goteo con temporizador programable y jarra de vidrio,718.97,14,1,2026-09-18 11:41:07,2026-09-18 13:01:07
1177,PROD-1177,iPad Pro 12.9,Tableta profesional con pantalla Liquid Retina XDR y chip M2,6074.66,23,1,2026-09-21 18:29:28,2026-09-21 19:25:28
1178,PROD-1178,Freidora XXL Airfryer,Freidora de aire de gran capacidad con tecnología de extracción de grasa,1572.65,31,1,2026-09-19 12:05:17,2026-09-19 13:49:17
1179,PROD-1179,Smartphone Galaxy Z Fold 6 1TB,Teléfono plegable con pantalla gigante para productividad y multitarea - Color Azul,27807.29,5,1,2026-09-18 23:05:03,2026-09-19 00:51:03
1180,PROD-1180,Polera Sportswear Club Fleece,"Sudadera de felpa con capucha y ajuste estándar (Talla M, Color Negro)",921.93,63,1,2026-09-19 15:52:48,2026-09-19 17:12:48
1181,PROD-1181,Licuadora Reversible 2 Velocidades,Licuadora con motor reversible y vaso de vidrio resistente a choques térmicos,6124.37,41,1,2026-09-20 00:46:30,2026-09-20 02:26:30
1182,PROD-1182,Apple Watch Series 10,Reloj inteligente con sensores avanzados de salud y actividad física,15176.03,31,1,2026-09-20 06:10:05,2026-09-20 07:59:05
1183,PROD-1183,Freidora XXL Airfryer,Freidora de aire de gran capacidad con tecnología de extracción de grasa,3763.60,57,1,2026-09-17 12:48:22,2026-09-17 14:19:22
1184,PROD-1184,Licuadora Reversible 2 Velocidades,Licuadora con motor reversible y vaso de vidrio resistente a choques térmicos,2971.11,33,1,2026-09-22 03:50:32,2026-09-22 04:11:32
1185,PROD-1185,Camiseta Graphic Setin Neck,"Playera casual de algodón con estampado frontal (Talla S, Color Verde)",2333.42,29,1,2026-09-20 23:02:00,2026-09-20 23:09:00
1186,PROD-1186,Aspiradora Inalámbrica SpeedPro,Aspiradora escoba sin cable con cabezal de succión de 180 grados,3455.22,51,1,2026-09-21 17:25:02,2026-09-21 18:35:02
1187,PROD-1187,Polerón Adicolor Classics,"Sudadera clásica con el logotipo de las tres tiras (Talla L, Color Gris)",366.99,45,1,2026-09-20 16:13:21,2026-09-20 17:31:21
1188,PROD-1188,Smart Band 8,Pulsera de actividad física con seguimiento del sueño y deporte,23357.72,39,1,2026-09-21 06:17:11,2026-09-21 07:57:11
1189,PROD-1189,Aspiradora Inalámbrica SpeedPro,Aspiradora escoba sin cable con cabezal de succión de 180 grados,7146.33,58,1,2026-09-21 09:50:22,2026-09-21 10:41:22
1190,PROD-1190,Consola PlayStation 5 Slim,Consola de videojuegos de última generación con almacenamiento SSD ultra rápido,1812.44,26,1,2026-09-19 20:09:15,2026-09-19 21:41:15
1191,PROD-1191,Cafetera Programable 12 Tazas,Cafetera de goteo con temporizador programable y jarra de vidrio,7938.62,26,1,2026-09-18 18:29:05,2026-09-18 18:40:05
1192,PROD-1192,Aspiradora Inalámbrica SpeedPro,Aspiradora escoba sin cable con cabezal de succión de 180 grados,6153.55,18,1,2026-09-17 14:46:06,2026-09-17 14:49:06
1193,PROD-1193,Freidora XXL Airfryer,Freidora de aire de gran capacidad con tecnología de extracción de grasa,6724.94,27,1,2026-09-21 21:09:47,2026-09-21 22:03:47
1194,PROD-1194,Cafetera Programable 12 Tazas,Cafetera de goteo con temporizador programable y jarra de vidrio,855.59,31,1,2026-09-19 01:11:14,2026-09-19 02:31:14
1195,PROD-1195,Freidora XXL Airfryer,Freidora de aire de gran capacidad con tecnología de extracción de grasa,762.77,49,1,2026-09-18 05:31:31,2026-09-18 06:28:31
1196,PROD-1196,Polerón Adicolor Classics,"Sudadera clásica con el logotipo de las tres tiras (Talla S, Color Azul)",1078.81,40,1,2026-09-22 08:39:02,2026-09-22 10:14:02
1197,PROD-1197,Freidora de Aire 4L,Freidora sin aceite para cocinar de manera saludable y rápida,2673.93,50,1,2026-09-22 05:39:02,2026-09-22 07:23:02
1198,PROD-1198,Cafetera Programable 12 Tazas,Cafetera de goteo con temporizador programable y jarra de vidrio,3270.26,55,1,2026-09-18 23:25:18,2026-09-18 23:38:18
1199,PROD-1199,Polerón Adicolor Classics,"Sudadera clásica con el logotipo de las tres tiras (Talla M, Color Gris)",1326.77,28,1,2026-09-21 18:59:51,2026-09-21 19:53:51
1200,PROD-1200,Jeans 501 Original Fit,"Pantalón de mezclilla clásico de corte recto y ajuste cómodo (Talla S, Color Azul)",2260.29,70,1,2026-09-18 18:38:15,2026-09-18 19:35:15
1201,PROD-1201,Barra de Sonido HT-A7000,Sistema de audio para cine en casa con soporte Dolby Atmos,19182.07,42,1,2026-09-20 20:45:47,2026-09-20 21:51:47
1202,PROD-1202,Zapatillas Running Pegasus 40,"Calzado de correr con amortiguación reactiva para entrenamiento (Talla XL, Color Verde)",1260.36,66,1,2026-09-21 15:42:10,2026-09-21 17:41:10
1203,PROD-1203,Zapatillas Samba OG,"Tenis de estilo retro icónicos en cuero de primera calidad (Talla M, Color Blanco)",1437.44,72,1,2026-09-21 18:55:34,2026-09-21 19:53:34
1204,PROD-1204,Refrigeradora InstaView,Refrigerador inteligente con panel de cristal panorámico,4691.06,18,1,2026-09-20 05:41:04,2026-09-20 06:41:04
1205,PROD-1205,Audífonos AirPods Pro 2,Audífonos intrauditivos con cancelación de ruido de nivel superior,13611.29,12,1,2026-09-21 02:58:18,2026-09-21 04:47:18
1206,PROD-1206,Jeans 501 Original Fit,"Pantalón de mezclilla clásico de corte recto y ajuste cómodo (Talla L, Color Rojo)",972.62,76,1,2026-09-18 09:41:02,2026-09-18 09:56:02
1207,PROD-1207,Polera Sportswear Club Fleece,"Sudadera de felpa con capucha y ajuste estándar (Talla L, Color Gris)",1394.74,28,1,2026-09-18 08:03:29,2026-09-18 09:43:29
1208,PROD-1208,Freidora XXL Airfryer,Freidora de aire de gran capacidad con tecnología de extracción de grasa,7519.84,27,1,2026-09-19 04:38:33,2026-09-19 05:05:33
1209,PROD-1209,Smartphone Redmi Note 13 Pro 128GB,Teléfono inteligente con excelente relación calidad-precio y gran cámara - Color Rojo,12877.04,7,1,2026-09-20 00:10:16,2026-09-20 01:11:16
1210,PROD-1210,Aspiradora Inalámbrica SpeedPro,Aspiradora escoba sin cable con cabezal de succión de 180 grados,7242.18,58,1,2026-09-19 18:18:23,2026-09-19 19:18:23
1211,PROD-1211,Licuadora Reversible 2 Velocidades,Licuadora con motor reversible y vaso de vidrio resistente a choques térmicos,4236.21,37,1,2026-09-22 02:17:06,2026-09-22 03:14:06
1212,PROD-1212,Freidora XXL Airfryer,Freidora de aire de gran capacidad con tecnología de extracción de grasa,6984.23,28,1,2026-09-18 00:21:53,2026-09-18 02:03:53
1213,PROD-1213,Aspiradora Inalámbrica SpeedPro,Aspiradora escoba sin cable con cabezal de succión de 180 grados,2169.45,33,1,2026-09-19 12:43:39,2026-09-19 13:52:39
1214,PROD-1214,Patinete Eléctrico Pro 4,Scooter eléctrico con gran autonomía para movilidad urbana,23430.04,15,1,2026-09-21 18:21:07,2026-09-21 18:24:07
1215,PROD-1215,Freidora XXL Airfryer,Freidora de aire de gran capacidad con tecnología de extracción de grasa,5293.75,13,1,2026-09-18 15:22:54,2026-09-18 16:41:54
1216,PROD-1216,Cafetera Programable 12 Tazas,Cafetera de goteo con temporizador programable y jarra de vidrio,4365.33,56,1,2026-09-20 08:39:21,2026-09-20 09:43:21
1217,PROD-1217,Audífonos Galaxy Buds3 Pro,Audífonos inalámbricos con cancelación activa de ruido inteligente,6880.89,6,1,2026-09-19 03:24:06,2026-09-19 05:04:06
1218,PROD-1218,Audífonos AirPods Max,Audífonos de diadema inalámbricos con sonido de alta fidelidad,3505.00,39,1,2026-09-21 03:44:13,2026-09-21 04:25:13
1219,PROD-1219,Zapatillas Ultraboost Light,"Tenis de running con retorno de energía superior y ligereza (Talla XL, Color Negro)",1080.91,33,1,2026-09-19 23:47:13,2026-09-19 23:50:13
1220,PROD-1220,Aspiradora Inalámbrica SpeedPro,Aspiradora escoba sin cable con cabezal de succión de 180 grados,2354.55,15,1,2026-09-18 01:49:26,2026-09-18 02:58:26
1221,PROD-1221,Audífonos Bluetooth WH-1000XM5,Audífonos inalámbricos con la mejor cancelación de ruido del mercado,6984.75,10,1,2026-09-18 09:49:06,2026-09-18 10:28:06
1222,PROD-1222,Zapatillas Ultraboost Light,"Tenis de running con retorno de energía superior y ligereza (Talla S, Color Rojo)",2416.42,33,1,2026-09-17 15:18:52,2026-09-17 16:49:52
1223,PROD-1223,Smart TV Bravia XR OLED 55,Televisor OLED con negros absolutos y procesador de imagen cognitivo,4005.42,14,1,2026-09-19 23:28:45,2026-09-20 01:22:45
1224,PROD-1224,Pantalón de Buzo Tech Fleece,"Pantalón deportivo térmico con diseño estilizado (Talla S, Color Negro)",785.50,86,1,2026-09-21 00:42:15,2026-09-21 01:12:15
1225,PROD-1225,Polerón Adicolor Classics,"Sudadera clásica con el logotipo de las tres tiras (Talla XL, Color Negro)",928.97,50,1,2026-09-20 07:03:08,2026-09-20 08:13:08
1226,PROD-1226,Camiseta Graphic Setin Neck,"Playera casual de algodón con estampado frontal (Talla S, Color Azul)",1712.11,12,1,2026-09-19 02:33:24,2026-09-19 03:43:24
1227,PROD-1227,Licuadora Reversible 2 Velocidades,Licuadora con motor reversible y vaso de vidrio resistente a choques térmicos,6198.64,49,1,2026-09-22 05:42:45,2026-09-22 05:58:45
1228,PROD-1228,Zapatillas Samba OG,"Tenis de estilo retro icónicos en cuero de primera calidad (Talla XL, Color Negro)",2169.50,74,1,2026-09-18 16:59:17,2026-09-18 18:39:17
1229,PROD-1229,Parlante Portátil SRS-XG300,Bocina inalámbrica portátil resistente al agua con graves potentes,35478.46,20,1,2026-09-20 17:38:30,2026-09-20 18:32:30
1230,PROD-1230,Freidora XXL Airfryer,Freidora de aire de gran capacidad con tecnología de extracción de grasa,407.61,37,1,2026-09-21 05:45:28,2026-09-21 06:22:28
1231,PROD-1231,Licuadora Reversible 2 Velocidades,Licuadora con motor reversible y vaso de vidrio resistente a choques térmicos,857.33,38,1,2026-09-19 03:09:36,2026-09-19 04:25:36
1232,PROD-1232,Zapatillas Samba OG,"Tenis de estilo retro icónicos en cuero de primera calidad (Talla L, Color Verde)",807.42,75,1,2026-09-19 04:19:35,2026-09-19 04:24:35
1233,PROD-1233,Refrigeradora InstaView,Refrigerador inteligente con panel de cristal panorámico,2982.70,10,1,2026-09-19 20:55:40,2026-09-19 22:24:40
1234,PROD-1234,Audífonos AirPods Pro 2,Audífonos intrauditivos con cancelación de ruido de nivel superior,35958.15,32,1,2026-09-18 18:03:53,2026-09-18 19:21:53
1235,PROD-1235,Aspiradora Inalámbrica SpeedPro,Aspiradora escoba sin cable con cabezal de succión de 180 grados,5227.29,56,1,2026-09-21 18:25:53,2026-09-21 19:22:53
1236,PROD-1236,Chaqueta Camionera de Mezclilla,"Chaqueta clásica de mezclilla resistente para uso diario (Talla L, Color Blanco)",1338.57,86,1,2026-09-19 11:11:33,2026-09-19 11:13:33
1237,PROD-1237,Cafetera Programable 12 Tazas,Cafetera de goteo con temporizador programable y jarra de vidrio,7409.16,46,1,2026-09-20 08:45:25,2026-09-20 08:45:25
1238,PROD-1238,Apple Watch Series 10,Reloj inteligente con sensores avanzados de salud y actividad física,20230.57,49,1,2026-09-21 17:46:58,2026-09-21 18:48:58
1239,PROD-1239,Zapatillas Ultraboost Light,"Tenis de running con retorno de energía superior y ligereza (Talla S, Color Rojo)",416.54,95,1,2026-09-20 04:11:27,2026-09-20 05:37:27
1240,PROD-1240,Smart TV Bravia XR OLED 55,Televisor OLED con negros absolutos y procesador de imagen cognitivo,29875.07,27,1,2026-09-19 19:40:55,2026-09-19 20:02:55
1241,PROD-1241,Licuadora Reversible 2 Velocidades,Licuadora con motor reversible y vaso de vidrio resistente a choques térmicos,3916.46,20,1,2026-09-20 04:06:13,2026-09-20 04:07:13
1242,PROD-1242,Smartphone Galaxy Z Flip 6 512GB,Teléfono plegable compacto con pantalla exterior funcional - Color Blanco,3693.81,44,1,2026-09-21 06:24:51,2026-09-21 07:02:51
1243,PROD-1243,Licuadora Reversible 2 Velocidades,Licuadora con motor reversible y vaso de vidrio resistente a choques térmicos,7848.91,31,1,2026-09-17 16:42:58,2026-09-17 17:17:58
1244,PROD-1244,Polerón Adicolor Classics,"Sudadera clásica con el logotipo de las tres tiras (Talla M, Color Negro)",771.59,91,1,2026-09-19 21:02:30,2026-09-19 21:16:30
1245,PROD-1245,Polerón Adicolor Classics,"Sudadera clásica con el logotipo de las tres tiras (Talla XL, Color Blanco)",1536.34,94,1,2026-09-21 22:57:18,2026-09-22 00:09:18
1246,PROD-1246,Licuadora Reversible 2 Velocidades,Licuadora con motor reversible y vaso de vidrio resistente a choques térmicos,4870.05,55,1,2026-09-17 20:49:51,2026-09-17 21:05:51
1247,PROD-1247,Zapatillas Ultraboost Light,"Tenis de running con retorno de energía superior y ligereza (Talla L, Color Blanco)",2172.48,12,1,2026-09-21 16:16:51,2026-09-21 17:42:51
1248,PROD-1248,Aspiradora Inalámbrica SpeedPro,Aspiradora escoba sin cable con cabezal de succión de 180 grados,414.86,35,1,2026-09-21 08:42:17,2026-09-21 10:08:17
1249,PROD-1249,Freidora de Aire 4L,Freidora sin aceite para cocinar de manera saludable y rápida,3687.37,34,1,2026-09-19 03:16:00,2026-09-19 03:31:00
1250,PROD-1250,Aspiradora Inalámbrica SpeedPro,Aspiradora escoba sin cable con cabezal de succión de 180 grados,3147.19,56,1,2026-09-17 17:41:15,2026-09-17 19:34:15
1251,PROD-1251,Licuadora Reversible 2 Velocidades,Licuadora con motor reversible y vaso de vidrio resistente a choques térmicos,2512.29,34,1,2026-09-20 16:53:43,2026-09-20 17:50:43
1252,PROD-1252,Camiseta Graphic Setin Neck,"Playera casual de algodón con estampado frontal (Talla M, Color Gris)",525.89,83,1,2026-09-22 08:59:00,2026-09-22 09:02:00
1253,PROD-1253,Cafetera Programable 12 Tazas,Cafetera de goteo con temporizador programable y jarra de vidrio,3621.03,12,1,2026-09-18 23:45:50,2026-09-19 00:10:50
1254,PROD-1254,Cámara Alpha 7 IV,Cámara mirrorless profesional de fotograma completo para foto y video,2730.97,45,1,2026-09-18 01:26:39,2026-09-18 01:29:39
1255,PROD-1255,Zapatillas Air Force 1 '07,"Tenis clásicos de cuero blanco para uso urbano y casual (Talla L, Color Gris)",881.38,70,1,2026-09-18 22:04:15,2026-09-18 22:47:15
1256,PROD-1256,Parlante Portátil SRS-XG300,Bocina inalámbrica portátil resistente al agua con graves potentes,28690.94,9,1,2026-09-22 04:20:03,2026-09-22 05:36:03
1257,PROD-1257,Freidora XXL Airfryer,Freidora de aire de gran capacidad con tecnología de extracción de grasa,5152.65,45,1,2026-09-18 05:32:11,2026-09-18 05:42:11
1258,PROD-1258,Smart TV 65 Neo QLED,Televisor inteligente 4K con tecnología de puntos cuánticos y alto contraste,11621.42,49,1,2026-09-17 20:49:40,2026-09-17 22:29:40
1259,PROD-1259,Monitor Odyssey G9,Monitor curvo ultrawide diseñado para gaming profesional,2445.00,44,1,2026-09-21 06:33:08,2026-09-21 07:28:08
1260,PROD-1260,Smartphone Galaxy S26 Ultra 128GB,Smartphone de alta gama con cámara de 200MP y pantalla Dynamic AMOLED - Color Gris,30672.49,30,1,2026-09-18 01:18:49,2026-09-18 02:37:49
1261,PROD-1261,Jeans 501 Original Fit,"Pantalón de mezclilla clásico de corte recto y ajuste cómodo (Talla XL, Color Azul)",1348.05,64,1,2026-09-21 05:40:56,2026-09-21 06:59:56
1262,PROD-1262,Barra de Sonido HT-A7000,Sistema de audio para cine en casa con soporte Dolby Atmos,33784.26,6,1,2026-09-20 05:29:13,2026-09-20 06:35:13
1263,PROD-1263,Zapatillas Ultraboost Light,"Tenis de running con retorno de energía superior y ligereza (Talla S, Color Negro)",376.42,18,1,2026-09-21 01:42:10,2026-09-21 03:23:10
1264,PROD-1264,Smart TV OLED C3 65,Televisor inteligente ideal para videojuegos y películas con pánel OLED,23126.41,21,1,2026-09-19 15:06:54,2026-09-19 15:59:54
1265,PROD-1265,Polerón Adicolor Classics,"Sudadera clásica con el logotipo de las tres tiras (Talla XL, Color Blanco)",872.78,15,1,2026-09-17 20:10:01,2026-09-17 20:26:01
1266,PROD-1266,Zapatillas Samba OG,"Tenis de estilo retro icónicos en cuero de primera calidad (Talla L, Color Gris)",1604.88,79,1,2026-09-22 04:17:50,2026-09-22 04:35:50
1267,PROD-1267,Patinete Eléctrico Pro 4,Scooter eléctrico con gran autonomía para movilidad urbana,21918.20,23,1,2026-09-19 17:04:20,2026-09-19 17:05:20
1268,PROD-1268,Licuadora Reversible 2 Velocidades,Licuadora con motor reversible y vaso de vidrio resistente a choques térmicos,2204.14,60,1,2026-09-20 20:49:59,2026-09-20 22:38:59
1269,PROD-1269,Patinete Eléctrico Pro 4,Scooter eléctrico con gran autonomía para movilidad urbana,7436.95,17,1,2026-09-21 08:38:42,2026-09-21 10:34:42
1270,PROD-1270,Tablet Galaxy Tab S9 256GB,"Tableta de alto rendimiento para diseño, trabajo y entretenimiento - Color Verde",17388.24,49,1,2026-09-20 07:25:40,2026-09-20 08:41:40
1271,PROD-1271,Aspiradora Inalámbrica SpeedPro,Aspiradora escoba sin cable con cabezal de succión de 180 grados,5082.38,34,1,2026-09-19 11:12:58,2026-09-19 11:32:58
1272,PROD-1272,Smartphone Redmi Note 13 Pro 1TB,Teléfono inteligente con excelente relación calidad-precio y gran cámara - Color Blanco,33158.35,45,1,2026-09-18 19:50:16,2026-09-18 21:18:16
1273,PROD-1273,Robot Aspiradora X10+,Aspiradora robótica con estación de vaciado automático y mapeo láser,8066.42,35,1,2026-09-21 22:20:21,2026-09-21 23:58:21
1274,PROD-1274,Zapatillas Samba OG,"Tenis de estilo retro icónicos en cuero de primera calidad (Talla M, Color Azul)",746.13,10,1,2026-09-19 16:11:47,2026-09-19 16:12:47
1275,PROD-1275,Consola PlayStation 5 Slim,Consola de videojuegos de última generación con almacenamiento SSD ultra rápido,20191.55,14,1,2026-09-19 05:40:32,2026-09-19 06:36:32
1276,PROD-1276,Monitor UltraGear 27,Monitor de alta frecuencia de actualización para juegos competitivos,2058.62,6,1,2026-09-18 16:21:24,2026-09-18 16:46:24
1277,PROD-1277,Jeans 511 Slim Fit,"Pantalón de mezclilla ajustado de estilo moderno (Talla L, Color Verde)",724.71,80,1,2026-09-18 23:10:43,2026-09-18 23:32:43
1278,PROD-1278,Smartphone Galaxy S26 512GB,Smartphone compacto con pantalla fluida y excelente rendimiento - Color Negro,1245.28,48,1,2026-09-18 07:20:42,2026-09-18 08:08:42
1279,PROD-1279,Freidora de Aire 4L,Freidora sin aceite para cocinar de manera saludable y rápida,7514.47,27,1,2026-09-20 05:47:49,2026-09-20 06:17:49
1280,PROD-1280,Zapatillas Air Max 270,"Calzado deportivo con cápsula de aire visible para máxima comodidad (Talla XL, Color Verde)",490.56,28,1,2026-09-18 06:24:21,2026-09-18 08:05:21
1281,PROD-1281,Audífonos AirPods Pro 2,Audífonos intrauditivos con cancelación de ruido de nivel superior,13925.94,28,1,2026-09-19 09:39:45,2026-09-19 10:55:45
1282,PROD-1282,Zapatillas Ultraboost Light,"Tenis de running con retorno de energía superior y ligereza (Talla S, Color Rojo)",1612.75,78,1,2026-09-19 06:12:03,2026-09-19 07:53:03
1283,PROD-1283,Audífonos Bluetooth WH-1000XM5,Audífonos inalámbricos con la mejor cancelación de ruido del mercado,2390.69,22,1,2026-09-18 05:46:27,2026-09-18 07:34:27
1284,PROD-1284,Freidora XXL Airfryer,Freidora de aire de gran capacidad con tecnología de extracción de grasa,5927.47,58,1,2026-09-20 07:54:12,2026-09-20 09:35:12
1285,PROD-1285,Licuadora Reversible 2 Velocidades,Licuadora con motor reversible y vaso de vidrio resistente a choques térmicos,4265.46,56,1,2026-09-21 09:18:10,2026-09-21 10:54:10
1286,PROD-1286,Aspiradora Inalámbrica SpeedPro,Aspiradora escoba sin cable con cabezal de succión de 180 grados,4343.58,19,1,2026-09-19 10:13:35,2026-09-19 11:44:35
1287,PROD-1287,Polerón Adicolor Classics,"Sudadera clásica con el logotipo de las tres tiras (Talla XL, Color Verde)",2404.87,70,1,2026-09-19 02:26:12,2026-09-19 03:40:12
1288,PROD-1288,Polerón Adicolor Classics,"Sudadera clásica con el logotipo de las tres tiras (Talla S, Color Blanco)",821.98,35,1,2026-09-20 05:11:47,2026-09-20 07:01:47
1289,PROD-1289,Smartphone Xiaomi 14 Ultra 512GB,Smartphone de gama alta enfocado en fotografía profesional Leica - Color Azul,32049.17,41,1,2026-09-18 10:15:09,2026-09-18 12:14:09
1290,PROD-1290,Zapatillas Running Pegasus 40,"Calzado de correr con amortiguación reactiva para entrenamiento (Talla S, Color Blanco)",1965.99,47,1,2026-09-20 04:05:35,2026-09-20 05:11:35
1291,PROD-1291,Jeans 501 Original Fit,"Pantalón de mezclilla clásico de corte recto y ajuste cómodo (Talla XL, Color Rojo)",1685.42,64,1,2026-09-20 05:03:40,2026-09-20 06:02:40
1292,PROD-1292,Polera Sportswear Club Fleece,"Sudadera de felpa con capucha y ajuste estándar (Talla XL, Color Gris)",936.99,13,1,2026-09-18 13:30:31,2026-09-18 14:26:31
1293,PROD-1293,Barra de Sonido HT-A7000,Sistema de audio para cine en casa con soporte Dolby Atmos,3194.04,10,1,2026-09-19 06:14:59,2026-09-19 08:01:59
1294,PROD-1294,Freidora de Aire 4L,Freidora sin aceite para cocinar de manera saludable y rápida,7442.20,14,1,2026-09-18 04:37:41,2026-09-18 04:46:41
1295,PROD-1295,Jeans 511 Slim Fit,"Pantalón de mezclilla ajustado de estilo moderno (Talla L, Color Blanco)",1801.48,42,1,2026-09-19 07:26:37,2026-09-19 09:01:37
1296,PROD-1296,Freidora XXL Airfryer,Freidora de aire de gran capacidad con tecnología de extracción de grasa,5762.88,16,1,2026-09-22 00:55:52,2026-09-22 02:26:52
1297,PROD-1297,Freidora XXL Airfryer,Freidora de aire de gran capacidad con tecnología de extracción de grasa,6252.58,26,1,2026-09-22 11:06:53,2026-09-22 11:50:53
1298,PROD-1298,Zapatillas Running Pegasus 40,"Calzado de correr con amortiguación reactiva para entrenamiento (Talla S, Color Azul)",1756.30,29,1,2026-09-19 21:14:54,2026-09-19 21:43:54
1299,PROD-1299,Audífonos AirPods Max,Audífonos de diadema inalámbricos con sonido de alta fidelidad,8797.17,42,1,2026-09-22 05:49:24,2026-09-22 06:59:24
1300,PROD-1300,Zapatillas Samba OG,"Tenis de estilo retro icónicos en cuero de primera calidad (Talla L, Color Negro)",1023.11,34,1,2026-09-20 01:48:18,2026-09-20 03:26:18
1301,PROD-1301,Freidora XXL Airfryer,Freidora de aire de gran capacidad con tecnología de extracción de grasa,3733.97,43,1,2026-09-17 15:44:30,2026-09-17 16:31:30
1302,PROD-1302,Smart TV OLED C3 65,Televisor inteligente ideal para videojuegos y películas con pánel OLED,11347.80,5,1,2026-09-20 12:08:46,2026-09-20 13:51:46
1303,PROD-1303,Aspiradora Inalámbrica SpeedPro,Aspiradora escoba sin cable con cabezal de succión de 180 grados,2113.73,35,1,2026-09-21 15:13:44,2026-09-21 16:49:44
1304,PROD-1304,Polerón Adicolor Classics,"Sudadera clásica con el logotipo de las tres tiras (Talla L, Color Gris)",1611.95,82,1,2026-09-22 05:44:00,2026-09-22 05:48:00
1305,PROD-1305,iPad Pro 12.9,Tableta profesional con pantalla Liquid Retina XDR y chip M2,20670.78,43,1,2026-09-21 03:52:48,2026-09-21 05:05:48
1306,PROD-1306,Zapatillas Air Max 270,"Calzado deportivo con cápsula de aire visible para máxima comodidad (Talla XL, Color Negro)",1499.15,34,1,2026-09-20 08:30:07,2026-09-20 08:43:07
1307,PROD-1307,Zapatillas Samba OG,"Tenis de estilo retro icónicos en cuero de primera calidad (Talla L, Color Negro)",718.56,96,1,2026-09-20 19:52:49,2026-09-20 20:14:49
1308,PROD-1308,Monitor UltraGear 27,Monitor de alta frecuencia de actualización para juegos competitivos,1452.77,17,1,2026-09-17 21:28:40,2026-09-17 23:24:40
1309,PROD-1309,Zapatillas Air Max 270,"Calzado deportivo con cápsula de aire visible para máxima comodidad (Talla M, Color Gris)",1768.08,18,1,2026-09-20 05:34:21,2026-09-20 05:41:21
1310,PROD-1310,Zapatillas Ultraboost Light,"Tenis de running con retorno de energía superior y ligereza (Talla M, Color Gris)",2198.37,62,1,2026-09-19 20:18:58,2026-09-19 20:38:58
1311,PROD-1311,Audífonos AirPods Pro 2,Audífonos intrauditivos con cancelación de ruido de nivel superior,15353.67,9,1,2026-09-19 20:00:31,2026-09-19 21:55:31
1312,PROD-1312,MacBook Pro 16 M3 512GB,Computadora portátil profesional para edición de video y desarrollo - Color Azul,29535.31,47,1,2026-09-20 08:30:08,2026-09-20 08:50:08
1313,PROD-1313,Freidora XXL Airfryer,Freidora de aire de gran capacidad con tecnología de extracción de grasa,4218.81,51,1,2026-09-20 06:11:52,2026-09-20 06:46:52
1314,PROD-1314,Smartphone Galaxy S26 1TB,Smartphone compacto con pantalla fluida y excelente rendimiento - Color Negro,29772.68,43,1,2026-09-22 08:58:04,2026-09-22 09:29:04
1315,PROD-1315,Aspiradora Inalámbrica SpeedPro,Aspiradora escoba sin cable con cabezal de succión de 180 grados,3897.55,44,1,2026-09-17 17:02:58,2026-09-17 18:36:58
1316,PROD-1316,Barra de Sonido HT-A7000,Sistema de audio para cine en casa con soporte Dolby Atmos,31775.29,34,1,2026-09-19 13:51:40,2026-09-19 15:20:40
1317,PROD-1317,Aspiradora Inalámbrica SpeedPro,Aspiradora escoba sin cable con cabezal de succión de 180 grados,5059.01,59,1,2026-09-18 12:51:43,2026-09-18 13:44:43
1318,PROD-1318,Apple Watch Series 10,Reloj inteligente con sensores avanzados de salud y actividad física,16752.90,47,1,2026-09-18 14:04:24,2026-09-18 15:33:24
1319,PROD-1319,Freidora de Aire 4L,Freidora sin aceite para cocinar de manera saludable y rápida,5709.70,10,1,2026-09-18 22:15:56,2026-09-19 00:08:56
1320,PROD-1320,Barra de Sonido HT-A7000,Sistema de audio para cine en casa con soporte Dolby Atmos,19589.68,47,1,2026-09-17 21:04:40,2026-09-17 22:33:40
1321,PROD-1321,Freidora de Aire 4L,Freidora sin aceite para cocinar de manera saludable y rápida,3525.71,56,1,2026-09-20 19:52:05,2026-09-20 20:07:05
1322,PROD-1322,Jeans 501 Original Fit,"Pantalón de mezclilla clásico de corte recto y ajuste cómodo (Talla L, Color Azul)",1319.51,42,1,2026-09-18 17:33:29,2026-09-18 18:37:29
1323,PROD-1323,Smartphone Redmi Note 13 Pro 128GB,Teléfono inteligente con excelente relación calidad-precio y gran cámara - Color Verde,25154.24,34,1,2026-09-19 18:52:02,2026-09-19 19:35:02
1324,PROD-1324,Freidora XXL Airfryer,Freidora de aire de gran capacidad con tecnología de extracción de grasa,3414.72,8,1,2026-09-18 23:51:16,2026-09-19 00:05:16
1325,PROD-1325,Freidora de Aire 4L,Freidora sin aceite para cocinar de manera saludable y rápida,5494.25,37,1,2026-09-20 09:57:20,2026-09-20 10:56:20
1326,PROD-1326,Audífonos Galaxy Buds3 Pro,Audífonos inalámbricos con cancelación activa de ruido inteligente,23824.30,50,1,2026-09-20 03:06:20,2026-09-20 03:23:20
1327,PROD-1327,Zapatillas Air Max 270,"Calzado deportivo con cápsula de aire visible para máxima comodidad (Talla M, Color Negro)",1655.03,32,1,2026-09-19 06:11:43,2026-09-19 06:26:43
1328,PROD-1328,Freidora XXL Airfryer,Freidora de aire de gran capacidad con tecnología de extracción de grasa,989.65,56,1,2026-09-17 12:59:24,2026-09-17 14:25:24
1329,PROD-1329,Camiseta Graphic Setin Neck,"Playera casual de algodón con estampado frontal (Talla L, Color Blanco)",815.85,14,1,2026-09-21 13:40:04,2026-09-21 14:48:04
1330,PROD-1330,Smartphone Redmi Note 13 Pro 128GB,Teléfono inteligente con excelente relación calidad-precio y gran cámara - Color Azul,25007.31,33,1,2026-09-17 18:59:27,2026-09-17 20:15:27
1331,PROD-1331,Smart TV 65 Neo QLED,Televisor inteligente 4K con tecnología de puntos cuánticos y alto contraste,27732.56,20,1,2026-09-19 17:55:08,2026-09-19 19:51:08
1332,PROD-1332,iPhone 16 Pro 128GB,Teléfono inteligente premium con chip de alto rendimiento y triple cámara - Color Azul,1492.02,5,1,2026-09-19 12:27:13,2026-09-19 14:12:13
1333,PROD-1333,Smartphone Galaxy Z Fold 6 128GB,Teléfono plegable con pantalla gigante para productividad y multitarea - Color Verde,6459.84,15,1,2026-09-17 17:46:02,2026-09-17 18:39:02
1334,PROD-1334,Freidora de Aire 4L,Freidora sin aceite para cocinar de manera saludable y rápida,2852.36,48,1,2026-09-18 14:57:44,2026-09-18 16:16:44
1335,PROD-1335,Monitor UltraGear 27,Monitor de alta frecuencia de actualización para juegos competitivos,33831.77,12,1,2026-09-18 21:12:15,2026-09-18 21:39:15
1336,PROD-1336,Cámara Alpha 7 IV,Cámara mirrorless profesional de fotograma completo para foto y video,6663.57,30,1,2026-09-21 10:36:07,2026-09-21 11:16:07
1337,PROD-1337,Smartphone Xiaomi 14 Ultra 1TB,Smartphone de gama alta enfocado en fotografía profesional Leica - Color Blanco,2843.58,22,1,2026-09-21 10:00:45,2026-09-21 11:19:45
1338,PROD-1338,Jeans 501 Original Fit,"Pantalón de mezclilla clásico de corte recto y ajuste cómodo (Talla M, Color Azul)",998.30,86,1,2026-09-20 12:06:48,2026-09-20 12:19:48
1339,PROD-1339,Freidora de Aire 4L,Freidora sin aceite para cocinar de manera saludable y rápida,7688.66,46,1,2026-09-19 10:35:42,2026-09-19 11:55:42
1340,PROD-1340,Freidora XXL Airfryer,Freidora de aire de gran capacidad con tecnología de extracción de grasa,2923.55,48,1,2026-09-22 02:17:25,2026-09-22 04:10:25
1341,PROD-1341,Aspiradora Inalámbrica SpeedPro,Aspiradora escoba sin cable con cabezal de succión de 180 grados,913.10,9,1,2026-09-21 03:58:53,2026-09-21 05:54:53
1342,PROD-1342,Aspiradora Inalámbrica SpeedPro,Aspiradora escoba sin cable con cabezal de succión de 180 grados,4283.80,55,1,2026-09-18 21:12:24,2026-09-18 22:16:24
1343,PROD-1343,Licuadora Reversible 2 Velocidades,Licuadora con motor reversible y vaso de vidrio resistente a choques térmicos,561.22,56,1,2026-09-18 05:25:28,2026-09-18 06:04:28
1344,PROD-1344,Smartphone Xiaomi 14 Ultra 128GB,Smartphone de gama alta enfocado en fotografía profesional Leica - Color Negro,5383.22,36,1,2026-09-19 06:33:18,2026-09-19 06:58:18
1345,PROD-1345,Smartphone Xiaomi 14 Ultra 128GB,Smartphone de gama alta enfocado en fotografía profesional Leica - Color Blanco,33281.02,43,1,2026-09-20 03:58:47,2026-09-20 05:32:47
1346,PROD-1346,Chaqueta Camionera de Mezclilla,"Chaqueta clásica de mezclilla resistente para uso diario (Talla L, Color Verde)",2041.99,15,1,2026-09-20 15:12:54,2026-09-20 16:53:54
1347,PROD-1347,Zapatillas Samba OG,"Tenis de estilo retro icónicos en cuero de primera calidad (Talla S, Color Blanco)",2170.91,52,1,2026-09-19 13:16:15,2026-09-19 13:47:15
1348,PROD-1348,Smart TV OLED C3 65,Televisor inteligente ideal para videojuegos y películas con pánel OLED,32685.44,47,1,2026-09-18 23:31:27,2026-09-19 01:13:27
1349,PROD-1349,Cafetera Programable 12 Tazas,Cafetera de goteo con temporizador programable y jarra de vidrio,7032.56,41,1,2026-09-19 10:11:57,2026-09-19 10:34:57
1350,PROD-1350,Zapatillas Ultraboost Light,"Tenis de running con retorno de energía superior y ligereza (Talla S, Color Azul)",500.47,34,1,2026-09-17 18:56:46,2026-09-17 20:17:46
1351,PROD-1351,iPhone 16 128GB,Smartphone con pantalla Super Retina XDR y excelente duración de batería - Color Blanco,21538.39,18,1,2026-09-18 21:46:21,2026-09-18 22:50:21
1352,PROD-1352,Smart Band 8,Pulsera de actividad física con seguimiento del sueño y deporte,11556.94,17,1,2026-09-18 23:01:38,2026-09-18 23:55:38
1353,PROD-1353,Smart TV OLED C3 65,Televisor inteligente ideal para videojuegos y películas con pánel OLED,11260.08,41,1,2026-09-20 04:38:30,2026-09-20 05:59:30
1354,PROD-1354,Smart TV Bravia XR OLED 55,Televisor OLED con negros absolutos y procesador de imagen cognitivo,3340.57,28,1,2026-09-19 21:21:21,2026-09-19 22:09:21
1355,PROD-1355,Smart Band 8,Pulsera de actividad física con seguimiento del sueño y deporte,15505.75,44,1,2026-09-21 22:23:20,2026-09-21 23:18:20
1356,PROD-1356,Smartphone Redmi Note 13 Pro 1TB,Teléfono inteligente con excelente relación calidad-precio y gran cámara - Color Azul,30818.50,24,1,2026-09-21 02:02:14,2026-09-21 03:10:14
1357,PROD-1357,Refrigeradora InstaView,Refrigerador inteligente con panel de cristal panorámico,6737.33,29,1,2026-09-20 06:52:53,2026-09-20 07:31:53
1358,PROD-1358,Pantalón de Buzo Tech Fleece,"Pantalón deportivo térmico con diseño estilizado (Talla XL, Color Negro)",1066.45,70,1,2026-09-18 15:51:38,2026-09-18 16:10:38
1359,PROD-1359,Smartphone Galaxy S26 Ultra 512GB,Smartphone de alta gama con cámara de 200MP y pantalla Dynamic AMOLED - Color Azul,14861.71,31,1,2026-09-19 20:49:57,2026-09-19 22:24:57
1360,PROD-1360,Pantalón de Buzo Tech Fleece,"Pantalón deportivo térmico con diseño estilizado (Talla L, Color Verde)",2473.17,19,1,2026-09-19 22:53:29,2026-09-20 00:46:29
1361,PROD-1361,Smart TV 65 Neo QLED,Televisor inteligente 4K con tecnología de puntos cuánticos y alto contraste,33590.60,15,1,2026-09-18 15:38:38,2026-09-18 17:15:38
1362,PROD-1362,Polera Sportswear Club Fleece,"Sudadera de felpa con capucha y ajuste estándar (Talla XL, Color Verde)",1830.25,99,1,2026-09-17 19:45:40,2026-09-17 21:08:40
1363,PROD-1363,Zapatillas Air Max 270,"Calzado deportivo con cápsula de aire visible para máxima comodidad (Talla M, Color Azul)",424.19,56,1,2026-09-21 07:14:47,2026-09-21 08:44:47
1364,PROD-1364,Cafetera Programable 12 Tazas,Cafetera de goteo con temporizador programable y jarra de vidrio,5459.13,17,1,2026-09-19 01:24:59,2026-09-19 02:41:59
1365,PROD-1365,Zapatillas Ultraboost Light,"Tenis de running con retorno de energía superior y ligereza (Talla L, Color Blanco)",1644.62,94,1,2026-09-18 10:52:01,2026-09-18 10:53:01
1366,PROD-1366,Smart TV 65 Neo QLED,Televisor inteligente 4K con tecnología de puntos cuánticos y alto contraste,14617.18,42,1,2026-09-17 23:03:32,2026-09-18 00:09:32
1367,PROD-1367,Smartphone Xiaomi 14 Ultra 1TB,Smartphone de gama alta enfocado en fotografía profesional Leica - Color Gris,25060.21,37,1,2026-09-20 17:00:38,2026-09-20 18:24:38
1368,PROD-1368,Zapatillas Samba OG,"Tenis de estilo retro icónicos en cuero de primera calidad (Talla XL, Color Verde)",2219.25,23,1,2026-09-21 08:00:28,2026-09-21 09:13:28
1369,PROD-1369,Chaqueta Camionera de Mezclilla,"Chaqueta clásica de mezclilla resistente para uso diario (Talla M, Color Verde)",1205.64,49,1,2026-09-17 12:17:33,2026-09-17 12:38:33
1370,PROD-1370,Jeans 501 Original Fit,"Pantalón de mezclilla clásico de corte recto y ajuste cómodo (Talla S, Color Verde)",1248.36,63,1,2026-09-21 10:40:44,2026-09-21 11:16:44
1371,PROD-1371,Freidora XXL Airfryer,Freidora de aire de gran capacidad con tecnología de extracción de grasa,1740.65,19,1,2026-09-21 17:53:30,2026-09-21 18:10:30
1372,PROD-1372,Smartphone Xiaomi 14 Ultra 128GB,Smartphone de gama alta enfocado en fotografía profesional Leica - Color Azul,20631.77,18,1,2026-09-18 14:23:34,2026-09-18 14:48:34
1373,PROD-1373,MacBook Pro 16 M3 512GB,Computadora portátil profesional para edición de video y desarrollo - Color Azul,16145.93,44,1,2026-09-18 03:15:36,2026-09-18 05:06:36
1374,PROD-1374,Licuadora Reversible 2 Velocidades,Licuadora con motor reversible y vaso de vidrio resistente a choques térmicos,2627.75,32,1,2026-09-18 05:30:56,2026-09-18 06:05:56
1375,PROD-1375,Consola PlayStation 5 Slim,Consola de videojuegos de última generación con almacenamiento SSD ultra rápido,21290.45,35,1,2026-09-20 10:01:08,2026-09-20 11:27:08
1376,PROD-1376,Smartphone Galaxy S26 Ultra 512GB,Smartphone de alta gama con cámara de 200MP y pantalla Dynamic AMOLED - Color Negro,24118.94,7,1,2026-09-18 01:27:40,2026-09-18 01:54:40
1377,PROD-1377,Freidora de Aire 4L,Freidora sin aceite para cocinar de manera saludable y rápida,4982.69,56,1,2026-09-19 02:04:21,2026-09-19 04:03:21
1378,PROD-1378,Polera Sportswear Club Fleece,"Sudadera de felpa con capucha y ajuste estándar (Talla XL, Color Gris)",1147.19,53,1,2026-09-19 09:15:55,2026-09-19 10:59:55
1379,PROD-1379,Barra de Sonido HT-A7000,Sistema de audio para cine en casa con soporte Dolby Atmos,14645.73,44,1,2026-09-17 19:41:38,2026-09-17 20:26:38
1380,PROD-1380,Jeans 501 Original Fit,"Pantalón de mezclilla clásico de corte recto y ajuste cómodo (Talla XL, Color Verde)",1213.89,27,1,2026-09-17 15:05:50,2026-09-17 16:22:50
1381,PROD-1381,Monitor UltraGear 27,Monitor de alta frecuencia de actualización para juegos competitivos,34262.70,20,1,2026-09-19 17:00:50,2026-09-19 17:57:50
1382,PROD-1382,Aspiradora Inalámbrica SpeedPro,Aspiradora escoba sin cable con cabezal de succión de 180 grados,5417.74,8,1,2026-09-21 08:17:01,2026-09-21 10:17:01
1383,PROD-1383,Chaqueta Camionera de Mezclilla,"Chaqueta clásica de mezclilla resistente para uso diario (Talla S, Color Verde)",1049.88,66,1,2026-09-18 21:22:18,2026-09-18 22:39:18
1384,PROD-1384,Zapatillas Running Pegasus 40,"Calzado de correr con amortiguación reactiva para entrenamiento (Talla S, Color Gris)",1270.02,70,1,2026-09-21 11:14:06,2026-09-21 13:03:06
1385,PROD-1385,Cafetera Programable 12 Tazas,Cafetera de goteo con temporizador programable y jarra de vidrio,3324.92,46,1,2026-09-18 15:46:03,2026-09-18 17:17:03
1386,PROD-1386,Refrigeradora InstaView,Refrigerador inteligente con panel de cristal panorámico,28362.60,50,1,2026-09-20 12:51:01,2026-09-20 12:55:01
1387,PROD-1387,Smartphone Redmi Note 13 Pro 512GB,Teléfono inteligente con excelente relación calidad-precio y gran cámara - Color Verde,35868.82,34,1,2026-09-18 11:49:55,2026-09-18 13:43:55
1388,PROD-1388,Camiseta Graphic Setin Neck,"Playera casual de algodón con estampado frontal (Talla M, Color Blanco)",805.03,94,1,2026-09-21 17:17:20,2026-09-21 17:28:20
1389,PROD-1389,Smartphone Redmi Note 13 Pro 256GB,Teléfono inteligente con excelente relación calidad-precio y gran cámara - Color Gris,32544.02,22,1,2026-09-18 19:27:07,2026-09-18 20:59:07
1390,PROD-1390,Zapatillas Samba OG,"Tenis de estilo retro icónicos en cuero de primera calidad (Talla S, Color Verde)",641.88,78,1,2026-09-21 07:37:28,2026-09-21 09:09:28
1391,PROD-1391,Chaqueta Camionera de Mezclilla,"Chaqueta clásica de mezclilla resistente para uso diario (Talla M, Color Rojo)",1997.63,86,1,2026-09-17 20:46:31,2026-09-17 22:08:31
1392,PROD-1392,Pantalón de Buzo Tech Fleece,"Pantalón deportivo térmico con diseño estilizado (Talla XL, Color Blanco)",830.63,24,1,2026-09-19 05:44:02,2026-09-19 05:55:02
1393,PROD-1393,Tablet Galaxy Tab S9 256GB,"Tableta de alto rendimiento para diseño, trabajo y entretenimiento - Color Verde",33941.27,41,1,2026-09-19 16:54:47,2026-09-19 17:10:47
1394,PROD-1394,Zapatillas Running Pegasus 40,"Calzado de correr con amortiguación reactiva para entrenamiento (Talla S, Color Gris)",483.05,78,1,2026-09-18 15:00:27,2026-09-18 16:48:27
1395,PROD-1395,Polera Sportswear Club Fleece,"Sudadera de felpa con capucha y ajuste estándar (Talla L, Color Verde)",2357.94,26,1,2026-09-20 15:03:06,2026-09-20 16:27:06
1396,PROD-1396,Licuadora Reversible 2 Velocidades,Licuadora con motor reversible y vaso de vidrio resistente a choques térmicos,3404.37,42,1,2026-09-20 06:26:15,2026-09-20 07:06:15
1397,PROD-1397,Audífonos Bluetooth WH-1000XM5,Audífonos inalámbricos con la mejor cancelación de ruido del mercado,18244.06,34,1,2026-09-18 08:49:40,2026-09-18 10:05:40
1398,PROD-1398,Jeans 501 Original Fit,"Pantalón de mezclilla clásico de corte recto y ajuste cómodo (Talla L, Color Gris)",1430.11,98,1,2026-09-18 05:20:17,2026-09-18 05:55:17
1399,PROD-1399,Freidora XXL Airfryer,Freidora de aire de gran capacidad con tecnología de extracción de grasa,4162.19,53,1,2026-09-19 18:13:10,2026-09-19 18:20:10
1400,PROD-1400,Jeans 511 Slim Fit,"Pantalón de mezclilla ajustado de estilo moderno (Talla M, Color Verde)",1931.81,32,1,2026-09-20 10:21:19,2026-09-20 11:54:19
1401,PROD-1401,Zapatillas Air Max 270,"Calzado deportivo con cápsula de aire visible para máxima comodidad (Talla S, Color Rojo)",1193.41,64,1,2026-09-21 14:05:01,2026-09-21 15:05:01
1402,PROD-1402,Pantalón de Buzo Tech Fleece,"Pantalón deportivo térmico con diseño estilizado (Talla S, Color Rojo)",1912.52,46,1,2026-09-21 16:46:28,2026-09-21 18:44:28
1403,PROD-1403,Monitor UltraGear 27,Monitor de alta frecuencia de actualización para juegos competitivos,3954.84,25,1,2026-09-22 00:54:51,2026-09-22 02:35:51
1404,PROD-1404,Cafetera Programable 12 Tazas,Cafetera de goteo con temporizador programable y jarra de vidrio,2710.96,49,1,2026-09-18 11:11:50,2026-09-18 12:24:50
1405,PROD-1405,Smart Band 8,Pulsera de actividad física con seguimiento del sueño y deporte,10833.40,14,1,2026-09-18 17:54:24,2026-09-18 18:21:24
1406,PROD-1406,Cafetera Programable 12 Tazas,Cafetera de goteo con temporizador programable y jarra de vidrio,5349.41,31,1,2026-09-21 21:04:57,2026-09-21 22:53:57
1407,PROD-1407,Cafetera Programable 12 Tazas,Cafetera de goteo con temporizador programable y jarra de vidrio,6369.79,17,1,2026-09-19 18:11:50,2026-09-19 19:05:50
1408,PROD-1408,Licuadora Reversible 2 Velocidades,Licuadora con motor reversible y vaso de vidrio resistente a choques térmicos,1129.96,38,1,2026-09-18 13:31:06,2026-09-18 15:31:06
1409,PROD-1409,Audífonos Galaxy Buds3 Pro,Audífonos inalámbricos con cancelación activa de ruido inteligente,23578.47,42,1,2026-09-20 02:32:14,2026-09-20 02:51:14
1410,PROD-1410,Freidora XXL Airfryer,Freidora de aire de gran capacidad con tecnología de extracción de grasa,658.35,23,1,2026-09-19 21:07:23,2026-09-19 22:09:23
1411,PROD-1411,Polerón Adicolor Classics,"Sudadera clásica con el logotipo de las tres tiras (Talla M, Color Verde)",1952.18,98,1,2026-09-22 07:11:06,2026-09-22 08:36:06
1412,PROD-1412,Freidora de Aire 4L,Freidora sin aceite para cocinar de manera saludable y rápida,6973.21,49,1,2026-09-19 19:00:17,2026-09-19 19:35:17
1413,PROD-1413,Aspiradora Inalámbrica SpeedPro,Aspiradora escoba sin cable con cabezal de succión de 180 grados,488.18,15,1,2026-09-17 23:23:32,2026-09-17 23:38:32
1414,PROD-1414,Polerón Adicolor Classics,"Sudadera clásica con el logotipo de las tres tiras (Talla M, Color Negro)",1611.73,83,1,2026-09-20 09:11:22,2026-09-20 09:46:22
1415,PROD-1415,Cafetera Programable 12 Tazas,Cafetera de goteo con temporizador programable y jarra de vidrio,1776.33,38,1,2026-09-21 09:14:01,2026-09-21 10:43:01
1416,PROD-1416,Zapatillas Running Pegasus 40,"Calzado de correr con amortiguación reactiva para entrenamiento (Talla M, Color Negro)",1049.24,78,1,2026-09-18 14:17:02,2026-09-18 15:08:02
1417,PROD-1417,Freidora de Aire 4L,Freidora sin aceite para cocinar de manera saludable y rápida,4626.06,42,1,2026-09-22 05:27:33,2026-09-22 07:10:33
1418,PROD-1418,Freidora XXL Airfryer,Freidora de aire de gran capacidad con tecnología de extracción de grasa,4343.65,45,1,2026-09-20 17:51:08,2026-09-20 19:22:08
1419,PROD-1419,Licuadora Reversible 2 Velocidades,Licuadora con motor reversible y vaso de vidrio resistente a choques térmicos,7739.18,15,1,2026-09-18 13:40:07,2026-09-18 15:30:07
1420,PROD-1420,Licuadora Reversible 2 Velocidades,Licuadora con motor reversible y vaso de vidrio resistente a choques térmicos,4615.89,59,1,2026-09-19 09:07:48,2026-09-19 09:22:48
1421,PROD-1421,MacBook Pro 16 M3 256GB,Computadora portátil profesional para edición de video y desarrollo - Color Negro,20468.62,7,1,2026-09-17 23:40:47,2026-09-17 23:55:47
1422,PROD-1422,Aspiradora Inalámbrica SpeedPro,Aspiradora escoba sin cable con cabezal de succión de 180 grados,7743.70,18,1,2026-09-20 00:58:07,2026-09-20 02:58:07
1423,PROD-1423,Licuadora Reversible 2 Velocidades,Licuadora con motor reversible y vaso de vidrio resistente a choques térmicos,2684.56,41,1,2026-09-22 05:21:40,2026-09-22 05:58:40
1424,PROD-1424,Freidora XXL Airfryer,Freidora de aire de gran capacidad con tecnología de extracción de grasa,4785.74,52,1,2026-09-19 08:55:55,2026-09-19 10:01:55
1425,PROD-1425,Polerón Adicolor Classics,"Sudadera clásica con el logotipo de las tres tiras (Talla M, Color Verde)",562.87,15,1,2026-09-18 21:53:15,2026-09-18 21:57:15
1426,PROD-1426,MacBook Air 15 M2 256GB,Laptop ultra delgada y liviana con gran autonomía - Color Blanco,21876.13,18,1,2026-09-21 01:32:31,2026-09-21 02:17:31
1427,PROD-1427,Camiseta Graphic Setin Neck,"Playera casual de algodón con estampado frontal (Talla S, Color Rojo)",898.18,58,1,2026-09-21 09:59:13,2026-09-21 11:54:13
1428,PROD-1428,Smart Band 8,Pulsera de actividad física con seguimiento del sueño y deporte,3455.52,21,1,2026-09-21 13:53:01,2026-09-21 14:47:01
1429,PROD-1429,Cafetera Programable 12 Tazas,Cafetera de goteo con temporizador programable y jarra de vidrio,1948.60,48,1,2026-09-21 22:03:39,2026-09-21 22:37:39
1430,PROD-1430,Cafetera Programable 12 Tazas,Cafetera de goteo con temporizador programable y jarra de vidrio,3228.28,50,1,2026-09-21 09:41:45,2026-09-21 11:26:45
1431,PROD-1431,Freidora de Aire 4L,Freidora sin aceite para cocinar de manera saludable y rápida,6643.92,28,1,2026-09-22 06:05:12,2026-09-22 07:00:12
1432,PROD-1432,Jeans 511 Slim Fit,"Pantalón de mezclilla ajustado de estilo moderno (Talla S, Color Gris)",617.94,24,1,2026-09-21 14:58:09,2026-09-21 16:08:09
1433,PROD-1433,Chaqueta Camionera de Mezclilla,"Chaqueta clásica de mezclilla resistente para uso diario (Talla S, Color Gris)",2304.88,44,1,2026-09-18 08:40:05,2026-09-18 10:31:05
1434,PROD-1434,Consola PlayStation 5 Slim,Consola de videojuegos de última generación con almacenamiento SSD ultra rápido,3977.11,19,1,2026-09-19 18:29:59,2026-09-19 18:42:59
1435,PROD-1435,Audífonos AirPods Pro 2,Audífonos intrauditivos con cancelación de ruido de nivel superior,26355.62,24,1,2026-09-21 01:06:41,2026-09-21 02:51:41
1436,PROD-1436,Chaqueta Camionera de Mezclilla,"Chaqueta clásica de mezclilla resistente para uso diario (Talla L, Color Rojo)",932.77,22,1,2026-09-17 18:20:33,2026-09-17 18:41:33
1437,PROD-1437,Zapatillas Air Max 270,"Calzado deportivo con cápsula de aire visible para máxima comodidad (Talla L, Color Verde)",1807.30,78,1,2026-09-20 19:42:01,2026-09-20 20:58:01
1438,PROD-1438,Zapatillas Running Pegasus 40,"Calzado de correr con amortiguación reactiva para entrenamiento (Talla M, Color Gris)",370.42,75,1,2026-09-21 19:13:41,2026-09-21 19:32:41
1439,PROD-1439,Licuadora Reversible 2 Velocidades,Licuadora con motor reversible y vaso de vidrio resistente a choques térmicos,3278.89,55,1,2026-09-19 02:17:45,2026-09-19 02:23:45
1440,PROD-1440,Freidora XXL Airfryer,Freidora de aire de gran capacidad con tecnología de extracción de grasa,5554.44,34,1,2026-09-21 18:17:26,2026-09-21 19:15:26
1441,PROD-1441,Patinete Eléctrico Pro 4,Scooter eléctrico con gran autonomía para movilidad urbana,28845.65,37,1,2026-09-19 05:07:43,2026-09-19 05:42:43
1442,PROD-1442,Polerón Adicolor Classics,"Sudadera clásica con el logotipo de las tres tiras (Talla M, Color Gris)",1716.62,21,1,2026-09-19 07:52:21,2026-09-19 08:44:21
1443,PROD-1443,Jeans 501 Original Fit,"Pantalón de mezclilla clásico de corte recto y ajuste cómodo (Talla S, Color Verde)",866.08,21,1,2026-09-18 11:24:13,2026-09-18 12:37:13
1444,PROD-1444,Smartphone Galaxy Z Flip 6 1TB,Teléfono plegable compacto con pantalla exterior funcional - Color Negro,34656.90,32,1,2026-09-21 13:57:27,2026-09-21 15:02:27
1445,PROD-1445,Freidora de Aire 4L,Freidora sin aceite para cocinar de manera saludable y rápida,4183.32,51,1,2026-09-21 13:55:11,2026-09-21 15:48:11
1446,PROD-1446,Freidora de Aire 4L,Freidora sin aceite para cocinar de manera saludable y rápida,505.64,20,1,2026-09-21 23:59:22,2026-09-21 23:59:22
1447,PROD-1447,Aspiradora Inalámbrica SpeedPro,Aspiradora escoba sin cable con cabezal de succión de 180 grados,2256.12,55,1,2026-09-21 11:38:52,2026-09-21 13:35:52
1448,PROD-1448,Cafetera Programable 12 Tazas,Cafetera de goteo con temporizador programable y jarra de vidrio,3809.76,18,1,2026-09-21 13:35:30,2026-09-21 15:34:30
1449,PROD-1449,Licuadora Reversible 2 Velocidades,Licuadora con motor reversible y vaso de vidrio resistente a choques térmicos,970.93,16,1,2026-09-20 14:10:05,2026-09-20 14:55:05
1450,PROD-1450,Smart Band 8,Pulsera de actividad física con seguimiento del sueño y deporte,13957.86,28,1,2026-09-18 03:50:53,2026-09-18 04:33:53
1451,PROD-1451,Cafetera Programable 12 Tazas,Cafetera de goteo con temporizador programable y jarra de vidrio,6865.91,15,1,2026-09-19 05:36:04,2026-09-19 06:14:04
1452,PROD-1452,Polera Sportswear Club Fleece,"Sudadera de felpa con capucha y ajuste estándar (Talla M, Color Negro)",1936.76,82,1,2026-09-19 20:40:58,2026-09-19 21:07:58
1453,PROD-1453,Polerón Adicolor Classics,"Sudadera clásica con el logotipo de las tres tiras (Talla S, Color Azul)",2268.86,72,1,2026-09-17 19:43:51,2026-09-17 20:28:51
1454,PROD-1454,Monitor UltraGear 27,Monitor de alta frecuencia de actualización para juegos competitivos,12163.59,27,1,2026-09-18 02:57:51,2026-09-18 02:57:51
1455,PROD-1455,Zapatillas Ultraboost Light,"Tenis de running con retorno de energía superior y ligereza (Talla XL, Color Gris)",369.06,65,1,2026-09-20 11:01:00,2026-09-20 11:26:00
1456,PROD-1456,Refrigeradora InstaView,Refrigerador inteligente con panel de cristal panorámico,32397.10,31,1,2026-09-18 05:23:36,2026-09-18 07:19:36
1457,PROD-1457,Jeans 511 Slim Fit,"Pantalón de mezclilla ajustado de estilo moderno (Talla L, Color Blanco)",1362.00,57,1,2026-09-19 06:56:38,2026-09-19 07:42:38
1458,PROD-1458,Chaqueta Camionera de Mezclilla,"Chaqueta clásica de mezclilla resistente para uso diario (Talla S, Color Azul)",1761.00,66,1,2026-09-18 10:55:34,2026-09-18 11:12:34
1459,PROD-1459,Zapatillas Samba OG,"Tenis de estilo retro icónicos en cuero de primera calidad (Talla S, Color Gris)",2249.69,100,1,2026-09-18 16:15:39,2026-09-18 16:29:39
1460,PROD-1460,Consola PlayStation 5 Slim,Consola de videojuegos de última generación con almacenamiento SSD ultra rápido,5245.65,31,1,2026-09-21 23:41:57,2026-09-22 00:23:57
1461,PROD-1461,MacBook Pro 16 M3 1TB,Computadora portátil profesional para edición de video y desarrollo - Color Verde,35393.97,12,1,2026-09-20 00:41:02,2026-09-20 01:43:02
1462,PROD-1462,Freidora XXL Airfryer,Freidora de aire de gran capacidad con tecnología de extracción de grasa,2869.15,56,1,2026-09-22 05:00:08,2026-09-22 06:52:08
1463,PROD-1463,Polerón Adicolor Classics,"Sudadera clásica con el logotipo de las tres tiras (Talla XL, Color Blanco)",585.93,23,1,2026-09-22 06:48:16,2026-09-22 06:50:16
1464,PROD-1464,iPad Pro 12.9,Tableta profesional con pantalla Liquid Retina XDR y chip M2,18250.03,48,1,2026-09-18 21:48:03,2026-09-18 21:54:03
1465,PROD-1465,Aspiradora Inalámbrica SpeedPro,Aspiradora escoba sin cable con cabezal de succión de 180 grados,7820.93,55,1,2026-09-17 12:31:36,2026-09-17 13:26:36
1466,PROD-1466,Polera Sportswear Club Fleece,"Sudadera de felpa con capucha y ajuste estándar (Talla XL, Color Negro)",1985.93,41,1,2026-09-21 05:18:14,2026-09-21 05:37:14
1467,PROD-1467,Licuadora Reversible 2 Velocidades,Licuadora con motor reversible y vaso de vidrio resistente a choques térmicos,2536.66,15,1,2026-09-19 01:44:12,2026-09-19 03:13:12
1468,PROD-1468,Smartphone Xiaomi 14 Ultra 1TB,Smartphone de gama alta enfocado en fotografía profesional Leica - Color Verde,28286.45,11,1,2026-09-21 17:28:08,2026-09-21 19:01:08
1469,PROD-1469,Licuadora Reversible 2 Velocidades,Licuadora con motor reversible y vaso de vidrio resistente a choques térmicos,7943.39,45,1,2026-09-21 06:56:55,2026-09-21 08:17:55
1470,PROD-1470,iPhone 16 Pro 256GB,Teléfono inteligente premium con chip de alto rendimiento y triple cámara - Color Azul,1862.01,17,1,2026-09-18 08:39:02,2026-09-18 09:33:02
1471,PROD-1471,Smart TV OLED C3 65,Televisor inteligente ideal para videojuegos y películas con pánel OLED,3728.21,8,1,2026-09-19 18:45:01,2026-09-19 19:37:01
1472,PROD-1472,Freidora XXL Airfryer,Freidora de aire de gran capacidad con tecnología de extracción de grasa,2085.49,35,1,2026-09-20 09:08:43,2026-09-20 09:15:43
1473,PROD-1473,Freidora XXL Airfryer,Freidora de aire de gran capacidad con tecnología de extracción de grasa,2712.60,25,1,2026-09-19 16:18:25,2026-09-19 16:53:25
1474,PROD-1474,Zapatillas Samba OG,"Tenis de estilo retro icónicos en cuero de primera calidad (Talla M, Color Gris)",2274.48,33,1,2026-09-17 17:18:44,2026-09-17 17:18:44
1475,PROD-1475,Audífonos Bluetooth WH-1000XM5,Audífonos inalámbricos con la mejor cancelación de ruido del mercado,10628.75,22,1,2026-09-21 03:41:19,2026-09-21 03:53:19
1476,PROD-1476,Chaqueta Camionera de Mezclilla,"Chaqueta clásica de mezclilla resistente para uso diario (Talla XL, Color Gris)",1068.71,24,1,2026-09-18 01:28:03,2026-09-18 02:53:03
1477,PROD-1477,Smart TV OLED C3 65,Televisor inteligente ideal para videojuegos y películas con pánel OLED,12258.02,28,1,2026-09-21 23:33:17,2026-09-22 01:12:17
1478,PROD-1478,Freidora XXL Airfryer,Freidora de aire de gran capacidad con tecnología de extracción de grasa,5341.89,21,1,2026-09-21 00:27:22,2026-09-21 01:16:22
1479,PROD-1479,Smartphone Galaxy S26 128GB,Smartphone compacto con pantalla fluida y excelente rendimiento - Color Negro,21322.93,46,1,2026-09-22 10:24:04,2026-09-22 10:48:04
1480,PROD-1480,Smartphone Redmi Note 13 Pro 128GB,Teléfono inteligente con excelente relación calidad-precio y gran cámara - Color Rojo,22474.87,24,1,2026-09-21 20:59:39,2026-09-21 21:59:39
1481,PROD-1481,Refrigeradora InstaView,Refrigerador inteligente con panel de cristal panorámico,5955.37,13,1,2026-09-18 15:16:36,2026-09-18 16:09:36
1482,PROD-1482,Aspiradora Inalámbrica SpeedPro,Aspiradora escoba sin cable con cabezal de succión de 180 grados,7201.34,36,1,2026-09-21 07:05:17,2026-09-21 08:36:17
1483,PROD-1483,Smartphone Redmi Note 13 Pro 1TB,Teléfono inteligente con excelente relación calidad-precio y gran cámara - Color Azul,19093.58,37,1,2026-09-22 06:32:18,2026-09-22 06:34:18
1484,PROD-1484,Monitor UltraGear 27,Monitor de alta frecuencia de actualización para juegos competitivos,25233.07,13,1,2026-09-19 05:32:30,2026-09-19 05:37:30
1485,PROD-1485,Cafetera Programable 12 Tazas,Cafetera de goteo con temporizador programable y jarra de vidrio,1845.45,60,1,2026-09-19 21:14:48,2026-09-19 22:17:48
1486,PROD-1486,Licuadora Reversible 2 Velocidades,Licuadora con motor reversible y vaso de vidrio resistente a choques térmicos,3726.86,40,1,2026-09-19 19:18:12,2026-09-19 20:29:12
1487,PROD-1487,Zapatillas Running Pegasus 40,"Calzado de correr con amortiguación reactiva para entrenamiento (Talla L, Color Blanco)",745.74,30,1,2026-09-20 22:38:46,2026-09-20 23:05:46
1488,PROD-1488,Cafetera Programable 12 Tazas,Cafetera de goteo con temporizador programable y jarra de vidrio,3861.35,53,1,2026-09-21 20:17:58,2026-09-21 21:24:58
1489,PROD-1489,Zapatillas Air Max 270,"Calzado deportivo con cápsula de aire visible para máxima comodidad (Talla L, Color Verde)",927.31,25,1,2026-09-18 12:16:37,2026-09-18 12:44:37
1490,PROD-1490,Smart TV OLED C3 65,Televisor inteligente ideal para videojuegos y películas con pánel OLED,10860.44,45,1,2026-09-18 08:55:54,2026-09-18 10:55:54
1491,PROD-1491,Chaqueta Camionera de Mezclilla,"Chaqueta clásica de mezclilla resistente para uso diario (Talla S, Color Verde)",2457.05,36,1,2026-09-20 17:12:48,2026-09-20 17:26:48
1492,PROD-1492,Barra de Sonido HT-A7000,Sistema de audio para cine en casa con soporte Dolby Atmos,21983.16,28,1,2026-09-19 10:37:30,2026-09-19 10:47:30
1493,PROD-1493,Freidora XXL Airfryer,Freidora de aire de gran capacidad con tecnología de extracción de grasa,3503.41,47,1,2026-09-19 06:18:17,2026-09-19 06:59:17
1494,PROD-1494,Tablet Galaxy Tab S9 256GB,"Tableta de alto rendimiento para diseño, trabajo y entretenimiento - Color Verde",34765.57,16,1,2026-09-19 00:38:18,2026-09-19 00:40:18
1495,PROD-1495,Cafetera Programable 12 Tazas,Cafetera de goteo con temporizador programable y jarra de vidrio,6067.85,32,1,2026-09-21 10:34:39,2026-09-21 11:06:39
1496,PROD-1496,Freidora de Aire 4L,Freidora sin aceite para cocinar de manera saludable y rápida,2076.86,25,1,2026-09-18 17:03:19,2026-09-18 18:17:19
1497,PROD-1497,Freidora XXL Airfryer,Freidora de aire de gran capacidad con tecnología de extracción de grasa,3790.02,54,1,2026-09-21 21:07:50,2026-09-21 22:02:50
1498,PROD-1498,Camiseta Graphic Setin Neck,"Playera casual de algodón con estampado frontal (Talla S, Color Azul)",740.25,33,1,2026-09-22 10:08:15,2026-09-22 11:58:15
1499,PROD-1499,Audífonos AirPods Max,Audífonos de diadema inalámbricos con sonido de alta fidelidad,33989.10,16,1,2026-09-21 09:39:57,2026-09-21 10:15:57
1500,PROD-1500,Audífonos Bluetooth WH-1000XM5,Audífonos inalámbricos con la mejor cancelación de ruido del mercado,31926.48,30,1,2026-09-21 15:27:45,2026-09-21 16:44:45
1501,PROD-1501,Smartphone Galaxy S26 128GB,Smartphone compacto con pantalla fluida y excelente rendimiento - Color Azul,9206.51,46,1,2026-09-19 21:58:35,2026-09-19 22:10:35
1502,PROD-1502,Cafetera Programable 12 Tazas,Cafetera de goteo con temporizador programable y jarra de vidrio,6103.38,8,1,2026-09-21 03:13:06,2026-09-21 03:25:06
1503,PROD-1503,Zapatillas Air Force 1 '07,"Tenis clásicos de cuero blanco para uso urbano y casual (Talla S, Color Negro)",1991.41,92,1,2026-09-17 17:43:39,2026-09-17 17:59:39
1504,PROD-1504,Smartphone Galaxy Z Flip 6 256GB,Teléfono plegable compacto con pantalla exterior funcional - Color Verde,21787.12,5,1,2026-09-22 06:39:05,2026-09-22 06:52:05
1505,PROD-1505,Freidora XXL Airfryer,Freidora de aire de gran capacidad con tecnología de extracción de grasa,1937.64,38,1,2026-09-22 01:59:33,2026-09-22 03:11:33
1506,PROD-1506,Chaqueta Camionera de Mezclilla,"Chaqueta clásica de mezclilla resistente para uso diario (Talla L, Color Azul)",682.20,17,1,2026-09-20 18:30:51,2026-09-20 19:58:51
1507,PROD-1507,Polerón Adicolor Classics,"Sudadera clásica con el logotipo de las tres tiras (Talla S, Color Negro)",2123.59,23,1,2026-09-20 18:40:36,2026-09-20 19:17:36
1508,PROD-1508,Monitor UltraGear 27,Monitor de alta frecuencia de actualización para juegos competitivos,5535.14,19,1,2026-09-17 14:51:10,2026-09-17 15:20:10
1509,PROD-1509,Zapatillas Air Max 270,"Calzado deportivo con cápsula de aire visible para máxima comodidad (Talla L, Color Verde)",966.72,97,1,2026-09-19 19:23:23,2026-09-19 20:50:23
1510,PROD-1510,Freidora de Aire 4L,Freidora sin aceite para cocinar de manera saludable y rápida,1688.65,15,1,2026-09-18 20:03:21,2026-09-18 20:16:21
1511,PROD-1511,Zapatillas Air Force 1 '07,"Tenis clásicos de cuero blanco para uso urbano y casual (Talla L, Color Negro)",1125.06,20,1,2026-09-17 17:40:13,2026-09-17 18:57:13
1512,PROD-1512,Apple Watch Series 10,Reloj inteligente con sensores avanzados de salud y actividad física,19332.06,43,1,2026-09-18 13:46:14,2026-09-18 15:12:14
1513,PROD-1513,Chaqueta Camionera de Mezclilla,"Chaqueta clásica de mezclilla resistente para uso diario (Talla L, Color Gris)",2232.11,44,1,2026-09-20 12:03:58,2026-09-20 13:27:58
1514,PROD-1514,Zapatillas Air Force 1 '07,"Tenis clásicos de cuero blanco para uso urbano y casual (Talla S, Color Blanco)",2022.24,28,1,2026-09-19 09:59:53,2026-09-19 10:17:53
1515,PROD-1515,Pantalón de Buzo Tech Fleece,"Pantalón deportivo térmico con diseño estilizado (Talla S, Color Negro)",1592.36,45,1,2026-09-18 08:25:34,2026-09-18 08:36:34
1516,PROD-1516,Jeans 511 Slim Fit,"Pantalón de mezclilla ajustado de estilo moderno (Talla XL, Color Gris)",1036.53,64,1,2026-09-20 09:27:00,2026-09-20 10:55:00
1517,PROD-1517,Polerón Adicolor Classics,"Sudadera clásica con el logotipo de las tres tiras (Talla L, Color Blanco)",2074.60,93,1,2026-09-18 23:10:13,2026-09-18 23:59:13
1518,PROD-1518,Zapatillas Samba OG,"Tenis de estilo retro icónicos en cuero de primera calidad (Talla XL, Color Rojo)",1502.86,39,1,2026-09-19 19:22:22,2026-09-19 19:32:22
1519,PROD-1519,Freidora XXL Airfryer,Freidora de aire de gran capacidad con tecnología de extracción de grasa,5743.51,23,1,2026-09-19 16:02:06,2026-09-19 16:02:06
1520,PROD-1520,Tablet Galaxy Tab S9 1TB,"Tableta de alto rendimiento para diseño, trabajo y entretenimiento - Color Blanco",33192.10,8,1,2026-09-19 14:14:05,2026-09-19 15:00:05
1521,PROD-1521,Smart TV Bravia XR OLED 55,Televisor OLED con negros absolutos y procesador de imagen cognitivo,5616.98,40,1,2026-09-20 00:40:52,2026-09-20 01:11:52
1522,PROD-1522,iPhone 16 Pro Max 256GB,Smartphone insignia de Apple con acabado en titanio y cámara profesional - Color Negro,34652.85,50,1,2026-09-18 08:11:40,2026-09-18 08:59:40
1523,PROD-1523,Cafetera Programable 12 Tazas,Cafetera de goteo con temporizador programable y jarra de vidrio,7733.34,31,1,2026-09-17 19:14:02,2026-09-17 20:43:02
1524,PROD-1524,Smart TV OLED C3 65,Televisor inteligente ideal para videojuegos y películas con pánel OLED,17427.34,43,1,2026-09-18 10:23:35,2026-09-18 10:26:35
1525,PROD-1525,Audífonos Bluetooth WH-1000XM5,Audífonos inalámbricos con la mejor cancelación de ruido del mercado,3304.26,9,1,2026-09-17 13:10:28,2026-09-17 14:22:28
1526,PROD-1526,Jeans 511 Slim Fit,"Pantalón de mezclilla ajustado de estilo moderno (Talla XL, Color Verde)",651.24,77,1,2026-09-21 17:05:35,2026-09-21 17:43:35
1527,PROD-1527,Polera Sportswear Club Fleece,"Sudadera de felpa con capucha y ajuste estándar (Talla XL, Color Verde)",1844.78,46,1,2026-09-18 03:33:42,2026-09-18 03:52:42
1528,PROD-1528,Smartphone Galaxy S26 256GB,Smartphone compacto con pantalla fluida y excelente rendimiento - Color Negro,14571.87,32,1,2026-09-21 14:22:32,2026-09-21 16:14:32
1529,PROD-1529,Polerón Adicolor Classics,"Sudadera clásica con el logotipo de las tres tiras (Talla L, Color Rojo)",1429.03,100,1,2026-09-18 20:27:45,2026-09-18 21:21:45
1530,PROD-1530,Consola PlayStation 5 Slim,Consola de videojuegos de última generación con almacenamiento SSD ultra rápido,19013.29,13,1,2026-09-21 23:35:03,2026-09-22 00:02:03
1531,PROD-1531,Zapatillas Ultraboost Light,"Tenis de running con retorno de energía superior y ligereza (Talla M, Color Azul)",744.94,81,1,2026-09-21 03:28:44,2026-09-21 05:15:44
1532,PROD-1532,Smart Band 8,Pulsera de actividad física con seguimiento del sueño y deporte,11618.23,46,1,2026-09-19 22:21:16,2026-09-20 00:06:16
1533,PROD-1533,Jeans 501 Original Fit,"Pantalón de mezclilla clásico de corte recto y ajuste cómodo (Talla L, Color Verde)",1262.08,44,1,2026-09-18 03:08:40,2026-09-18 03:21:40
1534,PROD-1534,Parlante Portátil SRS-XG300,Bocina inalámbrica portátil resistente al agua con graves potentes,28147.30,26,1,2026-09-17 15:26:32,2026-09-17 15:56:32
1535,PROD-1535,Jeans 501 Original Fit,"Pantalón de mezclilla clásico de corte recto y ajuste cómodo (Talla S, Color Blanco)",1633.79,49,1,2026-09-18 14:41:58,2026-09-18 15:51:58
1536,PROD-1536,Smartphone Galaxy Z Fold 6 512GB,Teléfono plegable con pantalla gigante para productividad y multitarea - Color Negro,35171.54,41,1,2026-09-17 17:53:34,2026-09-17 19:05:34
1537,PROD-1537,Jeans 501 Original Fit,"Pantalón de mezclilla clásico de corte recto y ajuste cómodo (Talla L, Color Negro)",2378.54,11,1,2026-09-19 15:17:53,2026-09-19 16:53:53
1538,PROD-1538,Zapatillas Running Pegasus 40,"Calzado de correr con amortiguación reactiva para entrenamiento (Talla M, Color Gris)",1966.46,55,1,2026-09-18 06:13:11,2026-09-18 07:42:11
1539,PROD-1539,Freidora de Aire 4L,Freidora sin aceite para cocinar de manera saludable y rápida,3495.38,55,1,2026-09-20 12:41:47,2026-09-20 12:53:47
1540,PROD-1540,Licuadora Reversible 2 Velocidades,Licuadora con motor reversible y vaso de vidrio resistente a choques térmicos,4862.53,32,1,2026-09-20 08:49:07,2026-09-20 10:04:07
1541,PROD-1541,Audífonos Bluetooth WH-1000XM5,Audífonos inalámbricos con la mejor cancelación de ruido del mercado,5879.59,34,1,2026-09-17 22:49:36,2026-09-18 00:42:36
1542,PROD-1542,Cafetera Programable 12 Tazas,Cafetera de goteo con temporizador programable y jarra de vidrio,2159.93,21,1,2026-09-22 08:57:16,2026-09-22 10:24:16
1543,PROD-1543,Cafetera Programable 12 Tazas,Cafetera de goteo con temporizador programable y jarra de vidrio,1623.96,40,1,2026-09-20 14:32:57,2026-09-20 16:05:57
1544,PROD-1544,Aspiradora Inalámbrica SpeedPro,Aspiradora escoba sin cable con cabezal de succión de 180 grados,6368.67,29,1,2026-09-19 05:42:51,2026-09-19 06:28:51
1545,PROD-1545,Freidora XXL Airfryer,Freidora de aire de gran capacidad con tecnología de extracción de grasa,7169.17,57,1,2026-09-21 14:48:29,2026-09-21 15:37:29
1546,PROD-1546,iPhone 16 Pro 256GB,Teléfono inteligente premium con chip de alto rendimiento y triple cámara - Color Rojo,22786.53,36,1,2026-09-18 01:32:35,2026-09-18 03:15:35
1547,PROD-1547,MacBook Air 15 M2 128GB,Laptop ultra delgada y liviana con gran autonomía - Color Azul,3841.05,25,1,2026-09-18 12:04:27,2026-09-18 14:03:27
1548,PROD-1548,Jeans 501 Original Fit,"Pantalón de mezclilla clásico de corte recto y ajuste cómodo (Talla L, Color Rojo)",1131.16,21,1,2026-09-17 21:43:01,2026-09-17 22:05:01
1549,PROD-1549,Aspiradora Inalámbrica SpeedPro,Aspiradora escoba sin cable con cabezal de succión de 180 grados,7894.69,24,1,2026-09-22 02:29:55,2026-09-22 04:21:55
1550,PROD-1550,Zapatillas Ultraboost Light,"Tenis de running con retorno de energía superior y ligereza (Talla S, Color Rojo)",1399.76,56,1,2026-09-19 05:06:01,2026-09-19 05:57:01
1551,PROD-1551,Polerón Adicolor Classics,"Sudadera clásica con el logotipo de las tres tiras (Talla M, Color Azul)",1138.47,89,1,2026-09-19 09:02:07,2026-09-19 09:49:07
1552,PROD-1552,Robot Aspiradora X10+,Aspiradora robótica con estación de vaciado automático y mapeo láser,16478.28,48,1,2026-09-17 17:34:21,2026-09-17 18:53:21
1553,PROD-1553,Cafetera Programable 12 Tazas,Cafetera de goteo con temporizador programable y jarra de vidrio,6408.49,52,1,2026-09-22 10:57:30,2026-09-22 12:08:30
1554,PROD-1554,iPhone 16 Pro 512GB,Teléfono inteligente premium con chip de alto rendimiento y triple cámara - Color Azul,6116.31,30,1,2026-09-17 21:59:08,2026-09-17 22:27:08
1555,PROD-1555,Zapatillas Air Force 1 '07,"Tenis clásicos de cuero blanco para uso urbano y casual (Talla L, Color Azul)",1357.25,78,1,2026-09-22 10:31:46,2026-09-22 11:30:46
1556,PROD-1556,Smartphone Galaxy S26 128GB,Smartphone compacto con pantalla fluida y excelente rendimiento - Color Azul,27771.69,17,1,2026-09-19 21:49:59,2026-09-19 22:31:59
1557,PROD-1557,Cámara Alpha 7 IV,Cámara mirrorless profesional de fotograma completo para foto y video,35873.56,36,1,2026-09-18 18:19:29,2026-09-18 19:48:29
1558,PROD-1558,Freidora XXL Airfryer,Freidora de aire de gran capacidad con tecnología de extracción de grasa,2515.65,10,1,2026-09-20 18:44:26,2026-09-20 19:03:26
1559,PROD-1559,Jeans 511 Slim Fit,"Pantalón de mezclilla ajustado de estilo moderno (Talla L, Color Rojo)",417.34,86,1,2026-09-22 04:06:33,2026-09-22 04:54:33
1560,PROD-1560,Smart TV Bravia XR OLED 55,Televisor OLED con negros absolutos y procesador de imagen cognitivo,35238.91,18,1,2026-09-17 19:13:59,2026-09-17 19:40:59
1561,PROD-1561,Patinete Eléctrico Pro 4,Scooter eléctrico con gran autonomía para movilidad urbana,9448.53,16,1,2026-09-17 23:31:52,2026-09-17 23:49:52
1562,PROD-1562,Smart TV Bravia XR OLED 55,Televisor OLED con negros absolutos y procesador de imagen cognitivo,3400.67,50,1,2026-09-20 05:06:01,2026-09-20 06:57:01
1563,PROD-1563,Zapatillas Ultraboost Light,"Tenis de running con retorno de energía superior y ligereza (Talla L, Color Blanco)",2135.68,21,1,2026-09-20 01:46:02,2026-09-20 02:29:02
1564,PROD-1564,Jeans 511 Slim Fit,"Pantalón de mezclilla ajustado de estilo moderno (Talla L, Color Azul)",1385.49,78,1,2026-09-21 15:40:32,2026-09-21 17:20:32
1565,PROD-1565,Patinete Eléctrico Pro 4,Scooter eléctrico con gran autonomía para movilidad urbana,32897.22,41,1,2026-09-19 20:01:47,2026-09-19 21:46:47
1566,PROD-1566,Refrigeradora InstaView,Refrigerador inteligente con panel de cristal panorámico,7548.88,47,1,2026-09-20 23:36:22,2026-09-21 00:54:22
1567,PROD-1567,Barra de Sonido HT-A7000,Sistema de audio para cine en casa con soporte Dolby Atmos,35516.06,25,1,2026-09-17 13:25:24,2026-09-17 13:44:24
1568,PROD-1568,Camiseta Graphic Setin Neck,"Playera casual de algodón con estampado frontal (Talla L, Color Negro)",2052.84,96,1,2026-09-19 22:32:30,2026-09-19 23:05:30
1569,PROD-1569,Freidora de Aire 4L,Freidora sin aceite para cocinar de manera saludable y rápida,7569.26,16,1,2026-09-21 07:43:59,2026-09-21 08:40:59
1570,PROD-1570,Licuadora Reversible 2 Velocidades,Licuadora con motor reversible y vaso de vidrio resistente a choques térmicos,2061.53,20,1,2026-09-20 00:33:00,2026-09-20 02:02:00
1571,PROD-1571,Cafetera Programable 12 Tazas,Cafetera de goteo con temporizador programable y jarra de vidrio,3269.43,30,1,2026-09-18 17:54:23,2026-09-18 18:18:23
1572,PROD-1572,Freidora de Aire 4L,Freidora sin aceite para cocinar de manera saludable y rápida,6584.72,9,1,2026-09-19 07:19:52,2026-09-19 09:13:52
1573,PROD-1573,Zapatillas Ultraboost Light,"Tenis de running con retorno de energía superior y ligereza (Talla XL, Color Verde)",2497.95,62,1,2026-09-19 23:07:27,2026-09-19 23:52:27
1574,PROD-1574,Zapatillas Samba OG,"Tenis de estilo retro icónicos en cuero de primera calidad (Talla L, Color Negro)",2341.65,68,1,2026-09-20 01:44:43,2026-09-20 02:31:43
1575,PROD-1575,Refrigeradora InstaView,Refrigerador inteligente con panel de cristal panorámico,6274.33,32,1,2026-09-19 18:55:36,2026-09-19 19:31:36
1576,PROD-1576,Aspiradora Inalámbrica SpeedPro,Aspiradora escoba sin cable con cabezal de succión de 180 grados,5735.90,14,1,2026-09-18 00:07:05,2026-09-18 01:50:05
1577,PROD-1577,Smartphone Galaxy S26 Ultra 1TB,Smartphone de alta gama con cámara de 200MP y pantalla Dynamic AMOLED - Color Negro,18122.37,44,1,2026-09-20 18:41:24,2026-09-20 18:53:24
1578,PROD-1578,Freidora XXL Airfryer,Freidora de aire de gran capacidad con tecnología de extracción de grasa,5474.60,34,1,2026-09-18 18:12:48,2026-09-18 18:40:48
1579,PROD-1579,Zapatillas Samba OG,"Tenis de estilo retro icónicos en cuero de primera calidad (Talla S, Color Blanco)",2191.14,25,1,2026-09-19 14:25:09,2026-09-19 16:06:09
1580,PROD-1580,Pantalón de Buzo Tech Fleece,"Pantalón deportivo térmico con diseño estilizado (Talla S, Color Gris)",2031.72,74,1,2026-09-19 04:39:37,2026-09-19 05:13:37
1581,PROD-1581,Aspiradora Inalámbrica SpeedPro,Aspiradora escoba sin cable con cabezal de succión de 180 grados,6772.48,58,1,2026-09-19 23:45:17,2026-09-20 01:11:17
1582,PROD-1582,Smart TV 65 Neo QLED,Televisor inteligente 4K con tecnología de puntos cuánticos y alto contraste,1659.95,6,1,2026-09-18 09:41:39,2026-09-18 11:22:39
1583,PROD-1583,Polerón Adicolor Classics,"Sudadera clásica con el logotipo de las tres tiras (Talla L, Color Gris)",716.38,83,1,2026-09-20 01:59:01,2026-09-20 02:29:01
1584,PROD-1584,Freidora XXL Airfryer,Freidora de aire de gran capacidad con tecnología de extracción de grasa,5083.64,33,1,2026-09-17 18:52:10,2026-09-17 20:34:10
1585,PROD-1585,Freidora XXL Airfryer,Freidora de aire de gran capacidad con tecnología de extracción de grasa,7539.38,32,1,2026-09-21 21:23:47,2026-09-21 21:45:47
1586,PROD-1586,Zapatillas Running Pegasus 40,"Calzado de correr con amortiguación reactiva para entrenamiento (Talla M, Color Azul)",846.58,100,1,2026-09-22 08:02:11,2026-09-22 08:18:11
1587,PROD-1587,Cafetera Programable 12 Tazas,Cafetera de goteo con temporizador programable y jarra de vidrio,4784.70,33,1,2026-09-22 02:21:24,2026-09-22 03:41:24
1588,PROD-1588,Zapatillas Ultraboost Light,"Tenis de running con retorno de energía superior y ligereza (Talla L, Color Blanco)",550.50,13,1,2026-09-20 03:03:41,2026-09-20 03:04:41
1589,PROD-1589,Licuadora Reversible 2 Velocidades,Licuadora con motor reversible y vaso de vidrio resistente a choques térmicos,5097.56,42,1,2026-09-17 22:49:46,2026-09-18 00:02:46
1590,PROD-1590,Jeans 511 Slim Fit,"Pantalón de mezclilla ajustado de estilo moderno (Talla XL, Color Verde)",1707.73,55,1,2026-09-18 14:31:35,2026-09-18 15:01:35
1591,PROD-1591,Freidora de Aire 4L,Freidora sin aceite para cocinar de manera saludable y rápida,1873.10,23,1,2026-09-21 21:08:03,2026-09-21 22:47:03
1592,PROD-1592,Zapatillas Air Force 1 '07,"Tenis clásicos de cuero blanco para uso urbano y casual (Talla L, Color Negro)",2360.20,90,1,2026-09-17 14:43:39,2026-09-17 16:04:39
1593,PROD-1593,Licuadora Reversible 2 Velocidades,Licuadora con motor reversible y vaso de vidrio resistente a choques térmicos,3889.37,46,1,2026-09-18 05:13:28,2026-09-18 05:26:28
1594,PROD-1594,Cámara Alpha 7 IV,Cámara mirrorless profesional de fotograma completo para foto y video,32258.47,10,1,2026-09-17 22:37:37,2026-09-17 23:40:37
1595,PROD-1595,Camiseta Graphic Setin Neck,"Playera casual de algodón con estampado frontal (Talla S, Color Azul)",2060.20,62,1,2026-09-17 22:04:21,2026-09-17 23:06:21
1596,PROD-1596,Licuadora Reversible 2 Velocidades,Licuadora con motor reversible y vaso de vidrio resistente a choques térmicos,5623.76,32,1,2026-09-19 09:01:35,2026-09-19 10:22:35
1597,PROD-1597,Jeans 511 Slim Fit,"Pantalón de mezclilla ajustado de estilo moderno (Talla L, Color Negro)",2292.82,94,1,2026-09-20 21:58:32,2026-09-20 23:18:32
1598,PROD-1598,Licuadora Reversible 2 Velocidades,Licuadora con motor reversible y vaso de vidrio resistente a choques térmicos,7816.96,30,1,2026-09-20 09:49:55,2026-09-20 11:07:55
1599,PROD-1599,Licuadora Reversible 2 Velocidades,Licuadora con motor reversible y vaso de vidrio resistente a choques térmicos,4365.29,24,1,2026-09-18 05:03:57,2026-09-18 05:27:57
1600,PROD-1600,Cafetera Programable 12 Tazas,Cafetera de goteo con temporizador programable y jarra de vidrio,575.09,40,1,2026-09-22 02:10:49,2026-09-22 02:29:49
1601,PROD-1601,Consola PlayStation 5 Slim,Consola de videojuegos de última generación con almacenamiento SSD ultra rápido,32399.32,6,1,2026-09-19 11:03:32,2026-09-19 11:20:32
1602,PROD-1602,Smartphone Galaxy S26 512GB,Smartphone compacto con pantalla fluida y excelente rendimiento - Color Gris,17595.91,10,1,2026-09-19 14:07:09,2026-09-19 15:37:09
1603,PROD-1603,Aspiradora Inalámbrica SpeedPro,Aspiradora escoba sin cable con cabezal de succión de 180 grados,6063.48,39,1,2026-09-20 02:51:49,2026-09-20 03:56:49
1604,PROD-1604,Chaqueta Camionera de Mezclilla,"Chaqueta clásica de mezclilla resistente para uso diario (Talla M, Color Blanco)",1827.17,45,1,2026-09-19 20:34:00,2026-09-19 20:47:00
1605,PROD-1605,Freidora XXL Airfryer,Freidora de aire de gran capacidad con tecnología de extracción de grasa,6435.16,54,1,2026-09-20 10:24:11,2026-09-20 11:19:11
1606,PROD-1606,Zapatillas Running Pegasus 40,"Calzado de correr con amortiguación reactiva para entrenamiento (Talla L, Color Gris)",1689.26,87,1,2026-09-19 19:08:33,2026-09-19 20:02:33
1607,PROD-1607,Monitor UltraGear 27,Monitor de alta frecuencia de actualización para juegos competitivos,13775.60,45,1,2026-09-22 10:40:58,2026-09-22 10:48:58
1608,PROD-1608,Jeans 501 Original Fit,"Pantalón de mezclilla clásico de corte recto y ajuste cómodo (Talla L, Color Rojo)",1231.09,87,1,2026-09-21 09:18:24,2026-09-21 10:25:24
1609,PROD-1609,Zapatillas Air Force 1 '07,"Tenis clásicos de cuero blanco para uso urbano y casual (Talla S, Color Blanco)",2089.44,64,1,2026-09-22 06:32:24,2026-09-22 06:55:24
1610,PROD-1610,Jeans 501 Original Fit,"Pantalón de mezclilla clásico de corte recto y ajuste cómodo (Talla M, Color Verde)",1149.07,28,1,2026-09-22 04:52:57,2026-09-22 05:32:57
1611,PROD-1611,Tablet Galaxy Tab S9 128GB,"Tableta de alto rendimiento para diseño, trabajo y entretenimiento - Color Verde",12174.86,34,1,2026-09-20 22:00:04,2026-09-20 23:41:04
1612,PROD-1612,Jeans 501 Original Fit,"Pantalón de mezclilla clásico de corte recto y ajuste cómodo (Talla XL, Color Gris)",1643.87,77,1,2026-09-18 19:01:40,2026-09-18 19:14:40
1613,PROD-1613,Freidora XXL Airfryer,Freidora de aire de gran capacidad con tecnología de extracción de grasa,4762.01,49,1,2026-09-20 00:46:45,2026-09-20 02:13:45
1614,PROD-1614,Polera Sportswear Club Fleece,"Sudadera de felpa con capucha y ajuste estándar (Talla M, Color Blanco)",456.77,73,1,2026-09-20 11:58:43,2026-09-20 12:03:43
1615,PROD-1615,Zapatillas Air Force 1 '07,"Tenis clásicos de cuero blanco para uso urbano y casual (Talla S, Color Azul)",717.95,51,1,2026-09-21 01:27:10,2026-09-21 02:16:10
1616,PROD-1616,Smart TV OLED C3 65,Televisor inteligente ideal para videojuegos y películas con pánel OLED,10618.81,46,1,2026-09-22 05:26:04,2026-09-22 07:15:04
1617,PROD-1617,Freidora de Aire 4L,Freidora sin aceite para cocinar de manera saludable y rápida,2561.18,33,1,2026-09-17 16:44:49,2026-09-17 18:38:49
1618,PROD-1618,Freidora de Aire 4L,Freidora sin aceite para cocinar de manera saludable y rápida,5300.30,12,1,2026-09-20 07:47:26,2026-09-20 07:59:26
1619,PROD-1619,Zapatillas Samba OG,"Tenis de estilo retro icónicos en cuero de primera calidad (Talla L, Color Gris)",1970.44,61,1,2026-09-17 22:58:27,2026-09-18 00:09:27
1620,PROD-1620,Zapatillas Running Pegasus 40,"Calzado de correr con amortiguación reactiva para entrenamiento (Talla S, Color Azul)",991.65,68,1,2026-09-20 11:12:17,2026-09-20 13:00:17
1621,PROD-1621,Freidora de Aire 4L,Freidora sin aceite para cocinar de manera saludable y rápida,7526.55,14,1,2026-09-17 15:37:22,2026-09-17 16:05:22
1622,PROD-1622,Smartphone Galaxy S26 128GB,Smartphone compacto con pantalla fluida y excelente rendimiento - Color Gris,31079.30,32,1,2026-09-18 20:19:15,2026-09-18 20:40:15
1623,PROD-1623,iPad Pro 12.9,Tableta profesional con pantalla Liquid Retina XDR y chip M2,29473.24,39,1,2026-09-17 12:04:37,2026-09-17 14:03:37
1624,PROD-1624,Freidora de Aire 4L,Freidora sin aceite para cocinar de manera saludable y rápida,7113.23,10,1,2026-09-18 03:29:39,2026-09-18 03:35:39
1625,PROD-1625,Chaqueta Camionera de Mezclilla,"Chaqueta clásica de mezclilla resistente para uso diario (Talla L, Color Verde)",1667.41,58,1,2026-09-19 02:39:58,2026-09-19 04:08:58
1626,PROD-1626,Audífonos AirPods Max,Audífonos de diadema inalámbricos con sonido de alta fidelidad,4756.50,25,1,2026-09-18 08:54:42,2026-09-18 10:30:42
1627,PROD-1627,Aspiradora Inalámbrica SpeedPro,Aspiradora escoba sin cable con cabezal de succión de 180 grados,5478.59,41,1,2026-09-20 16:11:35,2026-09-20 16:41:35
1628,PROD-1628,Aspiradora Inalámbrica SpeedPro,Aspiradora escoba sin cable con cabezal de succión de 180 grados,7820.26,28,1,2026-09-22 03:52:54,2026-09-22 05:25:54
1629,PROD-1629,Jeans 501 Original Fit,"Pantalón de mezclilla clásico de corte recto y ajuste cómodo (Talla L, Color Gris)",1879.47,55,1,2026-09-20 20:41:49,2026-09-20 22:27:49
1630,PROD-1630,iPhone 16 Pro 128GB,Teléfono inteligente premium con chip de alto rendimiento y triple cámara - Color Azul,2639.48,5,1,2026-09-21 13:00:21,2026-09-21 13:27:21
1631,PROD-1631,Zapatillas Air Max 270,"Calzado deportivo con cápsula de aire visible para máxima comodidad (Talla XL, Color Negro)",1081.97,85,1,2026-09-22 02:16:26,2026-09-22 03:23:26
1632,PROD-1632,Aspiradora Inalámbrica SpeedPro,Aspiradora escoba sin cable con cabezal de succión de 180 grados,5784.69,49,1,2026-09-18 09:47:06,2026-09-18 11:35:06
1633,PROD-1633,Licuadora Reversible 2 Velocidades,Licuadora con motor reversible y vaso de vidrio resistente a choques térmicos,2062.76,31,1,2026-09-19 19:30:39,2026-09-19 20:27:39
1634,PROD-1634,Freidora de Aire 4L,Freidora sin aceite para cocinar de manera saludable y rápida,1828.45,25,1,2026-09-20 00:58:30,2026-09-20 01:19:30
1635,PROD-1635,Freidora XXL Airfryer,Freidora de aire de gran capacidad con tecnología de extracción de grasa,1519.40,14,1,2026-09-21 23:51:35,2026-09-22 00:05:35
1636,PROD-1636,Monitor Odyssey G9,Monitor curvo ultrawide diseñado para gaming profesional,7139.56,6,1,2026-09-20 08:42:54,2026-09-20 10:06:54
1637,PROD-1637,Aspiradora Inalámbrica SpeedPro,Aspiradora escoba sin cable con cabezal de succión de 180 grados,2418.40,43,1,2026-09-17 23:36:02,2026-09-18 00:21:02
1638,PROD-1638,Jeans 511 Slim Fit,"Pantalón de mezclilla ajustado de estilo moderno (Talla XL, Color Rojo)",1276.32,52,1,2026-09-17 19:05:56,2026-09-17 20:01:56
1639,PROD-1639,Zapatillas Air Force 1 '07,"Tenis clásicos de cuero blanco para uso urbano y casual (Talla S, Color Verde)",1172.42,64,1,2026-09-18 15:36:03,2026-09-18 16:13:03
1640,PROD-1640,Smartphone Xiaomi 14 Ultra 512GB,Smartphone de gama alta enfocado en fotografía profesional Leica - Color Rojo,22064.41,38,1,2026-09-20 02:30:00,2026-09-20 02:43:00
1641,PROD-1641,Cafetera Programable 12 Tazas,Cafetera de goteo con temporizador programable y jarra de vidrio,2291.98,15,1,2026-09-18 19:20:10,2026-09-18 19:34:10
1642,PROD-1642,Smartphone Galaxy Z Flip 6 256GB,Teléfono plegable compacto con pantalla exterior funcional - Color Negro,19390.68,22,1,2026-09-18 20:20:19,2026-09-18 22:12:19
1643,PROD-1643,Aspiradora Inalámbrica SpeedPro,Aspiradora escoba sin cable con cabezal de succión de 180 grados,3385.93,22,1,2026-09-21 22:14:34,2026-09-21 23:59:34
1644,PROD-1644,Aspiradora Inalámbrica SpeedPro,Aspiradora escoba sin cable con cabezal de succión de 180 grados,1963.36,58,1,2026-09-18 17:00:19,2026-09-18 17:44:19
1645,PROD-1645,Aspiradora Inalámbrica SpeedPro,Aspiradora escoba sin cable con cabezal de succión de 180 grados,5977.51,14,1,2026-09-18 14:18:41,2026-09-18 15:22:41
1646,PROD-1646,Aspiradora Inalámbrica SpeedPro,Aspiradora escoba sin cable con cabezal de succión de 180 grados,6879.49,52,1,2026-09-18 22:06:32,2026-09-18 22:27:32
1647,PROD-1647,Zapatillas Ultraboost Light,"Tenis de running con retorno de energía superior y ligereza (Talla M, Color Blanco)",1064.13,68,1,2026-09-18 08:00:48,2026-09-18 08:01:48
1648,PROD-1648,Aspiradora Inalámbrica SpeedPro,Aspiradora escoba sin cable con cabezal de succión de 180 grados,2938.81,19,1,2026-09-19 01:46:51,2026-09-19 03:38:51
1649,PROD-1649,iPhone 16 Pro Max 512GB,Smartphone insignia de Apple con acabado en titanio y cámara profesional - Color Azul,21202.14,36,1,2026-09-18 23:24:13,2026-09-19 00:24:13
1650,PROD-1650,Smartphone Galaxy S26 Ultra 512GB,Smartphone de alta gama con cámara de 200MP y pantalla Dynamic AMOLED - Color Blanco,19147.06,15,1,2026-09-22 01:18:40,2026-09-22 01:36:40
1651,PROD-1651,Smartphone Galaxy Z Flip 6 512GB,Teléfono plegable compacto con pantalla exterior funcional - Color Azul,17918.50,27,1,2026-09-20 18:49:58,2026-09-20 19:21:58
1652,PROD-1652,Aspiradora Inalámbrica SpeedPro,Aspiradora escoba sin cable con cabezal de succión de 180 grados,3168.60,8,1,2026-09-19 14:42:44,2026-09-19 15:20:44
1653,PROD-1653,Aspiradora Inalámbrica SpeedPro,Aspiradora escoba sin cable con cabezal de succión de 180 grados,1256.98,51,1,2026-09-20 14:59:14,2026-09-20 16:32:14
1654,PROD-1654,Licuadora Reversible 2 Velocidades,Licuadora con motor reversible y vaso de vidrio resistente a choques térmicos,7837.64,22,1,2026-09-21 11:23:05,2026-09-21 11:41:05
1655,PROD-1655,Zapatillas Air Force 1 '07,"Tenis clásicos de cuero blanco para uso urbano y casual (Talla M, Color Rojo)",1943.18,65,1,2026-09-19 15:42:06,2026-09-19 16:08:06
1656,PROD-1656,Licuadora Reversible 2 Velocidades,Licuadora con motor reversible y vaso de vidrio resistente a choques térmicos,7396.92,32,1,2026-09-21 08:22:47,2026-09-21 08:35:47
1657,PROD-1657,Polerón Adicolor Classics,"Sudadera clásica con el logotipo de las tres tiras (Talla XL, Color Rojo)",726.15,96,1,2026-09-19 14:09:42,2026-09-19 16:02:42
1658,PROD-1658,Zapatillas Running Pegasus 40,"Calzado de correr con amortiguación reactiva para entrenamiento (Talla XL, Color Gris)",1015.05,15,1,2026-09-20 23:45:20,2026-09-21 00:51:20
1659,PROD-1659,Freidora XXL Airfryer,Freidora de aire de gran capacidad con tecnología de extracción de grasa,3694.29,37,1,2026-09-20 21:53:01,2026-09-20 23:34:01
1660,PROD-1660,Zapatillas Air Force 1 '07,"Tenis clásicos de cuero blanco para uso urbano y casual (Talla S, Color Azul)",2343.55,28,1,2026-09-20 07:16:11,2026-09-20 08:43:11
1661,PROD-1661,Monitor UltraGear 27,Monitor de alta frecuencia de actualización para juegos competitivos,22644.73,47,1,2026-09-18 11:02:19,2026-09-18 11:40:19
1662,PROD-1662,Zapatillas Air Force 1 '07,"Tenis clásicos de cuero blanco para uso urbano y casual (Talla L, Color Negro)",1325.80,37,1,2026-09-19 04:34:29,2026-09-19 06:19:29
1663,PROD-1663,Licuadora Reversible 2 Velocidades,Licuadora con motor reversible y vaso de vidrio resistente a choques térmicos,4111.58,8,1,2026-09-20 02:01:40,2026-09-20 02:46:40
1664,PROD-1664,Licuadora Reversible 2 Velocidades,Licuadora con motor reversible y vaso de vidrio resistente a choques térmicos,2310.89,30,1,2026-09-19 04:36:39,2026-09-19 06:16:39
1665,PROD-1665,Licuadora Reversible 2 Velocidades,Licuadora con motor reversible y vaso de vidrio resistente a choques térmicos,5820.30,17,1,2026-09-21 22:06:57,2026-09-21 22:31:57
1666,PROD-1666,Zapatillas Ultraboost Light,"Tenis de running con retorno de energía superior y ligereza (Talla L, Color Blanco)",419.09,55,1,2026-09-18 23:34:52,2026-09-19 01:17:52
1667,PROD-1667,Aspiradora Inalámbrica SpeedPro,Aspiradora escoba sin cable con cabezal de succión de 180 grados,3433.26,14,1,2026-09-19 01:24:22,2026-09-19 03:21:22
1668,PROD-1668,Zapatillas Samba OG,"Tenis de estilo retro icónicos en cuero de primera calidad (Talla M, Color Rojo)",1287.00,51,1,2026-09-22 08:30:13,2026-09-22 09:44:13
1669,PROD-1669,MacBook Air 15 M2 256GB,Laptop ultra delgada y liviana con gran autonomía - Color Azul,20177.07,24,1,2026-09-19 07:46:32,2026-09-19 07:56:32
1670,PROD-1670,Polerón Adicolor Classics,"Sudadera clásica con el logotipo de las tres tiras (Talla XL, Color Rojo)",744.25,65,1,2026-09-18 01:20:40,2026-09-18 01:37:40
1671,PROD-1671,Aspiradora Inalámbrica SpeedPro,Aspiradora escoba sin cable con cabezal de succión de 180 grados,4229.00,51,1,2026-09-21 19:08:13,2026-09-21 19:53:13
1672,PROD-1672,Pantalón de Buzo Tech Fleece,"Pantalón deportivo térmico con diseño estilizado (Talla XL, Color Azul)",2417.11,69,1,2026-09-17 15:23:15,2026-09-17 17:19:15
1673,PROD-1673,Freidora de Aire 4L,Freidora sin aceite para cocinar de manera saludable y rápida,1072.06,16,1,2026-09-21 04:57:13,2026-09-21 06:53:13
1674,PROD-1674,Chaqueta Camionera de Mezclilla,"Chaqueta clásica de mezclilla resistente para uso diario (Talla M, Color Rojo)",1518.03,82,1,2026-09-19 06:04:43,2026-09-19 06:10:43
1675,PROD-1675,Camiseta Graphic Setin Neck,"Playera casual de algodón con estampado frontal (Talla S, Color Azul)",2086.08,76,1,2026-09-20 06:22:55,2026-09-20 08:09:55
1676,PROD-1676,Smartphone Galaxy S26 Ultra 512GB,Smartphone de alta gama con cámara de 200MP y pantalla Dynamic AMOLED - Color Verde,4300.24,43,1,2026-09-18 01:32:32,2026-09-18 03:17:32
1677,PROD-1677,Zapatillas Samba OG,"Tenis de estilo retro icónicos en cuero de primera calidad (Talla L, Color Negro)",611.10,84,1,2026-09-21 13:34:33,2026-09-21 14:39:33
1678,PROD-1678,Cafetera Programable 12 Tazas,Cafetera de goteo con temporizador programable y jarra de vidrio,1958.49,17,1,2026-09-20 21:12:42,2026-09-20 22:46:42
1679,PROD-1679,Jeans 511 Slim Fit,"Pantalón de mezclilla ajustado de estilo moderno (Talla M, Color Gris)",1700.71,10,1,2026-09-22 08:41:02,2026-09-22 09:43:02
1680,PROD-1680,Licuadora Reversible 2 Velocidades,Licuadora con motor reversible y vaso de vidrio resistente a choques térmicos,910.28,17,1,2026-09-21 03:17:27,2026-09-21 05:09:27
1681,PROD-1681,Smart TV OLED C3 65,Televisor inteligente ideal para videojuegos y películas con pánel OLED,9275.82,11,1,2026-09-20 08:21:04,2026-09-20 08:24:04
1682,PROD-1682,Aspiradora Inalámbrica SpeedPro,Aspiradora escoba sin cable con cabezal de succión de 180 grados,822.96,15,1,2026-09-19 07:02:13,2026-09-19 07:53:13
1683,PROD-1683,Jeans 511 Slim Fit,"Pantalón de mezclilla ajustado de estilo moderno (Talla L, Color Rojo)",1814.84,94,1,2026-09-21 05:14:15,2026-09-21 05:29:15
1684,PROD-1684,Jeans 501 Original Fit,"Pantalón de mezclilla clásico de corte recto y ajuste cómodo (Talla M, Color Blanco)",2109.88,94,1,2026-09-18 22:24:33,2026-09-18 22:45:33
1685,PROD-1685,Freidora de Aire 4L,Freidora sin aceite para cocinar de manera saludable y rápida,4051.55,26,1,2026-09-21 12:34:27,2026-09-21 12:46:27
1686,PROD-1686,Aspiradora Inalámbrica SpeedPro,Aspiradora escoba sin cable con cabezal de succión de 180 grados,5474.52,33,1,2026-09-19 19:32:48,2026-09-19 21:01:48
1687,PROD-1687,Smart Band 8,Pulsera de actividad física con seguimiento del sueño y deporte,29379.02,14,1,2026-09-17 15:25:51,2026-09-17 16:01:51
1688,PROD-1688,Camiseta Graphic Setin Neck,"Playera casual de algodón con estampado frontal (Talla S, Color Rojo)",1000.94,92,1,2026-09-21 10:04:55,2026-09-21 11:58:55
1689,PROD-1689,Freidora XXL Airfryer,Freidora de aire de gran capacidad con tecnología de extracción de grasa,7301.62,30,1,2026-09-18 07:38:42,2026-09-18 08:37:42
1690,PROD-1690,Aspiradora Inalámbrica SpeedPro,Aspiradora escoba sin cable con cabezal de succión de 180 grados,469.31,18,1,2026-09-19 15:27:29,2026-09-19 16:31:29
1691,PROD-1691,Freidora de Aire 4L,Freidora sin aceite para cocinar de manera saludable y rápida,7259.38,41,1,2026-09-19 20:14:46,2026-09-19 21:19:46
1692,PROD-1692,iPhone 16 512GB,Smartphone con pantalla Super Retina XDR y excelente duración de batería - Color Verde,26031.92,26,1,2026-09-20 06:16:27,2026-09-20 07:47:27
1693,PROD-1693,Barra de Sonido HT-A7000,Sistema de audio para cine en casa con soporte Dolby Atmos,11254.01,30,1,2026-09-17 21:17:28,2026-09-17 23:14:28
1694,PROD-1694,Aspiradora Inalámbrica SpeedPro,Aspiradora escoba sin cable con cabezal de succión de 180 grados,7715.42,46,1,2026-09-21 11:19:38,2026-09-21 11:42:38
1695,PROD-1695,Freidora XXL Airfryer,Freidora de aire de gran capacidad con tecnología de extracción de grasa,5703.04,45,1,2026-09-20 23:55:54,2026-09-21 00:39:54
1696,PROD-1696,Freidora XXL Airfryer,Freidora de aire de gran capacidad con tecnología de extracción de grasa,741.46,54,1,2026-09-18 10:32:22,2026-09-18 11:01:22
1697,PROD-1697,Monitor Odyssey G9,Monitor curvo ultrawide diseñado para gaming profesional,33665.30,35,1,2026-09-19 10:29:37,2026-09-19 12:06:37
1698,PROD-1698,iPhone 16 Pro 256GB,Teléfono inteligente premium con chip de alto rendimiento y triple cámara - Color Verde,32182.79,31,1,2026-09-17 20:43:55,2026-09-17 20:50:55
1699,PROD-1699,Freidora XXL Airfryer,Freidora de aire de gran capacidad con tecnología de extracción de grasa,684.38,55,1,2026-09-17 21:58:17,2026-09-17 22:54:17
1700,PROD-1700,Polerón Adicolor Classics,"Sudadera clásica con el logotipo de las tres tiras (Talla S, Color Blanco)",1040.49,99,1,2026-09-20 04:49:19,2026-09-20 05:37:19
1701,PROD-1701,Refrigeradora InstaView,Refrigerador inteligente con panel de cristal panorámico,7590.57,21,1,2026-09-20 10:52:46,2026-09-20 11:48:46
1702,PROD-1702,Freidora XXL Airfryer,Freidora de aire de gran capacidad con tecnología de extracción de grasa,1929.06,18,1,2026-09-20 02:34:21,2026-09-20 04:18:21
1703,PROD-1703,Licuadora Reversible 2 Velocidades,Licuadora con motor reversible y vaso de vidrio resistente a choques térmicos,4824.02,48,1,2026-09-21 12:44:16,2026-09-21 12:56:16
1704,PROD-1704,Smartphone Galaxy S26 128GB,Smartphone compacto con pantalla fluida y excelente rendimiento - Color Gris,27990.69,41,1,2026-09-20 18:57:32,2026-09-20 20:47:32
1705,PROD-1705,Audífonos Bluetooth WH-1000XM5,Audífonos inalámbricos con la mejor cancelación de ruido del mercado,24723.82,46,1,2026-09-20 16:16:32,2026-09-20 17:19:32
1706,PROD-1706,Audífonos AirPods Max,Audífonos de diadema inalámbricos con sonido de alta fidelidad,18280.19,27,1,2026-09-21 05:25:48,2026-09-21 07:20:48
1707,PROD-1707,Licuadora Reversible 2 Velocidades,Licuadora con motor reversible y vaso de vidrio resistente a choques térmicos,3735.47,48,1,2026-09-19 18:08:01,2026-09-19 19:59:01
1708,PROD-1708,Smart TV OLED C3 65,Televisor inteligente ideal para videojuegos y películas con pánel OLED,5015.33,38,1,2026-09-19 06:47:23,2026-09-19 06:59:23
1709,PROD-1709,Smartphone Xiaomi 14 Ultra 128GB,Smartphone de gama alta enfocado en fotografía profesional Leica - Color Rojo,19689.10,6,1,2026-09-18 19:58:58,2026-09-18 21:43:58
1710,PROD-1710,Pantalón de Buzo Tech Fleece,"Pantalón deportivo térmico con diseño estilizado (Talla L, Color Negro)",2225.75,30,1,2026-09-19 05:18:38,2026-09-19 05:27:38
1711,PROD-1711,Cafetera Programable 12 Tazas,Cafetera de goteo con temporizador programable y jarra de vidrio,7481.75,40,1,2026-09-19 08:49:50,2026-09-19 09:40:50
1712,PROD-1712,Cafetera Programable 12 Tazas,Cafetera de goteo con temporizador programable y jarra de vidrio,5701.14,15,1,2026-09-21 00:13:47,2026-09-21 01:13:47
1713,PROD-1713,Zapatillas Ultraboost Light,"Tenis de running con retorno de energía superior y ligereza (Talla S, Color Gris)",1256.02,35,1,2026-09-19 12:04:42,2026-09-19 13:57:42
1714,PROD-1714,MacBook Pro 16 M3 512GB,Computadora portátil profesional para edición de video y desarrollo - Color Verde,32887.34,8,1,2026-09-18 21:40:18,2026-09-18 22:43:18
1715,PROD-1715,Refrigeradora InstaView,Refrigerador inteligente con panel de cristal panorámico,25459.72,7,1,2026-09-19 13:43:29,2026-09-19 13:52:29
1716,PROD-1716,Polerón Adicolor Classics,"Sudadera clásica con el logotipo de las tres tiras (Talla S, Color Rojo)",1379.36,26,1,2026-09-19 02:45:11,2026-09-19 04:17:11
1717,PROD-1717,Smartphone Galaxy S26 Ultra 1TB,Smartphone de alta gama con cámara de 200MP y pantalla Dynamic AMOLED - Color Rojo,8496.20,27,1,2026-09-20 02:12:05,2026-09-20 03:13:05
1718,PROD-1718,Jeans 501 Original Fit,"Pantalón de mezclilla clásico de corte recto y ajuste cómodo (Talla S, Color Negro)",2013.27,35,1,2026-09-20 17:09:14,2026-09-20 18:26:14
1719,PROD-1719,Polerón Adicolor Classics,"Sudadera clásica con el logotipo de las tres tiras (Talla S, Color Rojo)",1386.67,59,1,2026-09-22 02:52:04,2026-09-22 03:40:04
1720,PROD-1720,Freidora de Aire 4L,Freidora sin aceite para cocinar de manera saludable y rápida,5730.17,43,1,2026-09-18 07:25:18,2026-09-18 07:39:18
1721,PROD-1721,Chaqueta Camionera de Mezclilla,"Chaqueta clásica de mezclilla resistente para uso diario (Talla L, Color Blanco)",1087.72,17,1,2026-09-18 22:02:36,2026-09-18 22:31:36
1722,PROD-1722,Smart TV OLED C3 65,Televisor inteligente ideal para videojuegos y películas con pánel OLED,8562.97,39,1,2026-09-20 22:05:08,2026-09-20 22:10:08
1723,PROD-1723,iPhone 16 Pro Max 128GB,Smartphone insignia de Apple con acabado en titanio y cámara profesional - Color Negro,4998.41,16,1,2026-09-19 04:30:48,2026-09-19 04:35:48
1724,PROD-1724,Zapatillas Running Pegasus 40,"Calzado de correr con amortiguación reactiva para entrenamiento (Talla M, Color Gris)",628.89,60,1,2026-09-20 09:04:24,2026-09-20 10:28:24
1725,PROD-1725,Smartphone Galaxy S26+ 512GB,Teléfono inteligente con procesador de última generación y batería de larga duración - Color Rojo,7808.06,50,1,2026-09-21 22:25:53,2026-09-22 00:09:53
1726,PROD-1726,Camiseta Graphic Setin Neck,"Playera casual de algodón con estampado frontal (Talla L, Color Gris)",2027.45,47,1,2026-09-21 10:33:04,2026-09-21 11:04:04
1727,PROD-1727,Aspiradora Inalámbrica SpeedPro,Aspiradora escoba sin cable con cabezal de succión de 180 grados,5703.06,40,1,2026-09-18 02:33:31,2026-09-18 02:39:31
1728,PROD-1728,Zapatillas Running Pegasus 40,"Calzado de correr con amortiguación reactiva para entrenamiento (Talla XL, Color Gris)",518.66,27,1,2026-09-20 15:13:58,2026-09-20 15:42:58
1729,PROD-1729,Polerón Adicolor Classics,"Sudadera clásica con el logotipo de las tres tiras (Talla M, Color Negro)",1150.64,28,1,2026-09-17 16:34:51,2026-09-17 17:04:51
1730,PROD-1730,Aspiradora Inalámbrica SpeedPro,Aspiradora escoba sin cable con cabezal de succión de 180 grados,7643.14,9,1,2026-09-20 12:00:58,2026-09-20 13:47:58
1731,PROD-1731,Cámara Alpha 7 IV,Cámara mirrorless profesional de fotograma completo para foto y video,21382.53,24,1,2026-09-17 23:39:45,2026-09-17 23:46:45
1732,PROD-1732,Zapatillas Samba OG,"Tenis de estilo retro icónicos en cuero de primera calidad (Talla XL, Color Negro)",2204.96,59,1,2026-09-20 04:01:21,2026-09-20 04:06:21
1733,PROD-1733,Apple Watch Series 10,Reloj inteligente con sensores avanzados de salud y actividad física,7047.15,32,1,2026-09-20 16:54:26,2026-09-20 17:00:26
1734,PROD-1734,Freidora XXL Airfryer,Freidora de aire de gran capacidad con tecnología de extracción de grasa,4515.77,30,1,2026-09-17 15:08:34,2026-09-17 17:04:34
1735,PROD-1735,Aspiradora Inalámbrica SpeedPro,Aspiradora escoba sin cable con cabezal de succión de 180 grados,6557.85,45,1,2026-09-18 18:53:38,2026-09-18 20:29:38
1736,PROD-1736,Barra de Sonido HT-A7000,Sistema de audio para cine en casa con soporte Dolby Atmos,29938.00,32,1,2026-09-20 01:37:25,2026-09-20 03:17:25
1737,PROD-1737,Licuadora Reversible 2 Velocidades,Licuadora con motor reversible y vaso de vidrio resistente a choques térmicos,4605.04,54,1,2026-09-21 14:05:38,2026-09-21 14:41:38
1738,PROD-1738,Aspiradora Inalámbrica SpeedPro,Aspiradora escoba sin cable con cabezal de succión de 180 grados,4751.78,44,1,2026-09-22 03:21:10,2026-09-22 04:27:10
1739,PROD-1739,Camiseta Graphic Setin Neck,"Playera casual de algodón con estampado frontal (Talla XL, Color Verde)",2484.12,40,1,2026-09-18 06:33:46,2026-09-18 08:29:46
1740,PROD-1740,Barra de Sonido HT-A7000,Sistema de audio para cine en casa con soporte Dolby Atmos,34259.34,10,1,2026-09-18 23:45:23,2026-09-19 01:23:23
1741,PROD-1741,Aspiradora Inalámbrica SpeedPro,Aspiradora escoba sin cable con cabezal de succión de 180 grados,4740.23,10,1,2026-09-21 05:00:11,2026-09-21 05:35:11
1742,PROD-1742,Polera Sportswear Club Fleece,"Sudadera de felpa con capucha y ajuste estándar (Talla S, Color Negro)",1009.82,94,1,2026-09-19 10:06:17,2026-09-19 11:53:17
1743,PROD-1743,Camiseta Graphic Setin Neck,"Playera casual de algodón con estampado frontal (Talla XL, Color Negro)",1295.80,69,1,2026-09-17 16:44:47,2026-09-17 17:29:47
1744,PROD-1744,Polerón Adicolor Classics,"Sudadera clásica con el logotipo de las tres tiras (Talla M, Color Azul)",475.96,20,1,2026-09-19 03:37:04,2026-09-19 05:31:04
1745,PROD-1745,Freidora XXL Airfryer,Freidora de aire de gran capacidad con tecnología de extracción de grasa,3747.34,24,1,2026-09-22 02:54:39,2026-09-22 04:34:39
1746,PROD-1746,Pantalón de Buzo Tech Fleece,"Pantalón deportivo térmico con diseño estilizado (Talla M, Color Blanco)",1705.23,28,1,2026-09-21 05:21:10,2026-09-21 06:44:10
1747,PROD-1747,iPhone 16 Pro 128GB,Teléfono inteligente premium con chip de alto rendimiento y triple cámara - Color Blanco,24797.67,33,1,2026-09-20 23:48:36,2026-09-21 00:28:36
1748,PROD-1748,Refrigeradora InstaView,Refrigerador inteligente con panel de cristal panorámico,8592.31,50,1,2026-09-19 01:05:06,2026-09-19 01:37:06
1749,PROD-1749,Parlante Portátil SRS-XG300,Bocina inalámbrica portátil resistente al agua con graves potentes,26000.34,43,1,2026-09-18 21:32:15,2026-09-18 22:16:15
1750,PROD-1750,Audífonos Galaxy Buds3 Pro,Audífonos inalámbricos con cancelación activa de ruido inteligente,16255.35,37,1,2026-09-17 22:38:13,2026-09-17 23:08:13
1751,PROD-1751,Parlante Portátil SRS-XG300,Bocina inalámbrica portátil resistente al agua con graves potentes,13683.26,48,1,2026-09-19 23:56:14,2026-09-20 00:05:14
1752,PROD-1752,Aspiradora Inalámbrica SpeedPro,Aspiradora escoba sin cable con cabezal de succión de 180 grados,1487.40,28,1,2026-09-21 03:45:12,2026-09-21 05:25:12
1753,PROD-1753,Pantalón de Buzo Tech Fleece,"Pantalón deportivo térmico con diseño estilizado (Talla L, Color Azul)",2376.33,47,1,2026-09-21 05:55:50,2026-09-21 05:58:50
1754,PROD-1754,Consola PlayStation 5 Slim,Consola de videojuegos de última generación con almacenamiento SSD ultra rápido,10825.98,14,1,2026-09-21 01:27:40,2026-09-21 01:30:40
1755,PROD-1755,Smart TV OLED C3 65,Televisor inteligente ideal para videojuegos y películas con pánel OLED,29185.21,37,1,2026-09-21 19:35:55,2026-09-21 21:14:55
1756,PROD-1756,Freidora XXL Airfryer,Freidora de aire de gran capacidad con tecnología de extracción de grasa,3279.18,45,1,2026-09-17 16:06:18,2026-09-17 17:30:18
1757,PROD-1757,Freidora de Aire 4L,Freidora sin aceite para cocinar de manera saludable y rápida,6195.85,49,1,2026-09-17 22:46:54,2026-09-17 22:55:54
1758,PROD-1758,Refrigeradora InstaView,Refrigerador inteligente con panel de cristal panorámico,35922.36,45,1,2026-09-20 19:11:58,2026-09-20 20:44:58
1759,PROD-1759,Polerón Adicolor Classics,"Sudadera clásica con el logotipo de las tres tiras (Talla S, Color Rojo)",2066.14,87,1,2026-09-20 08:08:43,2026-09-20 09:32:43
1760,PROD-1760,Aspiradora Inalámbrica SpeedPro,Aspiradora escoba sin cable con cabezal de succión de 180 grados,2445.79,44,1,2026-09-19 06:02:17,2026-09-19 07:58:17
1761,PROD-1761,Audífonos Bluetooth WH-1000XM5,Audífonos inalámbricos con la mejor cancelación de ruido del mercado,28864.71,28,1,2026-09-18 20:59:00,2026-09-18 21:57:00
1762,PROD-1762,Zapatillas Ultraboost Light,"Tenis de running con retorno de energía superior y ligereza (Talla M, Color Azul)",1925.52,62,1,2026-09-19 16:03:36,2026-09-19 16:13:36
1763,PROD-1763,Polerón Adicolor Classics,"Sudadera clásica con el logotipo de las tres tiras (Talla S, Color Gris)",1754.66,87,1,2026-09-18 20:54:16,2026-09-18 21:51:16
1764,PROD-1764,Jeans 511 Slim Fit,"Pantalón de mezclilla ajustado de estilo moderno (Talla M, Color Azul)",1799.33,95,1,2026-09-18 07:28:32,2026-09-18 08:45:32
1765,PROD-1765,Polera Sportswear Club Fleece,"Sudadera de felpa con capucha y ajuste estándar (Talla L, Color Negro)",525.24,63,1,2026-09-20 12:54:26,2026-09-20 13:12:26
1766,PROD-1766,Freidora XXL Airfryer,Freidora de aire de gran capacidad con tecnología de extracción de grasa,7239.03,37,1,2026-09-17 13:36:59,2026-09-17 13:57:59
1767,PROD-1767,Patinete Eléctrico Pro 4,Scooter eléctrico con gran autonomía para movilidad urbana,27675.59,50,1,2026-09-20 07:47:09,2026-09-20 09:22:09
1768,PROD-1768,iPhone 16 Pro Max 1TB,Smartphone insignia de Apple con acabado en titanio y cámara profesional - Color Negro,24996.65,9,1,2026-09-18 06:38:11,2026-09-18 07:43:11
1769,PROD-1769,Aspiradora Inalámbrica SpeedPro,Aspiradora escoba sin cable con cabezal de succión de 180 grados,3093.20,33,1,2026-09-21 16:51:18,2026-09-21 18:02:18
1770,PROD-1770,Consola PlayStation 5 Slim,Consola de videojuegos de última generación con almacenamiento SSD ultra rápido,12456.69,26,1,2026-09-21 01:29:51,2026-09-21 02:46:51
1771,PROD-1771,Cafetera Programable 12 Tazas,Cafetera de goteo con temporizador programable y jarra de vidrio,743.81,55,1,2026-09-19 15:03:07,2026-09-19 16:00:07
1772,PROD-1772,Zapatillas Samba OG,"Tenis de estilo retro icónicos en cuero de primera calidad (Talla XL, Color Gris)",1978.97,99,1,2026-09-18 06:57:39,2026-09-18 08:30:39
1773,PROD-1773,Refrigeradora InstaView,Refrigerador inteligente con panel de cristal panorámico,3474.53,5,1,2026-09-21 01:47:59,2026-09-21 03:02:59
1774,PROD-1774,Polerón Adicolor Classics,"Sudadera clásica con el logotipo de las tres tiras (Talla XL, Color Azul)",1038.94,32,1,2026-09-20 13:26:15,2026-09-20 14:58:15
1775,PROD-1775,Freidora XXL Airfryer,Freidora de aire de gran capacidad con tecnología de extracción de grasa,2165.20,39,1,2026-09-19 13:02:10,2026-09-19 13:08:10
1776,PROD-1776,Aspiradora Inalámbrica SpeedPro,Aspiradora escoba sin cable con cabezal de succión de 180 grados,2853.28,28,1,2026-09-22 01:38:50,2026-09-22 02:00:50
1777,PROD-1777,Smartphone Galaxy Z Fold 6 1TB,Teléfono plegable con pantalla gigante para productividad y multitarea - Color Rojo,10378.10,44,1,2026-09-19 09:08:26,2026-09-19 09:20:26
1778,PROD-1778,Zapatillas Air Max 270,"Calzado deportivo con cápsula de aire visible para máxima comodidad (Talla S, Color Gris)",938.77,66,1,2026-09-18 19:55:35,2026-09-18 21:48:35
1779,PROD-1779,Cámara Alpha 7 IV,Cámara mirrorless profesional de fotograma completo para foto y video,35602.60,11,1,2026-09-18 21:05:51,2026-09-18 22:30:51
1780,PROD-1780,Jeans 501 Original Fit,"Pantalón de mezclilla clásico de corte recto y ajuste cómodo (Talla M, Color Rojo)",2153.40,31,1,2026-09-17 15:20:26,2026-09-17 16:36:26
1781,PROD-1781,Refrigeradora InstaView,Refrigerador inteligente con panel de cristal panorámico,28864.22,5,1,2026-09-20 10:28:51,2026-09-20 12:14:51
1782,PROD-1782,Audífonos Bluetooth WH-1000XM5,Audífonos inalámbricos con la mejor cancelación de ruido del mercado,10505.23,41,1,2026-09-20 01:28:17,2026-09-20 03:01:17
1783,PROD-1783,Zapatillas Ultraboost Light,"Tenis de running con retorno de energía superior y ligereza (Talla XL, Color Gris)",2323.69,100,1,2026-09-18 04:49:30,2026-09-18 05:45:30
1784,PROD-1784,Polera Sportswear Club Fleece,"Sudadera de felpa con capucha y ajuste estándar (Talla S, Color Blanco)",2485.12,95,1,2026-09-18 04:19:06,2026-09-18 05:04:06
1785,PROD-1785,iPhone 16 Pro 512GB,Teléfono inteligente premium con chip de alto rendimiento y triple cámara - Color Blanco,18500.64,22,1,2026-09-20 05:23:52,2026-09-20 06:43:52
1786,PROD-1786,Cafetera Programable 12 Tazas,Cafetera de goteo con temporizador programable y jarra de vidrio,5628.33,10,1,2026-09-20 02:28:21,2026-09-20 02:40:21
1787,PROD-1787,Freidora XXL Airfryer,Freidora de aire de gran capacidad con tecnología de extracción de grasa,6794.88,50,1,2026-09-21 06:32:13,2026-09-21 06:36:13
1788,PROD-1788,Licuadora Reversible 2 Velocidades,Licuadora con motor reversible y vaso de vidrio resistente a choques térmicos,1440.25,32,1,2026-09-18 19:25:40,2026-09-18 20:51:40
1789,PROD-1789,Smart TV Bravia XR OLED 55,Televisor OLED con negros absolutos y procesador de imagen cognitivo,5875.88,16,1,2026-09-21 22:11:24,2026-09-21 23:14:24
1790,PROD-1790,Jeans 511 Slim Fit,"Pantalón de mezclilla ajustado de estilo moderno (Talla S, Color Rojo)",2192.89,37,1,2026-09-17 11:49:23,2026-09-17 12:44:23
1791,PROD-1791,Robot Aspiradora X10+,Aspiradora robótica con estación de vaciado automático y mapeo láser,22198.21,50,1,2026-09-18 13:17:50,2026-09-18 13:21:50
1792,PROD-1792,Zapatillas Samba OG,"Tenis de estilo retro icónicos en cuero de primera calidad (Talla XL, Color Verde)",1605.38,91,1,2026-09-19 14:08:28,2026-09-19 15:09:28
1793,PROD-1793,Freidora de Aire 4L,Freidora sin aceite para cocinar de manera saludable y rápida,6789.26,26,1,2026-09-21 12:38:18,2026-09-21 13:40:18
1794,PROD-1794,Zapatillas Samba OG,"Tenis de estilo retro icónicos en cuero de primera calidad (Talla L, Color Rojo)",1384.06,22,1,2026-09-18 19:14:29,2026-09-18 19:28:29
1795,PROD-1795,Pantalón de Buzo Tech Fleece,"Pantalón deportivo térmico con diseño estilizado (Talla L, Color Blanco)",1774.20,24,1,2026-09-18 13:01:03,2026-09-18 14:00:03
1796,PROD-1796,Zapatillas Ultraboost Light,"Tenis de running con retorno de energía superior y ligereza (Talla L, Color Verde)",1205.89,26,1,2026-09-22 04:01:59,2026-09-22 05:53:59
1797,PROD-1797,Zapatillas Running Pegasus 40,"Calzado de correr con amortiguación reactiva para entrenamiento (Talla XL, Color Verde)",854.95,47,1,2026-09-19 02:22:36,2026-09-19 03:26:36
1798,PROD-1798,Smartphone Redmi Note 13 Pro 512GB,Teléfono inteligente con excelente relación calidad-precio y gran cámara - Color Gris,24462.11,31,1,2026-09-19 20:21:21,2026-09-19 22:04:21
1799,PROD-1799,Pantalón de Buzo Tech Fleece,"Pantalón deportivo térmico con diseño estilizado (Talla L, Color Negro)",926.88,38,1,2026-09-19 12:51:01,2026-09-19 14:12:01
1800,PROD-1800,Smart TV Bravia XR OLED 55,Televisor OLED con negros absolutos y procesador de imagen cognitivo,15048.31,41,1,2026-09-18 11:36:39,2026-09-18 12:44:39
1801,PROD-1801,Tablet Galaxy Tab S9 256GB,"Tableta de alto rendimiento para diseño, trabajo y entretenimiento - Color Rojo",19661.74,6,1,2026-09-22 08:13:02,2026-09-22 09:01:02
1802,PROD-1802,Cámara Alpha 7 IV,Cámara mirrorless profesional de fotograma completo para foto y video,27722.89,40,1,2026-09-17 20:36:00,2026-09-17 21:59:00
1803,PROD-1803,Smart TV OLED C3 65,Televisor inteligente ideal para videojuegos y películas con pánel OLED,13354.47,17,1,2026-09-18 10:13:16,2026-09-18 12:00:16
1804,PROD-1804,Freidora XXL Airfryer,Freidora de aire de gran capacidad con tecnología de extracción de grasa,2605.42,18,1,2026-09-19 17:48:27,2026-09-19 18:30:27
1805,PROD-1805,Jeans 511 Slim Fit,"Pantalón de mezclilla ajustado de estilo moderno (Talla S, Color Negro)",2167.79,77,1,2026-09-18 02:17:17,2026-09-18 03:21:17
1806,PROD-1806,Zapatillas Air Force 1 '07,"Tenis clásicos de cuero blanco para uso urbano y casual (Talla M, Color Gris)",998.15,39,1,2026-09-21 07:20:03,2026-09-21 08:58:03
1807,PROD-1807,Licuadora Reversible 2 Velocidades,Licuadora con motor reversible y vaso de vidrio resistente a choques térmicos,2470.68,15,1,2026-09-22 09:45:30,2026-09-22 11:25:30
1808,PROD-1808,Zapatillas Samba OG,"Tenis de estilo retro icónicos en cuero de primera calidad (Talla M, Color Verde)",2234.74,20,1,2026-09-17 22:30:09,2026-09-17 22:39:09
1809,PROD-1809,Freidora XXL Airfryer,Freidora de aire de gran capacidad con tecnología de extracción de grasa,512.04,42,1,2026-09-21 03:26:54,2026-09-21 05:23:54
1810,PROD-1810,Smart TV 65 Neo QLED,Televisor inteligente 4K con tecnología de puntos cuánticos y alto contraste,7397.08,43,1,2026-09-19 08:49:24,2026-09-19 10:29:24
1811,PROD-1811,Zapatillas Running Pegasus 40,"Calzado de correr con amortiguación reactiva para entrenamiento (Talla S, Color Gris)",939.21,35,1,2026-09-18 01:52:27,2026-09-18 02:25:27
1812,PROD-1812,Aspiradora Inalámbrica SpeedPro,Aspiradora escoba sin cable con cabezal de succión de 180 grados,2613.41,13,1,2026-09-18 19:43:31,2026-09-18 20:35:31
1813,PROD-1813,Aspiradora Inalámbrica SpeedPro,Aspiradora escoba sin cable con cabezal de succión de 180 grados,2561.61,52,1,2026-09-20 17:00:39,2026-09-20 18:04:39
1814,PROD-1814,Smartphone Redmi Note 13 Pro 1TB,Teléfono inteligente con excelente relación calidad-precio y gran cámara - Color Verde,14474.40,28,1,2026-09-22 02:26:01,2026-09-22 03:35:01
1815,PROD-1815,Freidora de Aire 4L,Freidora sin aceite para cocinar de manera saludable y rápida,2102.86,9,1,2026-09-19 21:13:32,2026-09-19 22:51:32
1816,PROD-1816,Patinete Eléctrico Pro 4,Scooter eléctrico con gran autonomía para movilidad urbana,17426.62,11,1,2026-09-21 08:58:29,2026-09-21 09:37:29
1817,PROD-1817,Jeans 501 Original Fit,"Pantalón de mezclilla clásico de corte recto y ajuste cómodo (Talla S, Color Rojo)",713.90,72,1,2026-09-21 01:46:44,2026-09-21 02:17:44
1818,PROD-1818,Apple Watch Series 10,Reloj inteligente con sensores avanzados de salud y actividad física,22385.34,35,1,2026-09-20 15:35:02,2026-09-20 17:07:02
1819,PROD-1819,Licuadora Reversible 2 Velocidades,Licuadora con motor reversible y vaso de vidrio resistente a choques térmicos,6232.30,24,1,2026-09-19 23:20:19,2026-09-19 23:59:19
1820,PROD-1820,Freidora XXL Airfryer,Freidora de aire de gran capacidad con tecnología de extracción de grasa,677.47,52,1,2026-09-20 21:41:13,2026-09-20 22:57:13
1821,PROD-1821,Chaqueta Camionera de Mezclilla,"Chaqueta clásica de mezclilla resistente para uso diario (Talla M, Color Rojo)",2058.60,79,1,2026-09-20 12:08:54,2026-09-20 12:48:54
1822,PROD-1822,Freidora de Aire 4L,Freidora sin aceite para cocinar de manera saludable y rápida,3906.43,38,1,2026-09-20 14:16:37,2026-09-20 15:27:37
1823,PROD-1823,Licuadora Reversible 2 Velocidades,Licuadora con motor reversible y vaso de vidrio resistente a choques térmicos,3635.34,12,1,2026-09-19 18:04:14,2026-09-19 18:20:14
1824,PROD-1824,Audífonos AirPods Pro 2,Audífonos intrauditivos con cancelación de ruido de nivel superior,27059.28,15,1,2026-09-18 16:06:04,2026-09-18 17:02:04
1825,PROD-1825,Smart TV 65 Neo QLED,Televisor inteligente 4K con tecnología de puntos cuánticos y alto contraste,18079.05,45,1,2026-09-22 08:19:30,2026-09-22 09:26:30
1826,PROD-1826,Camiseta Graphic Setin Neck,"Playera casual de algodón con estampado frontal (Talla XL, Color Negro)",988.01,65,1,2026-09-19 06:12:24,2026-09-19 07:44:24
1827,PROD-1827,Aspiradora Inalámbrica SpeedPro,Aspiradora escoba sin cable con cabezal de succión de 180 grados,5074.76,31,1,2026-09-20 21:28:06,2026-09-20 22:51:06
1828,PROD-1828,MacBook Air 15 M2 256GB,Laptop ultra delgada y liviana con gran autonomía - Color Rojo,34295.84,28,1,2026-09-20 14:59:51,2026-09-20 16:16:51
1829,PROD-1829,Pantalón de Buzo Tech Fleece,"Pantalón deportivo térmico con diseño estilizado (Talla M, Color Gris)",2343.22,27,1,2026-09-18 11:16:35,2026-09-18 12:23:35
1830,PROD-1830,Freidora XXL Airfryer,Freidora de aire de gran capacidad con tecnología de extracción de grasa,2814.43,19,1,2026-09-18 09:15:13,2026-09-18 10:15:13
1831,PROD-1831,Smartphone Galaxy Z Flip 6 256GB,Teléfono plegable compacto con pantalla exterior funcional - Color Blanco,25138.60,39,1,2026-09-20 06:08:42,2026-09-20 06:50:42
1832,PROD-1832,Monitor Odyssey G9,Monitor curvo ultrawide diseñado para gaming profesional,21603.13,9,1,2026-09-19 14:23:45,2026-09-19 15:44:45
1833,PROD-1833,Freidora de Aire 4L,Freidora sin aceite para cocinar de manera saludable y rápida,5179.05,20,1,2026-09-19 03:20:46,2026-09-19 03:56:46
1834,PROD-1834,Polerón Adicolor Classics,"Sudadera clásica con el logotipo de las tres tiras (Talla L, Color Gris)",1692.68,61,1,2026-09-19 00:27:29,2026-09-19 01:38:29
1835,PROD-1835,Licuadora Reversible 2 Velocidades,Licuadora con motor reversible y vaso de vidrio resistente a choques térmicos,4904.06,14,1,2026-09-21 21:46:02,2026-09-21 22:13:02
1836,PROD-1836,Chaqueta Camionera de Mezclilla,"Chaqueta clásica de mezclilla resistente para uso diario (Talla S, Color Blanco)",2063.30,85,1,2026-09-21 09:16:03,2026-09-21 10:54:03
1837,PROD-1837,Zapatillas Running Pegasus 40,"Calzado de correr con amortiguación reactiva para entrenamiento (Talla L, Color Verde)",2223.37,95,1,2026-09-20 08:18:08,2026-09-20 08:44:08
1838,PROD-1838,Smartphone Galaxy Z Fold 6 256GB,Teléfono plegable con pantalla gigante para productividad y multitarea - Color Negro,33498.92,44,1,2026-09-18 08:41:30,2026-09-18 08:59:30
1839,PROD-1839,Smartphone Redmi Note 13 Pro 512GB,Teléfono inteligente con excelente relación calidad-precio y gran cámara - Color Negro,32306.34,8,1,2026-09-18 07:18:21,2026-09-18 08:23:21
1840,PROD-1840,Pantalón de Buzo Tech Fleece,"Pantalón deportivo térmico con diseño estilizado (Talla L, Color Gris)",1425.81,25,1,2026-09-18 22:25:21,2026-09-18 23:36:21
1841,PROD-1841,Pantalón de Buzo Tech Fleece,"Pantalón deportivo térmico con diseño estilizado (Talla XL, Color Gris)",1020.29,76,1,2026-09-19 09:31:11,2026-09-19 10:38:11
1842,PROD-1842,Smart TV OLED C3 65,Televisor inteligente ideal para videojuegos y películas con pánel OLED,34415.28,45,1,2026-09-19 03:48:21,2026-09-19 05:19:21
1843,PROD-1843,Robot Aspiradora X10+,Aspiradora robótica con estación de vaciado automático y mapeo láser,16178.46,49,1,2026-09-22 06:15:31,2026-09-22 06:47:31
1844,PROD-1844,Cafetera Programable 12 Tazas,Cafetera de goteo con temporizador programable y jarra de vidrio,7238.19,49,1,2026-09-19 14:03:53,2026-09-19 14:25:53
1845,PROD-1845,Smart TV Bravia XR OLED 55,Televisor OLED con negros absolutos y procesador de imagen cognitivo,27861.44,27,1,2026-09-21 21:27:06,2026-09-21 22:21:06
1846,PROD-1846,Refrigeradora InstaView,Refrigerador inteligente con panel de cristal panorámico,31608.47,17,1,2026-09-19 19:03:24,2026-09-19 19:50:24
1847,PROD-1847,Smartphone Galaxy Z Fold 6 1TB,Teléfono plegable con pantalla gigante para productividad y multitarea - Color Gris,19173.09,5,1,2026-09-21 00:43:38,2026-09-21 01:22:38
1848,PROD-1848,Chaqueta Camionera de Mezclilla,"Chaqueta clásica de mezclilla resistente para uso diario (Talla L, Color Rojo)",2331.36,87,1,2026-09-19 03:07:12,2026-09-19 03:11:12
1849,PROD-1849,Aspiradora Inalámbrica SpeedPro,Aspiradora escoba sin cable con cabezal de succión de 180 grados,3427.03,52,1,2026-09-21 17:55:24,2026-09-21 18:27:24
1850,PROD-1850,Zapatillas Ultraboost Light,"Tenis de running con retorno de energía superior y ligereza (Talla S, Color Verde)",2344.29,87,1,2026-09-21 07:26:02,2026-09-21 08:24:02
1851,PROD-1851,Camiseta Graphic Setin Neck,"Playera casual de algodón con estampado frontal (Talla S, Color Negro)",1144.50,88,1,2026-09-21 19:14:27,2026-09-21 19:33:27
1852,PROD-1852,Licuadora Reversible 2 Velocidades,Licuadora con motor reversible y vaso de vidrio resistente a choques térmicos,1029.47,15,1,2026-09-17 19:31:12,2026-09-17 20:27:12
1853,PROD-1853,Freidora de Aire 4L,Freidora sin aceite para cocinar de manera saludable y rápida,1140.81,42,1,2026-09-19 03:46:05,2026-09-19 05:35:05
1854,PROD-1854,Refrigeradora InstaView,Refrigerador inteligente con panel de cristal panorámico,1091.94,48,1,2026-09-19 09:26:53,2026-09-19 11:20:53
1855,PROD-1855,Cafetera Programable 12 Tazas,Cafetera de goteo con temporizador programable y jarra de vidrio,5888.23,31,1,2026-09-20 14:33:18,2026-09-20 14:34:18
1856,PROD-1856,Aspiradora Inalámbrica SpeedPro,Aspiradora escoba sin cable con cabezal de succión de 180 grados,6766.65,50,1,2026-09-17 20:18:42,2026-09-17 20:26:42
1857,PROD-1857,Smart TV OLED C3 65,Televisor inteligente ideal para videojuegos y películas con pánel OLED,26377.98,10,1,2026-09-18 12:29:31,2026-09-18 13:25:31
1858,PROD-1858,Parlante Portátil SRS-XG300,Bocina inalámbrica portátil resistente al agua con graves potentes,7553.26,37,1,2026-09-19 22:57:32,2026-09-19 23:19:32
1859,PROD-1859,Freidora de Aire 4L,Freidora sin aceite para cocinar de manera saludable y rápida,2480.60,30,1,2026-09-18 04:30:03,2026-09-18 05:13:03
1860,PROD-1860,Polerón Adicolor Classics,"Sudadera clásica con el logotipo de las tres tiras (Talla S, Color Rojo)",2350.09,21,1,2026-09-18 04:17:21,2026-09-18 06:14:21
1861,PROD-1861,iPhone 16 Pro 256GB,Teléfono inteligente premium con chip de alto rendimiento y triple cámara - Color Gris,21485.77,6,1,2026-09-22 03:01:10,2026-09-22 03:22:10
1862,PROD-1862,iPad Pro 12.9,Tableta profesional con pantalla Liquid Retina XDR y chip M2,16842.39,20,1,2026-09-19 08:10:53,2026-09-19 09:57:53
1863,PROD-1863,Cafetera Programable 12 Tazas,Cafetera de goteo con temporizador programable y jarra de vidrio,6144.33,16,1,2026-09-19 08:34:31,2026-09-19 08:40:31
1864,PROD-1864,Zapatillas Samba OG,"Tenis de estilo retro icónicos en cuero de primera calidad (Talla M, Color Gris)",651.92,50,1,2026-09-19 23:38:53,2026-09-20 00:06:53
1865,PROD-1865,Audífonos Bluetooth WH-1000XM5,Audífonos inalámbricos con la mejor cancelación de ruido del mercado,6787.48,23,1,2026-09-19 01:07:43,2026-09-19 02:36:43
1866,PROD-1866,Zapatillas Air Force 1 '07,"Tenis clásicos de cuero blanco para uso urbano y casual (Talla XL, Color Gris)",1594.20,54,1,2026-09-22 03:50:31,2026-09-22 05:12:31
1867,PROD-1867,Freidora XXL Airfryer,Freidora de aire de gran capacidad con tecnología de extracción de grasa,679.16,45,1,2026-09-19 19:31:34,2026-09-19 19:50:34
1868,PROD-1868,Cafetera Programable 12 Tazas,Cafetera de goteo con temporizador programable y jarra de vidrio,3697.29,49,1,2026-09-22 09:27:16,2026-09-22 10:54:16
1869,PROD-1869,Chaqueta Camionera de Mezclilla,"Chaqueta clásica de mezclilla resistente para uso diario (Talla L, Color Negro)",1453.54,36,1,2026-09-19 00:57:45,2026-09-19 01:24:45
1870,PROD-1870,Zapatillas Air Force 1 '07,"Tenis clásicos de cuero blanco para uso urbano y casual (Talla S, Color Rojo)",1765.41,33,1,2026-09-20 08:33:53,2026-09-20 08:50:53
1871,PROD-1871,Zapatillas Samba OG,"Tenis de estilo retro icónicos en cuero de primera calidad (Talla L, Color Rojo)",1162.51,85,1,2026-09-17 16:17:14,2026-09-17 16:58:14
1872,PROD-1872,Cafetera Programable 12 Tazas,Cafetera de goteo con temporizador programable y jarra de vidrio,3127.52,8,1,2026-09-18 10:28:37,2026-09-18 11:21:37
1873,PROD-1873,Polera Sportswear Club Fleece,"Sudadera de felpa con capucha y ajuste estándar (Talla S, Color Blanco)",2313.27,49,1,2026-09-18 11:03:32,2026-09-18 12:02:32
1874,PROD-1874,Licuadora Reversible 2 Velocidades,Licuadora con motor reversible y vaso de vidrio resistente a choques térmicos,3736.47,47,1,2026-09-20 05:49:55,2026-09-20 07:04:55
1875,PROD-1875,Aspiradora Inalámbrica SpeedPro,Aspiradora escoba sin cable con cabezal de succión de 180 grados,3999.15,23,1,2026-09-19 00:08:28,2026-09-19 01:40:28
1876,PROD-1876,Zapatillas Samba OG,"Tenis de estilo retro icónicos en cuero de primera calidad (Talla XL, Color Verde)",1212.48,15,1,2026-09-18 21:28:49,2026-09-18 23:05:49
1877,PROD-1877,Freidora de Aire 4L,Freidora sin aceite para cocinar de manera saludable y rápida,3636.80,25,1,2026-09-20 23:27:37,2026-09-21 00:18:37
1878,PROD-1878,Licuadora Reversible 2 Velocidades,Licuadora con motor reversible y vaso de vidrio resistente a choques térmicos,4292.75,27,1,2026-09-21 02:16:48,2026-09-21 03:45:48
1879,PROD-1879,Cafetera Programable 12 Tazas,Cafetera de goteo con temporizador programable y jarra de vidrio,6114.06,16,1,2026-09-21 11:58:23,2026-09-21 12:40:23
1880,PROD-1880,Smartphone Galaxy Z Flip 6 256GB,Teléfono plegable compacto con pantalla exterior funcional - Color Gris,16784.33,15,1,2026-09-20 06:26:07,2026-09-20 06:26:07
1881,PROD-1881,Licuadora Reversible 2 Velocidades,Licuadora con motor reversible y vaso de vidrio resistente a choques térmicos,7110.46,27,1,2026-09-19 08:08:39,2026-09-19 08:18:39
1882,PROD-1882,MacBook Pro 16 M3 1TB,Computadora portátil profesional para edición de video y desarrollo - Color Negro,26206.77,14,1,2026-09-21 15:04:34,2026-09-21 16:15:34
1883,PROD-1883,Camiseta Graphic Setin Neck,"Playera casual de algodón con estampado frontal (Talla M, Color Gris)",564.81,80,1,2026-09-21 15:22:40,2026-09-21 16:12:40
1884,PROD-1884,Freidora de Aire 4L,Freidora sin aceite para cocinar de manera saludable y rápida,5480.12,37,1,2026-09-21 18:12:31,2026-09-21 18:43:31
1885,PROD-1885,Smartphone Xiaomi 14 Ultra 512GB,Smartphone de gama alta enfocado en fotografía profesional Leica - Color Blanco,14695.87,25,1,2026-09-19 04:36:02,2026-09-19 06:20:02
1886,PROD-1886,Aspiradora Inalámbrica SpeedPro,Aspiradora escoba sin cable con cabezal de succión de 180 grados,4459.28,30,1,2026-09-20 10:28:21,2026-09-20 11:53:21
1887,PROD-1887,Licuadora Reversible 2 Velocidades,Licuadora con motor reversible y vaso de vidrio resistente a choques térmicos,7130.47,19,1,2026-09-22 03:10:58,2026-09-22 03:40:58
1888,PROD-1888,Polera Sportswear Club Fleece,"Sudadera de felpa con capucha y ajuste estándar (Talla S, Color Rojo)",1638.22,60,1,2026-09-17 22:36:38,2026-09-17 23:58:38
1889,PROD-1889,Audífonos AirPods Max,Audífonos de diadema inalámbricos con sonido de alta fidelidad,7172.95,18,1,2026-09-19 07:19:49,2026-09-19 08:14:49
1890,PROD-1890,Smart TV Bravia XR OLED 55,Televisor OLED con negros absolutos y procesador de imagen cognitivo,23718.60,32,1,2026-09-18 09:18:42,2026-09-18 09:54:42
1891,PROD-1891,Pantalón de Buzo Tech Fleece,"Pantalón deportivo térmico con diseño estilizado (Talla S, Color Gris)",2410.80,63,1,2026-09-18 13:30:06,2026-09-18 13:50:06
1892,PROD-1892,Polerón Adicolor Classics,"Sudadera clásica con el logotipo de las tres tiras (Talla S, Color Azul)",2083.39,54,1,2026-09-21 15:16:22,2026-09-21 16:49:22
1893,PROD-1893,Smartphone Redmi Note 13 Pro 256GB,Teléfono inteligente con excelente relación calidad-precio y gran cámara - Color Gris,5070.25,37,1,2026-09-19 19:16:48,2026-09-19 20:43:48
1894,PROD-1894,Camiseta Graphic Setin Neck,"Playera casual de algodón con estampado frontal (Talla XL, Color Azul)",2008.42,48,1,2026-09-20 01:14:59,2026-09-20 01:47:59
1895,PROD-1895,Cafetera Programable 12 Tazas,Cafetera de goteo con temporizador programable y jarra de vidrio,6534.15,36,1,2026-09-20 12:28:31,2026-09-20 13:15:31
1896,PROD-1896,Zapatillas Samba OG,"Tenis de estilo retro icónicos en cuero de primera calidad (Talla L, Color Negro)",2038.81,64,1,2026-09-20 16:47:37,2026-09-20 18:24:37
1897,PROD-1897,Zapatillas Ultraboost Light,"Tenis de running con retorno de energía superior y ligereza (Talla M, Color Negro)",1074.80,100,1,2026-09-21 01:18:17,2026-09-21 01:51:17
1898,PROD-1898,Refrigeradora InstaView,Refrigerador inteligente con panel de cristal panorámico,26330.82,34,1,2026-09-20 02:41:33,2026-09-20 02:47:33
1899,PROD-1899,Zapatillas Air Force 1 '07,"Tenis clásicos de cuero blanco para uso urbano y casual (Talla S, Color Azul)",1339.54,16,1,2026-09-21 02:38:27,2026-09-21 04:05:27
1900,PROD-1900,Pantalón de Buzo Tech Fleece,"Pantalón deportivo térmico con diseño estilizado (Talla L, Color Verde)",986.71,13,1,2026-09-20 18:24:03,2026-09-20 18:58:03
1901,PROD-1901,Cámara Alpha 7 IV,Cámara mirrorless profesional de fotograma completo para foto y video,15305.64,33,1,2026-09-19 10:38:07,2026-09-19 11:16:07
1902,PROD-1902,Cafetera Programable 12 Tazas,Cafetera de goteo con temporizador programable y jarra de vidrio,1248.79,54,1,2026-09-17 16:41:22,2026-09-17 17:49:22
1903,PROD-1903,Freidora XXL Airfryer,Freidora de aire de gran capacidad con tecnología de extracción de grasa,1731.78,42,1,2026-09-18 01:07:50,2026-09-18 01:23:50
1904,PROD-1904,Cafetera Programable 12 Tazas,Cafetera de goteo con temporizador programable y jarra de vidrio,4150.22,25,1,2026-09-19 13:39:28,2026-09-19 14:37:28
1905,PROD-1905,Cafetera Programable 12 Tazas,Cafetera de goteo con temporizador programable y jarra de vidrio,6635.69,44,1,2026-09-20 06:07:10,2026-09-20 06:12:10
1906,PROD-1906,Cámara Alpha 7 IV,Cámara mirrorless profesional de fotograma completo para foto y video,1859.20,43,1,2026-09-21 20:46:12,2026-09-21 22:07:12
1907,PROD-1907,Robot Aspiradora X10+,Aspiradora robótica con estación de vaciado automático y mapeo láser,35299.46,10,1,2026-09-19 12:32:57,2026-09-19 14:30:57
1908,PROD-1908,Aspiradora Inalámbrica SpeedPro,Aspiradora escoba sin cable con cabezal de succión de 180 grados,3445.62,19,1,2026-09-22 00:06:47,2026-09-22 00:38:47
1909,PROD-1909,Freidora de Aire 4L,Freidora sin aceite para cocinar de manera saludable y rápida,7735.22,58,1,2026-09-18 15:16:03,2026-09-18 16:29:03
1910,PROD-1910,Zapatillas Running Pegasus 40,"Calzado de correr con amortiguación reactiva para entrenamiento (Talla M, Color Verde)",2067.75,57,1,2026-09-20 22:51:20,2026-09-20 23:51:20
1911,PROD-1911,Patinete Eléctrico Pro 4,Scooter eléctrico con gran autonomía para movilidad urbana,27013.88,16,1,2026-09-19 03:40:38,2026-09-19 04:44:38
1912,PROD-1912,Cafetera Programable 12 Tazas,Cafetera de goteo con temporizador programable y jarra de vidrio,3429.90,19,1,2026-09-21 14:07:43,2026-09-21 14:43:43
1913,PROD-1913,Camiseta Graphic Setin Neck,"Playera casual de algodón con estampado frontal (Talla M, Color Negro)",2031.41,94,1,2026-09-18 06:15:22,2026-09-18 06:50:22
1914,PROD-1914,Zapatillas Running Pegasus 40,"Calzado de correr con amortiguación reactiva para entrenamiento (Talla L, Color Negro)",825.85,12,1,2026-09-21 18:36:51,2026-09-21 19:17:51
1915,PROD-1915,Smartphone Galaxy Z Flip 6 1TB,Teléfono plegable compacto con pantalla exterior funcional - Color Rojo,15437.15,43,1,2026-09-19 11:14:07,2026-09-19 12:23:07
1916,PROD-1916,Zapatillas Running Pegasus 40,"Calzado de correr con amortiguación reactiva para entrenamiento (Talla S, Color Gris)",1082.28,54,1,2026-09-22 11:09:41,2026-09-22 12:05:41
1917,PROD-1917,Smart Band 8,Pulsera de actividad física con seguimiento del sueño y deporte,7977.63,49,1,2026-09-18 12:07:02,2026-09-18 13:33:02
1918,PROD-1918,Pantalón de Buzo Tech Fleece,"Pantalón deportivo térmico con diseño estilizado (Talla S, Color Verde)",2182.43,20,1,2026-09-21 07:18:34,2026-09-21 08:20:34
1919,PROD-1919,Freidora XXL Airfryer,Freidora de aire de gran capacidad con tecnología de extracción de grasa,1977.39,41,1,2026-09-19 17:07:29,2026-09-19 17:45:29
1920,PROD-1920,Pantalón de Buzo Tech Fleece,"Pantalón deportivo térmico con diseño estilizado (Talla XL, Color Negro)",685.19,84,1,2026-09-18 11:38:23,2026-09-18 12:57:23
1921,PROD-1921,Zapatillas Samba OG,"Tenis de estilo retro icónicos en cuero de primera calidad (Talla XL, Color Negro)",1965.49,46,1,2026-09-20 20:23:41,2026-09-20 21:58:41
1922,PROD-1922,Camiseta Graphic Setin Neck,"Playera casual de algodón con estampado frontal (Talla M, Color Azul)",1655.31,25,1,2026-09-18 01:28:52,2026-09-18 02:18:52
1923,PROD-1923,iPhone 16 Pro 512GB,Teléfono inteligente premium con chip de alto rendimiento y triple cámara - Color Blanco,31203.71,30,1,2026-09-20 19:28:02,2026-09-20 20:20:02
1924,PROD-1924,Camiseta Graphic Setin Neck,"Playera casual de algodón con estampado frontal (Talla L, Color Gris)",2006.57,90,1,2026-09-18 02:44:32,2026-09-18 04:09:32
1925,PROD-1925,Aspiradora Inalámbrica SpeedPro,Aspiradora escoba sin cable con cabezal de succión de 180 grados,2110.75,33,1,2026-09-20 11:25:22,2026-09-20 13:01:22
1926,PROD-1926,Pantalón de Buzo Tech Fleece,"Pantalón deportivo térmico con diseño estilizado (Talla M, Color Blanco)",1210.12,10,1,2026-09-20 16:55:57,2026-09-20 18:41:57
1927,PROD-1927,Zapatillas Air Max 270,"Calzado deportivo con cápsula de aire visible para máxima comodidad (Talla S, Color Azul)",1597.34,63,1,2026-09-20 00:16:20,2026-09-20 01:08:20
1928,PROD-1928,Smartphone Galaxy Z Fold 6 256GB,Teléfono plegable con pantalla gigante para productividad y multitarea - Color Rojo,22507.17,10,1,2026-09-21 02:40:33,2026-09-21 03:53:33
1929,PROD-1929,Freidora XXL Airfryer,Freidora de aire de gran capacidad con tecnología de extracción de grasa,2870.15,23,1,2026-09-18 11:35:59,2026-09-18 12:47:59
1930,PROD-1930,Freidora XXL Airfryer,Freidora de aire de gran capacidad con tecnología de extracción de grasa,7634.03,9,1,2026-09-21 23:33:34,2026-09-22 00:49:34
1931,PROD-1931,Freidora XXL Airfryer,Freidora de aire de gran capacidad con tecnología de extracción de grasa,6862.35,18,1,2026-09-20 06:01:29,2026-09-20 06:48:29
1932,PROD-1932,Licuadora Reversible 2 Velocidades,Licuadora con motor reversible y vaso de vidrio resistente a choques térmicos,3988.48,53,1,2026-09-18 16:27:12,2026-09-18 17:08:12
1933,PROD-1933,Consola PlayStation 5 Slim,Consola de videojuegos de última generación con almacenamiento SSD ultra rápido,32252.82,18,1,2026-09-20 23:28:36,2026-09-21 00:27:36
1934,PROD-1934,Camiseta Graphic Setin Neck,"Playera casual de algodón con estampado frontal (Talla M, Color Blanco)",2441.53,74,1,2026-09-21 08:45:54,2026-09-21 08:59:54
1935,PROD-1935,Freidora XXL Airfryer,Freidora de aire de gran capacidad con tecnología de extracción de grasa,2260.96,54,1,2026-09-17 21:31:44,2026-09-17 21:31:44
1936,PROD-1936,Cafetera Programable 12 Tazas,Cafetera de goteo con temporizador programable y jarra de vidrio,5544.23,41,1,2026-09-20 07:50:12,2026-09-20 09:40:12
1937,PROD-1937,Camiseta Graphic Setin Neck,"Playera casual de algodón con estampado frontal (Talla L, Color Verde)",1505.28,87,1,2026-09-21 09:35:48,2026-09-21 10:43:48
1938,PROD-1938,Freidora de Aire 4L,Freidora sin aceite para cocinar de manera saludable y rápida,4054.14,54,1,2026-09-17 20:03:52,2026-09-17 20:40:52
1939,PROD-1939,Zapatillas Ultraboost Light,"Tenis de running con retorno de energía superior y ligereza (Talla L, Color Azul)",1890.74,75,1,2026-09-21 07:00:04,2026-09-21 08:23:04
1940,PROD-1940,Zapatillas Air Force 1 '07,"Tenis clásicos de cuero blanco para uso urbano y casual (Talla S, Color Blanco)",2171.20,84,1,2026-09-22 01:06:18,2026-09-22 02:47:18
1941,PROD-1941,iPad Pro 12.9,Tableta profesional con pantalla Liquid Retina XDR y chip M2,15157.70,26,1,2026-09-18 08:01:49,2026-09-18 09:57:49
1942,PROD-1942,Smartphone Xiaomi 14 Ultra 512GB,Smartphone de gama alta enfocado en fotografía profesional Leica - Color Negro,12215.91,49,1,2026-09-17 22:08:40,2026-09-17 23:06:40
1943,PROD-1943,Freidora XXL Airfryer,Freidora de aire de gran capacidad con tecnología de extracción de grasa,6153.05,29,1,2026-09-19 06:21:45,2026-09-19 07:49:45
1944,PROD-1944,Pantalón de Buzo Tech Fleece,"Pantalón deportivo térmico con diseño estilizado (Talla L, Color Rojo)",941.89,14,1,2026-09-22 02:13:59,2026-09-22 02:30:59
1945,PROD-1945,Monitor UltraGear 27,Monitor de alta frecuencia de actualización para juegos competitivos,1420.89,28,1,2026-09-20 21:25:43,2026-09-20 22:11:43
1946,PROD-1946,Aspiradora Inalámbrica SpeedPro,Aspiradora escoba sin cable con cabezal de succión de 180 grados,7580.42,18,1,2026-09-20 22:01:33,2026-09-20 23:22:33
1947,PROD-1947,Pantalón de Buzo Tech Fleece,"Pantalón deportivo térmico con diseño estilizado (Talla L, Color Blanco)",1949.03,98,1,2026-09-18 06:04:45,2026-09-18 06:22:45
1948,PROD-1948,Aspiradora Inalámbrica SpeedPro,Aspiradora escoba sin cable con cabezal de succión de 180 grados,2355.52,22,1,2026-09-17 15:26:09,2026-09-17 17:14:09
1949,PROD-1949,Monitor UltraGear 27,Monitor de alta frecuencia de actualización para juegos competitivos,5766.90,5,1,2026-09-19 01:08:18,2026-09-19 01:54:18
1950,PROD-1950,Aspiradora Inalámbrica SpeedPro,Aspiradora escoba sin cable con cabezal de succión de 180 grados,5100.30,18,1,2026-09-19 13:29:14,2026-09-19 14:51:14
1951,PROD-1951,Refrigeradora InstaView,Refrigerador inteligente con panel de cristal panorámico,11657.52,28,1,2026-09-19 18:24:16,2026-09-19 20:14:16
1952,PROD-1952,Zapatillas Ultraboost Light,"Tenis de running con retorno de energía superior y ligereza (Talla XL, Color Blanco)",1390.60,58,1,2026-09-17 13:25:48,2026-09-17 14:50:48
1953,PROD-1953,Audífonos Bluetooth WH-1000XM5,Audífonos inalámbricos con la mejor cancelación de ruido del mercado,11480.44,19,1,2026-09-18 09:12:56,2026-09-18 09:47:56
1954,PROD-1954,Cafetera Programable 12 Tazas,Cafetera de goteo con temporizador programable y jarra de vidrio,1896.76,39,1,2026-09-20 06:15:03,2026-09-20 07:27:03
1955,PROD-1955,Cafetera Programable 12 Tazas,Cafetera de goteo con temporizador programable y jarra de vidrio,6827.67,58,1,2026-09-22 06:04:21,2026-09-22 07:11:21
1956,PROD-1956,iPad Pro 12.9,Tableta profesional con pantalla Liquid Retina XDR y chip M2,24080.67,30,1,2026-09-21 06:35:02,2026-09-21 06:47:02
1957,PROD-1957,Zapatillas Ultraboost Light,"Tenis de running con retorno de energía superior y ligereza (Talla L, Color Rojo)",2417.56,78,1,2026-09-17 22:55:40,2026-09-18 00:37:40
1958,PROD-1958,Robot Aspiradora X10+,Aspiradora robótica con estación de vaciado automático y mapeo láser,19064.68,20,1,2026-09-19 00:39:02,2026-09-19 02:21:02
1959,PROD-1959,Cafetera Programable 12 Tazas,Cafetera de goteo con temporizador programable y jarra de vidrio,7516.13,23,1,2026-09-18 20:36:42,2026-09-18 22:04:42
1960,PROD-1960,Freidora XXL Airfryer,Freidora de aire de gran capacidad con tecnología de extracción de grasa,705.77,46,1,2026-09-19 02:03:43,2026-09-19 03:13:43
1961,PROD-1961,Jeans 511 Slim Fit,"Pantalón de mezclilla ajustado de estilo moderno (Talla S, Color Blanco)",1473.50,17,1,2026-09-18 17:36:38,2026-09-18 18:05:38
1962,PROD-1962,Refrigeradora InstaView,Refrigerador inteligente con panel de cristal panorámico,17443.52,11,1,2026-09-20 17:33:14,2026-09-20 19:25:14
1963,PROD-1963,Barra de Sonido HT-A7000,Sistema de audio para cine en casa con soporte Dolby Atmos,3093.44,35,1,2026-09-18 04:18:37,2026-09-18 05:14:37
1964,PROD-1964,Smartphone Xiaomi 14 Ultra 128GB,Smartphone de gama alta enfocado en fotografía profesional Leica - Color Rojo,21422.84,43,1,2026-09-20 10:18:56,2026-09-20 10:56:56
1965,PROD-1965,Cafetera Programable 12 Tazas,Cafetera de goteo con temporizador programable y jarra de vidrio,3666.14,15,1,2026-09-21 20:12:44,2026-09-21 22:05:44
1966,PROD-1966,Zapatillas Ultraboost Light,"Tenis de running con retorno de energía superior y ligereza (Talla XL, Color Negro)",891.26,62,1,2026-09-21 02:56:09,2026-09-21 03:30:09
1967,PROD-1967,Zapatillas Ultraboost Light,"Tenis de running con retorno de energía superior y ligereza (Talla L, Color Rojo)",1389.05,46,1,2026-09-21 09:19:59,2026-09-21 09:57:59
1968,PROD-1968,Zapatillas Ultraboost Light,"Tenis de running con retorno de energía superior y ligereza (Talla L, Color Gris)",1807.36,74,1,2026-09-19 08:19:49,2026-09-19 09:39:49
1969,PROD-1969,Jeans 511 Slim Fit,"Pantalón de mezclilla ajustado de estilo moderno (Talla XL, Color Negro)",1036.30,75,1,2026-09-20 07:52:47,2026-09-20 08:55:47
1970,PROD-1970,iPhone 16 Pro 1TB,Teléfono inteligente premium con chip de alto rendimiento y triple cámara - Color Verde,11314.75,33,1,2026-09-19 13:13:39,2026-09-19 14:34:39
1971,PROD-1971,Licuadora Reversible 2 Velocidades,Licuadora con motor reversible y vaso de vidrio resistente a choques térmicos,6318.82,56,1,2026-09-18 21:06:58,2026-09-18 21:33:58
1972,PROD-1972,Zapatillas Samba OG,"Tenis de estilo retro icónicos en cuero de primera calidad (Talla L, Color Rojo)",1364.53,97,1,2026-09-19 07:03:25,2026-09-19 09:01:25
1973,PROD-1973,Cafetera Programable 12 Tazas,Cafetera de goteo con temporizador programable y jarra de vidrio,5506.34,28,1,2026-09-18 10:07:59,2026-09-18 10:31:59
1974,PROD-1974,Jeans 511 Slim Fit,"Pantalón de mezclilla ajustado de estilo moderno (Talla M, Color Gris)",2406.92,70,1,2026-09-21 10:31:44,2026-09-21 11:47:44
1975,PROD-1975,Zapatillas Samba OG,"Tenis de estilo retro icónicos en cuero de primera calidad (Talla M, Color Gris)",1364.76,48,1,2026-09-19 17:21:28,2026-09-19 17:39:28
1976,PROD-1976,Polera Sportswear Club Fleece,"Sudadera de felpa con capucha y ajuste estándar (Talla L, Color Azul)",1012.24,82,1,2026-09-19 20:40:16,2026-09-19 22:17:16
1977,PROD-1977,Camiseta Graphic Setin Neck,"Playera casual de algodón con estampado frontal (Talla S, Color Azul)",1110.27,27,1,2026-09-20 05:53:48,2026-09-20 07:31:48
1978,PROD-1978,Jeans 511 Slim Fit,"Pantalón de mezclilla ajustado de estilo moderno (Talla M, Color Verde)",1890.85,47,1,2026-09-19 17:44:55,2026-09-19 17:47:55
1979,PROD-1979,Pantalón de Buzo Tech Fleece,"Pantalón deportivo térmico con diseño estilizado (Talla L, Color Rojo)",1553.94,35,1,2026-09-22 07:29:53,2026-09-22 07:56:53
1980,PROD-1980,Aspiradora Inalámbrica SpeedPro,Aspiradora escoba sin cable con cabezal de succión de 180 grados,1211.94,23,1,2026-09-18 10:43:12,2026-09-18 11:24:12
1981,PROD-1981,Aspiradora Inalámbrica SpeedPro,Aspiradora escoba sin cable con cabezal de succión de 180 grados,7635.54,10,1,2026-09-22 05:07:55,2026-09-22 06:31:55
1982,PROD-1982,Polerón Adicolor Classics,"Sudadera clásica con el logotipo de las tres tiras (Talla XL, Color Blanco)",952.31,87,1,2026-09-21 00:42:59,2026-09-21 01:30:59
1983,PROD-1983,Smartphone Galaxy S26 Ultra 512GB,Smartphone de alta gama con cámara de 200MP y pantalla Dynamic AMOLED - Color Gris,19595.30,33,1,2026-09-19 04:45:08,2026-09-19 04:59:08
1984,PROD-1984,Jeans 501 Original Fit,"Pantalón de mezclilla clásico de corte recto y ajuste cómodo (Talla L, Color Verde)",1239.62,29,1,2026-09-18 09:15:50,2026-09-18 10:30:50
1985,PROD-1985,Zapatillas Ultraboost Light,"Tenis de running con retorno de energía superior y ligereza (Talla S, Color Azul)",877.24,83,1,2026-09-20 18:57:35,2026-09-20 20:34:35
1986,PROD-1986,Aspiradora Inalámbrica SpeedPro,Aspiradora escoba sin cable con cabezal de succión de 180 grados,5640.73,16,1,2026-09-22 03:48:10,2026-09-22 05:26:10
1987,PROD-1987,Cámara Alpha 7 IV,Cámara mirrorless profesional de fotograma completo para foto y video,32631.17,33,1,2026-09-22 00:11:13,2026-09-22 02:04:13
1988,PROD-1988,iPad Pro 12.9,Tableta profesional con pantalla Liquid Retina XDR y chip M2,17125.59,34,1,2026-09-19 16:06:26,2026-09-19 16:48:26
1989,PROD-1989,Cámara Alpha 7 IV,Cámara mirrorless profesional de fotograma completo para foto y video,21928.40,6,1,2026-09-18 07:47:08,2026-09-18 08:02:08
1990,PROD-1990,Aspiradora Inalámbrica SpeedPro,Aspiradora escoba sin cable con cabezal de succión de 180 grados,3411.94,39,1,2026-09-22 07:35:19,2026-09-22 07:41:19
1991,PROD-1991,Cafetera Programable 12 Tazas,Cafetera de goteo con temporizador programable y jarra de vidrio,3238.41,44,1,2026-09-20 03:01:49,2026-09-20 03:05:49
1992,PROD-1992,Aspiradora Inalámbrica SpeedPro,Aspiradora escoba sin cable con cabezal de succión de 180 grados,2548.11,29,1,2026-09-21 07:44:41,2026-09-21 07:52:41
1993,PROD-1993,Cafetera Programable 12 Tazas,Cafetera de goteo con temporizador programable y jarra de vidrio,1100.29,43,1,2026-09-22 05:02:20,2026-09-22 05:16:20
1994,PROD-1994,Cafetera Programable 12 Tazas,Cafetera de goteo con temporizador programable y jarra de vidrio,6831.87,13,1,2026-09-20 22:56:29,2026-09-21 00:54:29
1995,PROD-1995,Polerón Adicolor Classics,"Sudadera clásica con el logotipo de las tres tiras (Talla M, Color Negro)",1999.30,65,1,2026-09-22 10:27:06,2026-09-22 11:02:06
1996,PROD-1996,Zapatillas Air Max 270,"Calzado deportivo con cápsula de aire visible para máxima comodidad (Talla L, Color Negro)",740.60,83,1,2026-09-19 12:50:45,2026-09-19 13:48:45
1997,PROD-1997,Freidora XXL Airfryer,Freidora de aire de gran capacidad con tecnología de extracción de grasa,3451.14,26,1,2026-09-17 12:16:58,2026-09-17 13:35:58
1998,PROD-1998,Jeans 501 Original Fit,"Pantalón de mezclilla clásico de corte recto y ajuste cómodo (Talla M, Color Gris)",1268.37,43,1,2026-09-18 19:49:05,2026-09-18 21:03:05
1999,PROD-1999,Aspiradora Inalámbrica SpeedPro,Aspiradora escoba sin cable con cabezal de succión de 180 grados,5367.46,20,1,2026-09-22 03:29:10,2026-09-22 05:14:10
2000,PROD-2000,Freidora XXL Airfryer,Freidora de aire de gran capacidad con tecnología de extracción de grasa,1835.24,17,1,2026-09-18 17:22:45,2026-09-18 18:01:45
2001,PROD-2001,Smartphone Galaxy S26 Ultra 128GB,Smartphone de alta gama con cámara de 200MP y pantalla Dynamic AMOLED - Color Blanco,19672.71,9,1,2026-09-19 11:02:50,2026-09-19 12:53:50
2002,PROD-2002,Jeans 511 Slim Fit,"Pantalón de mezclilla ajustado de estilo moderno (Talla M, Color Gris)",701.07,44,1,2026-09-18 21:17:15,2026-09-18 23:16:15
2003,PROD-2003,Consola PlayStation 5 Slim,Consola de videojuegos de última generación con almacenamiento SSD ultra rápido,5374.58,33,1,2026-09-18 05:17:12,2026-09-18 07:03:12
2004,PROD-2004,Camiseta Graphic Setin Neck,"Playera casual de algodón con estampado frontal (Talla M, Color Azul)",455.81,66,1,2026-09-19 21:29:31,2026-09-19 21:54:31
2005,PROD-2005,Robot Aspiradora X10+,Aspiradora robótica con estación de vaciado automático y mapeo láser,29414.73,10,1,2026-09-18 12:51:28,2026-09-18 13:55:28
2006,PROD-2006,Licuadora Reversible 2 Velocidades,Licuadora con motor reversible y vaso de vidrio resistente a choques térmicos,6150.21,15,1,2026-09-20 10:35:20,2026-09-20 12:09:20
2007,PROD-2007,Aspiradora Inalámbrica SpeedPro,Aspiradora escoba sin cable con cabezal de succión de 180 grados,3554.97,21,1,2026-09-18 00:34:47,2026-09-18 02:16:47
2008,PROD-2008,Aspiradora Inalámbrica SpeedPro,Aspiradora escoba sin cable con cabezal de succión de 180 grados,2340.16,15,1,2026-09-20 05:54:22,2026-09-20 05:56:22
2009,PROD-2009,Smart Band 8,Pulsera de actividad física con seguimiento del sueño y deporte,14710.95,11,1,2026-09-19 15:00:42,2026-09-19 15:46:42
2010,PROD-2010,Camiseta Graphic Setin Neck,"Playera casual de algodón con estampado frontal (Talla L, Color Blanco)",2499.37,20,1,2026-09-21 10:05:01,2026-09-21 11:27:01
2011,PROD-2011,Zapatillas Air Force 1 '07,"Tenis clásicos de cuero blanco para uso urbano y casual (Talla L, Color Verde)",1741.82,51,1,2026-09-17 17:57:53,2026-09-17 18:15:53
2012,PROD-2012,iPhone 16 Pro Max 256GB,Smartphone insignia de Apple con acabado en titanio y cámara profesional - Color Rojo,6029.42,49,1,2026-09-20 07:46:44,2026-09-20 09:23:44
2013,PROD-2013,Smartphone Galaxy Z Fold 6 512GB,Teléfono plegable con pantalla gigante para productividad y multitarea - Color Gris,22423.20,15,1,2026-09-20 00:24:49,2026-09-20 00:46:49
2014,PROD-2014,Smart TV OLED C3 65,Televisor inteligente ideal para videojuegos y películas con pánel OLED,26839.82,47,1,2026-09-18 13:48:25,2026-09-18 14:34:25
2015,PROD-2015,iPhone 16 Pro Max 1TB,Smartphone insignia de Apple con acabado en titanio y cámara profesional - Color Blanco,11365.30,45,1,2026-09-19 17:42:22,2026-09-19 19:38:22
2016,PROD-2016,Zapatillas Samba OG,"Tenis de estilo retro icónicos en cuero de primera calidad (Talla S, Color Negro)",1062.90,70,1,2026-09-17 16:20:29,2026-09-17 17:54:29
2017,PROD-2017,Smartphone Redmi Note 13 Pro 1TB,Teléfono inteligente con excelente relación calidad-precio y gran cámara - Color Rojo,26149.56,15,1,2026-09-18 10:23:34,2026-09-18 10:35:34
2018,PROD-2018,Audífonos Bluetooth WH-1000XM5,Audífonos inalámbricos con la mejor cancelación de ruido del mercado,3770.40,9,1,2026-09-18 03:43:42,2026-09-18 04:43:42
2019,PROD-2019,Zapatillas Running Pegasus 40,"Calzado de correr con amortiguación reactiva para entrenamiento (Talla XL, Color Blanco)",2192.37,91,1,2026-09-17 11:27:45,2026-09-17 12:06:45
2020,PROD-2020,Polera Sportswear Club Fleece,"Sudadera de felpa con capucha y ajuste estándar (Talla M, Color Gris)",1761.20,56,1,2026-09-21 04:43:15,2026-09-21 06:08:15
2021,PROD-2021,Freidora de Aire 4L,Freidora sin aceite para cocinar de manera saludable y rápida,4145.29,44,1,2026-09-18 15:56:37,2026-09-18 16:12:37
2022,PROD-2022,Smart TV OLED C3 65,Televisor inteligente ideal para videojuegos y películas con pánel OLED,29093.39,14,1,2026-09-18 20:12:21,2026-09-18 21:36:21
2023,PROD-2023,Smart TV 65 Neo QLED,Televisor inteligente 4K con tecnología de puntos cuánticos y alto contraste,10521.64,44,1,2026-09-18 02:40:56,2026-09-18 03:11:56
2024,PROD-2024,Audífonos Bluetooth WH-1000XM5,Audífonos inalámbricos con la mejor cancelación de ruido del mercado,26416.07,24,1,2026-09-19 11:13:01,2026-09-19 12:43:01
2025,PROD-2025,Polerón Adicolor Classics,"Sudadera clásica con el logotipo de las tres tiras (Talla L, Color Blanco)",1055.08,57,1,2026-09-21 11:39:07,2026-09-21 11:57:07
2026,PROD-2026,Cafetera Programable 12 Tazas,Cafetera de goteo con temporizador programable y jarra de vidrio,7285.71,32,1,2026-09-21 07:22:54,2026-09-21 07:28:54
2027,PROD-2027,iPhone 16 Pro Max 256GB,Smartphone insignia de Apple con acabado en titanio y cámara profesional - Color Verde,1711.05,20,1,2026-09-18 10:56:01,2026-09-18 11:46:01
2028,PROD-2028,Camiseta Graphic Setin Neck,"Playera casual de algodón con estampado frontal (Talla XL, Color Gris)",753.66,83,1,2026-09-19 22:26:08,2026-09-19 23:23:08
2029,PROD-2029,Robot Aspiradora X10+,Aspiradora robótica con estación de vaciado automático y mapeo láser,9829.56,33,1,2026-09-18 04:30:58,2026-09-18 06:05:58
2030,PROD-2030,Polerón Adicolor Classics,"Sudadera clásica con el logotipo de las tres tiras (Talla L, Color Gris)",2492.87,33,1,2026-09-19 00:32:09,2026-09-19 01:15:09
2031,PROD-2031,Zapatillas Samba OG,"Tenis de estilo retro icónicos en cuero de primera calidad (Talla S, Color Verde)",2190.86,76,1,2026-09-19 01:38:23,2026-09-19 01:46:23
2032,PROD-2032,Zapatillas Air Force 1 '07,"Tenis clásicos de cuero blanco para uso urbano y casual (Talla M, Color Negro)",838.32,68,1,2026-09-18 03:32:34,2026-09-18 03:47:34
2033,PROD-2033,Freidora XXL Airfryer,Freidora de aire de gran capacidad con tecnología de extracción de grasa,7037.13,27,1,2026-09-20 05:16:01,2026-09-20 06:11:01
2034,PROD-2034,Cafetera Programable 12 Tazas,Cafetera de goteo con temporizador programable y jarra de vidrio,1787.85,60,1,2026-09-20 13:45:48,2026-09-20 14:09:48
2035,PROD-2035,iPhone 16 Pro Max 256GB,Smartphone insignia de Apple con acabado en titanio y cámara profesional - Color Verde,26933.15,38,1,2026-09-21 02:52:30,2026-09-21 04:31:30
2036,PROD-2036,Refrigeradora InstaView,Refrigerador inteligente con panel de cristal panorámico,19139.11,39,1,2026-09-19 16:10:23,2026-09-19 17:19:23
2037,PROD-2037,Smart TV OLED C3 65,Televisor inteligente ideal para videojuegos y películas con pánel OLED,13793.76,11,1,2026-09-21 14:26:50,2026-09-21 14:47:50
2038,PROD-2038,Cafetera Programable 12 Tazas,Cafetera de goteo con temporizador programable y jarra de vidrio,1555.59,47,1,2026-09-20 01:06:33,2026-09-20 02:55:33
2039,PROD-2039,Consola PlayStation 5 Slim,Consola de videojuegos de última generación con almacenamiento SSD ultra rápido,34546.52,30,1,2026-09-19 06:32:16,2026-09-19 07:21:16
2040,PROD-2040,Aspiradora Inalámbrica SpeedPro,Aspiradora escoba sin cable con cabezal de succión de 180 grados,3956.83,16,1,2026-09-21 20:26:25,2026-09-21 22:26:25
2041,PROD-2041,Jeans 501 Original Fit,"Pantalón de mezclilla clásico de corte recto y ajuste cómodo (Talla L, Color Verde)",1544.88,49,1,2026-09-18 17:45:34,2026-09-18 19:43:34
2042,PROD-2042,Licuadora Reversible 2 Velocidades,Licuadora con motor reversible y vaso de vidrio resistente a choques térmicos,6139.29,16,1,2026-09-18 08:17:55,2026-09-18 09:18:55
2043,PROD-2043,Apple Watch Series 10,Reloj inteligente con sensores avanzados de salud y actividad física,28414.11,46,1,2026-09-20 00:22:48,2026-09-20 01:12:48
2044,PROD-2044,Licuadora Reversible 2 Velocidades,Licuadora con motor reversible y vaso de vidrio resistente a choques térmicos,6740.90,12,1,2026-09-18 20:18:56,2026-09-18 20:53:56
2045,PROD-2045,Smartphone Redmi Note 13 Pro 256GB,Teléfono inteligente con excelente relación calidad-precio y gran cámara - Color Blanco,16240.04,48,1,2026-09-19 03:28:32,2026-09-19 05:05:32
2046,PROD-2046,Jeans 501 Original Fit,"Pantalón de mezclilla clásico de corte recto y ajuste cómodo (Talla L, Color Rojo)",570.62,90,1,2026-09-21 02:30:45,2026-09-21 03:30:45
2047,PROD-2047,Patinete Eléctrico Pro 4,Scooter eléctrico con gran autonomía para movilidad urbana,29689.53,39,1,2026-09-21 23:33:06,2026-09-22 00:51:06
2048,PROD-2048,Jeans 501 Original Fit,"Pantalón de mezclilla clásico de corte recto y ajuste cómodo (Talla L, Color Gris)",2391.40,15,1,2026-09-19 18:55:03,2026-09-19 20:42:03
2049,PROD-2049,Camiseta Graphic Setin Neck,"Playera casual de algodón con estampado frontal (Talla XL, Color Rojo)",712.18,100,1,2026-09-21 16:03:19,2026-09-21 17:53:19
2050,PROD-2050,Zapatillas Air Max 270,"Calzado deportivo con cápsula de aire visible para máxima comodidad (Talla S, Color Negro)",2494.85,87,1,2026-09-21 02:36:00,2026-09-21 04:26:00
2051,PROD-2051,Camiseta Graphic Setin Neck,"Playera casual de algodón con estampado frontal (Talla XL, Color Azul)",471.80,23,1,2026-09-22 03:29:20,2026-09-22 04:04:20
2052,PROD-2052,Aspiradora Inalámbrica SpeedPro,Aspiradora escoba sin cable con cabezal de succión de 180 grados,5266.02,29,1,2026-09-20 00:28:22,2026-09-20 01:53:22
2053,PROD-2053,Zapatillas Air Force 1 '07,"Tenis clásicos de cuero blanco para uso urbano y casual (Talla S, Color Negro)",1883.16,72,1,2026-09-18 22:42:34,2026-09-18 23:56:34
2054,PROD-2054,Camiseta Graphic Setin Neck,"Playera casual de algodón con estampado frontal (Talla L, Color Negro)",2494.20,100,1,2026-09-20 10:24:27,2026-09-20 11:35:27
2055,PROD-2055,Aspiradora Inalámbrica SpeedPro,Aspiradora escoba sin cable con cabezal de succión de 180 grados,719.97,14,1,2026-09-21 01:19:56,2026-09-21 03:06:56
2056,PROD-2056,Cafetera Programable 12 Tazas,Cafetera de goteo con temporizador programable y jarra de vidrio,1121.34,56,1,2026-09-18 22:06:29,2026-09-18 22:52:29
2057,PROD-2057,Aspiradora Inalámbrica SpeedPro,Aspiradora escoba sin cable con cabezal de succión de 180 grados,5859.00,10,1,2026-09-19 13:56:14,2026-09-19 15:18:14
2058,PROD-2058,Zapatillas Running Pegasus 40,"Calzado de correr con amortiguación reactiva para entrenamiento (Talla S, Color Azul)",2098.30,90,1,2026-09-21 23:45:59,2026-09-22 01:24:59
2059,PROD-2059,Zapatillas Ultraboost Light,"Tenis de running con retorno de energía superior y ligereza (Talla M, Color Rojo)",738.59,90,1,2026-09-19 11:15:57,2026-09-19 11:27:57
2060,PROD-2060,Zapatillas Air Force 1 '07,"Tenis clásicos de cuero blanco para uso urbano y casual (Talla XL, Color Gris)",1120.97,97,1,2026-09-19 13:27:48,2026-09-19 14:12:48
2061,PROD-2061,Smart TV Bravia XR OLED 55,Televisor OLED con negros absolutos y procesador de imagen cognitivo,28321.70,25,1,2026-09-20 06:05:18,2026-09-20 07:34:18
2062,PROD-2062,Freidora XXL Airfryer,Freidora de aire de gran capacidad con tecnología de extracción de grasa,1991.30,57,1,2026-09-20 19:03:38,2026-09-20 20:25:38
2063,PROD-2063,Zapatillas Samba OG,"Tenis de estilo retro icónicos en cuero de primera calidad (Talla L, Color Blanco)",2166.15,21,1,2026-09-19 11:57:55,2026-09-19 12:42:55
2064,PROD-2064,Freidora de Aire 4L,Freidora sin aceite para cocinar de manera saludable y rápida,6697.99,14,1,2026-09-21 20:29:51,2026-09-21 20:40:51
2065,PROD-2065,Aspiradora Inalámbrica SpeedPro,Aspiradora escoba sin cable con cabezal de succión de 180 grados,5125.68,48,1,2026-09-18 14:28:25,2026-09-18 16:04:25
2066,PROD-2066,Chaqueta Camionera de Mezclilla,"Chaqueta clásica de mezclilla resistente para uso diario (Talla XL, Color Gris)",1074.55,66,1,2026-09-19 15:59:57,2026-09-19 17:35:57
2067,PROD-2067,iPad Pro 12.9,Tableta profesional con pantalla Liquid Retina XDR y chip M2,1065.42,17,1,2026-09-21 00:05:42,2026-09-21 00:44:42
2068,PROD-2068,Freidora XXL Airfryer,Freidora de aire de gran capacidad con tecnología de extracción de grasa,3424.58,52,1,2026-09-17 22:24:58,2026-09-17 22:49:58
2069,PROD-2069,Smart TV 65 Neo QLED,Televisor inteligente 4K con tecnología de puntos cuánticos y alto contraste,30753.41,14,1,2026-09-21 19:36:58,2026-09-21 20:19:58
2070,PROD-2070,Aspiradora Inalámbrica SpeedPro,Aspiradora escoba sin cable con cabezal de succión de 180 grados,1411.05,32,1,2026-09-18 02:26:56,2026-09-18 04:14:56
2071,PROD-2071,Freidora XXL Airfryer,Freidora de aire de gran capacidad con tecnología de extracción de grasa,2861.16,22,1,2026-09-20 03:48:23,2026-09-20 05:33:23
2072,PROD-2072,Audífonos AirPods Pro 2,Audífonos intrauditivos con cancelación de ruido de nivel superior,6002.92,22,1,2026-09-17 15:11:46,2026-09-17 16:14:46
2073,PROD-2073,MacBook Pro 16 M3 256GB,Computadora portátil profesional para edición de video y desarrollo - Color Azul,23500.27,18,1,2026-09-18 08:31:46,2026-09-18 08:32:46
2074,PROD-2074,Jeans 501 Original Fit,"Pantalón de mezclilla clásico de corte recto y ajuste cómodo (Talla XL, Color Azul)",1241.23,80,1,2026-09-20 22:05:27,2026-09-20 22:29:27
2075,PROD-2075,Camiseta Graphic Setin Neck,"Playera casual de algodón con estampado frontal (Talla XL, Color Verde)",912.21,56,1,2026-09-22 08:21:53,2026-09-22 10:03:53
2076,PROD-2076,Polera Sportswear Club Fleece,"Sudadera de felpa con capucha y ajuste estándar (Talla L, Color Blanco)",1038.33,55,1,2026-09-17 22:34:38,2026-09-18 00:02:38
2077,PROD-2077,Barra de Sonido HT-A7000,Sistema de audio para cine en casa con soporte Dolby Atmos,9264.79,39,1,2026-09-20 23:40:27,2026-09-20 23:56:27
2078,PROD-2078,Refrigeradora InstaView,Refrigerador inteligente con panel de cristal panorámico,17388.69,25,1,2026-09-18 02:37:16,2026-09-18 04:20:16
2079,PROD-2079,Cafetera Programable 12 Tazas,Cafetera de goteo con temporizador programable y jarra de vidrio,3047.41,52,1,2026-09-21 09:17:14,2026-09-21 10:27:14
2080,PROD-2080,Patinete Eléctrico Pro 4,Scooter eléctrico con gran autonomía para movilidad urbana,20886.20,8,1,2026-09-20 06:23:04,2026-09-20 07:42:04
2081,PROD-2081,Zapatillas Running Pegasus 40,"Calzado de correr con amortiguación reactiva para entrenamiento (Talla XL, Color Negro)",2399.30,31,1,2026-09-17 14:34:41,2026-09-17 15:45:41
2082,PROD-2082,Polerón Adicolor Classics,"Sudadera clásica con el logotipo de las tres tiras (Talla S, Color Gris)",1374.75,100,1,2026-09-18 08:53:38,2026-09-18 09:01:38
2083,PROD-2083,Freidora XXL Airfryer,Freidora de aire de gran capacidad con tecnología de extracción de grasa,7655.98,25,1,2026-09-20 22:20:01,2026-09-20 22:52:01
2084,PROD-2084,Cafetera Programable 12 Tazas,Cafetera de goteo con temporizador programable y jarra de vidrio,4942.81,35,1,2026-09-21 17:54:59,2026-09-21 19:31:59
2085,PROD-2085,Smartphone Xiaomi 14 Ultra 1TB,Smartphone de gama alta enfocado en fotografía profesional Leica - Color Gris,19613.05,48,1,2026-09-19 07:43:37,2026-09-19 08:25:37
2086,PROD-2086,Refrigeradora InstaView,Refrigerador inteligente con panel de cristal panorámico,34092.51,14,1,2026-09-22 02:57:29,2026-09-22 04:06:29
2087,PROD-2087,Freidora XXL Airfryer,Freidora de aire de gran capacidad con tecnología de extracción de grasa,7778.75,11,1,2026-09-21 19:03:59,2026-09-21 20:39:59
2088,PROD-2088,Zapatillas Ultraboost Light,"Tenis de running con retorno de energía superior y ligereza (Talla S, Color Rojo)",486.80,62,1,2026-09-21 21:43:36,2026-09-21 22:03:36
2089,PROD-2089,Licuadora Reversible 2 Velocidades,Licuadora con motor reversible y vaso de vidrio resistente a choques térmicos,7846.34,57,1,2026-09-22 01:52:07,2026-09-22 02:14:07
2090,PROD-2090,Monitor Odyssey G9,Monitor curvo ultrawide diseñado para gaming profesional,26367.68,26,1,2026-09-18 00:20:04,2026-09-18 00:32:04
2091,PROD-2091,Polerón Adicolor Classics,"Sudadera clásica con el logotipo de las tres tiras (Talla XL, Color Azul)",1169.78,70,1,2026-09-18 07:31:45,2026-09-18 09:19:45
2092,PROD-2092,Jeans 501 Original Fit,"Pantalón de mezclilla clásico de corte recto y ajuste cómodo (Talla L, Color Gris)",731.43,65,1,2026-09-19 00:03:34,2026-09-19 01:06:34
2093,PROD-2093,MacBook Air 15 M2 1TB,Laptop ultra delgada y liviana con gran autonomía - Color Blanco,8545.73,46,1,2026-09-21 07:32:45,2026-09-21 07:42:45
2094,PROD-2094,Zapatillas Air Force 1 '07,"Tenis clásicos de cuero blanco para uso urbano y casual (Talla L, Color Negro)",2240.50,17,1,2026-09-20 20:29:42,2026-09-20 20:36:42
2095,PROD-2095,Freidora XXL Airfryer,Freidora de aire de gran capacidad con tecnología de extracción de grasa,1680.70,41,1,2026-09-17 13:11:21,2026-09-17 13:11:21
2096,PROD-2096,Polera Sportswear Club Fleece,"Sudadera de felpa con capucha y ajuste estándar (Talla S, Color Rojo)",1561.23,18,1,2026-09-18 12:27:50,2026-09-18 12:51:50
2097,PROD-2097,Freidora XXL Airfryer,Freidora de aire de gran capacidad con tecnología de extracción de grasa,4467.63,30,1,2026-09-18 01:28:44,2026-09-18 03:19:44
2098,PROD-2098,Cafetera Programable 12 Tazas,Cafetera de goteo con temporizador programable y jarra de vidrio,3243.68,19,1,2026-09-20 03:32:19,2026-09-20 05:02:19
2099,PROD-2099,Smart TV OLED C3 65,Televisor inteligente ideal para videojuegos y películas con pánel OLED,29409.83,33,1,2026-09-17 15:46:34,2026-09-17 17:05:34
2100,PROD-2100,Smart TV OLED C3 65,Televisor inteligente ideal para videojuegos y películas con pánel OLED,29155.77,24,1,2026-09-19 05:48:00,2026-09-19 06:01:00
2101,PROD-2101,Zapatillas Ultraboost Light,"Tenis de running con retorno de energía superior y ligereza (Talla M, Color Negro)",1419.95,87,1,2026-09-18 09:58:04,2026-09-18 11:16:04
2102,PROD-2102,Zapatillas Running Pegasus 40,"Calzado de correr con amortiguación reactiva para entrenamiento (Talla XL, Color Azul)",2379.62,95,1,2026-09-20 20:06:24,2026-09-20 20:14:24
2103,PROD-2103,Chaqueta Camionera de Mezclilla,"Chaqueta clásica de mezclilla resistente para uso diario (Talla M, Color Blanco)",2414.83,72,1,2026-09-18 14:47:11,2026-09-18 16:28:11
2104,PROD-2104,Chaqueta Camionera de Mezclilla,"Chaqueta clásica de mezclilla resistente para uso diario (Talla S, Color Azul)",2093.45,94,1,2026-09-21 18:24:52,2026-09-21 20:00:52
2105,PROD-2105,Cafetera Programable 12 Tazas,Cafetera de goteo con temporizador programable y jarra de vidrio,1091.25,49,1,2026-09-19 10:02:29,2026-09-19 11:58:29
2106,PROD-2106,Freidora XXL Airfryer,Freidora de aire de gran capacidad con tecnología de extracción de grasa,2547.47,16,1,2026-09-20 04:35:17,2026-09-20 06:12:17
2107,PROD-2107,Barra de Sonido HT-A7000,Sistema de audio para cine en casa con soporte Dolby Atmos,15634.33,32,1,2026-09-19 18:16:18,2026-09-19 18:26:18
2108,PROD-2108,Camiseta Graphic Setin Neck,"Playera casual de algodón con estampado frontal (Talla S, Color Gris)",1556.69,88,1,2026-09-19 19:58:54,2026-09-19 20:37:54
2109,PROD-2109,Zapatillas Air Force 1 '07,"Tenis clásicos de cuero blanco para uso urbano y casual (Talla S, Color Blanco)",2385.58,49,1,2026-09-21 00:54:50,2026-09-21 02:29:50
2110,PROD-2110,Cafetera Programable 12 Tazas,Cafetera de goteo con temporizador programable y jarra de vidrio,2783.77,11,1,2026-09-20 17:10:09,2026-09-20 17:13:09
2111,PROD-2111,Smart TV Bravia XR OLED 55,Televisor OLED con negros absolutos y procesador de imagen cognitivo,7182.48,39,1,2026-09-17 18:59:38,2026-09-17 20:44:38
2112,PROD-2112,Freidora XXL Airfryer,Freidora de aire de gran capacidad con tecnología de extracción de grasa,4266.47,51,1,2026-09-21 17:11:00,2026-09-21 17:16:00
2113,PROD-2113,Monitor Odyssey G9,Monitor curvo ultrawide diseñado para gaming profesional,34223.73,19,1,2026-09-21 19:06:35,2026-09-21 19:46:35
2114,PROD-2114,Audífonos AirPods Max,Audífonos de diadema inalámbricos con sonido de alta fidelidad,7839.16,45,1,2026-09-21 04:38:04,2026-09-21 04:39:04
2115,PROD-2115,Smartphone Xiaomi 14 Ultra 128GB,Smartphone de gama alta enfocado en fotografía profesional Leica - Color Gris,668.23,20,1,2026-09-21 11:25:04,2026-09-21 13:09:04
2116,PROD-2116,Camiseta Graphic Setin Neck,"Playera casual de algodón con estampado frontal (Talla M, Color Gris)",2322.80,61,1,2026-09-17 17:52:32,2026-09-17 18:11:32
2117,PROD-2117,Smart TV OLED C3 65,Televisor inteligente ideal para videojuegos y películas con pánel OLED,22572.61,21,1,2026-09-20 00:56:17,2026-09-20 02:23:17
2118,PROD-2118,Freidora XXL Airfryer,Freidora de aire de gran capacidad con tecnología de extracción de grasa,7546.07,49,1,2026-09-21 22:38:15,2026-09-22 00:34:15
2119,PROD-2119,Zapatillas Air Force 1 '07,"Tenis clásicos de cuero blanco para uso urbano y casual (Talla XL, Color Azul)",1160.83,34,1,2026-09-22 10:18:05,2026-09-22 11:57:05
2120,PROD-2120,Zapatillas Running Pegasus 40,"Calzado de correr con amortiguación reactiva para entrenamiento (Talla S, Color Verde)",1838.92,15,1,2026-09-21 16:43:12,2026-09-21 18:21:12
2121,PROD-2121,Jeans 511 Slim Fit,"Pantalón de mezclilla ajustado de estilo moderno (Talla S, Color Verde)",595.92,30,1,2026-09-22 06:34:58,2026-09-22 07:36:58
2122,PROD-2122,Audífonos AirPods Pro 2,Audífonos intrauditivos con cancelación de ruido de nivel superior,12121.94,21,1,2026-09-21 14:31:17,2026-09-21 16:02:17
2123,PROD-2123,Aspiradora Inalámbrica SpeedPro,Aspiradora escoba sin cable con cabezal de succión de 180 grados,4475.58,26,1,2026-09-20 22:23:07,2026-09-20 22:56:07
2124,PROD-2124,Smart TV 65 Neo QLED,Televisor inteligente 4K con tecnología de puntos cuánticos y alto contraste,29712.15,17,1,2026-09-17 23:57:19,2026-09-18 01:08:19
2125,PROD-2125,Jeans 511 Slim Fit,"Pantalón de mezclilla ajustado de estilo moderno (Talla S, Color Azul)",1379.46,24,1,2026-09-18 20:39:22,2026-09-18 20:43:22
2126,PROD-2126,Jeans 501 Original Fit,"Pantalón de mezclilla clásico de corte recto y ajuste cómodo (Talla S, Color Blanco)",1287.29,57,1,2026-09-20 03:09:42,2026-09-20 04:43:42
2127,PROD-2127,Robot Aspiradora X10+,Aspiradora robótica con estación de vaciado automático y mapeo láser,27803.99,47,1,2026-09-20 12:42:08,2026-09-20 14:20:08
2128,PROD-2128,iPad Pro 12.9,Tableta profesional con pantalla Liquid Retina XDR y chip M2,2053.41,5,1,2026-09-18 09:35:51,2026-09-18 10:18:51
2129,PROD-2129,Chaqueta Camionera de Mezclilla,"Chaqueta clásica de mezclilla resistente para uso diario (Talla XL, Color Blanco)",2288.36,17,1,2026-09-19 20:20:47,2026-09-19 21:08:47
2130,PROD-2130,Parlante Portátil SRS-XG300,Bocina inalámbrica portátil resistente al agua con graves potentes,2759.55,16,1,2026-09-21 06:42:07,2026-09-21 07:06:07
2131,PROD-2131,Polerón Adicolor Classics,"Sudadera clásica con el logotipo de las tres tiras (Talla XL, Color Negro)",2223.38,18,1,2026-09-18 23:09:04,2026-09-19 00:26:04
2132,PROD-2132,Freidora XXL Airfryer,Freidora de aire de gran capacidad con tecnología de extracción de grasa,1489.56,28,1,2026-09-17 19:37:01,2026-09-17 19:51:01
2133,PROD-2133,Freidora de Aire 4L,Freidora sin aceite para cocinar de manera saludable y rápida,4337.16,9,1,2026-09-21 05:26:44,2026-09-21 06:58:44
2134,PROD-2134,Cámara Alpha 7 IV,Cámara mirrorless profesional de fotograma completo para foto y video,1864.27,11,1,2026-09-21 15:01:05,2026-09-21 15:30:05
2135,PROD-2135,Smartphone Redmi Note 13 Pro 128GB,Teléfono inteligente con excelente relación calidad-precio y gran cámara - Color Azul,27788.69,12,1,2026-09-18 20:03:19,2026-09-18 21:40:19
2136,PROD-2136,Cafetera Programable 12 Tazas,Cafetera de goteo con temporizador programable y jarra de vidrio,4546.43,9,1,2026-09-21 09:51:17,2026-09-21 11:36:17
2137,PROD-2137,Polerón Adicolor Classics,"Sudadera clásica con el logotipo de las tres tiras (Talla XL, Color Gris)",1824.06,59,1,2026-09-20 04:50:44,2026-09-20 06:46:44
2138,PROD-2138,Cafetera Programable 12 Tazas,Cafetera de goteo con temporizador programable y jarra de vidrio,4128.27,24,1,2026-09-19 13:37:23,2026-09-19 14:58:23
2139,PROD-2139,Zapatillas Air Max 270,"Calzado deportivo con cápsula de aire visible para máxima comodidad (Talla XL, Color Rojo)",2240.81,38,1,2026-09-18 08:23:18,2026-09-18 08:59:18
2140,PROD-2140,Freidora de Aire 4L,Freidora sin aceite para cocinar de manera saludable y rápida,7993.47,18,1,2026-09-19 16:57:45,2026-09-19 18:31:45
2141,PROD-2141,Patinete Eléctrico Pro 4,Scooter eléctrico con gran autonomía para movilidad urbana,5611.42,34,1,2026-09-19 23:07:19,2026-09-20 00:37:19
2142,PROD-2142,Freidora de Aire 4L,Freidora sin aceite para cocinar de manera saludable y rápida,1350.18,48,1,2026-09-19 14:45:29,2026-09-19 15:11:29
2143,PROD-2143,Pantalón de Buzo Tech Fleece,"Pantalón deportivo térmico con diseño estilizado (Talla XL, Color Verde)",1322.47,59,1,2026-09-20 06:51:43,2026-09-20 07:37:43
2144,PROD-2144,Pantalón de Buzo Tech Fleece,"Pantalón deportivo térmico con diseño estilizado (Talla M, Color Verde)",1489.36,41,1,2026-09-18 18:57:16,2026-09-18 20:28:16
2145,PROD-2145,Smart TV OLED C3 65,Televisor inteligente ideal para videojuegos y películas con pánel OLED,34154.18,47,1,2026-09-22 05:33:14,2026-09-22 06:52:14
2146,PROD-2146,Zapatillas Running Pegasus 40,"Calzado de correr con amortiguación reactiva para entrenamiento (Talla XL, Color Gris)",1734.60,37,1,2026-09-19 20:34:02,2026-09-19 20:52:02
2147,PROD-2147,Camiseta Graphic Setin Neck,"Playera casual de algodón con estampado frontal (Talla L, Color Rojo)",1236.05,35,1,2026-09-18 18:59:10,2026-09-18 19:42:10
2148,PROD-2148,Cafetera Programable 12 Tazas,Cafetera de goteo con temporizador programable y jarra de vidrio,3320.61,41,1,2026-09-20 02:14:26,2026-09-20 02:37:26
2149,PROD-2149,Jeans 511 Slim Fit,"Pantalón de mezclilla ajustado de estilo moderno (Talla XL, Color Rojo)",1784.04,44,1,2026-09-21 23:59:51,2026-09-22 01:26:51
2150,PROD-2150,Cafetera Programable 12 Tazas,Cafetera de goteo con temporizador programable y jarra de vidrio,3454.26,58,1,2026-09-22 07:59:16,2026-09-22 08:24:16
2151,PROD-2151,Patinete Eléctrico Pro 4,Scooter eléctrico con gran autonomía para movilidad urbana,17134.58,13,1,2026-09-22 02:25:19,2026-09-22 04:24:19
2152,PROD-2152,Zapatillas Running Pegasus 40,"Calzado de correr con amortiguación reactiva para entrenamiento (Talla S, Color Verde)",558.69,18,1,2026-09-17 23:50:44,2026-09-17 23:52:44
2153,PROD-2153,Tablet Galaxy Tab S9 128GB,"Tableta de alto rendimiento para diseño, trabajo y entretenimiento - Color Gris",33570.47,27,1,2026-09-18 16:55:21,2026-09-18 18:30:21
2154,PROD-2154,MacBook Air 15 M2 128GB,Laptop ultra delgada y liviana con gran autonomía - Color Gris,22624.72,25,1,2026-09-21 00:19:42,2026-09-21 02:14:42
2155,PROD-2155,Polera Sportswear Club Fleece,"Sudadera de felpa con capucha y ajuste estándar (Talla M, Color Gris)",1001.97,81,1,2026-09-18 10:37:54,2026-09-18 12:32:54
2156,PROD-2156,Apple Watch Series 10,Reloj inteligente con sensores avanzados de salud y actividad física,4704.64,44,1,2026-09-19 23:01:17,2026-09-19 23:21:17
2157,PROD-2157,Aspiradora Inalámbrica SpeedPro,Aspiradora escoba sin cable con cabezal de succión de 180 grados,5643.72,23,1,2026-09-18 03:52:00,2026-09-18 05:16:00
2158,PROD-2158,Smartphone Redmi Note 13 Pro 128GB,Teléfono inteligente con excelente relación calidad-precio y gran cámara - Color Blanco,31748.23,35,1,2026-09-19 18:36:26,2026-09-19 19:37:26
2159,PROD-2159,Tablet Galaxy Tab S9 1TB,"Tableta de alto rendimiento para diseño, trabajo y entretenimiento - Color Rojo",20802.81,33,1,2026-09-17 14:14:57,2026-09-17 15:16:57
2160,PROD-2160,Aspiradora Inalámbrica SpeedPro,Aspiradora escoba sin cable con cabezal de succión de 180 grados,7907.40,31,1,2026-09-17 21:23:25,2026-09-17 21:45:25
2161,PROD-2161,Monitor UltraGear 27,Monitor de alta frecuencia de actualización para juegos competitivos,24546.75,14,1,2026-09-18 03:31:08,2026-09-18 05:30:08
2162,PROD-2162,Cafetera Programable 12 Tazas,Cafetera de goteo con temporizador programable y jarra de vidrio,2837.31,53,1,2026-09-22 06:48:53,2026-09-22 08:28:53
2163,PROD-2163,Parlante Portátil SRS-XG300,Bocina inalámbrica portátil resistente al agua con graves potentes,35416.77,36,1,2026-09-17 13:40:52,2026-09-17 14:59:52
2164,PROD-2164,Freidora XXL Airfryer,Freidora de aire de gran capacidad con tecnología de extracción de grasa,3175.64,24,1,2026-09-18 15:19:22,2026-09-18 16:24:22
2165,PROD-2165,Zapatillas Ultraboost Light,"Tenis de running con retorno de energía superior y ligereza (Talla XL, Color Gris)",2297.51,16,1,2026-09-21 09:56:02,2026-09-21 10:26:02
2166,PROD-2166,Aspiradora Inalámbrica SpeedPro,Aspiradora escoba sin cable con cabezal de succión de 180 grados,3811.88,35,1,2026-09-19 12:30:43,2026-09-19 12:35:43
2167,PROD-2167,Polerón Adicolor Classics,"Sudadera clásica con el logotipo de las tres tiras (Talla XL, Color Verde)",522.52,80,1,2026-09-17 15:55:35,2026-09-17 16:11:35
2168,PROD-2168,Cafetera Programable 12 Tazas,Cafetera de goteo con temporizador programable y jarra de vidrio,4759.76,27,1,2026-09-19 18:47:48,2026-09-19 19:12:48
2169,PROD-2169,Pantalón de Buzo Tech Fleece,"Pantalón deportivo térmico con diseño estilizado (Talla S, Color Verde)",1794.59,99,1,2026-09-19 17:59:29,2026-09-19 18:41:29
2170,PROD-2170,Zapatillas Samba OG,"Tenis de estilo retro icónicos en cuero de primera calidad (Talla XL, Color Verde)",1085.58,54,1,2026-09-21 20:05:11,2026-09-21 20:38:11
2171,PROD-2171,Freidora de Aire 4L,Freidora sin aceite para cocinar de manera saludable y rápida,2540.47,13,1,2026-09-20 04:52:30,2026-09-20 06:49:30
2172,PROD-2172,Cafetera Programable 12 Tazas,Cafetera de goteo con temporizador programable y jarra de vidrio,7341.40,40,1,2026-09-18 03:53:26,2026-09-18 03:55:26
2173,PROD-2173,Smartphone Galaxy Z Fold 6 128GB,Teléfono plegable con pantalla gigante para productividad y multitarea - Color Blanco,13755.28,14,1,2026-09-20 22:38:51,2026-09-21 00:20:51
2174,PROD-2174,Smartphone Galaxy S26+ 128GB,Teléfono inteligente con procesador de última generación y batería de larga duración - Color Verde,977.38,26,1,2026-09-21 05:16:54,2026-09-21 05:25:54
2175,PROD-2175,Refrigeradora InstaView,Refrigerador inteligente con panel de cristal panorámico,34780.37,34,1,2026-09-21 07:15:14,2026-09-21 09:06:14
2176,PROD-2176,Zapatillas Ultraboost Light,"Tenis de running con retorno de energía superior y ligereza (Talla S, Color Negro)",1863.92,35,1,2026-09-22 00:00:39,2026-09-22 01:58:39
2177,PROD-2177,iPhone 16 Pro 128GB,Teléfono inteligente premium con chip de alto rendimiento y triple cámara - Color Negro,15870.41,48,1,2026-09-18 21:18:05,2026-09-18 21:44:05
2178,PROD-2178,Smart TV 65 Neo QLED,Televisor inteligente 4K con tecnología de puntos cuánticos y alto contraste,11874.38,38,1,2026-09-18 15:24:45,2026-09-18 16:24:45
2179,PROD-2179,Robot Aspiradora X10+,Aspiradora robótica con estación de vaciado automático y mapeo láser,25572.73,35,1,2026-09-19 05:18:35,2026-09-19 06:51:35
2180,PROD-2180,Freidora de Aire 4L,Freidora sin aceite para cocinar de manera saludable y rápida,1805.45,8,1,2026-09-17 22:56:38,2026-09-17 23:18:38
2181,PROD-2181,Audífonos Bluetooth WH-1000XM5,Audífonos inalámbricos con la mejor cancelación de ruido del mercado,31675.27,41,1,2026-09-18 14:55:58,2026-09-18 16:24:58
2182,PROD-2182,Smartphone Galaxy Z Fold 6 256GB,Teléfono plegable con pantalla gigante para productividad y multitarea - Color Gris,27348.16,19,1,2026-09-18 11:00:43,2026-09-18 11:50:43
2183,PROD-2183,Aspiradora Inalámbrica SpeedPro,Aspiradora escoba sin cable con cabezal de succión de 180 grados,4250.57,26,1,2026-09-18 19:08:37,2026-09-18 20:02:37
2184,PROD-2184,Zapatillas Air Max 270,"Calzado deportivo con cápsula de aire visible para máxima comodidad (Talla S, Color Verde)",2264.70,97,1,2026-09-19 00:00:33,2026-09-19 00:36:33
2185,PROD-2185,Smartphone Galaxy S26 Ultra 128GB,Smartphone de alta gama con cámara de 200MP y pantalla Dynamic AMOLED - Color Azul,12719.93,8,1,2026-09-21 05:37:44,2026-09-21 07:13:44
2186,PROD-2186,Camiseta Graphic Setin Neck,"Playera casual de algodón con estampado frontal (Talla S, Color Verde)",1800.18,50,1,2026-09-21 01:00:41,2026-09-21 02:38:41
2187,PROD-2187,Polerón Adicolor Classics,"Sudadera clásica con el logotipo de las tres tiras (Talla S, Color Rojo)",914.24,50,1,2026-09-20 05:00:29,2026-09-20 05:45:29
2188,PROD-2188,Aspiradora Inalámbrica SpeedPro,Aspiradora escoba sin cable con cabezal de succión de 180 grados,4197.68,56,1,2026-09-20 10:35:09,2026-09-20 11:15:09
2189,PROD-2189,Licuadora Reversible 2 Velocidades,Licuadora con motor reversible y vaso de vidrio resistente a choques térmicos,4862.94,10,1,2026-09-21 15:58:19,2026-09-21 16:43:19
2190,PROD-2190,Pantalón de Buzo Tech Fleece,"Pantalón deportivo térmico con diseño estilizado (Talla L, Color Azul)",1346.79,69,1,2026-09-20 05:12:37,2026-09-20 05:31:37
2191,PROD-2191,Smart Band 8,Pulsera de actividad física con seguimiento del sueño y deporte,34212.01,13,1,2026-09-22 06:09:25,2026-09-22 06:49:25
2192,PROD-2192,Zapatillas Ultraboost Light,"Tenis de running con retorno de energía superior y ligereza (Talla XL, Color Gris)",379.99,94,1,2026-09-18 12:31:13,2026-09-18 12:50:13
2193,PROD-2193,Licuadora Reversible 2 Velocidades,Licuadora con motor reversible y vaso de vidrio resistente a choques térmicos,1120.83,33,1,2026-09-20 08:08:22,2026-09-20 08:27:22
2194,PROD-2194,Zapatillas Air Max 270,"Calzado deportivo con cápsula de aire visible para máxima comodidad (Talla S, Color Azul)",1193.30,48,1,2026-09-20 19:21:33,2026-09-20 19:56:33
2195,PROD-2195,Audífonos AirPods Max,Audífonos de diadema inalámbricos con sonido de alta fidelidad,22042.29,36,1,2026-09-20 02:23:48,2026-09-20 03:18:48
2196,PROD-2196,Smartphone Redmi Note 13 Pro 512GB,Teléfono inteligente con excelente relación calidad-precio y gran cámara - Color Negro,2875.17,25,1,2026-09-21 18:10:46,2026-09-21 19:11:46
2197,PROD-2197,Freidora XXL Airfryer,Freidora de aire de gran capacidad con tecnología de extracción de grasa,2187.16,39,1,2026-09-22 08:23:36,2026-09-22 08:50:36
2198,PROD-2198,Zapatillas Air Force 1 '07,"Tenis clásicos de cuero blanco para uso urbano y casual (Talla L, Color Verde)",691.00,90,1,2026-09-19 08:35:37,2026-09-19 10:02:37
2199,PROD-2199,Freidora XXL Airfryer,Freidora de aire de gran capacidad con tecnología de extracción de grasa,4953.28,41,1,2026-09-19 04:24:42,2026-09-19 05:07:42
2200,PROD-2200,Freidora XXL Airfryer,Freidora de aire de gran capacidad con tecnología de extracción de grasa,3208.71,38,1,2026-09-17 20:33:02,2026-09-17 20:35:02
2201,PROD-2201,Pantalón de Buzo Tech Fleece,"Pantalón deportivo térmico con diseño estilizado (Talla M, Color Blanco)",2380.84,98,1,2026-09-18 21:21:15,2026-09-18 23:17:15
2202,PROD-2202,Zapatillas Samba OG,"Tenis de estilo retro icónicos en cuero de primera calidad (Talla L, Color Rojo)",1082.63,52,1,2026-09-21 17:03:32,2026-09-21 17:27:32
2203,PROD-2203,Barra de Sonido HT-A7000,Sistema de audio para cine en casa con soporte Dolby Atmos,20815.76,19,1,2026-09-21 18:28:57,2026-09-21 19:43:57
2204,PROD-2204,Licuadora Reversible 2 Velocidades,Licuadora con motor reversible y vaso de vidrio resistente a choques térmicos,4113.27,38,1,2026-09-17 14:10:56,2026-09-17 14:50:56
2205,PROD-2205,Freidora de Aire 4L,Freidora sin aceite para cocinar de manera saludable y rápida,6101.46,47,1,2026-09-19 10:12:06,2026-09-19 10:22:06
2206,PROD-2206,Aspiradora Inalámbrica SpeedPro,Aspiradora escoba sin cable con cabezal de succión de 180 grados,4979.76,54,1,2026-09-19 02:05:51,2026-09-19 02:13:51
2207,PROD-2207,Zapatillas Air Max 270,"Calzado deportivo con cápsula de aire visible para máxima comodidad (Talla L, Color Verde)",657.63,17,1,2026-09-20 08:21:06,2026-09-20 08:52:06
2208,PROD-2208,Tablet Galaxy Tab S9 512GB,"Tableta de alto rendimiento para diseño, trabajo y entretenimiento - Color Rojo",17630.64,14,1,2026-09-22 05:29:23,2026-09-22 06:03:23
2209,PROD-2209,Polera Sportswear Club Fleece,"Sudadera de felpa con capucha y ajuste estándar (Talla M, Color Verde)",754.62,86,1,2026-09-21 03:28:43,2026-09-21 03:43:43
2210,PROD-2210,Zapatillas Ultraboost Light,"Tenis de running con retorno de energía superior y ligereza (Talla M, Color Rojo)",2067.52,46,1,2026-09-18 23:30:29,2026-09-19 01:11:29
2211,PROD-2211,Zapatillas Air Force 1 '07,"Tenis clásicos de cuero blanco para uso urbano y casual (Talla L, Color Gris)",789.12,47,1,2026-09-17 15:02:22,2026-09-17 15:05:22
2212,PROD-2212,Freidora XXL Airfryer,Freidora de aire de gran capacidad con tecnología de extracción de grasa,3201.60,57,1,2026-09-18 08:51:19,2026-09-18 09:48:19
2213,PROD-2213,Freidora XXL Airfryer,Freidora de aire de gran capacidad con tecnología de extracción de grasa,4913.22,56,1,2026-09-19 09:05:59,2026-09-19 09:18:59
2214,PROD-2214,Polera Sportswear Club Fleece,"Sudadera de felpa con capucha y ajuste estándar (Talla M, Color Verde)",1654.07,46,1,2026-09-18 11:04:54,2026-09-18 12:19:54
2215,PROD-2215,Consola PlayStation 5 Slim,Consola de videojuegos de última generación con almacenamiento SSD ultra rápido,4898.98,25,1,2026-09-20 19:49:55,2026-09-20 20:50:55
2216,PROD-2216,Chaqueta Camionera de Mezclilla,"Chaqueta clásica de mezclilla resistente para uso diario (Talla XL, Color Rojo)",404.75,65,1,2026-09-21 09:29:09,2026-09-21 10:10:09
2217,PROD-2217,Chaqueta Camionera de Mezclilla,"Chaqueta clásica de mezclilla resistente para uso diario (Talla S, Color Verde)",958.25,82,1,2026-09-22 01:31:46,2026-09-22 02:43:46
2218,PROD-2218,Smart TV OLED C3 65,Televisor inteligente ideal para videojuegos y películas con pánel OLED,26158.57,50,1,2026-09-18 06:33:43,2026-09-18 07:36:43
2219,PROD-2219,Smartphone Galaxy S26 256GB,Smartphone compacto con pantalla fluida y excelente rendimiento - Color Negro,19058.71,50,1,2026-09-18 21:35:01,2026-09-18 21:46:01
2220,PROD-2220,Polera Sportswear Club Fleece,"Sudadera de felpa con capucha y ajuste estándar (Talla S, Color Azul)",1088.68,18,1,2026-09-20 11:04:35,2026-09-20 11:55:35
2221,PROD-2221,Cafetera Programable 12 Tazas,Cafetera de goteo con temporizador programable y jarra de vidrio,3564.28,58,1,2026-09-19 21:01:39,2026-09-19 22:29:39
2222,PROD-2222,Smart TV OLED C3 65,Televisor inteligente ideal para videojuegos y películas con pánel OLED,29409.93,33,1,2026-09-18 10:31:20,2026-09-18 10:45:20
2223,PROD-2223,Jeans 511 Slim Fit,"Pantalón de mezclilla ajustado de estilo moderno (Talla S, Color Verde)",1819.57,13,1,2026-09-17 19:00:03,2026-09-17 20:22:03
2224,PROD-2224,Freidora de Aire 4L,Freidora sin aceite para cocinar de manera saludable y rápida,722.20,22,1,2026-09-22 01:49:33,2026-09-22 02:18:33
2225,PROD-2225,Audífonos AirPods Pro 2,Audífonos intrauditivos con cancelación de ruido de nivel superior,11840.80,29,1,2026-09-22 01:27:09,2026-09-22 02:48:09
2226,PROD-2226,Freidora XXL Airfryer,Freidora de aire de gran capacidad con tecnología de extracción de grasa,4277.88,26,1,2026-09-20 11:02:35,2026-09-20 11:05:35
2227,PROD-2227,Freidora XXL Airfryer,Freidora de aire de gran capacidad con tecnología de extracción de grasa,704.99,45,1,2026-09-17 16:36:04,2026-09-17 17:02:04
2228,PROD-2228,Monitor UltraGear 27,Monitor de alta frecuencia de actualización para juegos competitivos,753.91,49,1,2026-09-17 23:05:58,2026-09-18 00:19:58
2229,PROD-2229,Zapatillas Ultraboost Light,"Tenis de running con retorno de energía superior y ligereza (Talla XL, Color Blanco)",677.35,10,1,2026-09-21 06:46:11,2026-09-21 08:21:11
2230,PROD-2230,Aspiradora Inalámbrica SpeedPro,Aspiradora escoba sin cable con cabezal de succión de 180 grados,4627.60,40,1,2026-09-19 19:55:30,2026-09-19 20:15:30
2231,PROD-2231,Monitor UltraGear 27,Monitor de alta frecuencia de actualización para juegos competitivos,12374.24,25,1,2026-09-19 01:16:21,2026-09-19 02:06:21
2232,PROD-2232,Smart TV Bravia XR OLED 55,Televisor OLED con negros absolutos y procesador de imagen cognitivo,1523.02,43,1,2026-09-21 10:13:32,2026-09-21 11:38:32
2233,PROD-2233,Freidora XXL Airfryer,Freidora de aire de gran capacidad con tecnología de extracción de grasa,1804.72,10,1,2026-09-19 19:47:03,2026-09-19 21:29:03
2234,PROD-2234,MacBook Pro 16 M3 512GB,Computadora portátil profesional para edición de video y desarrollo - Color Verde,24434.32,42,1,2026-09-22 10:28:01,2026-09-22 11:06:01
2235,PROD-2235,Zapatillas Air Force 1 '07,"Tenis clásicos de cuero blanco para uso urbano y casual (Talla M, Color Rojo)",2263.94,42,1,2026-09-18 18:55:55,2026-09-18 20:00:55
2236,PROD-2236,Consola PlayStation 5 Slim,Consola de videojuegos de última generación con almacenamiento SSD ultra rápido,8183.04,16,1,2026-09-19 11:59:23,2026-09-19 12:25:23
2237,PROD-2237,Zapatillas Samba OG,"Tenis de estilo retro icónicos en cuero de primera calidad (Talla L, Color Azul)",2466.09,87,1,2026-09-22 01:08:46,2026-09-22 01:29:46
2238,PROD-2238,Zapatillas Running Pegasus 40,"Calzado de correr con amortiguación reactiva para entrenamiento (Talla L, Color Verde)",2193.32,41,1,2026-09-17 22:40:10,2026-09-17 23:58:10
2239,PROD-2239,Smartphone Galaxy S26 Ultra 128GB,Smartphone de alta gama con cámara de 200MP y pantalla Dynamic AMOLED - Color Negro,34110.94,5,1,2026-09-19 07:33:00,2026-09-19 08:29:00
2240,PROD-2240,Polerón Adicolor Classics,"Sudadera clásica con el logotipo de las tres tiras (Talla M, Color Negro)",465.11,37,1,2026-09-21 09:24:17,2026-09-21 09:48:17
2241,PROD-2241,Zapatillas Samba OG,"Tenis de estilo retro icónicos en cuero de primera calidad (Talla S, Color Gris)",1247.60,12,1,2026-09-19 06:40:46,2026-09-19 08:18:46
2242,PROD-2242,Smartphone Galaxy Z Flip 6 256GB,Teléfono plegable compacto con pantalla exterior funcional - Color Gris,16720.93,18,1,2026-09-18 04:52:51,2026-09-18 06:49:51
2243,PROD-2243,Freidora de Aire 4L,Freidora sin aceite para cocinar de manera saludable y rápida,1726.82,15,1,2026-09-17 23:53:45,2026-09-18 01:25:45
2244,PROD-2244,Robot Aspiradora X10+,Aspiradora robótica con estación de vaciado automático y mapeo láser,25169.61,22,1,2026-09-19 02:41:19,2026-09-19 02:43:19
2245,PROD-2245,Freidora XXL Airfryer,Freidora de aire de gran capacidad con tecnología de extracción de grasa,5958.90,17,1,2026-09-18 18:44:18,2026-09-18 18:52:18
2246,PROD-2246,Zapatillas Samba OG,"Tenis de estilo retro icónicos en cuero de primera calidad (Talla S, Color Negro)",1419.46,69,1,2026-09-19 23:25:16,2026-09-19 23:47:16
2247,PROD-2247,Smart TV OLED C3 65,Televisor inteligente ideal para videojuegos y películas con pánel OLED,23809.66,22,1,2026-09-21 18:44:39,2026-09-21 19:20:39
2248,PROD-2248,Freidora XXL Airfryer,Freidora de aire de gran capacidad con tecnología de extracción de grasa,6494.75,9,1,2026-09-21 13:06:51,2026-09-21 13:40:51
2249,PROD-2249,Audífonos AirPods Max,Audífonos de diadema inalámbricos con sonido de alta fidelidad,29267.56,46,1,2026-09-17 17:47:00,2026-09-17 19:38:00
2250,PROD-2250,Aspiradora Inalámbrica SpeedPro,Aspiradora escoba sin cable con cabezal de succión de 180 grados,6418.92,53,1,2026-09-21 23:29:44,2026-09-21 23:35:44
2251,PROD-2251,Zapatillas Air Force 1 '07,"Tenis clásicos de cuero blanco para uso urbano y casual (Talla L, Color Azul)",2114.54,79,1,2026-09-18 11:13:35,2026-09-18 12:00:35
2252,PROD-2252,Freidora XXL Airfryer,Freidora de aire de gran capacidad con tecnología de extracción de grasa,2837.41,48,1,2026-09-19 13:51:43,2026-09-19 14:43:43
2253,PROD-2253,Monitor UltraGear 27,Monitor de alta frecuencia de actualización para juegos competitivos,13709.90,27,1,2026-09-22 03:06:20,2026-09-22 03:43:20
2254,PROD-2254,Robot Aspiradora X10+,Aspiradora robótica con estación de vaciado automático y mapeo láser,14977.82,32,1,2026-09-17 23:56:49,2026-09-18 01:13:49
2255,PROD-2255,Chaqueta Camionera de Mezclilla,"Chaqueta clásica de mezclilla resistente para uso diario (Talla L, Color Verde)",1353.09,79,1,2026-09-21 14:26:19,2026-09-21 14:47:19
2256,PROD-2256,Parlante Portátil SRS-XG300,Bocina inalámbrica portátil resistente al agua con graves potentes,33099.60,45,1,2026-09-18 08:28:55,2026-09-18 09:44:55
2257,PROD-2257,Polerón Adicolor Classics,"Sudadera clásica con el logotipo de las tres tiras (Talla M, Color Rojo)",649.97,36,1,2026-09-21 16:18:51,2026-09-21 17:08:51
2258,PROD-2258,Smartphone Redmi Note 13 Pro 128GB,Teléfono inteligente con excelente relación calidad-precio y gran cámara - Color Rojo,4185.44,5,1,2026-09-19 00:27:12,2026-09-19 02:26:12
2259,PROD-2259,Cafetera Programable 12 Tazas,Cafetera de goteo con temporizador programable y jarra de vidrio,2123.55,53,1,2026-09-22 06:04:41,2026-09-22 06:46:41
2260,PROD-2260,Chaqueta Camionera de Mezclilla,"Chaqueta clásica de mezclilla resistente para uso diario (Talla L, Color Rojo)",2364.40,76,1,2026-09-21 11:01:27,2026-09-21 12:45:27
2261,PROD-2261,Chaqueta Camionera de Mezclilla,"Chaqueta clásica de mezclilla resistente para uso diario (Talla XL, Color Verde)",1965.87,23,1,2026-09-18 20:14:38,2026-09-18 21:35:38
2262,PROD-2262,Freidora XXL Airfryer,Freidora de aire de gran capacidad con tecnología de extracción de grasa,6741.05,56,1,2026-09-18 14:47:06,2026-09-18 16:18:06
2263,PROD-2263,Smart TV OLED C3 65,Televisor inteligente ideal para videojuegos y películas con pánel OLED,18079.70,9,1,2026-09-21 16:33:54,2026-09-21 17:12:54
2264,PROD-2264,Patinete Eléctrico Pro 4,Scooter eléctrico con gran autonomía para movilidad urbana,29795.73,39,1,2026-09-21 08:18:33,2026-09-21 08:30:33
2265,PROD-2265,Smartphone Galaxy S26 Ultra 128GB,Smartphone de alta gama con cámara de 200MP y pantalla Dynamic AMOLED - Color Gris,4798.18,16,1,2026-09-22 04:22:50,2026-09-22 05:49:50
2266,PROD-2266,Smartphone Galaxy Z Flip 6 1TB,Teléfono plegable compacto con pantalla exterior funcional - Color Negro,15478.07,27,1,2026-09-21 11:42:28,2026-09-21 12:33:28
2267,PROD-2267,Monitor UltraGear 27,Monitor de alta frecuencia de actualización para juegos competitivos,12682.52,28,1,2026-09-18 17:42:53,2026-09-18 18:20:53
2268,PROD-2268,Polerón Adicolor Classics,"Sudadera clásica con el logotipo de las tres tiras (Talla XL, Color Verde)",1671.83,15,1,2026-09-21 14:15:40,2026-09-21 15:17:40
2269,PROD-2269,Patinete Eléctrico Pro 4,Scooter eléctrico con gran autonomía para movilidad urbana,12978.14,21,1,2026-09-21 17:23:39,2026-09-21 18:23:39
2270,PROD-2270,Zapatillas Ultraboost Light,"Tenis de running con retorno de energía superior y ligereza (Talla XL, Color Verde)",1612.32,54,1,2026-09-21 15:05:44,2026-09-21 16:07:44
2271,PROD-2271,Smartphone Redmi Note 13 Pro 1TB,Teléfono inteligente con excelente relación calidad-precio y gran cámara - Color Negro,17357.95,39,1,2026-09-18 00:45:47,2026-09-18 00:55:47
2272,PROD-2272,Monitor Odyssey G9,Monitor curvo ultrawide diseñado para gaming profesional,13984.71,26,1,2026-09-18 22:30:38,2026-09-18 23:47:38
2273,PROD-2273,Chaqueta Camionera de Mezclilla,"Chaqueta clásica de mezclilla resistente para uso diario (Talla L, Color Rojo)",2020.90,67,1,2026-09-18 18:53:44,2026-09-18 20:11:44
2274,PROD-2274,Jeans 501 Original Fit,"Pantalón de mezclilla clásico de corte recto y ajuste cómodo (Talla M, Color Rojo)",2204.84,13,1,2026-09-20 13:05:31,2026-09-20 14:01:31
2275,PROD-2275,Smart TV OLED C3 65,Televisor inteligente ideal para videojuegos y películas con pánel OLED,16942.89,49,1,2026-09-20 21:38:55,2026-09-20 22:27:55
2276,PROD-2276,Freidora de Aire 4L,Freidora sin aceite para cocinar de manera saludable y rápida,4851.02,52,1,2026-09-20 14:36:45,2026-09-20 15:38:45
2277,PROD-2277,Patinete Eléctrico Pro 4,Scooter eléctrico con gran autonomía para movilidad urbana,30801.20,7,1,2026-09-19 05:38:00,2026-09-19 06:54:00
2278,PROD-2278,Zapatillas Air Force 1 '07,"Tenis clásicos de cuero blanco para uso urbano y casual (Talla M, Color Negro)",778.11,72,1,2026-09-18 23:37:37,2026-09-18 23:37:37
2279,PROD-2279,Polerón Adicolor Classics,"Sudadera clásica con el logotipo de las tres tiras (Talla M, Color Azul)",444.33,33,1,2026-09-18 19:53:44,2026-09-18 20:36:44
2280,PROD-2280,Freidora XXL Airfryer,Freidora de aire de gran capacidad con tecnología de extracción de grasa,5825.09,59,1,2026-09-21 17:24:57,2026-09-21 19:20:57
2281,PROD-2281,Smartphone Galaxy S26 256GB,Smartphone compacto con pantalla fluida y excelente rendimiento - Color Blanco,26782.65,43,1,2026-09-20 21:19:00,2026-09-20 21:22:00
2282,PROD-2282,Polera Sportswear Club Fleece,"Sudadera de felpa con capucha y ajuste estándar (Talla XL, Color Negro)",1873.08,98,1,2026-09-19 16:59:36,2026-09-19 18:20:36
2283,PROD-2283,Freidora de Aire 4L,Freidora sin aceite para cocinar de manera saludable y rápida,3999.80,25,1,2026-09-20 02:53:49,2026-09-20 04:04:49
2284,PROD-2284,Freidora XXL Airfryer,Freidora de aire de gran capacidad con tecnología de extracción de grasa,895.33,24,1,2026-09-21 12:09:42,2026-09-21 12:54:42
2285,PROD-2285,Zapatillas Running Pegasus 40,"Calzado de correr con amortiguación reactiva para entrenamiento (Talla M, Color Blanco)",610.17,30,1,2026-09-17 23:56:13,2026-09-18 01:09:13
2286,PROD-2286,Audífonos AirPods Max,Audífonos de diadema inalámbricos con sonido de alta fidelidad,23925.10,39,1,2026-09-19 17:43:32,2026-09-19 18:54:32
2287,PROD-2287,Zapatillas Air Force 1 '07,"Tenis clásicos de cuero blanco para uso urbano y casual (Talla M, Color Rojo)",1238.50,81,1,2026-09-17 17:08:50,2026-09-17 17:37:50
2288,PROD-2288,MacBook Air 15 M2 256GB,Laptop ultra delgada y liviana con gran autonomía - Color Verde,25402.32,5,1,2026-09-19 17:30:47,2026-09-19 17:37:47
2289,PROD-2289,Licuadora Reversible 2 Velocidades,Licuadora con motor reversible y vaso de vidrio resistente a choques térmicos,4386.68,25,1,2026-09-21 00:38:15,2026-09-21 01:45:15
2290,PROD-2290,Audífonos Bluetooth WH-1000XM5,Audífonos inalámbricos con la mejor cancelación de ruido del mercado,11843.29,20,1,2026-09-20 09:19:09,2026-09-20 11:01:09
2291,PROD-2291,Audífonos AirPods Max,Audífonos de diadema inalámbricos con sonido de alta fidelidad,17478.78,18,1,2026-09-18 01:46:56,2026-09-18 02:08:56
2292,PROD-2292,Polerón Adicolor Classics,"Sudadera clásica con el logotipo de las tres tiras (Talla S, Color Blanco)",1784.23,75,1,2026-09-18 08:31:59,2026-09-18 10:21:59
2293,PROD-2293,Robot Aspiradora X10+,Aspiradora robótica con estación de vaciado automático y mapeo láser,35640.28,9,1,2026-09-20 21:48:36,2026-09-20 22:09:36
2294,PROD-2294,Patinete Eléctrico Pro 4,Scooter eléctrico con gran autonomía para movilidad urbana,33785.10,21,1,2026-09-19 22:32:33,2026-09-19 22:39:33
2295,PROD-2295,Chaqueta Camionera de Mezclilla,"Chaqueta clásica de mezclilla resistente para uso diario (Talla XL, Color Negro)",764.10,57,1,2026-09-19 20:16:06,2026-09-19 21:13:06
2296,PROD-2296,Cafetera Programable 12 Tazas,Cafetera de goteo con temporizador programable y jarra de vidrio,7297.06,38,1,2026-09-21 04:54:29,2026-09-21 06:35:29
2297,PROD-2297,Freidora XXL Airfryer,Freidora de aire de gran capacidad con tecnología de extracción de grasa,2234.19,41,1,2026-09-19 05:14:46,2026-09-19 06:17:46
2298,PROD-2298,Robot Aspiradora X10+,Aspiradora robótica con estación de vaciado automático y mapeo láser,1597.45,9,1,2026-09-20 21:09:32,2026-09-20 21:19:32
2299,PROD-2299,Cafetera Programable 12 Tazas,Cafetera de goteo con temporizador programable y jarra de vidrio,703.61,25,1,2026-09-19 20:37:52,2026-09-19 21:12:52
2300,PROD-2300,Zapatillas Samba OG,"Tenis de estilo retro icónicos en cuero de primera calidad (Talla L, Color Rojo)",1651.39,49,1,2026-09-20 07:47:36,2026-09-20 08:52:36
2301,PROD-2301,Zapatillas Running Pegasus 40,"Calzado de correr con amortiguación reactiva para entrenamiento (Talla M, Color Azul)",1074.71,98,1,2026-09-20 10:40:18,2026-09-20 11:23:18
2302,PROD-2302,Freidora de Aire 4L,Freidora sin aceite para cocinar de manera saludable y rápida,5181.32,25,1,2026-09-19 05:26:18,2026-09-19 06:42:18
2303,PROD-2303,Freidora de Aire 4L,Freidora sin aceite para cocinar de manera saludable y rápida,7443.83,28,1,2026-09-18 22:13:29,2026-09-18 23:25:29
2304,PROD-2304,Cámara Alpha 7 IV,Cámara mirrorless profesional de fotograma completo para foto y video,7310.55,26,1,2026-09-20 14:44:56,2026-09-20 16:10:56
2305,PROD-2305,Polera Sportswear Club Fleece,"Sudadera de felpa con capucha y ajuste estándar (Talla XL, Color Verde)",1767.09,88,1,2026-09-22 05:57:25,2026-09-22 06:14:25
2306,PROD-2306,Freidora XXL Airfryer,Freidora de aire de gran capacidad con tecnología de extracción de grasa,5621.99,31,1,2026-09-21 19:08:25,2026-09-21 20:17:25
2307,PROD-2307,Freidora XXL Airfryer,Freidora de aire de gran capacidad con tecnología de extracción de grasa,6465.03,45,1,2026-09-20 15:06:15,2026-09-20 15:28:15
2308,PROD-2308,Barra de Sonido HT-A7000,Sistema de audio para cine en casa con soporte Dolby Atmos,9269.46,43,1,2026-09-22 06:24:05,2026-09-22 07:45:05
2309,PROD-2309,Camiseta Graphic Setin Neck,"Playera casual de algodón con estampado frontal (Talla L, Color Blanco)",1192.01,44,1,2026-09-20 22:06:21,2026-09-20 23:04:21
2310,PROD-2310,Freidora XXL Airfryer,Freidora de aire de gran capacidad con tecnología de extracción de grasa,2335.92,12,1,2026-09-19 00:08:08,2026-09-19 00:23:08
2311,PROD-2311,Zapatillas Samba OG,"Tenis de estilo retro icónicos en cuero de primera calidad (Talla S, Color Negro)",756.20,42,1,2026-09-20 11:27:18,2026-09-20 12:25:18
2312,PROD-2312,Aspiradora Inalámbrica SpeedPro,Aspiradora escoba sin cable con cabezal de succión de 180 grados,1913.84,11,1,2026-09-20 01:38:48,2026-09-20 02:58:48
2313,PROD-2313,Zapatillas Ultraboost Light,"Tenis de running con retorno de energía superior y ligereza (Talla XL, Color Azul)",1181.80,25,1,2026-09-18 07:42:24,2026-09-18 08:05:24
2314,PROD-2314,Consola PlayStation 5 Slim,Consola de videojuegos de última generación con almacenamiento SSD ultra rápido,1956.73,9,1,2026-09-19 03:45:01,2026-09-19 03:58:01
2315,PROD-2315,Freidora XXL Airfryer,Freidora de aire de gran capacidad con tecnología de extracción de grasa,6357.42,55,1,2026-09-21 15:22:08,2026-09-21 16:16:08
2316,PROD-2316,Smartphone Galaxy S26 Ultra 128GB,Smartphone de alta gama con cámara de 200MP y pantalla Dynamic AMOLED - Color Negro,12485.01,44,1,2026-09-21 20:09:09,2026-09-21 20:44:09
2317,PROD-2317,Zapatillas Air Max 270,"Calzado deportivo con cápsula de aire visible para máxima comodidad (Talla M, Color Blanco)",1679.37,83,1,2026-09-22 00:50:08,2026-09-22 01:24:08
2318,PROD-2318,Freidora XXL Airfryer,Freidora de aire de gran capacidad con tecnología de extracción de grasa,1552.94,43,1,2026-09-21 00:25:34,2026-09-21 01:05:34
2319,PROD-2319,Apple Watch Series 10,Reloj inteligente con sensores avanzados de salud y actividad física,7711.51,44,1,2026-09-17 13:53:50,2026-09-17 14:13:50
2320,PROD-2320,Refrigeradora InstaView,Refrigerador inteligente con panel de cristal panorámico,22301.70,22,1,2026-09-22 09:15:24,2026-09-22 10:17:24
2321,PROD-2321,Smartphone Galaxy Z Fold 6 1TB,Teléfono plegable con pantalla gigante para productividad y multitarea - Color Blanco,9091.87,44,1,2026-09-18 11:28:51,2026-09-18 13:22:51
2322,PROD-2322,MacBook Air 15 M2 128GB,Laptop ultra delgada y liviana con gran autonomía - Color Negro,8976.36,24,1,2026-09-20 02:44:13,2026-09-20 03:58:13
2323,PROD-2323,Aspiradora Inalámbrica SpeedPro,Aspiradora escoba sin cable con cabezal de succión de 180 grados,2021.75,14,1,2026-09-17 23:17:57,2026-09-18 00:09:57
2324,PROD-2324,Aspiradora Inalámbrica SpeedPro,Aspiradora escoba sin cable con cabezal de succión de 180 grados,1542.93,32,1,2026-09-21 04:55:51,2026-09-21 06:31:51
2325,PROD-2325,Chaqueta Camionera de Mezclilla,"Chaqueta clásica de mezclilla resistente para uso diario (Talla M, Color Verde)",1406.77,77,1,2026-09-19 13:12:24,2026-09-19 13:53:24
2326,PROD-2326,Robot Aspiradora X10+,Aspiradora robótica con estación de vaciado automático y mapeo láser,22355.14,33,1,2026-09-21 03:41:35,2026-09-21 04:07:35
2327,PROD-2327,Jeans 501 Original Fit,"Pantalón de mezclilla clásico de corte recto y ajuste cómodo (Talla XL, Color Blanco)",2044.35,36,1,2026-09-18 19:05:44,2026-09-18 19:45:44
2328,PROD-2328,Polera Sportswear Club Fleece,"Sudadera de felpa con capucha y ajuste estándar (Talla M, Color Verde)",974.96,39,1,2026-09-19 18:37:04,2026-09-19 19:53:04
2329,PROD-2329,Jeans 511 Slim Fit,"Pantalón de mezclilla ajustado de estilo moderno (Talla S, Color Azul)",1883.10,12,1,2026-09-19 19:59:26,2026-09-19 21:12:26
2330,PROD-2330,Pantalón de Buzo Tech Fleece,"Pantalón deportivo térmico con diseño estilizado (Talla S, Color Azul)",1288.03,67,1,2026-09-20 01:07:37,2026-09-20 01:18:37
2331,PROD-2331,Polera Sportswear Club Fleece,"Sudadera de felpa con capucha y ajuste estándar (Talla M, Color Gris)",1138.18,43,1,2026-09-20 09:02:54,2026-09-20 09:22:54
2332,PROD-2332,Audífonos AirPods Pro 2,Audífonos intrauditivos con cancelación de ruido de nivel superior,21768.24,17,1,2026-09-17 16:38:35,2026-09-17 17:26:35
2333,PROD-2333,Jeans 511 Slim Fit,"Pantalón de mezclilla ajustado de estilo moderno (Talla S, Color Verde)",2319.08,21,1,2026-09-21 04:59:20,2026-09-21 06:28:20
2334,PROD-2334,Freidora de Aire 4L,Freidora sin aceite para cocinar de manera saludable y rápida,1002.34,24,1,2026-09-20 05:20:42,2026-09-20 05:39:42
2335,PROD-2335,Camiseta Graphic Setin Neck,"Playera casual de algodón con estampado frontal (Talla L, Color Blanco)",842.54,49,1,2026-09-18 11:37:28,2026-09-18 12:43:28
2336,PROD-2336,iPhone 16 Pro 128GB,Teléfono inteligente premium con chip de alto rendimiento y triple cámara - Color Rojo,23739.08,16,1,2026-09-19 05:20:09,2026-09-19 06:30:09
2337,PROD-2337,Zapatillas Air Max 270,"Calzado deportivo con cápsula de aire visible para máxima comodidad (Talla M, Color Negro)",2086.62,35,1,2026-09-21 03:07:20,2026-09-21 04:38:20
2338,PROD-2338,Smartphone Galaxy S26+ 512GB,Teléfono inteligente con procesador de última generación y batería de larga duración - Color Blanco,19455.34,34,1,2026-09-20 19:57:28,2026-09-20 21:34:28
2339,PROD-2339,Zapatillas Ultraboost Light,"Tenis de running con retorno de energía superior y ligereza (Talla M, Color Rojo)",2354.12,41,1,2026-09-22 05:57:33,2026-09-22 05:58:33
2340,PROD-2340,Chaqueta Camionera de Mezclilla,"Chaqueta clásica de mezclilla resistente para uso diario (Talla S, Color Rojo)",1434.70,17,1,2026-09-19 20:42:34,2026-09-19 20:59:34
2341,PROD-2341,Monitor Odyssey G9,Monitor curvo ultrawide diseñado para gaming profesional,6034.78,13,1,2026-09-18 22:35:25,2026-09-19 00:25:25
2342,PROD-2342,Aspiradora Inalámbrica SpeedPro,Aspiradora escoba sin cable con cabezal de succión de 180 grados,3914.28,37,1,2026-09-18 12:51:53,2026-09-18 14:21:53
2343,PROD-2343,iPhone 16 128GB,Smartphone con pantalla Super Retina XDR y excelente duración de batería - Color Negro,35391.40,13,1,2026-09-17 11:26:27,2026-09-17 12:02:27
2344,PROD-2344,Zapatillas Samba OG,"Tenis de estilo retro icónicos en cuero de primera calidad (Talla XL, Color Rojo)",1514.16,61,1,2026-09-20 15:49:24,2026-09-20 16:48:24
2345,PROD-2345,Aspiradora Inalámbrica SpeedPro,Aspiradora escoba sin cable con cabezal de succión de 180 grados,6112.40,41,1,2026-09-19 22:43:47,2026-09-19 23:04:47
2346,PROD-2346,Freidora XXL Airfryer,Freidora de aire de gran capacidad con tecnología de extracción de grasa,6516.77,21,1,2026-09-17 22:02:58,2026-09-17 23:18:58
2347,PROD-2347,Zapatillas Air Force 1 '07,"Tenis clásicos de cuero blanco para uso urbano y casual (Talla XL, Color Azul)",1158.28,57,1,2026-09-17 14:50:04,2026-09-17 15:30:04
2348,PROD-2348,Jeans 501 Original Fit,"Pantalón de mezclilla clásico de corte recto y ajuste cómodo (Talla M, Color Azul)",2016.40,28,1,2026-09-20 04:53:05,2026-09-20 06:43:05
2349,PROD-2349,Cafetera Programable 12 Tazas,Cafetera de goteo con temporizador programable y jarra de vidrio,6432.58,33,1,2026-09-18 22:57:51,2026-09-18 23:15:51
2350,PROD-2350,Audífonos AirPods Max,Audífonos de diadema inalámbricos con sonido de alta fidelidad,9478.66,30,1,2026-09-20 07:16:28,2026-09-20 08:47:28
2351,PROD-2351,Zapatillas Air Max 270,"Calzado deportivo con cápsula de aire visible para máxima comodidad (Talla XL, Color Blanco)",1243.97,16,1,2026-09-18 23:05:29,2026-09-18 23:23:29
2352,PROD-2352,Freidora de Aire 4L,Freidora sin aceite para cocinar de manera saludable y rápida,3242.67,30,1,2026-09-20 07:05:27,2026-09-20 09:01:27
2353,PROD-2353,Zapatillas Samba OG,"Tenis de estilo retro icónicos en cuero de primera calidad (Talla S, Color Rojo)",981.99,75,1,2026-09-20 19:41:27,2026-09-20 20:42:27
2354,PROD-2354,Smartphone Redmi Note 13 Pro 512GB,Teléfono inteligente con excelente relación calidad-precio y gran cámara - Color Gris,7368.52,37,1,2026-09-18 11:31:30,2026-09-18 11:32:30
2355,PROD-2355,Audífonos AirPods Pro 2,Audífonos intrauditivos con cancelación de ruido de nivel superior,10071.11,6,1,2026-09-20 13:33:35,2026-09-20 14:00:35
2356,PROD-2356,Freidora XXL Airfryer,Freidora de aire de gran capacidad con tecnología de extracción de grasa,3807.53,29,1,2026-09-22 07:38:56,2026-09-22 08:56:56
2357,PROD-2357,Zapatillas Running Pegasus 40,"Calzado de correr con amortiguación reactiva para entrenamiento (Talla L, Color Gris)",1141.13,76,1,2026-09-21 00:38:41,2026-09-21 00:53:41
2358,PROD-2358,Pantalón de Buzo Tech Fleece,"Pantalón deportivo térmico con diseño estilizado (Talla S, Color Verde)",2025.51,82,1,2026-09-20 13:02:29,2026-09-20 13:10:29
2359,PROD-2359,Patinete Eléctrico Pro 4,Scooter eléctrico con gran autonomía para movilidad urbana,23951.88,33,1,2026-09-21 21:52:57,2026-09-21 23:24:57
2360,PROD-2360,Freidora XXL Airfryer,Freidora de aire de gran capacidad con tecnología de extracción de grasa,1480.81,20,1,2026-09-18 00:55:45,2026-09-18 02:13:45
2361,PROD-2361,Pantalón de Buzo Tech Fleece,"Pantalón deportivo térmico con diseño estilizado (Talla M, Color Negro)",444.63,11,1,2026-09-18 06:43:06,2026-09-18 07:07:06
2362,PROD-2362,Zapatillas Ultraboost Light,"Tenis de running con retorno de energía superior y ligereza (Talla XL, Color Blanco)",1267.86,82,1,2026-09-19 00:30:57,2026-09-19 02:27:57
2363,PROD-2363,Smartphone Galaxy S26+ 256GB,Teléfono inteligente con procesador de última generación y batería de larga duración - Color Negro,9925.52,35,1,2026-09-22 05:58:28,2026-09-22 06:06:28
2364,PROD-2364,Smartphone Xiaomi 14 Ultra 1TB,Smartphone de gama alta enfocado en fotografía profesional Leica - Color Negro,3338.92,34,1,2026-09-22 09:34:06,2026-09-22 11:29:06
2365,PROD-2365,Polerón Adicolor Classics,"Sudadera clásica con el logotipo de las tres tiras (Talla L, Color Azul)",2404.69,43,1,2026-09-20 23:23:43,2026-09-21 00:34:43
2366,PROD-2366,Aspiradora Inalámbrica SpeedPro,Aspiradora escoba sin cable con cabezal de succión de 180 grados,4402.99,50,1,2026-09-21 14:40:29,2026-09-21 16:26:29
2367,PROD-2367,Freidora XXL Airfryer,Freidora de aire de gran capacidad con tecnología de extracción de grasa,2119.11,9,1,2026-09-20 02:32:41,2026-09-20 03:33:41
2368,PROD-2368,Zapatillas Running Pegasus 40,"Calzado de correr con amortiguación reactiva para entrenamiento (Talla L, Color Azul)",2441.44,61,1,2026-09-17 18:49:35,2026-09-17 20:04:35
2369,PROD-2369,Zapatillas Air Force 1 '07,"Tenis clásicos de cuero blanco para uso urbano y casual (Talla M, Color Rojo)",830.79,38,1,2026-09-18 23:34:57,2026-09-19 00:33:57
2370,PROD-2370,Audífonos Galaxy Buds3 Pro,Audífonos inalámbricos con cancelación activa de ruido inteligente,18457.45,31,1,2026-09-21 23:29:43,2026-09-22 00:20:43
2371,PROD-2371,Zapatillas Samba OG,"Tenis de estilo retro icónicos en cuero de primera calidad (Talla L, Color Negro)",871.36,89,1,2026-09-20 09:26:00,2026-09-20 11:24:00
2372,PROD-2372,Freidora de Aire 4L,Freidora sin aceite para cocinar de manera saludable y rápida,7438.55,11,1,2026-09-20 02:47:59,2026-09-20 03:38:59
2373,PROD-2373,Camiseta Graphic Setin Neck,"Playera casual de algodón con estampado frontal (Talla XL, Color Negro)",1067.64,57,1,2026-09-18 04:34:31,2026-09-18 05:13:31
2374,PROD-2374,Smart Band 8,Pulsera de actividad física con seguimiento del sueño y deporte,33438.16,30,1,2026-09-21 01:03:10,2026-09-21 01:30:10
2375,PROD-2375,Zapatillas Air Max 270,"Calzado deportivo con cápsula de aire visible para máxima comodidad (Talla L, Color Blanco)",1662.73,31,1,2026-09-19 12:18:26,2026-09-19 12:38:26
2376,PROD-2376,Aspiradora Inalámbrica SpeedPro,Aspiradora escoba sin cable con cabezal de succión de 180 grados,6884.31,14,1,2026-09-17 23:18:48,2026-09-17 23:28:48
2377,PROD-2377,Licuadora Reversible 2 Velocidades,Licuadora con motor reversible y vaso de vidrio resistente a choques térmicos,4506.82,39,1,2026-09-18 00:48:06,2026-09-18 02:47:06
2378,PROD-2378,Licuadora Reversible 2 Velocidades,Licuadora con motor reversible y vaso de vidrio resistente a choques térmicos,415.86,19,1,2026-09-17 16:07:03,2026-09-17 16:24:03
2379,PROD-2379,Polera Sportswear Club Fleece,"Sudadera de felpa con capucha y ajuste estándar (Talla S, Color Negro)",705.23,49,1,2026-09-19 11:26:16,2026-09-19 11:38:16
2380,PROD-2380,Smart TV OLED C3 65,Televisor inteligente ideal para videojuegos y películas con pánel OLED,35580.56,44,1,2026-09-17 11:23:18,2026-09-17 13:08:18
2381,PROD-2381,Apple Watch Series 10,Reloj inteligente con sensores avanzados de salud y actividad física,29758.78,36,1,2026-09-18 03:01:08,2026-09-18 03:35:08
2382,PROD-2382,Freidora XXL Airfryer,Freidora de aire de gran capacidad con tecnología de extracción de grasa,6721.70,26,1,2026-09-18 07:32:41,2026-09-18 07:40:41
2383,PROD-2383,Zapatillas Samba OG,"Tenis de estilo retro icónicos en cuero de primera calidad (Talla M, Color Verde)",2018.56,75,1,2026-09-18 01:21:21,2026-09-18 02:24:21
2384,PROD-2384,Cafetera Programable 12 Tazas,Cafetera de goteo con temporizador programable y jarra de vidrio,2556.10,33,1,2026-09-19 12:40:41,2026-09-19 14:05:41
2385,PROD-2385,Smart Band 8,Pulsera de actividad física con seguimiento del sueño y deporte,13235.69,37,1,2026-09-19 07:58:48,2026-09-19 08:35:48
2386,PROD-2386,Aspiradora Inalámbrica SpeedPro,Aspiradora escoba sin cable con cabezal de succión de 180 grados,6532.94,23,1,2026-09-22 07:01:46,2026-09-22 08:49:46
2387,PROD-2387,Zapatillas Samba OG,"Tenis de estilo retro icónicos en cuero de primera calidad (Talla M, Color Blanco)",1341.77,100,1,2026-09-18 09:57:46,2026-09-18 10:01:46
2388,PROD-2388,Smartphone Galaxy S26+ 256GB,Teléfono inteligente con procesador de última generación y batería de larga duración - Color Negro,35937.01,13,1,2026-09-18 09:06:17,2026-09-18 10:38:17
2389,PROD-2389,Cámara Alpha 7 IV,Cámara mirrorless profesional de fotograma completo para foto y video,24914.27,42,1,2026-09-18 22:12:05,2026-09-18 23:43:05
2390,PROD-2390,Pantalón de Buzo Tech Fleece,"Pantalón deportivo térmico con diseño estilizado (Talla S, Color Verde)",1786.78,95,1,2026-09-20 19:45:57,2026-09-20 21:18:57
2391,PROD-2391,Freidora XXL Airfryer,Freidora de aire de gran capacidad con tecnología de extracción de grasa,7206.48,49,1,2026-09-17 16:17:06,2026-09-17 17:03:06
2392,PROD-2392,Smartphone Xiaomi 14 Ultra 512GB,Smartphone de gama alta enfocado en fotografía profesional Leica - Color Negro,2236.38,21,1,2026-09-19 20:05:28,2026-09-19 20:28:28
2393,PROD-2393,Pantalón de Buzo Tech Fleece,"Pantalón deportivo térmico con diseño estilizado (Talla L, Color Azul)",635.74,51,1,2026-09-21 23:53:49,2026-09-22 01:23:49
2394,PROD-2394,Zapatillas Samba OG,"Tenis de estilo retro icónicos en cuero de primera calidad (Talla M, Color Negro)",2218.72,31,1,2026-09-18 23:51:13,2026-09-19 00:44:13
2395,PROD-2395,Patinete Eléctrico Pro 4,Scooter eléctrico con gran autonomía para movilidad urbana,5759.96,13,1,2026-09-18 22:18:48,2026-09-18 23:23:48
2396,PROD-2396,Aspiradora Inalámbrica SpeedPro,Aspiradora escoba sin cable con cabezal de succión de 180 grados,7295.53,54,1,2026-09-18 13:38:47,2026-09-18 14:31:47
2397,PROD-2397,Tablet Galaxy Tab S9 512GB,"Tableta de alto rendimiento para diseño, trabajo y entretenimiento - Color Rojo",13742.35,5,1,2026-09-18 02:35:26,2026-09-18 03:36:26
2398,PROD-2398,Licuadora Reversible 2 Velocidades,Licuadora con motor reversible y vaso de vidrio resistente a choques térmicos,1523.32,51,1,2026-09-21 11:16:57,2026-09-21 13:05:57
2399,PROD-2399,Aspiradora Inalámbrica SpeedPro,Aspiradora escoba sin cable con cabezal de succión de 180 grados,7160.86,45,1,2026-09-21 04:33:14,2026-09-21 06:31:14
2400,PROD-2400,Freidora de Aire 4L,Freidora sin aceite para cocinar de manera saludable y rápida,6249.81,54,1,2026-09-22 07:54:23,2026-09-22 07:59:23
2401,PROD-2401,Polerón Adicolor Classics,"Sudadera clásica con el logotipo de las tres tiras (Talla L, Color Rojo)",2493.10,68,1,2026-09-17 17:50:24,2026-09-17 18:26:24
2402,PROD-2402,Camiseta Graphic Setin Neck,"Playera casual de algodón con estampado frontal (Talla S, Color Azul)",2133.54,63,1,2026-09-20 06:51:57,2026-09-20 08:48:57
2403,PROD-2403,Freidora de Aire 4L,Freidora sin aceite para cocinar de manera saludable y rápida,6744.50,22,1,2026-09-20 04:47:14,2026-09-20 05:20:14
2404,PROD-2404,Zapatillas Ultraboost Light,"Tenis de running con retorno de energía superior y ligereza (Talla M, Color Verde)",2294.42,42,1,2026-09-19 20:51:22,2026-09-19 21:24:22
2405,PROD-2405,Smart TV OLED C3 65,Televisor inteligente ideal para videojuegos y películas con pánel OLED,1939.32,33,1,2026-09-18 22:09:41,2026-09-18 22:59:41
2406,PROD-2406,Smartphone Redmi Note 13 Pro 128GB,Teléfono inteligente con excelente relación calidad-precio y gran cámara - Color Gris,19501.65,39,1,2026-09-20 00:03:06,2026-09-20 00:05:06
2407,PROD-2407,Freidora XXL Airfryer,Freidora de aire de gran capacidad con tecnología de extracción de grasa,4174.43,45,1,2026-09-18 18:26:17,2026-09-18 19:34:17
2408,PROD-2408,Freidora XXL Airfryer,Freidora de aire de gran capacidad con tecnología de extracción de grasa,6899.78,32,1,2026-09-20 21:01:23,2026-09-20 22:33:23
2409,PROD-2409,Jeans 511 Slim Fit,"Pantalón de mezclilla ajustado de estilo moderno (Talla S, Color Verde)",1273.43,52,1,2026-09-21 09:33:39,2026-09-21 10:04:39
2410,PROD-2410,Jeans 501 Original Fit,"Pantalón de mezclilla clásico de corte recto y ajuste cómodo (Talla M, Color Verde)",1921.69,31,1,2026-09-21 11:06:23,2026-09-21 11:43:23
2411,PROD-2411,Aspiradora Inalámbrica SpeedPro,Aspiradora escoba sin cable con cabezal de succión de 180 grados,1630.15,35,1,2026-09-18 17:04:50,2026-09-18 18:37:50
2412,PROD-2412,Consola PlayStation 5 Slim,Consola de videojuegos de última generación con almacenamiento SSD ultra rápido,27660.79,23,1,2026-09-19 08:25:50,2026-09-19 09:34:50
2413,PROD-2413,Licuadora Reversible 2 Velocidades,Licuadora con motor reversible y vaso de vidrio resistente a choques térmicos,7869.38,15,1,2026-09-17 11:50:31,2026-09-17 12:20:31
2414,PROD-2414,Audífonos Bluetooth WH-1000XM5,Audífonos inalámbricos con la mejor cancelación de ruido del mercado,4524.66,33,1,2026-09-19 12:30:49,2026-09-19 12:45:49
2415,PROD-2415,Freidora XXL Airfryer,Freidora de aire de gran capacidad con tecnología de extracción de grasa,4057.44,47,1,2026-09-19 03:53:16,2026-09-19 05:33:16
2416,PROD-2416,Consola PlayStation 5 Slim,Consola de videojuegos de última generación con almacenamiento SSD ultra rápido,13040.03,29,1,2026-09-22 08:49:38,2026-09-22 09:13:38
2417,PROD-2417,Freidora XXL Airfryer,Freidora de aire de gran capacidad con tecnología de extracción de grasa,7322.99,47,1,2026-09-22 08:30:11,2026-09-22 10:11:11
2418,PROD-2418,Smartphone Galaxy S26 256GB,Smartphone compacto con pantalla fluida y excelente rendimiento - Color Gris,6192.06,49,1,2026-09-20 17:14:41,2026-09-20 17:38:41
2419,PROD-2419,Zapatillas Samba OG,"Tenis de estilo retro icónicos en cuero de primera calidad (Talla S, Color Gris)",2185.04,65,1,2026-09-18 02:26:27,2026-09-18 04:09:27
2420,PROD-2420,Freidora XXL Airfryer,Freidora de aire de gran capacidad con tecnología de extracción de grasa,1673.17,47,1,2026-09-21 08:11:54,2026-09-21 09:12:54
2421,PROD-2421,Cafetera Programable 12 Tazas,Cafetera de goteo con temporizador programable y jarra de vidrio,2123.31,50,1,2026-09-22 05:03:52,2026-09-22 06:06:52
2422,PROD-2422,Aspiradora Inalámbrica SpeedPro,Aspiradora escoba sin cable con cabezal de succión de 180 grados,2848.83,31,1,2026-09-18 16:21:19,2026-09-18 18:16:19
2423,PROD-2423,Monitor Odyssey G9,Monitor curvo ultrawide diseñado para gaming profesional,7176.86,41,1,2026-09-19 15:07:10,2026-09-19 15:09:10
2424,PROD-2424,Aspiradora Inalámbrica SpeedPro,Aspiradora escoba sin cable con cabezal de succión de 180 grados,3558.06,8,1,2026-09-19 09:15:26,2026-09-19 11:05:26
2425,PROD-2425,Jeans 511 Slim Fit,"Pantalón de mezclilla ajustado de estilo moderno (Talla S, Color Rojo)",1469.11,24,1,2026-09-21 01:42:09,2026-09-21 01:59:09
2426,PROD-2426,Zapatillas Running Pegasus 40,"Calzado de correr con amortiguación reactiva para entrenamiento (Talla L, Color Negro)",1693.64,14,1,2026-09-22 05:50:54,2026-09-22 07:36:54
2427,PROD-2427,Freidora XXL Airfryer,Freidora de aire de gran capacidad con tecnología de extracción de grasa,2771.64,60,1,2026-09-20 01:20:45,2026-09-20 01:57:45
2428,PROD-2428,Smartphone Galaxy S26 Ultra 512GB,Smartphone de alta gama con cámara de 200MP y pantalla Dynamic AMOLED - Color Verde,34724.77,13,1,2026-09-21 16:42:22,2026-09-21 17:15:22
2429,PROD-2429,Chaqueta Camionera de Mezclilla,"Chaqueta clásica de mezclilla resistente para uso diario (Talla L, Color Azul)",2459.82,77,1,2026-09-19 16:20:15,2026-09-19 16:29:15
2430,PROD-2430,Polera Sportswear Club Fleece,"Sudadera de felpa con capucha y ajuste estándar (Talla XL, Color Negro)",406.22,46,1,2026-09-19 11:05:24,2026-09-19 11:28:24
2431,PROD-2431,Licuadora Reversible 2 Velocidades,Licuadora con motor reversible y vaso de vidrio resistente a choques térmicos,7478.72,46,1,2026-09-21 02:40:21,2026-09-21 04:29:21
2432,PROD-2432,Consola PlayStation 5 Slim,Consola de videojuegos de última generación con almacenamiento SSD ultra rápido,3878.08,21,1,2026-09-22 03:12:19,2026-09-22 03:54:19
2433,PROD-2433,Jeans 511 Slim Fit,"Pantalón de mezclilla ajustado de estilo moderno (Talla M, Color Rojo)",2070.80,39,1,2026-09-17 18:30:18,2026-09-17 19:05:18
2434,PROD-2434,Polerón Adicolor Classics,"Sudadera clásica con el logotipo de las tres tiras (Talla S, Color Verde)",1530.21,83,1,2026-09-21 15:54:58,2026-09-21 17:03:58
2435,PROD-2435,Polerón Adicolor Classics,"Sudadera clásica con el logotipo de las tres tiras (Talla L, Color Negro)",2274.95,15,1,2026-09-19 08:46:48,2026-09-19 10:43:48
2436,PROD-2436,Chaqueta Camionera de Mezclilla,"Chaqueta clásica de mezclilla resistente para uso diario (Talla L, Color Verde)",461.91,18,1,2026-09-18 01:05:35,2026-09-18 03:05:35
2437,PROD-2437,Licuadora Reversible 2 Velocidades,Licuadora con motor reversible y vaso de vidrio resistente a choques térmicos,7174.66,10,1,2026-09-20 07:41:35,2026-09-20 09:24:35
2438,PROD-2438,Zapatillas Running Pegasus 40,"Calzado de correr con amortiguación reactiva para entrenamiento (Talla S, Color Gris)",691.43,81,1,2026-09-22 07:00:27,2026-09-22 07:31:27
2439,PROD-2439,Audífonos Bluetooth WH-1000XM5,Audífonos inalámbricos con la mejor cancelación de ruido del mercado,7072.09,41,1,2026-09-21 17:24:14,2026-09-21 19:14:14
2440,PROD-2440,Monitor Odyssey G9,Monitor curvo ultrawide diseñado para gaming profesional,8253.83,50,1,2026-09-18 05:48:14,2026-09-18 06:09:14
2441,PROD-2441,Freidora de Aire 4L,Freidora sin aceite para cocinar de manera saludable y rápida,440.18,41,1,2026-09-19 03:09:42,2026-09-19 04:22:42
2442,PROD-2442,Freidora de Aire 4L,Freidora sin aceite para cocinar de manera saludable y rápida,4561.48,11,1,2026-09-20 01:56:25,2026-09-20 02:23:25
2443,PROD-2443,Freidora XXL Airfryer,Freidora de aire de gran capacidad con tecnología de extracción de grasa,6670.19,26,1,2026-09-19 13:29:42,2026-09-19 13:46:42
2444,PROD-2444,Zapatillas Samba OG,"Tenis de estilo retro icónicos en cuero de primera calidad (Talla L, Color Gris)",885.42,25,1,2026-09-21 18:18:28,2026-09-21 19:11:28
2445,PROD-2445,Polerón Adicolor Classics,"Sudadera clásica con el logotipo de las tres tiras (Talla XL, Color Negro)",2452.30,61,1,2026-09-21 01:23:23,2026-09-21 01:47:23
2446,PROD-2446,Freidora XXL Airfryer,Freidora de aire de gran capacidad con tecnología de extracción de grasa,4782.28,60,1,2026-09-21 08:41:01,2026-09-21 09:55:01
2447,PROD-2447,iPhone 16 128GB,Smartphone con pantalla Super Retina XDR y excelente duración de batería - Color Blanco,35934.15,7,1,2026-09-21 21:51:13,2026-09-21 22:00:13
2448,PROD-2448,Freidora XXL Airfryer,Freidora de aire de gran capacidad con tecnología de extracción de grasa,7735.67,25,1,2026-09-18 03:45:28,2026-09-18 04:58:28
2449,PROD-2449,iPhone 16 Pro 128GB,Teléfono inteligente premium con chip de alto rendimiento y triple cámara - Color Azul,4296.85,18,1,2026-09-20 04:28:02,2026-09-20 04:46:02
2450,PROD-2450,Tablet Galaxy Tab S9 512GB,"Tableta de alto rendimiento para diseño, trabajo y entretenimiento - Color Azul",13944.72,38,1,2026-09-21 14:26:07,2026-09-21 15:01:07
2451,PROD-2451,Zapatillas Ultraboost Light,"Tenis de running con retorno de energía superior y ligereza (Talla M, Color Blanco)",1186.80,34,1,2026-09-21 12:19:47,2026-09-21 14:08:47
2452,PROD-2452,Freidora de Aire 4L,Freidora sin aceite para cocinar de manera saludable y rápida,4115.74,25,1,2026-09-20 03:03:57,2026-09-20 03:09:57
2453,PROD-2453,Camiseta Graphic Setin Neck,"Playera casual de algodón con estampado frontal (Talla XL, Color Blanco)",482.02,17,1,2026-09-22 00:20:24,2026-09-22 01:18:24
2454,PROD-2454,Freidora XXL Airfryer,Freidora de aire de gran capacidad con tecnología de extracción de grasa,3541.87,26,1,2026-09-18 07:50:53,2026-09-18 08:26:53
2455,PROD-2455,Camiseta Graphic Setin Neck,"Playera casual de algodón con estampado frontal (Talla S, Color Azul)",2039.24,77,1,2026-09-17 20:52:00,2026-09-17 22:07:00
2456,PROD-2456,Polera Sportswear Club Fleece,"Sudadera de felpa con capucha y ajuste estándar (Talla M, Color Azul)",781.99,45,1,2026-09-20 08:48:05,2026-09-20 09:37:05
2457,PROD-2457,Camiseta Graphic Setin Neck,"Playera casual de algodón con estampado frontal (Talla M, Color Azul)",2295.33,12,1,2026-09-22 05:06:00,2026-09-22 05:36:00
2458,PROD-2458,Aspiradora Inalámbrica SpeedPro,Aspiradora escoba sin cable con cabezal de succión de 180 grados,2063.43,43,1,2026-09-20 13:35:15,2026-09-20 14:57:15
2459,PROD-2459,Smartphone Galaxy Z Flip 6 512GB,Teléfono plegable compacto con pantalla exterior funcional - Color Rojo,9545.80,11,1,2026-09-19 02:56:34,2026-09-19 04:46:34
2460,PROD-2460,Aspiradora Inalámbrica SpeedPro,Aspiradora escoba sin cable con cabezal de succión de 180 grados,554.28,44,1,2026-09-18 02:57:28,2026-09-18 03:27:28
2461,PROD-2461,Zapatillas Air Max 270,"Calzado deportivo con cápsula de aire visible para máxima comodidad (Talla M, Color Verde)",1418.63,77,1,2026-09-17 11:50:54,2026-09-17 12:09:54
2462,PROD-2462,Barra de Sonido HT-A7000,Sistema de audio para cine en casa con soporte Dolby Atmos,27823.87,31,1,2026-09-20 22:04:16,2026-09-20 22:47:16
2463,PROD-2463,Smartphone Xiaomi 14 Ultra 256GB,Smartphone de gama alta enfocado en fotografía profesional Leica - Color Negro,26507.97,32,1,2026-09-18 23:56:11,2026-09-19 01:25:11
2464,PROD-2464,Zapatillas Ultraboost Light,"Tenis de running con retorno de energía superior y ligereza (Talla XL, Color Verde)",2160.11,87,1,2026-09-20 21:40:22,2026-09-20 22:52:22
2465,PROD-2465,Camiseta Graphic Setin Neck,"Playera casual de algodón con estampado frontal (Talla XL, Color Rojo)",771.98,41,1,2026-09-19 10:38:51,2026-09-19 10:43:51
2466,PROD-2466,Pantalón de Buzo Tech Fleece,"Pantalón deportivo térmico con diseño estilizado (Talla M, Color Rojo)",1066.87,39,1,2026-09-20 02:06:02,2026-09-20 03:17:02
2467,PROD-2467,Smartphone Galaxy S26+ 256GB,Teléfono inteligente con procesador de última generación y batería de larga duración - Color Blanco,15081.10,7,1,2026-09-18 17:12:24,2026-09-18 18:11:24
2468,PROD-2468,Polerón Adicolor Classics,"Sudadera clásica con el logotipo de las tres tiras (Talla S, Color Negro)",1814.07,80,1,2026-09-20 03:37:25,2026-09-20 05:08:25
2469,PROD-2469,MacBook Pro 16 M3 256GB,Computadora portátil profesional para edición de video y desarrollo - Color Gris,3938.39,21,1,2026-09-17 13:03:40,2026-09-17 15:00:40
2470,PROD-2470,Freidora XXL Airfryer,Freidora de aire de gran capacidad con tecnología de extracción de grasa,7934.00,49,1,2026-09-21 01:04:56,2026-09-21 02:57:56
2471,PROD-2471,Jeans 501 Original Fit,"Pantalón de mezclilla clásico de corte recto y ajuste cómodo (Talla L, Color Blanco)",1665.31,21,1,2026-09-22 08:39:16,2026-09-22 09:11:16
2472,PROD-2472,Licuadora Reversible 2 Velocidades,Licuadora con motor reversible y vaso de vidrio resistente a choques térmicos,4017.69,25,1,2026-09-20 18:09:26,2026-09-20 18:30:26
2473,PROD-2473,Freidora de Aire 4L,Freidora sin aceite para cocinar de manera saludable y rápida,6609.70,21,1,2026-09-22 07:14:34,2026-09-22 08:06:34
2474,PROD-2474,Jeans 501 Original Fit,"Pantalón de mezclilla clásico de corte recto y ajuste cómodo (Talla M, Color Rojo)",946.99,64,1,2026-09-21 16:46:30,2026-09-21 17:30:30
2475,PROD-2475,Zapatillas Running Pegasus 40,"Calzado de correr con amortiguación reactiva para entrenamiento (Talla M, Color Negro)",1938.64,90,1,2026-09-20 22:37:04,2026-09-20 22:39:04
2476,PROD-2476,Freidora XXL Airfryer,Freidora de aire de gran capacidad con tecnología de extracción de grasa,1707.72,18,1,2026-09-18 21:28:05,2026-09-18 23:02:05
2477,PROD-2477,MacBook Pro 16 M3 256GB,Computadora portátil profesional para edición de video y desarrollo - Color Blanco,5208.30,34,1,2026-09-17 20:16:52,2026-09-17 21:40:52
2478,PROD-2478,Jeans 511 Slim Fit,"Pantalón de mezclilla ajustado de estilo moderno (Talla S, Color Negro)",1910.35,36,1,2026-09-19 16:45:13,2026-09-19 18:05:13
2479,PROD-2479,Zapatillas Samba OG,"Tenis de estilo retro icónicos en cuero de primera calidad (Talla M, Color Verde)",486.03,30,1,2026-09-20 08:20:57,2026-09-20 09:08:57
2480,PROD-2480,iPad Pro 12.9,Tableta profesional con pantalla Liquid Retina XDR y chip M2,1747.10,16,1,2026-09-21 15:02:10,2026-09-21 16:49:10
2481,PROD-2481,Jeans 501 Original Fit,"Pantalón de mezclilla clásico de corte recto y ajuste cómodo (Talla M, Color Blanco)",507.41,63,1,2026-09-18 03:09:00,2026-09-18 04:04:00
2482,PROD-2482,MacBook Air 15 M2 512GB,Laptop ultra delgada y liviana con gran autonomía - Color Azul,6087.60,43,1,2026-09-20 16:57:32,2026-09-20 18:21:32
2483,PROD-2483,Freidora de Aire 4L,Freidora sin aceite para cocinar de manera saludable y rápida,3629.14,47,1,2026-09-22 07:05:47,2026-09-22 08:01:47
2484,PROD-2484,Polera Sportswear Club Fleece,"Sudadera de felpa con capucha y ajuste estándar (Talla M, Color Verde)",2066.35,12,1,2026-09-18 15:56:28,2026-09-18 16:47:28
2485,PROD-2485,Zapatillas Running Pegasus 40,"Calzado de correr con amortiguación reactiva para entrenamiento (Talla XL, Color Negro)",2230.66,24,1,2026-09-22 07:22:15,2026-09-22 08:50:15
2486,PROD-2486,Smartphone Galaxy Z Fold 6 128GB,Teléfono plegable con pantalla gigante para productividad y multitarea - Color Rojo,17515.92,46,1,2026-09-20 23:55:21,2026-09-21 01:26:21
2487,PROD-2487,Licuadora Reversible 2 Velocidades,Licuadora con motor reversible y vaso de vidrio resistente a choques térmicos,4336.45,42,1,2026-09-18 21:06:57,2026-09-18 22:48:57
2488,PROD-2488,iPhone 16 Pro Max 128GB,Smartphone insignia de Apple con acabado en titanio y cámara profesional - Color Blanco,19634.60,10,1,2026-09-19 12:44:39,2026-09-19 13:51:39
2489,PROD-2489,Freidora de Aire 4L,Freidora sin aceite para cocinar de manera saludable y rápida,2384.67,43,1,2026-09-18 07:11:24,2026-09-18 08:56:24
2490,PROD-2490,Smart TV 65 Neo QLED,Televisor inteligente 4K con tecnología de puntos cuánticos y alto contraste,17913.05,18,1,2026-09-18 07:42:16,2026-09-18 09:24:16
2491,PROD-2491,Audífonos Galaxy Buds3 Pro,Audífonos inalámbricos con cancelación activa de ruido inteligente,5747.69,33,1,2026-09-17 21:45:39,2026-09-17 22:39:39
2492,PROD-2492,Cafetera Programable 12 Tazas,Cafetera de goteo con temporizador programable y jarra de vidrio,6177.06,37,1,2026-09-18 11:20:02,2026-09-18 12:47:02
2493,PROD-2493,Zapatillas Air Force 1 '07,"Tenis clásicos de cuero blanco para uso urbano y casual (Talla S, Color Negro)",2027.10,95,1,2026-09-21 15:58:28,2026-09-21 16:01:28
2494,PROD-2494,Licuadora Reversible 2 Velocidades,Licuadora con motor reversible y vaso de vidrio resistente a choques térmicos,2850.97,56,1,2026-09-21 23:26:52,2026-09-22 01:09:52
2495,PROD-2495,Licuadora Reversible 2 Velocidades,Licuadora con motor reversible y vaso de vidrio resistente a choques térmicos,5628.47,38,1,2026-09-22 08:38:54,2026-09-22 08:50:54
2496,PROD-2496,Polerón Adicolor Classics,"Sudadera clásica con el logotipo de las tres tiras (Talla L, Color Negro)",2043.05,87,1,2026-09-17 15:07:15,2026-09-17 16:39:15
2497,PROD-2497,Cámara Alpha 7 IV,Cámara mirrorless profesional de fotograma completo para foto y video,13956.10,12,1,2026-09-22 07:05:33,2026-09-22 09:02:33
2498,PROD-2498,Aspiradora Inalámbrica SpeedPro,Aspiradora escoba sin cable con cabezal de succión de 180 grados,2382.11,13,1,2026-09-20 18:50:30,2026-09-20 20:34:30
2499,PROD-2499,Refrigeradora InstaView,Refrigerador inteligente con panel de cristal panorámico,20961.67,35,1,2026-09-19 05:10:54,2026-09-19 06:12:54
2500,PROD-2500,Licuadora Reversible 2 Velocidades,Licuadora con motor reversible y vaso de vidrio resistente a choques térmicos,1735.51,56,1,2026-09-19 05:26:34,2026-09-19 06:30:34
2501,PROD-2501,Freidora de Aire 4L,Freidora sin aceite para cocinar de manera saludable y rápida,3283.78,10,1,2026-09-20 13:12:56,2026-09-20 14:07:56
2502,PROD-2502,Jeans 501 Original Fit,"Pantalón de mezclilla clásico de corte recto y ajuste cómodo (Talla S, Color Negro)",1773.38,41,1,2026-09-19 18:23:33,2026-09-19 19:07:33
2503,PROD-2503,Freidora XXL Airfryer,Freidora de aire de gran capacidad con tecnología de extracción de grasa,3147.15,41,1,2026-09-19 03:25:07,2026-09-19 04:32:07
2504,PROD-2504,Smart Band 8,Pulsera de actividad física con seguimiento del sueño y deporte,20486.55,20,1,2026-09-19 23:30:03,2026-09-19 23:49:03
2505,PROD-2505,Zapatillas Ultraboost Light,"Tenis de running con retorno de energía superior y ligereza (Talla L, Color Gris)",1771.85,56,1,2026-09-19 08:31:22,2026-09-19 10:16:22
2506,PROD-2506,Monitor UltraGear 27,Monitor de alta frecuencia de actualización para juegos competitivos,26400.79,40,1,2026-09-21 19:22:59,2026-09-21 19:27:59
2507,PROD-2507,Freidora XXL Airfryer,Freidora de aire de gran capacidad con tecnología de extracción de grasa,3491.16,23,1,2026-09-19 23:05:41,2026-09-20 00:22:41
2508,PROD-2508,Aspiradora Inalámbrica SpeedPro,Aspiradora escoba sin cable con cabezal de succión de 180 grados,6377.58,9,1,2026-09-22 03:50:29,2026-09-22 05:09:29
2509,PROD-2509,Licuadora Reversible 2 Velocidades,Licuadora con motor reversible y vaso de vidrio resistente a choques térmicos,890.31,25,1,2026-09-22 08:09:22,2026-09-22 08:15:22
2510,PROD-2510,Patinete Eléctrico Pro 4,Scooter eléctrico con gran autonomía para movilidad urbana,30138.89,12,1,2026-09-20 20:18:02,2026-09-20 22:15:02
2511,PROD-2511,Freidora de Aire 4L,Freidora sin aceite para cocinar de manera saludable y rápida,5154.40,24,1,2026-09-21 09:06:51,2026-09-21 09:28:51
2512,PROD-2512,Aspiradora Inalámbrica SpeedPro,Aspiradora escoba sin cable con cabezal de succión de 180 grados,7091.45,23,1,2026-09-20 14:27:23,2026-09-20 14:51:23
2513,PROD-2513,Zapatillas Ultraboost Light,"Tenis de running con retorno de energía superior y ligereza (Talla S, Color Azul)",925.77,29,1,2026-09-21 13:22:12,2026-09-21 13:30:12
2514,PROD-2514,Robot Aspiradora X10+,Aspiradora robótica con estación de vaciado automático y mapeo láser,24565.56,15,1,2026-09-20 15:20:20,2026-09-20 16:33:20
2515,PROD-2515,Aspiradora Inalámbrica SpeedPro,Aspiradora escoba sin cable con cabezal de succión de 180 grados,2661.66,9,1,2026-09-18 22:42:20,2026-09-19 00:34:20
2516,PROD-2516,Zapatillas Ultraboost Light,"Tenis de running con retorno de energía superior y ligereza (Talla L, Color Verde)",1909.24,77,1,2026-09-20 02:06:36,2026-09-20 02:33:36
2517,PROD-2517,Cámara Alpha 7 IV,Cámara mirrorless profesional de fotograma completo para foto y video,3416.97,7,1,2026-09-22 11:04:31,2026-09-22 11:53:31
2518,PROD-2518,Zapatillas Samba OG,"Tenis de estilo retro icónicos en cuero de primera calidad (Talla M, Color Gris)",2384.20,57,1,2026-09-22 01:41:58,2026-09-22 02:18:58
2519,PROD-2519,Apple Watch Series 10,Reloj inteligente con sensores avanzados de salud y actividad física,28497.40,48,1,2026-09-19 17:06:14,2026-09-19 17:49:14
2520,PROD-2520,Freidora de Aire 4L,Freidora sin aceite para cocinar de manera saludable y rápida,1856.71,54,1,2026-09-17 14:44:44,2026-09-17 16:09:44
2521,PROD-2521,Smart Band 8,Pulsera de actividad física con seguimiento del sueño y deporte,11424.40,22,1,2026-09-19 05:40:45,2026-09-19 06:45:45
2522,PROD-2522,Licuadora Reversible 2 Velocidades,Licuadora con motor reversible y vaso de vidrio resistente a choques térmicos,5953.93,31,1,2026-09-18 22:31:12,2026-09-18 23:42:12
2523,PROD-2523,Freidora de Aire 4L,Freidora sin aceite para cocinar de manera saludable y rápida,2919.79,16,1,2026-09-20 07:10:38,2026-09-20 08:28:38
2524,PROD-2524,Cafetera Programable 12 Tazas,Cafetera de goteo con temporizador programable y jarra de vidrio,5630.76,10,1,2026-09-19 05:32:51,2026-09-19 06:59:51
2525,PROD-2525,Freidora de Aire 4L,Freidora sin aceite para cocinar de manera saludable y rápida,2215.01,21,1,2026-09-18 17:47:10,2026-09-18 19:24:10
2526,PROD-2526,Chaqueta Camionera de Mezclilla,"Chaqueta clásica de mezclilla resistente para uso diario (Talla L, Color Verde)",612.69,38,1,2026-09-22 08:50:32,2026-09-22 09:08:32
2527,PROD-2527,Smartphone Galaxy S26+ 1TB,Teléfono inteligente con procesador de última generación y batería de larga duración - Color Rojo,17058.98,12,1,2026-09-20 18:38:17,2026-09-20 18:44:17
2528,PROD-2528,Licuadora Reversible 2 Velocidades,Licuadora con motor reversible y vaso de vidrio resistente a choques térmicos,4909.21,48,1,2026-09-21 14:12:44,2026-09-21 14:37:44
2529,PROD-2529,Jeans 511 Slim Fit,"Pantalón de mezclilla ajustado de estilo moderno (Talla XL, Color Verde)",1044.49,38,1,2026-09-17 17:04:04,2026-09-17 18:56:04
2530,PROD-2530,Jeans 501 Original Fit,"Pantalón de mezclilla clásico de corte recto y ajuste cómodo (Talla S, Color Rojo)",1986.91,73,1,2026-09-22 01:48:26,2026-09-22 02:29:26
2531,PROD-2531,Camiseta Graphic Setin Neck,"Playera casual de algodón con estampado frontal (Talla XL, Color Rojo)",1898.62,77,1,2026-09-17 12:34:41,2026-09-17 12:35:41
2532,PROD-2532,iPhone 16 Pro Max 128GB,Smartphone insignia de Apple con acabado en titanio y cámara profesional - Color Rojo,4289.48,31,1,2026-09-18 03:40:14,2026-09-18 04:50:14
2533,PROD-2533,Refrigeradora InstaView,Refrigerador inteligente con panel de cristal panorámico,33313.59,20,1,2026-09-21 15:36:45,2026-09-21 16:24:45
2534,PROD-2534,Pantalón de Buzo Tech Fleece,"Pantalón deportivo térmico con diseño estilizado (Talla L, Color Verde)",959.85,86,1,2026-09-18 04:47:24,2026-09-18 06:19:24
2535,PROD-2535,Jeans 511 Slim Fit,"Pantalón de mezclilla ajustado de estilo moderno (Talla XL, Color Gris)",1660.95,54,1,2026-09-18 06:51:42,2026-09-18 08:44:42
2536,PROD-2536,Smartphone Galaxy Z Flip 6 128GB,Teléfono plegable compacto con pantalla exterior funcional - Color Negro,31414.88,45,1,2026-09-22 03:46:07,2026-09-22 04:59:07
2537,PROD-2537,Chaqueta Camionera de Mezclilla,"Chaqueta clásica de mezclilla resistente para uso diario (Talla M, Color Blanco)",1203.55,71,1,2026-09-19 13:18:11,2026-09-19 15:05:11
2538,PROD-2538,Smart TV OLED C3 65,Televisor inteligente ideal para videojuegos y películas con pánel OLED,27356.50,31,1,2026-09-18 15:42:48,2026-09-18 16:03:48
2539,PROD-2539,Licuadora Reversible 2 Velocidades,Licuadora con motor reversible y vaso de vidrio resistente a choques térmicos,5009.92,40,1,2026-09-18 08:53:39,2026-09-18 09:02:39
2540,PROD-2540,Patinete Eléctrico Pro 4,Scooter eléctrico con gran autonomía para movilidad urbana,12399.29,31,1,2026-09-17 22:32:03,2026-09-17 22:43:03
2541,PROD-2541,Chaqueta Camionera de Mezclilla,"Chaqueta clásica de mezclilla resistente para uso diario (Talla M, Color Rojo)",1502.63,15,1,2026-09-19 16:46:54,2026-09-19 18:06:54
2542,PROD-2542,Audífonos Bluetooth WH-1000XM5,Audífonos inalámbricos con la mejor cancelación de ruido del mercado,17979.33,30,1,2026-09-20 01:47:13,2026-09-20 02:42:13
2543,PROD-2543,Cafetera Programable 12 Tazas,Cafetera de goteo con temporizador programable y jarra de vidrio,5672.02,15,1,2026-09-22 00:03:05,2026-09-22 00:19:05
2544,PROD-2544,Jeans 501 Original Fit,"Pantalón de mezclilla clásico de corte recto y ajuste cómodo (Talla M, Color Negro)",1468.55,36,1,2026-09-19 15:58:43,2026-09-19 16:47:43
2545,PROD-2545,Zapatillas Ultraboost Light,"Tenis de running con retorno de energía superior y ligereza (Talla S, Color Azul)",681.08,68,1,2026-09-17 21:56:31,2026-09-17 22:37:31
2546,PROD-2546,Licuadora Reversible 2 Velocidades,Licuadora con motor reversible y vaso de vidrio resistente a choques térmicos,7641.18,57,1,2026-09-18 19:11:38,2026-09-18 19:43:38
2547,PROD-2547,Zapatillas Air Force 1 '07,"Tenis clásicos de cuero blanco para uso urbano y casual (Talla XL, Color Rojo)",1533.13,65,1,2026-09-20 22:40:01,2026-09-20 22:53:01
2548,PROD-2548,Zapatillas Samba OG,"Tenis de estilo retro icónicos en cuero de primera calidad (Talla XL, Color Rojo)",1734.92,28,1,2026-09-21 05:49:23,2026-09-21 06:15:23
2549,PROD-2549,Aspiradora Inalámbrica SpeedPro,Aspiradora escoba sin cable con cabezal de succión de 180 grados,6097.44,10,1,2026-09-18 04:13:34,2026-09-18 04:43:34
2550,PROD-2550,Zapatillas Ultraboost Light,"Tenis de running con retorno de energía superior y ligereza (Talla XL, Color Blanco)",1086.61,40,1,2026-09-20 08:48:33,2026-09-20 10:38:33
2551,PROD-2551,Freidora de Aire 4L,Freidora sin aceite para cocinar de manera saludable y rápida,750.52,22,1,2026-09-21 09:18:43,2026-09-21 10:05:43
2552,PROD-2552,Licuadora Reversible 2 Velocidades,Licuadora con motor reversible y vaso de vidrio resistente a choques térmicos,1178.81,31,1,2026-09-20 05:07:00,2026-09-20 06:35:00
2553,PROD-2553,Cafetera Programable 12 Tazas,Cafetera de goteo con temporizador programable y jarra de vidrio,6649.15,40,1,2026-09-19 16:59:12,2026-09-19 18:11:12
2554,PROD-2554,Freidora de Aire 4L,Freidora sin aceite para cocinar de manera saludable y rápida,2571.81,19,1,2026-09-17 13:39:16,2026-09-17 15:10:16
2555,PROD-2555,Zapatillas Running Pegasus 40,"Calzado de correr con amortiguación reactiva para entrenamiento (Talla M, Color Azul)",1975.87,100,1,2026-09-20 22:46:32,2026-09-21 00:05:32
2556,PROD-2556,Aspiradora Inalámbrica SpeedPro,Aspiradora escoba sin cable con cabezal de succión de 180 grados,7008.81,50,1,2026-09-19 06:31:32,2026-09-19 08:17:32
2557,PROD-2557,Freidora XXL Airfryer,Freidora de aire de gran capacidad con tecnología de extracción de grasa,7157.55,26,1,2026-09-18 08:30:03,2026-09-18 09:38:03
2558,PROD-2558,Zapatillas Samba OG,"Tenis de estilo retro icónicos en cuero de primera calidad (Talla M, Color Blanco)",1060.26,23,1,2026-09-19 06:14:01,2026-09-19 06:16:01
2559,PROD-2559,Freidora XXL Airfryer,Freidora de aire de gran capacidad con tecnología de extracción de grasa,7644.99,20,1,2026-09-18 03:08:16,2026-09-18 03:31:16
2560,PROD-2560,Audífonos Bluetooth WH-1000XM5,Audífonos inalámbricos con la mejor cancelación de ruido del mercado,28057.54,32,1,2026-09-19 22:13:30,2026-09-19 23:25:30
2561,PROD-2561,Freidora de Aire 4L,Freidora sin aceite para cocinar de manera saludable y rápida,5128.86,9,1,2026-09-20 20:36:31,2026-09-20 21:36:31
2562,PROD-2562,Smartphone Redmi Note 13 Pro 1TB,Teléfono inteligente con excelente relación calidad-precio y gran cámara - Color Azul,35018.16,6,1,2026-09-21 08:50:46,2026-09-21 09:46:46
2563,PROD-2563,MacBook Air 15 M2 256GB,Laptop ultra delgada y liviana con gran autonomía - Color Rojo,22038.95,25,1,2026-09-21 12:57:16,2026-09-21 14:21:16
2564,PROD-2564,Freidora XXL Airfryer,Freidora de aire de gran capacidad con tecnología de extracción de grasa,7228.77,41,1,2026-09-18 07:31:52,2026-09-18 08:55:52
2565,PROD-2565,Freidora de Aire 4L,Freidora sin aceite para cocinar de manera saludable y rápida,6692.90,30,1,2026-09-19 22:41:59,2026-09-20 00:34:59
2566,PROD-2566,Licuadora Reversible 2 Velocidades,Licuadora con motor reversible y vaso de vidrio resistente a choques térmicos,7257.09,44,1,2026-09-21 04:11:46,2026-09-21 05:06:46
2567,PROD-2567,Jeans 511 Slim Fit,"Pantalón de mezclilla ajustado de estilo moderno (Talla XL, Color Rojo)",1990.68,79,1,2026-09-21 13:53:16,2026-09-21 14:11:16
2568,PROD-2568,Zapatillas Samba OG,"Tenis de estilo retro icónicos en cuero de primera calidad (Talla S, Color Rojo)",1172.23,58,1,2026-09-19 13:33:38,2026-09-19 14:25:38
2569,PROD-2569,Licuadora Reversible 2 Velocidades,Licuadora con motor reversible y vaso de vidrio resistente a choques térmicos,513.49,38,1,2026-09-22 09:08:20,2026-09-22 10:02:20
2570,PROD-2570,MacBook Pro 16 M3 512GB,Computadora portátil profesional para edición de video y desarrollo - Color Rojo,12458.26,12,1,2026-09-19 00:02:51,2026-09-19 01:49:51
2571,PROD-2571,Smart TV Bravia XR OLED 55,Televisor OLED con negros absolutos y procesador de imagen cognitivo,19722.12,20,1,2026-09-21 00:56:04,2026-09-21 02:37:04
2572,PROD-2572,Zapatillas Samba OG,"Tenis de estilo retro icónicos en cuero de primera calidad (Talla S, Color Negro)",2139.94,31,1,2026-09-20 09:01:55,2026-09-20 10:37:55
2573,PROD-2573,Smartphone Galaxy S26 Ultra 1TB,Smartphone de alta gama con cámara de 200MP y pantalla Dynamic AMOLED - Color Rojo,14368.89,29,1,2026-09-17 20:28:30,2026-09-17 20:35:30
2574,PROD-2574,Robot Aspiradora X10+,Aspiradora robótica con estación de vaciado automático y mapeo láser,7673.08,10,1,2026-09-21 12:41:16,2026-09-21 13:05:16
2575,PROD-2575,Freidora XXL Airfryer,Freidora de aire de gran capacidad con tecnología de extracción de grasa,764.16,12,1,2026-09-19 17:59:55,2026-09-19 19:06:55
2576,PROD-2576,Refrigeradora InstaView,Refrigerador inteligente con panel de cristal panorámico,10413.27,23,1,2026-09-21 07:05:16,2026-09-21 08:22:16
2577,PROD-2577,Consola PlayStation 5 Slim,Consola de videojuegos de última generación con almacenamiento SSD ultra rápido,16586.36,16,1,2026-09-21 07:02:25,2026-09-21 08:08:25
2578,PROD-2578,Monitor UltraGear 27,Monitor de alta frecuencia de actualización para juegos competitivos,23293.60,45,1,2026-09-18 08:16:39,2026-09-18 08:22:39
2579,PROD-2579,Freidora XXL Airfryer,Freidora de aire de gran capacidad con tecnología de extracción de grasa,5245.02,25,1,2026-09-17 13:48:24,2026-09-17 15:42:24
2580,PROD-2580,Pantalón de Buzo Tech Fleece,"Pantalón deportivo térmico con diseño estilizado (Talla L, Color Azul)",698.97,67,1,2026-09-18 07:42:26,2026-09-18 09:14:26
2581,PROD-2581,Zapatillas Air Max 270,"Calzado deportivo con cápsula de aire visible para máxima comodidad (Talla M, Color Gris)",391.84,21,1,2026-09-21 23:58:54,2026-09-22 01:49:54
2582,PROD-2582,Polerón Adicolor Classics,"Sudadera clásica con el logotipo de las tres tiras (Talla XL, Color Azul)",2334.64,30,1,2026-09-20 21:42:10,2026-09-20 23:11:10
2583,PROD-2583,Freidora de Aire 4L,Freidora sin aceite para cocinar de manera saludable y rápida,572.79,41,1,2026-09-21 13:36:28,2026-09-21 14:44:28
2584,PROD-2584,Jeans 511 Slim Fit,"Pantalón de mezclilla ajustado de estilo moderno (Talla M, Color Blanco)",1325.81,21,1,2026-09-18 06:40:42,2026-09-18 08:39:42
2585,PROD-2585,Zapatillas Air Max 270,"Calzado deportivo con cápsula de aire visible para máxima comodidad (Talla M, Color Gris)",2319.01,61,1,2026-09-18 03:11:24,2026-09-18 04:10:24
2586,PROD-2586,Freidora de Aire 4L,Freidora sin aceite para cocinar de manera saludable y rápida,480.87,18,1,2026-09-21 14:06:11,2026-09-21 14:19:11
2587,PROD-2587,Smart TV OLED C3 65,Televisor inteligente ideal para videojuegos y películas con pánel OLED,516.49,12,1,2026-09-18 19:13:58,2026-09-18 20:49:58
2588,PROD-2588,Chaqueta Camionera de Mezclilla,"Chaqueta clásica de mezclilla resistente para uso diario (Talla M, Color Azul)",1415.86,83,1,2026-09-19 13:35:48,2026-09-19 14:23:48
2589,PROD-2589,MacBook Pro 16 M3 1TB,Computadora portátil profesional para edición de video y desarrollo - Color Negro,32144.72,39,1,2026-09-19 06:34:18,2026-09-19 07:13:18
2590,PROD-2590,Zapatillas Ultraboost Light,"Tenis de running con retorno de energía superior y ligereza (Talla M, Color Rojo)",1044.50,28,1,2026-09-19 20:58:09,2026-09-19 21:35:09
2591,PROD-2591,Licuadora Reversible 2 Velocidades,Licuadora con motor reversible y vaso de vidrio resistente a choques térmicos,3676.81,26,1,2026-09-17 19:03:41,2026-09-17 19:33:41
2592,PROD-2592,Chaqueta Camionera de Mezclilla,"Chaqueta clásica de mezclilla resistente para uso diario (Talla S, Color Azul)",1361.36,23,1,2026-09-18 08:00:17,2026-09-18 09:55:17
2593,PROD-2593,Zapatillas Samba OG,"Tenis de estilo retro icónicos en cuero de primera calidad (Talla M, Color Blanco)",511.63,30,1,2026-09-21 08:25:39,2026-09-21 08:36:39
2594,PROD-2594,Polerón Adicolor Classics,"Sudadera clásica con el logotipo de las tres tiras (Talla M, Color Negro)",1700.77,43,1,2026-09-20 15:00:15,2026-09-20 16:59:15
2595,PROD-2595,Chaqueta Camionera de Mezclilla,"Chaqueta clásica de mezclilla resistente para uso diario (Talla XL, Color Verde)",1826.58,66,1,2026-09-18 21:24:59,2026-09-18 23:01:59
2596,PROD-2596,Jeans 511 Slim Fit,"Pantalón de mezclilla ajustado de estilo moderno (Talla S, Color Rojo)",731.02,97,1,2026-09-19 09:44:02,2026-09-19 10:36:02
2597,PROD-2597,Audífonos Bluetooth WH-1000XM5,Audífonos inalámbricos con la mejor cancelación de ruido del mercado,20821.10,33,1,2026-09-21 22:57:03,2026-09-21 22:59:03
2598,PROD-2598,Polerón Adicolor Classics,"Sudadera clásica con el logotipo de las tres tiras (Talla XL, Color Azul)",1813.60,25,1,2026-09-20 05:24:50,2026-09-20 06:25:50
2599,PROD-2599,Freidora de Aire 4L,Freidora sin aceite para cocinar de manera saludable y rápida,6942.87,39,1,2026-09-18 21:43:12,2026-09-18 23:38:12
2600,PROD-2600,Zapatillas Ultraboost Light,"Tenis de running con retorno de energía superior y ligereza (Talla S, Color Gris)",1993.75,58,1,2026-09-20 18:05:27,2026-09-20 18:23:27
2601,PROD-2601,iPhone 16 256GB,Smartphone con pantalla Super Retina XDR y excelente duración de batería - Color Verde,12900.29,48,1,2026-09-18 10:32:42,2026-09-18 10:43:42
2602,PROD-2602,Polerón Adicolor Classics,"Sudadera clásica con el logotipo de las tres tiras (Talla L, Color Negro)",2021.17,79,1,2026-09-20 04:29:51,2026-09-20 06:28:51
2603,PROD-2603,Smart TV Bravia XR OLED 55,Televisor OLED con negros absolutos y procesador de imagen cognitivo,20714.83,9,1,2026-09-20 15:30:04,2026-09-20 16:53:04
2604,PROD-2604,Smartphone Galaxy S26 512GB,Smartphone compacto con pantalla fluida y excelente rendimiento - Color Rojo,14626.53,34,1,2026-09-22 01:18:25,2026-09-22 02:34:25
2605,PROD-2605,Refrigeradora InstaView,Refrigerador inteligente con panel de cristal panorámico,19466.21,48,1,2026-09-19 02:27:47,2026-09-19 02:57:47
2606,PROD-2606,Polerón Adicolor Classics,"Sudadera clásica con el logotipo de las tres tiras (Talla L, Color Rojo)",2216.37,30,1,2026-09-18 05:50:05,2026-09-18 07:44:05
2607,PROD-2607,Consola PlayStation 5 Slim,Consola de videojuegos de última generación con almacenamiento SSD ultra rápido,34274.70,49,1,2026-09-21 21:37:06,2026-09-21 22:06:06
2608,PROD-2608,Aspiradora Inalámbrica SpeedPro,Aspiradora escoba sin cable con cabezal de succión de 180 grados,4255.95,26,1,2026-09-21 09:46:59,2026-09-21 10:02:59
2609,PROD-2609,Zapatillas Samba OG,"Tenis de estilo retro icónicos en cuero de primera calidad (Talla S, Color Verde)",530.63,54,1,2026-09-20 05:09:53,2026-09-20 06:29:53
2610,PROD-2610,Freidora XXL Airfryer,Freidora de aire de gran capacidad con tecnología de extracción de grasa,5684.13,36,1,2026-09-18 00:42:26,2026-09-18 01:27:26
2611,PROD-2611,Audífonos AirPods Pro 2,Audífonos intrauditivos con cancelación de ruido de nivel superior,14758.69,29,1,2026-09-20 08:54:47,2026-09-20 09:19:47
2612,PROD-2612,Licuadora Reversible 2 Velocidades,Licuadora con motor reversible y vaso de vidrio resistente a choques térmicos,7497.67,36,1,2026-09-19 03:23:33,2026-09-19 04:11:33
2613,PROD-2613,Smart TV OLED C3 65,Televisor inteligente ideal para videojuegos y películas con pánel OLED,26039.01,47,1,2026-09-20 06:33:16,2026-09-20 07:36:16
2614,PROD-2614,Aspiradora Inalámbrica SpeedPro,Aspiradora escoba sin cable con cabezal de succión de 180 grados,4519.02,47,1,2026-09-20 23:02:19,2026-09-21 00:59:19
2615,PROD-2615,Zapatillas Samba OG,"Tenis de estilo retro icónicos en cuero de primera calidad (Talla M, Color Blanco)",1038.25,83,1,2026-09-18 15:55:27,2026-09-18 16:58:27
2616,PROD-2616,Cafetera Programable 12 Tazas,Cafetera de goteo con temporizador programable y jarra de vidrio,4444.27,51,1,2026-09-20 15:43:36,2026-09-20 15:43:36
2617,PROD-2617,Zapatillas Ultraboost Light,"Tenis de running con retorno de energía superior y ligereza (Talla M, Color Gris)",461.52,44,1,2026-09-17 15:42:42,2026-09-17 17:06:42
2618,PROD-2618,Pantalón de Buzo Tech Fleece,"Pantalón deportivo térmico con diseño estilizado (Talla L, Color Verde)",1331.77,14,1,2026-09-17 15:49:08,2026-09-17 17:15:08
2619,PROD-2619,MacBook Air 15 M2 256GB,Laptop ultra delgada y liviana con gran autonomía - Color Verde,12663.42,28,1,2026-09-19 02:26:05,2026-09-19 02:58:05
2620,PROD-2620,Monitor UltraGear 27,Monitor de alta frecuencia de actualización para juegos competitivos,16854.35,30,1,2026-09-18 15:55:03,2026-09-18 16:12:03
2621,PROD-2621,Zapatillas Samba OG,"Tenis de estilo retro icónicos en cuero de primera calidad (Talla M, Color Verde)",880.24,27,1,2026-09-21 14:54:11,2026-09-21 16:02:11
2622,PROD-2622,Aspiradora Inalámbrica SpeedPro,Aspiradora escoba sin cable con cabezal de succión de 180 grados,6710.34,22,1,2026-09-18 15:41:36,2026-09-18 16:50:36
2623,PROD-2623,Freidora de Aire 4L,Freidora sin aceite para cocinar de manera saludable y rápida,3477.25,24,1,2026-09-17 22:57:03,2026-09-18 00:24:03
2624,PROD-2624,Freidora XXL Airfryer,Freidora de aire de gran capacidad con tecnología de extracción de grasa,4451.11,29,1,2026-09-21 20:34:03,2026-09-21 22:33:03
2625,PROD-2625,Chaqueta Camionera de Mezclilla,"Chaqueta clásica de mezclilla resistente para uso diario (Talla XL, Color Blanco)",2432.55,31,1,2026-09-19 22:08:36,2026-09-19 23:23:36
2626,PROD-2626,iPad Pro 12.9,Tableta profesional con pantalla Liquid Retina XDR y chip M2,19305.80,48,1,2026-09-19 17:15:00,2026-09-19 17:28:00
2627,PROD-2627,Smart TV OLED C3 65,Televisor inteligente ideal para videojuegos y películas con pánel OLED,20377.64,30,1,2026-09-19 17:07:50,2026-09-19 17:53:50
2628,PROD-2628,Robot Aspiradora X10+,Aspiradora robótica con estación de vaciado automático y mapeo láser,9831.15,29,1,2026-09-20 20:43:18,2026-09-20 21:24:18
2629,PROD-2629,Monitor UltraGear 27,Monitor de alta frecuencia de actualización para juegos competitivos,27337.57,48,1,2026-09-19 05:11:57,2026-09-19 06:56:57
2630,PROD-2630,Jeans 501 Original Fit,"Pantalón de mezclilla clásico de corte recto y ajuste cómodo (Talla M, Color Gris)",1700.47,25,1,2026-09-21 13:43:25,2026-09-21 15:37:25
2631,PROD-2631,Licuadora Reversible 2 Velocidades,Licuadora con motor reversible y vaso de vidrio resistente a choques térmicos,7345.49,46,1,2026-09-20 09:52:52,2026-09-20 10:13:52
2632,PROD-2632,Audífonos AirPods Pro 2,Audífonos intrauditivos con cancelación de ruido de nivel superior,30072.37,26,1,2026-09-21 00:06:50,2026-09-21 00:36:50
2633,PROD-2633,Jeans 501 Original Fit,"Pantalón de mezclilla clásico de corte recto y ajuste cómodo (Talla L, Color Blanco)",1198.24,21,1,2026-09-19 10:43:29,2026-09-19 11:20:29
2634,PROD-2634,Chaqueta Camionera de Mezclilla,"Chaqueta clásica de mezclilla resistente para uso diario (Talla L, Color Blanco)",580.53,32,1,2026-09-19 16:40:34,2026-09-19 17:59:34
2635,PROD-2635,Smart Band 8,Pulsera de actividad física con seguimiento del sueño y deporte,26338.38,38,1,2026-09-18 01:32:21,2026-09-18 02:02:21
2636,PROD-2636,Polera Sportswear Club Fleece,"Sudadera de felpa con capucha y ajuste estándar (Talla S, Color Negro)",2413.57,44,1,2026-09-18 09:09:25,2026-09-18 10:38:25
2637,PROD-2637,Freidora de Aire 4L,Freidora sin aceite para cocinar de manera saludable y rápida,7622.94,58,1,2026-09-18 00:02:51,2026-09-18 00:06:51
2638,PROD-2638,Camiseta Graphic Setin Neck,"Playera casual de algodón con estampado frontal (Talla XL, Color Rojo)",1487.81,25,1,2026-09-21 16:43:52,2026-09-21 17:58:52
2639,PROD-2639,Freidora XXL Airfryer,Freidora de aire de gran capacidad con tecnología de extracción de grasa,4998.55,16,1,2026-09-22 01:42:53,2026-09-22 02:43:53
2640,PROD-2640,Cámara Alpha 7 IV,Cámara mirrorless profesional de fotograma completo para foto y video,5107.04,37,1,2026-09-20 16:04:33,2026-09-20 17:15:33
2641,PROD-2641,Zapatillas Air Max 270,"Calzado deportivo con cápsula de aire visible para máxima comodidad (Talla M, Color Gris)",1548.42,64,1,2026-09-19 23:57:14,2026-09-20 00:04:14
2642,PROD-2642,Polerón Adicolor Classics,"Sudadera clásica con el logotipo de las tres tiras (Talla XL, Color Azul)",1508.67,45,1,2026-09-19 06:51:05,2026-09-19 08:41:05
2643,PROD-2643,Audífonos AirPods Max,Audífonos de diadema inalámbricos con sonido de alta fidelidad,25566.61,37,1,2026-09-19 12:28:41,2026-09-19 14:02:41
2644,PROD-2644,Aspiradora Inalámbrica SpeedPro,Aspiradora escoba sin cable con cabezal de succión de 180 grados,5969.95,35,1,2026-09-19 16:19:35,2026-09-19 18:00:35
2645,PROD-2645,Polerón Adicolor Classics,"Sudadera clásica con el logotipo de las tres tiras (Talla L, Color Blanco)",1429.37,48,1,2026-09-21 04:50:00,2026-09-21 06:46:00
2646,PROD-2646,Smart TV 65 Neo QLED,Televisor inteligente 4K con tecnología de puntos cuánticos y alto contraste,35481.21,6,1,2026-09-18 07:10:55,2026-09-18 09:09:55
2647,PROD-2647,Smartphone Galaxy S26 Ultra 256GB,Smartphone de alta gama con cámara de 200MP y pantalla Dynamic AMOLED - Color Gris,13723.88,19,1,2026-09-21 00:44:53,2026-09-21 02:06:53
2648,PROD-2648,Smartphone Galaxy Z Fold 6 256GB,Teléfono plegable con pantalla gigante para productividad y multitarea - Color Verde,31646.70,12,1,2026-09-22 07:45:56,2026-09-22 08:26:56
2649,PROD-2649,Jeans 511 Slim Fit,"Pantalón de mezclilla ajustado de estilo moderno (Talla S, Color Gris)",1080.85,14,1,2026-09-20 15:20:53,2026-09-20 15:46:53
2650,PROD-2650,Freidora XXL Airfryer,Freidora de aire de gran capacidad con tecnología de extracción de grasa,5583.16,26,1,2026-09-19 07:31:23,2026-09-19 08:07:23
2651,PROD-2651,Aspiradora Inalámbrica SpeedPro,Aspiradora escoba sin cable con cabezal de succión de 180 grados,4856.89,53,1,2026-09-20 10:48:38,2026-09-20 11:06:38
2652,PROD-2652,Zapatillas Ultraboost Light,"Tenis de running con retorno de energía superior y ligereza (Talla XL, Color Azul)",2282.57,66,1,2026-09-21 20:07:19,2026-09-21 20:44:19
2653,PROD-2653,Freidora XXL Airfryer,Freidora de aire de gran capacidad con tecnología de extracción de grasa,6076.44,16,1,2026-09-19 16:42:10,2026-09-19 18:30:10
2654,PROD-2654,Freidora de Aire 4L,Freidora sin aceite para cocinar de manera saludable y rápida,2588.14,12,1,2026-09-20 15:56:12,2026-09-20 16:23:12
2655,PROD-2655,Smart TV OLED C3 65,Televisor inteligente ideal para videojuegos y películas con pánel OLED,26665.14,17,1,2026-09-17 20:31:12,2026-09-17 20:47:12
2656,PROD-2656,Smart TV OLED C3 65,Televisor inteligente ideal para videojuegos y películas con pánel OLED,31692.57,46,1,2026-09-17 12:23:21,2026-09-17 13:43:21
2657,PROD-2657,Zapatillas Ultraboost Light,"Tenis de running con retorno de energía superior y ligereza (Talla S, Color Azul)",1937.34,21,1,2026-09-20 15:01:42,2026-09-20 15:32:42
2658,PROD-2658,Pantalón de Buzo Tech Fleece,"Pantalón deportivo térmico con diseño estilizado (Talla M, Color Blanco)",1892.72,69,1,2026-09-19 13:36:10,2026-09-19 13:39:10
2659,PROD-2659,Freidora de Aire 4L,Freidora sin aceite para cocinar de manera saludable y rápida,3470.59,53,1,2026-09-18 00:02:28,2026-09-18 01:27:28
2660,PROD-2660,Jeans 511 Slim Fit,"Pantalón de mezclilla ajustado de estilo moderno (Talla L, Color Azul)",1348.16,43,1,2026-09-22 00:07:19,2026-09-22 00:53:19
2661,PROD-2661,Aspiradora Inalámbrica SpeedPro,Aspiradora escoba sin cable con cabezal de succión de 180 grados,1431.07,17,1,2026-09-20 22:32:50,2026-09-21 00:32:50
2662,PROD-2662,Audífonos Bluetooth WH-1000XM5,Audífonos inalámbricos con la mejor cancelación de ruido del mercado,22460.71,37,1,2026-09-22 10:17:36,2026-09-22 11:56:36
2663,PROD-2663,Aspiradora Inalámbrica SpeedPro,Aspiradora escoba sin cable con cabezal de succión de 180 grados,7237.35,43,1,2026-09-18 22:28:07,2026-09-19 00:01:07
2664,PROD-2664,Smartphone Redmi Note 13 Pro 256GB,Teléfono inteligente con excelente relación calidad-precio y gran cámara - Color Verde,16103.55,12,1,2026-09-21 09:21:13,2026-09-21 10:21:13
2665,PROD-2665,Monitor Odyssey G9,Monitor curvo ultrawide diseñado para gaming profesional,24905.64,17,1,2026-09-20 03:51:33,2026-09-20 05:31:33
2666,PROD-2666,Cafetera Programable 12 Tazas,Cafetera de goteo con temporizador programable y jarra de vidrio,5381.01,19,1,2026-09-17 15:37:11,2026-09-17 16:18:11
2667,PROD-2667,iPhone 16 256GB,Smartphone con pantalla Super Retina XDR y excelente duración de batería - Color Verde,15123.88,15,1,2026-09-18 02:02:20,2026-09-18 03:35:20
2668,PROD-2668,Zapatillas Running Pegasus 40,"Calzado de correr con amortiguación reactiva para entrenamiento (Talla S, Color Verde)",1001.88,80,1,2026-09-20 19:33:10,2026-09-20 19:51:10
2669,PROD-2669,iPad Pro 12.9,Tableta profesional con pantalla Liquid Retina XDR y chip M2,23692.85,49,1,2026-09-18 22:58:06,2026-09-19 00:39:06
2670,PROD-2670,Freidora de Aire 4L,Freidora sin aceite para cocinar de manera saludable y rápida,4625.18,27,1,2026-09-19 02:12:35,2026-09-19 03:05:35
2671,PROD-2671,Smart Band 8,Pulsera de actividad física con seguimiento del sueño y deporte,26667.58,36,1,2026-09-18 19:13:55,2026-09-18 19:33:55
2672,PROD-2672,Zapatillas Air Max 270,"Calzado deportivo con cápsula de aire visible para máxima comodidad (Talla S, Color Rojo)",1065.14,42,1,2026-09-20 23:28:40,2026-09-21 01:11:40
2673,PROD-2673,Polerón Adicolor Classics,"Sudadera clásica con el logotipo de las tres tiras (Talla S, Color Blanco)",2270.53,87,1,2026-09-21 00:09:21,2026-09-21 01:05:21
2674,PROD-2674,iPhone 16 1TB,Smartphone con pantalla Super Retina XDR y excelente duración de batería - Color Negro,6254.18,26,1,2026-09-18 23:15:18,2026-09-19 00:40:18
2675,PROD-2675,Aspiradora Inalámbrica SpeedPro,Aspiradora escoba sin cable con cabezal de succión de 180 grados,5862.61,21,1,2026-09-20 10:45:59,2026-09-20 12:15:59
2676,PROD-2676,Jeans 511 Slim Fit,"Pantalón de mezclilla ajustado de estilo moderno (Talla M, Color Blanco)",410.37,96,1,2026-09-22 00:59:04,2026-09-22 01:11:04
2677,PROD-2677,Smart TV Bravia XR OLED 55,Televisor OLED con negros absolutos y procesador de imagen cognitivo,26386.71,8,1,2026-09-20 19:09:46,2026-09-20 19:33:46
2678,PROD-2678,Smartphone Galaxy S26 Ultra 512GB,Smartphone de alta gama con cámara de 200MP y pantalla Dynamic AMOLED - Color Rojo,17857.56,48,1,2026-09-20 07:09:56,2026-09-20 08:15:56
2679,PROD-2679,Aspiradora Inalámbrica SpeedPro,Aspiradora escoba sin cable con cabezal de succión de 180 grados,5595.34,52,1,2026-09-21 23:07:30,2026-09-22 00:39:30
2680,PROD-2680,Aspiradora Inalámbrica SpeedPro,Aspiradora escoba sin cable con cabezal de succión de 180 grados,1803.39,48,1,2026-09-20 17:16:15,2026-09-20 18:06:15
2681,PROD-2681,Smartphone Galaxy Z Fold 6 128GB,Teléfono plegable con pantalla gigante para productividad y multitarea - Color Gris,35218.64,20,1,2026-09-19 19:50:32,2026-09-19 21:12:32
2682,PROD-2682,Refrigeradora InstaView,Refrigerador inteligente con panel de cristal panorámico,11886.06,34,1,2026-09-17 21:01:44,2026-09-17 21:45:44
2683,PROD-2683,iPhone 16 Pro 128GB,Teléfono inteligente premium con chip de alto rendimiento y triple cámara - Color Blanco,23323.36,15,1,2026-09-22 04:50:22,2026-09-22 06:48:22
2684,PROD-2684,Freidora XXL Airfryer,Freidora de aire de gran capacidad con tecnología de extracción de grasa,1102.81,20,1,2026-09-20 08:58:00,2026-09-20 09:33:00
2685,PROD-2685,Licuadora Reversible 2 Velocidades,Licuadora con motor reversible y vaso de vidrio resistente a choques térmicos,5051.81,20,1,2026-09-17 12:04:22,2026-09-17 13:17:22
2686,PROD-2686,Zapatillas Air Force 1 '07,"Tenis clásicos de cuero blanco para uso urbano y casual (Talla M, Color Verde)",1625.99,21,1,2026-09-21 04:00:19,2026-09-21 04:14:19
2687,PROD-2687,Smartphone Redmi Note 13 Pro 256GB,Teléfono inteligente con excelente relación calidad-precio y gran cámara - Color Verde,5888.45,18,1,2026-09-18 10:16:52,2026-09-18 10:31:52
2688,PROD-2688,Aspiradora Inalámbrica SpeedPro,Aspiradora escoba sin cable con cabezal de succión de 180 grados,3945.80,50,1,2026-09-18 07:41:35,2026-09-18 07:47:35
2689,PROD-2689,Refrigeradora InstaView,Refrigerador inteligente con panel de cristal panorámico,24407.04,12,1,2026-09-18 03:46:19,2026-09-18 04:34:19
2690,PROD-2690,Jeans 511 Slim Fit,"Pantalón de mezclilla ajustado de estilo moderno (Talla M, Color Negro)",610.06,14,1,2026-09-20 04:22:56,2026-09-20 04:39:56
2691,PROD-2691,Aspiradora Inalámbrica SpeedPro,Aspiradora escoba sin cable con cabezal de succión de 180 grados,7486.26,20,1,2026-09-21 06:05:04,2026-09-21 07:40:04
2692,PROD-2692,Licuadora Reversible 2 Velocidades,Licuadora con motor reversible y vaso de vidrio resistente a choques térmicos,2631.45,20,1,2026-09-20 02:11:30,2026-09-20 02:59:30
2693,PROD-2693,Jeans 501 Original Fit,"Pantalón de mezclilla clásico de corte recto y ajuste cómodo (Talla M, Color Azul)",1748.85,95,1,2026-09-22 09:30:20,2026-09-22 10:08:20
2694,PROD-2694,Licuadora Reversible 2 Velocidades,Licuadora con motor reversible y vaso de vidrio resistente a choques térmicos,6209.14,26,1,2026-09-18 13:00:33,2026-09-18 13:12:33
2695,PROD-2695,Consola PlayStation 5 Slim,Consola de videojuegos de última generación con almacenamiento SSD ultra rápido,28539.21,48,1,2026-09-19 20:51:07,2026-09-19 22:11:07
2696,PROD-2696,Freidora de Aire 4L,Freidora sin aceite para cocinar de manera saludable y rápida,6934.81,44,1,2026-09-21 12:11:38,2026-09-21 12:52:38
2697,PROD-2697,MacBook Air 15 M2 1TB,Laptop ultra delgada y liviana con gran autonomía - Color Blanco,1107.58,42,1,2026-09-18 15:33:37,2026-09-18 17:02:37
2698,PROD-2698,Pantalón de Buzo Tech Fleece,"Pantalón deportivo térmico con diseño estilizado (Talla S, Color Verde)",1932.36,10,1,2026-09-22 08:38:48,2026-09-22 10:37:48
2699,PROD-2699,Refrigeradora InstaView,Refrigerador inteligente con panel de cristal panorámico,12755.98,49,1,2026-09-21 00:19:47,2026-09-21 01:22:47
2700,PROD-2700,Smartphone Galaxy Z Fold 6 1TB,Teléfono plegable con pantalla gigante para productividad y multitarea - Color Negro,5536.71,17,1,2026-09-20 01:05:12,2026-09-20 03:04:12
2701,PROD-2701,Zapatillas Samba OG,"Tenis de estilo retro icónicos en cuero de primera calidad (Talla L, Color Azul)",1009.93,26,1,2026-09-18 18:14:02,2026-09-18 20:02:02
2702,PROD-2702,Consola PlayStation 5 Slim,Consola de videojuegos de última generación con almacenamiento SSD ultra rápido,32027.63,14,1,2026-09-17 15:05:32,2026-09-17 15:23:32
2703,PROD-2703,Camiseta Graphic Setin Neck,"Playera casual de algodón con estampado frontal (Talla S, Color Gris)",1670.64,71,1,2026-09-18 20:58:16,2026-09-18 22:09:16
2704,PROD-2704,Zapatillas Air Force 1 '07,"Tenis clásicos de cuero blanco para uso urbano y casual (Talla M, Color Rojo)",1681.76,66,1,2026-09-21 20:02:46,2026-09-21 21:34:46
2705,PROD-2705,Smart Band 8,Pulsera de actividad física con seguimiento del sueño y deporte,31099.73,6,1,2026-09-19 23:24:32,2026-09-19 23:53:32
2706,PROD-2706,MacBook Air 15 M2 128GB,Laptop ultra delgada y liviana con gran autonomía - Color Gris,11839.95,15,1,2026-09-21 15:02:15,2026-09-21 16:22:15
2707,PROD-2707,Licuadora Reversible 2 Velocidades,Licuadora con motor reversible y vaso de vidrio resistente a choques térmicos,5729.13,26,1,2026-09-17 16:04:25,2026-09-17 16:35:25
2708,PROD-2708,Smartphone Galaxy S26 Ultra 512GB,Smartphone de alta gama con cámara de 200MP y pantalla Dynamic AMOLED - Color Azul,34458.91,41,1,2026-09-22 03:15:56,2026-09-22 04:36:56
2709,PROD-2709,Pantalón de Buzo Tech Fleece,"Pantalón deportivo térmico con diseño estilizado (Talla L, Color Rojo)",489.50,66,1,2026-09-21 01:18:01,2026-09-21 02:44:01
2710,PROD-2710,Polera Sportswear Club Fleece,"Sudadera de felpa con capucha y ajuste estándar (Talla XL, Color Blanco)",2383.41,42,1,2026-09-20 09:12:00,2026-09-20 10:59:00
2711,PROD-2711,MacBook Air 15 M2 1TB,Laptop ultra delgada y liviana con gran autonomía - Color Azul,596.99,7,1,2026-09-20 20:10:36,2026-09-20 20:17:36
2712,PROD-2712,Smart TV OLED C3 65,Televisor inteligente ideal para videojuegos y películas con pánel OLED,1874.93,6,1,2026-09-22 08:45:13,2026-09-22 10:41:13
2713,PROD-2713,Freidora XXL Airfryer,Freidora de aire de gran capacidad con tecnología de extracción de grasa,1162.87,33,1,2026-09-19 03:34:39,2026-09-19 05:11:39
2714,PROD-2714,Smartphone Xiaomi 14 Ultra 1TB,Smartphone de gama alta enfocado en fotografía profesional Leica - Color Rojo,2013.13,5,1,2026-09-20 14:37:46,2026-09-20 14:49:46
2715,PROD-2715,Aspiradora Inalámbrica SpeedPro,Aspiradora escoba sin cable con cabezal de succión de 180 grados,1216.26,45,1,2026-09-17 15:47:48,2026-09-17 17:38:48
2716,PROD-2716,Freidora de Aire 4L,Freidora sin aceite para cocinar de manera saludable y rápida,5752.71,37,1,2026-09-17 23:39:15,2026-09-18 00:04:15
2717,PROD-2717,Freidora de Aire 4L,Freidora sin aceite para cocinar de manera saludable y rápida,3842.52,23,1,2026-09-17 19:12:17,2026-09-17 20:11:17
2718,PROD-2718,Freidora de Aire 4L,Freidora sin aceite para cocinar de manera saludable y rápida,1005.78,11,1,2026-09-22 09:45:31,2026-09-22 11:36:31
2719,PROD-2719,Zapatillas Running Pegasus 40,"Calzado de correr con amortiguación reactiva para entrenamiento (Talla L, Color Azul)",995.51,61,1,2026-09-18 12:50:27,2026-09-18 13:04:27
2720,PROD-2720,Licuadora Reversible 2 Velocidades,Licuadora con motor reversible y vaso de vidrio resistente a choques térmicos,532.47,35,1,2026-09-18 13:49:23,2026-09-18 14:33:23
2721,PROD-2721,Aspiradora Inalámbrica SpeedPro,Aspiradora escoba sin cable con cabezal de succión de 180 grados,3636.90,35,1,2026-09-21 02:10:46,2026-09-21 02:42:46
2722,PROD-2722,Jeans 511 Slim Fit,"Pantalón de mezclilla ajustado de estilo moderno (Talla S, Color Rojo)",361.75,35,1,2026-09-21 13:05:10,2026-09-21 14:47:10
2723,PROD-2723,Monitor UltraGear 27,Monitor de alta frecuencia de actualización para juegos competitivos,6058.75,33,1,2026-09-19 00:22:52,2026-09-19 02:09:52
2724,PROD-2724,Pantalón de Buzo Tech Fleece,"Pantalón deportivo térmico con diseño estilizado (Talla M, Color Negro)",1109.45,18,1,2026-09-20 15:45:36,2026-09-20 16:15:36
2725,PROD-2725,Smartphone Redmi Note 13 Pro 128GB,Teléfono inteligente con excelente relación calidad-precio y gran cámara - Color Negro,35283.71,30,1,2026-09-19 23:46:03,2026-09-20 00:40:03
2726,PROD-2726,Cámara Alpha 7 IV,Cámara mirrorless profesional de fotograma completo para foto y video,22752.74,6,1,2026-09-22 01:19:34,2026-09-22 01:27:34
2727,PROD-2727,Monitor Odyssey G9,Monitor curvo ultrawide diseñado para gaming profesional,21392.26,47,1,2026-09-20 07:25:17,2026-09-20 07:40:17
2728,PROD-2728,Jeans 501 Original Fit,"Pantalón de mezclilla clásico de corte recto y ajuste cómodo (Talla L, Color Rojo)",857.30,80,1,2026-09-17 21:15:09,2026-09-17 23:00:09
2729,PROD-2729,Freidora XXL Airfryer,Freidora de aire de gran capacidad con tecnología de extracción de grasa,2794.36,50,1,2026-09-21 18:25:40,2026-09-21 18:33:40
2730,PROD-2730,Jeans 501 Original Fit,"Pantalón de mezclilla clásico de corte recto y ajuste cómodo (Talla L, Color Rojo)",1659.03,14,1,2026-09-22 09:00:23,2026-09-22 10:15:23
2731,PROD-2731,Polerón Adicolor Classics,"Sudadera clásica con el logotipo de las tres tiras (Talla XL, Color Azul)",2034.15,77,1,2026-09-20 11:07:48,2026-09-20 12:28:48
2732,PROD-2732,Smartphone Galaxy Z Fold 6 1TB,Teléfono plegable con pantalla gigante para productividad y multitarea - Color Rojo,16085.12,12,1,2026-09-22 09:51:21,2026-09-22 10:44:21
2733,PROD-2733,Polerón Adicolor Classics,"Sudadera clásica con el logotipo de las tres tiras (Talla L, Color Negro)",1233.41,58,1,2026-09-18 01:51:33,2026-09-18 02:10:33
2734,PROD-2734,Patinete Eléctrico Pro 4,Scooter eléctrico con gran autonomía para movilidad urbana,34315.40,36,1,2026-09-20 09:14:48,2026-09-20 10:27:48
2735,PROD-2735,Jeans 511 Slim Fit,"Pantalón de mezclilla ajustado de estilo moderno (Talla M, Color Gris)",1289.32,36,1,2026-09-21 22:41:10,2026-09-22 00:09:10
2736,PROD-2736,Freidora XXL Airfryer,Freidora de aire de gran capacidad con tecnología de extracción de grasa,7967.10,36,1,2026-09-22 08:53:14,2026-09-22 08:54:14
2737,PROD-2737,Audífonos Bluetooth WH-1000XM5,Audífonos inalámbricos con la mejor cancelación de ruido del mercado,31861.59,47,1,2026-09-18 07:41:00,2026-09-18 07:44:00
2738,PROD-2738,Smartphone Redmi Note 13 Pro 1TB,Teléfono inteligente con excelente relación calidad-precio y gran cámara - Color Rojo,30470.91,11,1,2026-09-18 00:19:20,2026-09-18 01:11:20
2739,PROD-2739,iPhone 16 Pro Max 512GB,Smartphone insignia de Apple con acabado en titanio y cámara profesional - Color Negro,30661.49,39,1,2026-09-22 07:44:50,2026-09-22 07:54:50
2740,PROD-2740,Barra de Sonido HT-A7000,Sistema de audio para cine en casa con soporte Dolby Atmos,25414.50,44,1,2026-09-20 22:35:50,2026-09-20 23:40:50
2741,PROD-2741,Freidora XXL Airfryer,Freidora de aire de gran capacidad con tecnología de extracción de grasa,7220.60,13,1,2026-09-20 04:05:10,2026-09-20 04:07:10
2742,PROD-2742,Freidora XXL Airfryer,Freidora de aire de gran capacidad con tecnología de extracción de grasa,6596.42,12,1,2026-09-20 18:57:52,2026-09-20 20:55:52
2743,PROD-2743,Polera Sportswear Club Fleece,"Sudadera de felpa con capucha y ajuste estándar (Talla M, Color Blanco)",1979.34,67,1,2026-09-19 15:12:40,2026-09-19 16:18:40
2744,PROD-2744,Cafetera Programable 12 Tazas,Cafetera de goteo con temporizador programable y jarra de vidrio,7869.71,40,1,2026-09-19 17:47:45,2026-09-19 18:43:45
2745,PROD-2745,Smart TV OLED C3 65,Televisor inteligente ideal para videojuegos y películas con pánel OLED,2690.86,6,1,2026-09-19 01:09:00,2026-09-19 02:18:00
2746,PROD-2746,Smart Band 8,Pulsera de actividad física con seguimiento del sueño y deporte,11867.03,47,1,2026-09-18 01:00:11,2026-09-18 02:46:11
2747,PROD-2747,Apple Watch Series 10,Reloj inteligente con sensores avanzados de salud y actividad física,20501.73,24,1,2026-09-21 02:06:35,2026-09-21 02:57:35
2748,PROD-2748,Smartphone Galaxy S26 1TB,Smartphone compacto con pantalla fluida y excelente rendimiento - Color Verde,29508.55,22,1,2026-09-22 06:37:21,2026-09-22 06:58:21
2749,PROD-2749,Freidora XXL Airfryer,Freidora de aire de gran capacidad con tecnología de extracción de grasa,3921.53,56,1,2026-09-19 20:27:42,2026-09-19 21:41:42
2750,PROD-2750,Freidora XXL Airfryer,Freidora de aire de gran capacidad con tecnología de extracción de grasa,2430.22,45,1,2026-09-19 15:00:21,2026-09-19 15:29:21
2751,PROD-2751,Freidora de Aire 4L,Freidora sin aceite para cocinar de manera saludable y rápida,7275.88,13,1,2026-09-22 06:25:35,2026-09-22 07:39:35
2752,PROD-2752,Chaqueta Camionera de Mezclilla,"Chaqueta clásica de mezclilla resistente para uso diario (Talla XL, Color Negro)",1412.86,80,1,2026-09-21 08:54:11,2026-09-21 09:25:11
2753,PROD-2753,Patinete Eléctrico Pro 4,Scooter eléctrico con gran autonomía para movilidad urbana,24433.83,49,1,2026-09-20 19:55:29,2026-09-20 21:06:29
2754,PROD-2754,Barra de Sonido HT-A7000,Sistema de audio para cine en casa con soporte Dolby Atmos,13897.23,11,1,2026-09-22 04:48:43,2026-09-22 06:47:43
2755,PROD-2755,Polerón Adicolor Classics,"Sudadera clásica con el logotipo de las tres tiras (Talla XL, Color Blanco)",979.63,15,1,2026-09-21 03:25:48,2026-09-21 05:23:48
2756,PROD-2756,Polerón Adicolor Classics,"Sudadera clásica con el logotipo de las tres tiras (Talla L, Color Rojo)",1159.08,79,1,2026-09-18 23:34:13,2026-09-19 01:06:13
2757,PROD-2757,Zapatillas Samba OG,"Tenis de estilo retro icónicos en cuero de primera calidad (Talla S, Color Gris)",1324.08,49,1,2026-09-18 09:26:55,2026-09-18 09:34:55
2758,PROD-2758,Jeans 511 Slim Fit,"Pantalón de mezclilla ajustado de estilo moderno (Talla L, Color Negro)",1179.76,30,1,2026-09-19 15:08:28,2026-09-19 16:22:28
2759,PROD-2759,Patinete Eléctrico Pro 4,Scooter eléctrico con gran autonomía para movilidad urbana,19763.00,13,1,2026-09-17 11:24:26,2026-09-17 12:28:26
2760,PROD-2760,Freidora de Aire 4L,Freidora sin aceite para cocinar de manera saludable y rápida,4463.13,42,1,2026-09-21 16:49:12,2026-09-21 17:53:12
2761,PROD-2761,Smart TV OLED C3 65,Televisor inteligente ideal para videojuegos y películas con pánel OLED,31751.87,13,1,2026-09-19 01:00:32,2026-09-19 01:50:32
2762,PROD-2762,Camiseta Graphic Setin Neck,"Playera casual de algodón con estampado frontal (Talla S, Color Azul)",397.42,18,1,2026-09-18 00:20:43,2026-09-18 00:58:43
2763,PROD-2763,iPhone 16 Pro 256GB,Teléfono inteligente premium con chip de alto rendimiento y triple cámara - Color Gris,23971.93,43,1,2026-09-21 08:34:42,2026-09-21 10:18:42
2764,PROD-2764,Apple Watch Series 10,Reloj inteligente con sensores avanzados de salud y actividad física,4332.60,18,1,2026-09-20 08:33:01,2026-09-20 10:05:01
2765,PROD-2765,Chaqueta Camionera de Mezclilla,"Chaqueta clásica de mezclilla resistente para uso diario (Talla M, Color Blanco)",444.15,42,1,2026-09-19 10:08:17,2026-09-19 11:19:17
2766,PROD-2766,Freidora de Aire 4L,Freidora sin aceite para cocinar de manera saludable y rápida,2926.63,52,1,2026-09-17 14:33:05,2026-09-17 16:29:05
2767,PROD-2767,Cámara Alpha 7 IV,Cámara mirrorless profesional de fotograma completo para foto y video,27141.91,36,1,2026-09-18 08:25:22,2026-09-18 08:58:22
2768,PROD-2768,Smart TV OLED C3 65,Televisor inteligente ideal para videojuegos y películas con pánel OLED,15726.58,46,1,2026-09-17 15:57:16,2026-09-17 17:48:16
2769,PROD-2769,Cámara Alpha 7 IV,Cámara mirrorless profesional de fotograma completo para foto y video,1503.05,41,1,2026-09-19 23:59:55,2026-09-20 00:50:55
2770,PROD-2770,Smart Band 8,Pulsera de actividad física con seguimiento del sueño y deporte,32328.44,9,1,2026-09-22 03:50:46,2026-09-22 04:56:46
2771,PROD-2771,Parlante Portátil SRS-XG300,Bocina inalámbrica portátil resistente al agua con graves potentes,19607.53,39,1,2026-09-21 07:10:43,2026-09-21 07:15:43
2772,PROD-2772,Freidora de Aire 4L,Freidora sin aceite para cocinar de manera saludable y rápida,3909.11,43,1,2026-09-18 08:32:30,2026-09-18 08:44:30
2773,PROD-2773,Camiseta Graphic Setin Neck,"Playera casual de algodón con estampado frontal (Talla L, Color Azul)",1461.49,23,1,2026-09-22 06:00:46,2026-09-22 06:28:46
2774,PROD-2774,Zapatillas Ultraboost Light,"Tenis de running con retorno de energía superior y ligereza (Talla XL, Color Verde)",1159.54,43,1,2026-09-20 18:51:43,2026-09-20 19:45:43
2775,PROD-2775,Cafetera Programable 12 Tazas,Cafetera de goteo con temporizador programable y jarra de vidrio,7811.94,33,1,2026-09-21 16:47:22,2026-09-21 18:06:22
2776,PROD-2776,Aspiradora Inalámbrica SpeedPro,Aspiradora escoba sin cable con cabezal de succión de 180 grados,7470.35,32,1,2026-09-20 21:57:54,2026-09-20 22:36:54
2777,PROD-2777,Freidora de Aire 4L,Freidora sin aceite para cocinar de manera saludable y rápida,2986.17,24,1,2026-09-19 09:01:20,2026-09-19 10:43:20
2778,PROD-2778,Licuadora Reversible 2 Velocidades,Licuadora con motor reversible y vaso de vidrio resistente a choques térmicos,1343.29,16,1,2026-09-21 20:33:42,2026-09-21 21:49:42
2779,PROD-2779,Licuadora Reversible 2 Velocidades,Licuadora con motor reversible y vaso de vidrio resistente a choques térmicos,6820.62,57,1,2026-09-20 08:56:09,2026-09-20 09:42:09
2780,PROD-2780,Smartphone Redmi Note 13 Pro 512GB,Teléfono inteligente con excelente relación calidad-precio y gran cámara - Color Negro,2998.62,10,1,2026-09-20 00:53:09,2026-09-20 02:20:09
2781,PROD-2781,Licuadora Reversible 2 Velocidades,Licuadora con motor reversible y vaso de vidrio resistente a choques térmicos,6727.18,42,1,2026-09-22 00:58:41,2026-09-22 02:36:41
2782,PROD-2782,Freidora XXL Airfryer,Freidora de aire de gran capacidad con tecnología de extracción de grasa,3601.49,23,1,2026-09-19 23:10:59,2026-09-20 00:40:59
2783,PROD-2783,Licuadora Reversible 2 Velocidades,Licuadora con motor reversible y vaso de vidrio resistente a choques térmicos,4311.48,24,1,2026-09-19 11:04:31,2026-09-19 11:51:31
2784,PROD-2784,Freidora de Aire 4L,Freidora sin aceite para cocinar de manera saludable y rápida,4089.86,11,1,2026-09-17 14:57:55,2026-09-17 16:13:55
2785,PROD-2785,Freidora XXL Airfryer,Freidora de aire de gran capacidad con tecnología de extracción de grasa,2670.22,45,1,2026-09-18 23:47:53,2026-09-19 00:09:53
2786,PROD-2786,Smart TV Bravia XR OLED 55,Televisor OLED con negros absolutos y procesador de imagen cognitivo,35951.72,48,1,2026-09-19 03:15:27,2026-09-19 04:55:27
2787,PROD-2787,Aspiradora Inalámbrica SpeedPro,Aspiradora escoba sin cable con cabezal de succión de 180 grados,4181.03,11,1,2026-09-19 10:57:43,2026-09-19 12:38:43
2788,PROD-2788,Zapatillas Air Max 270,"Calzado deportivo con cápsula de aire visible para máxima comodidad (Talla S, Color Gris)",1026.71,56,1,2026-09-20 10:43:23,2026-09-20 12:19:23
2789,PROD-2789,Zapatillas Running Pegasus 40,"Calzado de correr con amortiguación reactiva para entrenamiento (Talla S, Color Rojo)",1318.84,49,1,2026-09-22 03:12:23,2026-09-22 03:52:23
2790,PROD-2790,Audífonos AirPods Pro 2,Audífonos intrauditivos con cancelación de ruido de nivel superior,29086.89,6,1,2026-09-20 01:16:28,2026-09-20 01:32:28
2791,PROD-2791,Cámara Alpha 7 IV,Cámara mirrorless profesional de fotograma completo para foto y video,28862.01,29,1,2026-09-22 05:25:50,2026-09-22 05:41:50
2792,PROD-2792,Freidora de Aire 4L,Freidora sin aceite para cocinar de manera saludable y rápida,2957.46,26,1,2026-09-17 19:14:59,2026-09-17 19:27:59
2793,PROD-2793,Zapatillas Samba OG,"Tenis de estilo retro icónicos en cuero de primera calidad (Talla L, Color Blanco)",2339.51,11,1,2026-09-21 16:32:38,2026-09-21 18:31:38
2794,PROD-2794,Freidora XXL Airfryer,Freidora de aire de gran capacidad con tecnología de extracción de grasa,6902.37,15,1,2026-09-18 12:49:49,2026-09-18 13:08:49
2795,PROD-2795,Camiseta Graphic Setin Neck,"Playera casual de algodón con estampado frontal (Talla XL, Color Azul)",1841.99,70,1,2026-09-19 08:35:39,2026-09-19 09:26:39
2796,PROD-2796,Parlante Portátil SRS-XG300,Bocina inalámbrica portátil resistente al agua con graves potentes,2890.30,6,1,2026-09-18 02:27:12,2026-09-18 02:37:12
2797,PROD-2797,Barra de Sonido HT-A7000,Sistema de audio para cine en casa con soporte Dolby Atmos,35414.03,10,1,2026-09-19 17:36:29,2026-09-19 19:32:29
2798,PROD-2798,Aspiradora Inalámbrica SpeedPro,Aspiradora escoba sin cable con cabezal de succión de 180 grados,7949.64,8,1,2026-09-22 02:06:44,2026-09-22 04:01:44
2799,PROD-2799,Licuadora Reversible 2 Velocidades,Licuadora con motor reversible y vaso de vidrio resistente a choques térmicos,4006.85,41,1,2026-09-19 21:02:27,2026-09-19 22:03:27
2800,PROD-2800,Freidora XXL Airfryer,Freidora de aire de gran capacidad con tecnología de extracción de grasa,1888.72,13,1,2026-09-18 12:32:10,2026-09-18 13:45:10
2801,PROD-2801,Aspiradora Inalámbrica SpeedPro,Aspiradora escoba sin cable con cabezal de succión de 180 grados,7473.51,8,1,2026-09-22 08:08:40,2026-09-22 08:42:40
2802,PROD-2802,Camiseta Graphic Setin Neck,"Playera casual de algodón con estampado frontal (Talla L, Color Blanco)",1722.98,64,1,2026-09-17 22:26:46,2026-09-17 22:44:46
2803,PROD-2803,Licuadora Reversible 2 Velocidades,Licuadora con motor reversible y vaso de vidrio resistente a choques térmicos,806.38,41,1,2026-09-18 23:56:43,2026-09-19 00:25:43
2804,PROD-2804,Aspiradora Inalámbrica SpeedPro,Aspiradora escoba sin cable con cabezal de succión de 180 grados,2132.62,30,1,2026-09-21 16:46:59,2026-09-21 18:01:59
2805,PROD-2805,Freidora XXL Airfryer,Freidora de aire de gran capacidad con tecnología de extracción de grasa,3905.15,30,1,2026-09-22 10:37:59,2026-09-22 11:58:59
2806,PROD-2806,Cámara Alpha 7 IV,Cámara mirrorless profesional de fotograma completo para foto y video,34153.57,16,1,2026-09-19 08:28:11,2026-09-19 08:44:11
2807,PROD-2807,Refrigeradora InstaView,Refrigerador inteligente con panel de cristal panorámico,27166.84,37,1,2026-09-19 10:35:13,2026-09-19 12:27:13
2808,PROD-2808,Polera Sportswear Club Fleece,"Sudadera de felpa con capucha y ajuste estándar (Talla S, Color Negro)",1803.01,64,1,2026-09-19 00:24:59,2026-09-19 01:03:59
2809,PROD-2809,Aspiradora Inalámbrica SpeedPro,Aspiradora escoba sin cable con cabezal de succión de 180 grados,5356.77,29,1,2026-09-21 23:05:38,2026-09-21 23:23:38
2810,PROD-2810,Smartphone Galaxy S26+ 256GB,Teléfono inteligente con procesador de última generación y batería de larga duración - Color Blanco,5972.82,50,1,2026-09-20 04:31:19,2026-09-20 05:07:19
2811,PROD-2811,Freidora XXL Airfryer,Freidora de aire de gran capacidad con tecnología de extracción de grasa,3825.70,57,1,2026-09-19 21:20:29,2026-09-19 22:57:29
2812,PROD-2812,MacBook Air 15 M2 256GB,Laptop ultra delgada y liviana con gran autonomía - Color Azul,6525.10,17,1,2026-09-20 20:11:53,2026-09-20 21:19:53
2813,PROD-2813,Zapatillas Ultraboost Light,"Tenis de running con retorno de energía superior y ligereza (Talla S, Color Azul)",1110.30,11,1,2026-09-21 10:45:24,2026-09-21 11:54:24
2814,PROD-2814,Smart TV 65 Neo QLED,Televisor inteligente 4K con tecnología de puntos cuánticos y alto contraste,34662.22,7,1,2026-09-19 00:29:03,2026-09-19 01:11:03
2815,PROD-2815,Licuadora Reversible 2 Velocidades,Licuadora con motor reversible y vaso de vidrio resistente a choques térmicos,3338.26,58,1,2026-09-18 20:47:14,2026-09-18 21:28:14
2816,PROD-2816,Freidora de Aire 4L,Freidora sin aceite para cocinar de manera saludable y rápida,5143.38,22,1,2026-09-19 11:33:58,2026-09-19 13:21:58
2817,PROD-2817,Consola PlayStation 5 Slim,Consola de videojuegos de última generación con almacenamiento SSD ultra rápido,1769.62,49,1,2026-09-22 06:05:41,2026-09-22 07:26:41
2818,PROD-2818,Cafetera Programable 12 Tazas,Cafetera de goteo con temporizador programable y jarra de vidrio,925.34,33,1,2026-09-20 03:30:57,2026-09-20 04:30:57
2819,PROD-2819,Freidora XXL Airfryer,Freidora de aire de gran capacidad con tecnología de extracción de grasa,6803.46,30,1,2026-09-18 12:26:35,2026-09-18 13:01:35
2820,PROD-2820,Polera Sportswear Club Fleece,"Sudadera de felpa con capucha y ajuste estándar (Talla L, Color Gris)",1269.12,78,1,2026-09-18 17:58:46,2026-09-18 19:42:46
2821,PROD-2821,Freidora XXL Airfryer,Freidora de aire de gran capacidad con tecnología de extracción de grasa,4010.85,47,1,2026-09-18 19:01:29,2026-09-18 19:58:29
2822,PROD-2822,Licuadora Reversible 2 Velocidades,Licuadora con motor reversible y vaso de vidrio resistente a choques térmicos,5277.58,49,1,2026-09-22 01:24:26,2026-09-22 03:20:26
2823,PROD-2823,Freidora XXL Airfryer,Freidora de aire de gran capacidad con tecnología de extracción de grasa,5291.74,15,1,2026-09-18 08:46:41,2026-09-18 09:54:41
2824,PROD-2824,Polerón Adicolor Classics,"Sudadera clásica con el logotipo de las tres tiras (Talla L, Color Rojo)",1930.98,89,1,2026-09-20 22:03:49,2026-09-20 23:17:49
2825,PROD-2825,Polerón Adicolor Classics,"Sudadera clásica con el logotipo de las tres tiras (Talla M, Color Verde)",1637.53,49,1,2026-09-19 09:09:36,2026-09-19 10:10:36
2826,PROD-2826,Freidora de Aire 4L,Freidora sin aceite para cocinar de manera saludable y rápida,1195.37,36,1,2026-09-21 14:32:19,2026-09-21 14:49:19
2827,PROD-2827,Zapatillas Air Max 270,"Calzado deportivo con cápsula de aire visible para máxima comodidad (Talla S, Color Negro)",2202.97,86,1,2026-09-20 18:03:56,2026-09-20 19:38:56
2828,PROD-2828,Zapatillas Samba OG,"Tenis de estilo retro icónicos en cuero de primera calidad (Talla M, Color Gris)",634.23,36,1,2026-09-20 20:26:22,2026-09-20 21:49:22
2829,PROD-2829,Monitor UltraGear 27,Monitor de alta frecuencia de actualización para juegos competitivos,6277.06,20,1,2026-09-18 22:03:27,2026-09-18 23:15:27
2830,PROD-2830,iPhone 16 Pro 1TB,Teléfono inteligente premium con chip de alto rendimiento y triple cámara - Color Negro,14412.35,15,1,2026-09-20 21:52:18,2026-09-20 22:18:18
2831,PROD-2831,Refrigeradora InstaView,Refrigerador inteligente con panel de cristal panorámico,33307.46,50,1,2026-09-20 23:32:44,2026-09-21 00:43:44
2832,PROD-2832,iPhone 16 128GB,Smartphone con pantalla Super Retina XDR y excelente duración de batería - Color Negro,29475.61,5,1,2026-09-18 14:19:00,2026-09-18 14:48:00
2833,PROD-2833,Smartphone Galaxy S26 Ultra 128GB,Smartphone de alta gama con cámara de 200MP y pantalla Dynamic AMOLED - Color Verde,19031.77,34,1,2026-09-20 02:33:32,2026-09-20 03:21:32
2834,PROD-2834,Smartphone Galaxy S26 Ultra 1TB,Smartphone de alta gama con cámara de 200MP y pantalla Dynamic AMOLED - Color Verde,14211.30,5,1,2026-09-20 19:07:41,2026-09-20 19:17:41
2835,PROD-2835,Chaqueta Camionera de Mezclilla,"Chaqueta clásica de mezclilla resistente para uso diario (Talla XL, Color Negro)",970.84,40,1,2026-09-20 19:53:55,2026-09-20 20:30:55
2836,PROD-2836,Zapatillas Ultraboost Light,"Tenis de running con retorno de energía superior y ligereza (Talla S, Color Rojo)",1447.22,16,1,2026-09-22 05:51:05,2026-09-22 06:52:05
2837,PROD-2837,Zapatillas Running Pegasus 40,"Calzado de correr con amortiguación reactiva para entrenamiento (Talla M, Color Blanco)",1026.95,62,1,2026-09-21 01:05:36,2026-09-21 01:45:36
2838,PROD-2838,Licuadora Reversible 2 Velocidades,Licuadora con motor reversible y vaso de vidrio resistente a choques térmicos,427.74,54,1,2026-09-22 03:56:51,2026-09-22 03:58:51
2839,PROD-2839,Zapatillas Air Max 270,"Calzado deportivo con cápsula de aire visible para máxima comodidad (Talla S, Color Gris)",2107.34,45,1,2026-09-19 11:20:00,2026-09-19 12:55:00
2840,PROD-2840,Aspiradora Inalámbrica SpeedPro,Aspiradora escoba sin cable con cabezal de succión de 180 grados,6739.09,29,1,2026-09-17 14:12:14,2026-09-17 16:07:14
2841,PROD-2841,Freidora de Aire 4L,Freidora sin aceite para cocinar de manera saludable y rápida,3689.67,50,1,2026-09-19 20:08:44,2026-09-19 21:02:44
2842,PROD-2842,Jeans 501 Original Fit,"Pantalón de mezclilla clásico de corte recto y ajuste cómodo (Talla S, Color Verde)",1194.92,57,1,2026-09-19 06:54:56,2026-09-19 08:45:56
2843,PROD-2843,Smartphone Galaxy Z Fold 6 512GB,Teléfono plegable con pantalla gigante para productividad y multitarea - Color Negro,29175.58,39,1,2026-09-19 10:32:00,2026-09-19 10:44:00
2844,PROD-2844,Polerón Adicolor Classics,"Sudadera clásica con el logotipo de las tres tiras (Talla L, Color Rojo)",1359.28,76,1,2026-09-21 04:56:56,2026-09-21 04:57:56
2845,PROD-2845,Zapatillas Ultraboost Light,"Tenis de running con retorno de energía superior y ligereza (Talla XL, Color Azul)",1528.70,47,1,2026-09-20 20:02:02,2026-09-20 20:20:02
2846,PROD-2846,Polerón Adicolor Classics,"Sudadera clásica con el logotipo de las tres tiras (Talla XL, Color Blanco)",1185.09,68,1,2026-09-22 05:40:06,2026-09-22 05:41:06
2847,PROD-2847,Cafetera Programable 12 Tazas,Cafetera de goteo con temporizador programable y jarra de vidrio,3694.21,43,1,2026-09-20 15:05:37,2026-09-20 16:59:37
2848,PROD-2848,Freidora de Aire 4L,Freidora sin aceite para cocinar de manera saludable y rápida,4421.45,51,1,2026-09-21 11:32:13,2026-09-21 12:54:13
2849,PROD-2849,Zapatillas Ultraboost Light,"Tenis de running con retorno de energía superior y ligereza (Talla L, Color Negro)",1147.64,85,1,2026-09-20 01:47:57,2026-09-20 02:10:57
2850,PROD-2850,Zapatillas Air Force 1 '07,"Tenis clásicos de cuero blanco para uso urbano y casual (Talla XL, Color Azul)",400.25,86,1,2026-09-18 21:50:10,2026-09-18 22:06:10
2851,PROD-2851,Smartphone Galaxy S26 1TB,Smartphone compacto con pantalla fluida y excelente rendimiento - Color Verde,27622.02,27,1,2026-09-20 05:33:23,2026-09-20 07:21:23
2852,PROD-2852,Freidora de Aire 4L,Freidora sin aceite para cocinar de manera saludable y rápida,511.66,13,1,2026-09-20 19:56:13,2026-09-20 21:45:13
2853,PROD-2853,Monitor UltraGear 27,Monitor de alta frecuencia de actualización para juegos competitivos,33675.61,9,1,2026-09-22 05:31:50,2026-09-22 06:30:50
2854,PROD-2854,Zapatillas Running Pegasus 40,"Calzado de correr con amortiguación reactiva para entrenamiento (Talla L, Color Negro)",1340.23,68,1,2026-09-19 05:42:23,2026-09-19 07:12:23
2855,PROD-2855,Audífonos AirPods Max,Audífonos de diadema inalámbricos con sonido de alta fidelidad,11036.32,43,1,2026-09-18 14:16:56,2026-09-18 15:56:56
2856,PROD-2856,Audífonos Galaxy Buds3 Pro,Audífonos inalámbricos con cancelación activa de ruido inteligente,24390.59,46,1,2026-09-20 19:39:52,2026-09-20 19:57:52
2857,PROD-2857,Camiseta Graphic Setin Neck,"Playera casual de algodón con estampado frontal (Talla M, Color Azul)",922.48,30,1,2026-09-18 07:52:46,2026-09-18 09:09:46
2858,PROD-2858,Zapatillas Running Pegasus 40,"Calzado de correr con amortiguación reactiva para entrenamiento (Talla S, Color Azul)",464.80,100,1,2026-09-19 01:51:14,2026-09-19 03:23:14
2859,PROD-2859,Aspiradora Inalámbrica SpeedPro,Aspiradora escoba sin cable con cabezal de succión de 180 grados,7363.48,14,1,2026-09-22 11:15:37,2026-09-22 12:25:37
2860,PROD-2860,Zapatillas Samba OG,"Tenis de estilo retro icónicos en cuero de primera calidad (Talla L, Color Azul)",2141.89,15,1,2026-09-19 09:48:34,2026-09-19 10:43:34
2861,PROD-2861,Licuadora Reversible 2 Velocidades,Licuadora con motor reversible y vaso de vidrio resistente a choques térmicos,6821.41,17,1,2026-09-18 05:45:19,2026-09-18 07:33:19
2862,PROD-2862,Zapatillas Air Force 1 '07,"Tenis clásicos de cuero blanco para uso urbano y casual (Talla S, Color Verde)",457.03,90,1,2026-09-19 21:30:34,2026-09-19 21:58:34
2863,PROD-2863,Aspiradora Inalámbrica SpeedPro,Aspiradora escoba sin cable con cabezal de succión de 180 grados,2490.83,11,1,2026-09-20 06:15:22,2026-09-20 06:36:22
2864,PROD-2864,MacBook Air 15 M2 1TB,Laptop ultra delgada y liviana con gran autonomía - Color Blanco,18360.00,40,1,2026-09-21 04:20:40,2026-09-21 05:01:40
2865,PROD-2865,Freidora XXL Airfryer,Freidora de aire de gran capacidad con tecnología de extracción de grasa,843.92,39,1,2026-09-20 15:06:46,2026-09-20 16:29:46
2866,PROD-2866,Licuadora Reversible 2 Velocidades,Licuadora con motor reversible y vaso de vidrio resistente a choques térmicos,5635.24,53,1,2026-09-20 05:16:32,2026-09-20 05:46:32
2867,PROD-2867,Apple Watch Series 10,Reloj inteligente con sensores avanzados de salud y actividad física,3073.32,39,1,2026-09-22 07:06:52,2026-09-22 08:44:52
2868,PROD-2868,Camiseta Graphic Setin Neck,"Playera casual de algodón con estampado frontal (Talla S, Color Negro)",2040.55,81,1,2026-09-21 08:46:47,2026-09-21 10:15:47
2869,PROD-2869,Smartphone Galaxy S26+ 512GB,Teléfono inteligente con procesador de última generación y batería de larga duración - Color Negro,22169.85,34,1,2026-09-22 08:55:24,2026-09-22 09:08:24
2870,PROD-2870,Freidora de Aire 4L,Freidora sin aceite para cocinar de manera saludable y rápida,1813.07,13,1,2026-09-22 00:13:28,2026-09-22 02:05:28
2871,PROD-2871,Audífonos Bluetooth WH-1000XM5,Audífonos inalámbricos con la mejor cancelación de ruido del mercado,34118.65,33,1,2026-09-17 19:06:40,2026-09-17 20:51:40
2872,PROD-2872,Licuadora Reversible 2 Velocidades,Licuadora con motor reversible y vaso de vidrio resistente a choques térmicos,733.26,37,1,2026-09-17 21:40:48,2026-09-17 23:23:48
2873,PROD-2873,Zapatillas Samba OG,"Tenis de estilo retro icónicos en cuero de primera calidad (Talla S, Color Negro)",2407.51,42,1,2026-09-21 17:23:55,2026-09-21 19:09:55
2874,PROD-2874,Cafetera Programable 12 Tazas,Cafetera de goteo con temporizador programable y jarra de vidrio,4762.42,27,1,2026-09-20 21:10:18,2026-09-20 22:41:18
2875,PROD-2875,Zapatillas Samba OG,"Tenis de estilo retro icónicos en cuero de primera calidad (Talla M, Color Verde)",652.83,82,1,2026-09-20 15:21:54,2026-09-20 16:20:54
2876,PROD-2876,Polerón Adicolor Classics,"Sudadera clásica con el logotipo de las tres tiras (Talla M, Color Azul)",1090.92,86,1,2026-09-19 00:47:56,2026-09-19 01:22:56
2877,PROD-2877,Camiseta Graphic Setin Neck,"Playera casual de algodón con estampado frontal (Talla S, Color Rojo)",2055.02,75,1,2026-09-18 07:55:43,2026-09-18 08:55:43
2878,PROD-2878,Parlante Portátil SRS-XG300,Bocina inalámbrica portátil resistente al agua con graves potentes,3433.81,9,1,2026-09-17 16:31:50,2026-09-17 17:04:50
2879,PROD-2879,Jeans 511 Slim Fit,"Pantalón de mezclilla ajustado de estilo moderno (Talla L, Color Rojo)",1777.57,61,1,2026-09-18 19:39:23,2026-09-18 21:06:23
2880,PROD-2880,Monitor Odyssey G9,Monitor curvo ultrawide diseñado para gaming profesional,32180.27,18,1,2026-09-22 05:29:16,2026-09-22 07:10:16
2881,PROD-2881,Aspiradora Inalámbrica SpeedPro,Aspiradora escoba sin cable con cabezal de succión de 180 grados,2345.86,56,1,2026-09-22 11:20:25,2026-09-22 11:50:25
2882,PROD-2882,Camiseta Graphic Setin Neck,"Playera casual de algodón con estampado frontal (Talla S, Color Azul)",2203.40,79,1,2026-09-20 02:46:13,2026-09-20 02:50:13
2883,PROD-2883,Aspiradora Inalámbrica SpeedPro,Aspiradora escoba sin cable con cabezal de succión de 180 grados,1872.55,43,1,2026-09-18 19:15:21,2026-09-18 20:46:21
2884,PROD-2884,Zapatillas Running Pegasus 40,"Calzado de correr con amortiguación reactiva para entrenamiento (Talla M, Color Rojo)",1002.83,32,1,2026-09-19 09:39:28,2026-09-19 11:21:28
2885,PROD-2885,Patinete Eléctrico Pro 4,Scooter eléctrico con gran autonomía para movilidad urbana,14909.17,13,1,2026-09-20 18:01:43,2026-09-20 18:07:43
2886,PROD-2886,Zapatillas Air Force 1 '07,"Tenis clásicos de cuero blanco para uso urbano y casual (Talla XL, Color Azul)",2343.08,100,1,2026-09-17 18:39:24,2026-09-17 19:29:24
2887,PROD-2887,Zapatillas Running Pegasus 40,"Calzado de correr con amortiguación reactiva para entrenamiento (Talla L, Color Gris)",522.13,60,1,2026-09-18 10:34:47,2026-09-18 11:00:47
2888,PROD-2888,Cafetera Programable 12 Tazas,Cafetera de goteo con temporizador programable y jarra de vidrio,6667.35,46,1,2026-09-17 16:18:40,2026-09-17 17:27:40
2889,PROD-2889,Zapatillas Air Force 1 '07,"Tenis clásicos de cuero blanco para uso urbano y casual (Talla S, Color Azul)",1702.23,49,1,2026-09-21 21:45:42,2026-09-21 21:48:42
2890,PROD-2890,Licuadora Reversible 2 Velocidades,Licuadora con motor reversible y vaso de vidrio resistente a choques térmicos,1157.95,13,1,2026-09-18 01:56:17,2026-09-18 02:55:17
2891,PROD-2891,Freidora XXL Airfryer,Freidora de aire de gran capacidad con tecnología de extracción de grasa,4967.81,51,1,2026-09-17 14:08:19,2026-09-17 14:26:19
2892,PROD-2892,Pantalón de Buzo Tech Fleece,"Pantalón deportivo térmico con diseño estilizado (Talla XL, Color Negro)",1826.49,32,1,2026-09-18 11:51:07,2026-09-18 13:12:07
2893,PROD-2893,Robot Aspiradora X10+,Aspiradora robótica con estación de vaciado automático y mapeo láser,13668.69,19,1,2026-09-19 09:15:04,2026-09-19 10:59:04
2894,PROD-2894,Zapatillas Ultraboost Light,"Tenis de running con retorno de energía superior y ligereza (Talla M, Color Negro)",2269.88,95,1,2026-09-18 07:03:08,2026-09-18 07:26:08
2895,PROD-2895,Zapatillas Running Pegasus 40,"Calzado de correr con amortiguación reactiva para entrenamiento (Talla L, Color Negro)",372.74,63,1,2026-09-22 01:58:28,2026-09-22 03:41:28
2896,PROD-2896,Licuadora Reversible 2 Velocidades,Licuadora con motor reversible y vaso de vidrio resistente a choques térmicos,2828.26,29,1,2026-09-18 18:36:38,2026-09-18 20:26:38
2897,PROD-2897,Freidora de Aire 4L,Freidora sin aceite para cocinar de manera saludable y rápida,7746.25,49,1,2026-09-21 15:19:10,2026-09-21 16:46:10
2898,PROD-2898,Aspiradora Inalámbrica SpeedPro,Aspiradora escoba sin cable con cabezal de succión de 180 grados,5216.25,47,1,2026-09-19 12:50:31,2026-09-19 12:54:31
2899,PROD-2899,Zapatillas Air Force 1 '07,"Tenis clásicos de cuero blanco para uso urbano y casual (Talla XL, Color Negro)",1994.72,100,1,2026-09-18 15:12:43,2026-09-18 17:00:43
2900,PROD-2900,Robot Aspiradora X10+,Aspiradora robótica con estación de vaciado automático y mapeo láser,20051.43,27,1,2026-09-21 18:30:38,2026-09-21 20:05:38
2901,PROD-2901,Freidora XXL Airfryer,Freidora de aire de gran capacidad con tecnología de extracción de grasa,7342.26,50,1,2026-09-22 00:43:45,2026-09-22 02:29:45
2902,PROD-2902,Smartphone Galaxy S26 Ultra 1TB,Smartphone de alta gama con cámara de 200MP y pantalla Dynamic AMOLED - Color Gris,34487.44,44,1,2026-09-18 18:50:54,2026-09-18 19:28:54
2903,PROD-2903,Licuadora Reversible 2 Velocidades,Licuadora con motor reversible y vaso de vidrio resistente a choques térmicos,5644.22,45,1,2026-09-18 04:37:04,2026-09-18 04:37:04
2904,PROD-2904,Zapatillas Air Max 270,"Calzado deportivo con cápsula de aire visible para máxima comodidad (Talla S, Color Blanco)",1271.08,74,1,2026-09-21 04:25:28,2026-09-21 05:54:28
2905,PROD-2905,Jeans 501 Original Fit,"Pantalón de mezclilla clásico de corte recto y ajuste cómodo (Talla L, Color Verde)",1668.88,22,1,2026-09-18 19:35:54,2026-09-18 20:58:54
2906,PROD-2906,Polerón Adicolor Classics,"Sudadera clásica con el logotipo de las tres tiras (Talla M, Color Rojo)",1122.22,41,1,2026-09-19 17:47:45,2026-09-19 19:14:45
2907,PROD-2907,Freidora XXL Airfryer,Freidora de aire de gran capacidad con tecnología de extracción de grasa,747.36,32,1,2026-09-17 21:38:54,2026-09-17 21:42:54
2908,PROD-2908,Smart Band 8,Pulsera de actividad física con seguimiento del sueño y deporte,20713.50,41,1,2026-09-17 13:15:28,2026-09-17 14:37:28
2909,PROD-2909,Robot Aspiradora X10+,Aspiradora robótica con estación de vaciado automático y mapeo láser,15710.80,40,1,2026-09-17 19:55:09,2026-09-17 20:04:09
2910,PROD-2910,Aspiradora Inalámbrica SpeedPro,Aspiradora escoba sin cable con cabezal de succión de 180 grados,4029.00,10,1,2026-09-22 04:42:17,2026-09-22 06:11:17
2911,PROD-2911,Robot Aspiradora X10+,Aspiradora robótica con estación de vaciado automático y mapeo láser,9980.48,48,1,2026-09-18 05:36:23,2026-09-18 07:07:23
2912,PROD-2912,MacBook Air 15 M2 512GB,Laptop ultra delgada y liviana con gran autonomía - Color Rojo,25310.57,28,1,2026-09-18 20:07:46,2026-09-18 20:09:46
2913,PROD-2913,Smart Band 8,Pulsera de actividad física con seguimiento del sueño y deporte,16775.91,15,1,2026-09-19 12:01:30,2026-09-19 12:42:30
2914,PROD-2914,iPhone 16 512GB,Smartphone con pantalla Super Retina XDR y excelente duración de batería - Color Negro,3087.19,18,1,2026-09-19 18:37:25,2026-09-19 19:17:25
2915,PROD-2915,Camiseta Graphic Setin Neck,"Playera casual de algodón con estampado frontal (Talla M, Color Gris)",577.40,78,1,2026-09-19 00:27:40,2026-09-19 00:50:40
2916,PROD-2916,Cafetera Programable 12 Tazas,Cafetera de goteo con temporizador programable y jarra de vidrio,1819.45,44,1,2026-09-21 17:39:36,2026-09-21 19:18:36
2917,PROD-2917,MacBook Pro 16 M3 512GB,Computadora portátil profesional para edición de video y desarrollo - Color Gris,30888.41,9,1,2026-09-17 13:34:33,2026-09-17 15:08:33
2918,PROD-2918,Smart TV OLED C3 65,Televisor inteligente ideal para videojuegos y películas con pánel OLED,23331.86,31,1,2026-09-21 13:55:07,2026-09-21 14:00:07
2919,PROD-2919,Jeans 501 Original Fit,"Pantalón de mezclilla clásico de corte recto y ajuste cómodo (Talla XL, Color Rojo)",894.55,11,1,2026-09-18 09:24:59,2026-09-18 11:17:59
2920,PROD-2920,Smart TV 65 Neo QLED,Televisor inteligente 4K con tecnología de puntos cuánticos y alto contraste,14436.66,19,1,2026-09-22 07:04:34,2026-09-22 07:21:34
2921,PROD-2921,Freidora de Aire 4L,Freidora sin aceite para cocinar de manera saludable y rápida,7212.52,29,1,2026-09-20 05:50:44,2026-09-20 06:32:44
2922,PROD-2922,Aspiradora Inalámbrica SpeedPro,Aspiradora escoba sin cable con cabezal de succión de 180 grados,6914.79,19,1,2026-09-18 00:08:01,2026-09-18 00:29:01
2923,PROD-2923,Aspiradora Inalámbrica SpeedPro,Aspiradora escoba sin cable con cabezal de succión de 180 grados,1672.90,10,1,2026-09-18 20:59:28,2026-09-18 22:46:28
2924,PROD-2924,Smartphone Xiaomi 14 Ultra 128GB,Smartphone de gama alta enfocado en fotografía profesional Leica - Color Verde,5522.02,28,1,2026-09-19 14:52:19,2026-09-19 15:58:19
2925,PROD-2925,Smartphone Galaxy Z Flip 6 1TB,Teléfono plegable compacto con pantalla exterior funcional - Color Azul,32092.45,49,1,2026-09-21 02:07:57,2026-09-21 02:23:57
2926,PROD-2926,Smartphone Redmi Note 13 Pro 128GB,Teléfono inteligente con excelente relación calidad-precio y gran cámara - Color Gris,30385.81,19,1,2026-09-21 19:17:48,2026-09-21 20:53:48
2927,PROD-2927,Licuadora Reversible 2 Velocidades,Licuadora con motor reversible y vaso de vidrio resistente a choques térmicos,1836.74,52,1,2026-09-18 11:51:37,2026-09-18 12:03:37
2928,PROD-2928,Licuadora Reversible 2 Velocidades,Licuadora con motor reversible y vaso de vidrio resistente a choques térmicos,3079.54,41,1,2026-09-22 05:46:47,2026-09-22 06:01:47
2929,PROD-2929,Freidora XXL Airfryer,Freidora de aire de gran capacidad con tecnología de extracción de grasa,5616.61,44,1,2026-09-18 01:06:52,2026-09-18 02:01:52
2930,PROD-2930,Audífonos Galaxy Buds3 Pro,Audífonos inalámbricos con cancelación activa de ruido inteligente,15996.83,39,1,2026-09-19 17:27:02,2026-09-19 18:09:02
2931,PROD-2931,Cafetera Programable 12 Tazas,Cafetera de goteo con temporizador programable y jarra de vidrio,4872.91,28,1,2026-09-20 22:13:13,2026-09-20 23:48:13
2932,PROD-2932,Zapatillas Samba OG,"Tenis de estilo retro icónicos en cuero de primera calidad (Talla M, Color Verde)",1835.07,58,1,2026-09-20 20:19:57,2026-09-20 21:25:57
2933,PROD-2933,Tablet Galaxy Tab S9 256GB,"Tableta de alto rendimiento para diseño, trabajo y entretenimiento - Color Azul",19491.72,49,1,2026-09-21 03:18:10,2026-09-21 05:07:10
2934,PROD-2934,Audífonos Galaxy Buds3 Pro,Audífonos inalámbricos con cancelación activa de ruido inteligente,35257.68,43,1,2026-09-18 09:52:07,2026-09-18 10:57:07
2935,PROD-2935,Freidora XXL Airfryer,Freidora de aire de gran capacidad con tecnología de extracción de grasa,6508.16,25,1,2026-09-19 11:39:52,2026-09-19 13:31:52
2936,PROD-2936,Jeans 501 Original Fit,"Pantalón de mezclilla clásico de corte recto y ajuste cómodo (Talla M, Color Blanco)",1903.12,71,1,2026-09-18 11:01:30,2026-09-18 11:01:30
2937,PROD-2937,Audífonos AirPods Pro 2,Audífonos intrauditivos con cancelación de ruido de nivel superior,8088.18,23,1,2026-09-20 17:30:48,2026-09-20 17:46:48
2938,PROD-2938,Licuadora Reversible 2 Velocidades,Licuadora con motor reversible y vaso de vidrio resistente a choques térmicos,5434.89,17,1,2026-09-17 19:58:23,2026-09-17 20:30:23
2939,PROD-2939,Cámara Alpha 7 IV,Cámara mirrorless profesional de fotograma completo para foto y video,17798.25,22,1,2026-09-21 10:43:28,2026-09-21 11:10:28
2940,PROD-2940,Cafetera Programable 12 Tazas,Cafetera de goteo con temporizador programable y jarra de vidrio,6937.93,55,1,2026-09-18 03:20:04,2026-09-18 03:28:04
2941,PROD-2941,Zapatillas Running Pegasus 40,"Calzado de correr con amortiguación reactiva para entrenamiento (Talla M, Color Verde)",371.95,26,1,2026-09-21 22:30:15,2026-09-21 23:50:15
2942,PROD-2942,Licuadora Reversible 2 Velocidades,Licuadora con motor reversible y vaso de vidrio resistente a choques térmicos,674.48,21,1,2026-09-17 18:44:32,2026-09-17 19:19:32
2943,PROD-2943,Licuadora Reversible 2 Velocidades,Licuadora con motor reversible y vaso de vidrio resistente a choques térmicos,6878.05,16,1,2026-09-21 19:46:09,2026-09-21 20:42:09
2944,PROD-2944,Zapatillas Air Max 270,"Calzado deportivo con cápsula de aire visible para máxima comodidad (Talla S, Color Blanco)",1151.80,34,1,2026-09-17 17:23:27,2026-09-17 19:18:27
2945,PROD-2945,Smart TV OLED C3 65,Televisor inteligente ideal para videojuegos y películas con pánel OLED,15336.47,8,1,2026-09-19 22:39:15,2026-09-19 23:11:15
2946,PROD-2946,Jeans 501 Original Fit,"Pantalón de mezclilla clásico de corte recto y ajuste cómodo (Talla S, Color Gris)",1887.78,86,1,2026-09-18 20:58:17,2026-09-18 22:57:17
2947,PROD-2947,Pantalón de Buzo Tech Fleece,"Pantalón deportivo térmico con diseño estilizado (Talla L, Color Azul)",2291.65,22,1,2026-09-21 04:21:22,2026-09-21 05:29:22
2948,PROD-2948,iPhone 16 Pro 128GB,Teléfono inteligente premium con chip de alto rendimiento y triple cámara - Color Verde,6247.42,43,1,2026-09-18 00:24:54,2026-09-18 01:17:54
2949,PROD-2949,Freidora de Aire 4L,Freidora sin aceite para cocinar de manera saludable y rápida,2668.89,46,1,2026-09-17 17:18:38,2026-09-17 19:08:38
2950,PROD-2950,Refrigeradora InstaView,Refrigerador inteligente con panel de cristal panorámico,34430.43,18,1,2026-09-18 04:44:11,2026-09-18 06:44:11
2951,PROD-2951,Audífonos Bluetooth WH-1000XM5,Audífonos inalámbricos con la mejor cancelación de ruido del mercado,30396.21,39,1,2026-09-22 10:57:00,2026-09-22 11:32:00
2952,PROD-2952,Monitor UltraGear 27,Monitor de alta frecuencia de actualización para juegos competitivos,14411.81,14,1,2026-09-20 22:00:14,2026-09-20 22:10:14
2953,PROD-2953,Smart TV 65 Neo QLED,Televisor inteligente 4K con tecnología de puntos cuánticos y alto contraste,17783.10,37,1,2026-09-17 19:29:42,2026-09-17 20:15:42
2954,PROD-2954,Zapatillas Samba OG,"Tenis de estilo retro icónicos en cuero de primera calidad (Talla XL, Color Azul)",1340.08,15,1,2026-09-19 19:09:35,2026-09-19 19:38:35
2955,PROD-2955,Freidora XXL Airfryer,Freidora de aire de gran capacidad con tecnología de extracción de grasa,1039.26,40,1,2026-09-22 08:28:29,2026-09-22 09:18:29
2956,PROD-2956,Zapatillas Air Force 1 '07,"Tenis clásicos de cuero blanco para uso urbano y casual (Talla L, Color Rojo)",966.92,42,1,2026-09-19 07:07:17,2026-09-19 08:30:17
2957,PROD-2957,Smart Band 8,Pulsera de actividad física con seguimiento del sueño y deporte,14398.83,17,1,2026-09-21 15:05:49,2026-09-21 15:44:49
2958,PROD-2958,Cafetera Programable 12 Tazas,Cafetera de goteo con temporizador programable y jarra de vidrio,2107.87,34,1,2026-09-19 13:25:31,2026-09-19 13:26:31
2959,PROD-2959,Polerón Adicolor Classics,"Sudadera clásica con el logotipo de las tres tiras (Talla XL, Color Blanco)",1325.27,26,1,2026-09-18 11:57:41,2026-09-18 12:46:41
2960,PROD-2960,Smartphone Redmi Note 13 Pro 128GB,Teléfono inteligente con excelente relación calidad-precio y gran cámara - Color Gris,34887.34,21,1,2026-09-18 18:52:45,2026-09-18 20:32:45
2961,PROD-2961,Zapatillas Ultraboost Light,"Tenis de running con retorno de energía superior y ligereza (Talla L, Color Verde)",1542.83,51,1,2026-09-19 02:10:38,2026-09-19 03:36:38
2962,PROD-2962,Audífonos Galaxy Buds3 Pro,Audífonos inalámbricos con cancelación activa de ruido inteligente,30680.34,45,1,2026-09-17 17:04:46,2026-09-17 18:12:46
2963,PROD-2963,Freidora XXL Airfryer,Freidora de aire de gran capacidad con tecnología de extracción de grasa,6023.28,34,1,2026-09-18 08:50:29,2026-09-18 10:11:29
2964,PROD-2964,Barra de Sonido HT-A7000,Sistema de audio para cine en casa con soporte Dolby Atmos,3504.56,43,1,2026-09-20 22:29:59,2026-09-20 23:56:59
2965,PROD-2965,Zapatillas Air Max 270,"Calzado deportivo con cápsula de aire visible para máxima comodidad (Talla M, Color Rojo)",1078.50,40,1,2026-09-18 06:52:10,2026-09-18 08:24:10
2966,PROD-2966,Zapatillas Air Max 270,"Calzado deportivo con cápsula de aire visible para máxima comodidad (Talla L, Color Verde)",473.85,78,1,2026-09-18 21:42:20,2026-09-18 22:10:20
2967,PROD-2967,Audífonos Bluetooth WH-1000XM5,Audífonos inalámbricos con la mejor cancelación de ruido del mercado,34202.42,7,1,2026-09-22 09:09:52,2026-09-22 10:37:52
2968,PROD-2968,Smartphone Galaxy S26+ 512GB,Teléfono inteligente con procesador de última generación y batería de larga duración - Color Verde,19279.57,30,1,2026-09-17 15:26:01,2026-09-17 16:13:01
2969,PROD-2969,Aspiradora Inalámbrica SpeedPro,Aspiradora escoba sin cable con cabezal de succión de 180 grados,6963.11,57,1,2026-09-21 21:20:45,2026-09-21 22:09:45
2970,PROD-2970,Aspiradora Inalámbrica SpeedPro,Aspiradora escoba sin cable con cabezal de succión de 180 grados,2914.27,37,1,2026-09-19 21:48:43,2026-09-19 23:03:43
2971,PROD-2971,Aspiradora Inalámbrica SpeedPro,Aspiradora escoba sin cable con cabezal de succión de 180 grados,7597.12,31,1,2026-09-18 22:17:58,2026-09-18 23:12:58
2972,PROD-2972,Zapatillas Samba OG,"Tenis de estilo retro icónicos en cuero de primera calidad (Talla L, Color Azul)",1181.32,86,1,2026-09-22 04:30:17,2026-09-22 05:34:17
2973,PROD-2973,Camiseta Graphic Setin Neck,"Playera casual de algodón con estampado frontal (Talla M, Color Gris)",621.92,32,1,2026-09-19 13:20:52,2026-09-19 13:56:52
2974,PROD-2974,Jeans 501 Original Fit,"Pantalón de mezclilla clásico de corte recto y ajuste cómodo (Talla L, Color Rojo)",2321.69,49,1,2026-09-20 13:20:49,2026-09-20 13:31:49
2975,PROD-2975,Camiseta Graphic Setin Neck,"Playera casual de algodón con estampado frontal (Talla M, Color Gris)",2041.03,57,1,2026-09-20 23:12:08,2026-09-21 00:00:08
2976,PROD-2976,Pantalón de Buzo Tech Fleece,"Pantalón deportivo térmico con diseño estilizado (Talla M, Color Negro)",2184.91,40,1,2026-09-17 13:19:49,2026-09-17 14:17:49
2977,PROD-2977,Jeans 511 Slim Fit,"Pantalón de mezclilla ajustado de estilo moderno (Talla L, Color Verde)",1615.28,25,1,2026-09-19 02:03:07,2026-09-19 02:26:07
2978,PROD-2978,Chaqueta Camionera de Mezclilla,"Chaqueta clásica de mezclilla resistente para uso diario (Talla S, Color Verde)",2400.36,93,1,2026-09-20 18:39:01,2026-09-20 19:53:01
2979,PROD-2979,iPhone 16 1TB,Smartphone con pantalla Super Retina XDR y excelente duración de batería - Color Negro,11185.41,25,1,2026-09-19 08:21:03,2026-09-19 08:48:03
2980,PROD-2980,Freidora de Aire 4L,Freidora sin aceite para cocinar de manera saludable y rápida,4705.94,22,1,2026-09-21 11:09:16,2026-09-21 12:47:16
2981,PROD-2981,Jeans 501 Original Fit,"Pantalón de mezclilla clásico de corte recto y ajuste cómodo (Talla S, Color Negro)",1498.44,97,1,2026-09-21 21:47:53,2026-09-21 22:02:53
2982,PROD-2982,Zapatillas Samba OG,"Tenis de estilo retro icónicos en cuero de primera calidad (Talla M, Color Blanco)",2353.63,20,1,2026-09-19 17:00:13,2026-09-19 18:33:13
2983,PROD-2983,Freidora XXL Airfryer,Freidora de aire de gran capacidad con tecnología de extracción de grasa,7362.74,43,1,2026-09-19 04:15:33,2026-09-19 04:55:33
2984,PROD-2984,iPad Pro 12.9,Tableta profesional con pantalla Liquid Retina XDR y chip M2,29455.41,47,1,2026-09-19 04:02:32,2026-09-19 05:36:32
2985,PROD-2985,Robot Aspiradora X10+,Aspiradora robótica con estación de vaciado automático y mapeo láser,28811.62,21,1,2026-09-19 02:15:02,2026-09-19 04:03:02
2986,PROD-2986,Freidora XXL Airfryer,Freidora de aire de gran capacidad con tecnología de extracción de grasa,1254.46,20,1,2026-09-21 08:58:27,2026-09-21 09:18:27
2987,PROD-2987,Cafetera Programable 12 Tazas,Cafetera de goteo con temporizador programable y jarra de vidrio,4420.68,58,1,2026-09-19 13:04:58,2026-09-19 14:56:58
2988,PROD-2988,Licuadora Reversible 2 Velocidades,Licuadora con motor reversible y vaso de vidrio resistente a choques térmicos,7277.52,37,1,2026-09-20 05:19:31,2026-09-20 05:35:31
2989,PROD-2989,Aspiradora Inalámbrica SpeedPro,Aspiradora escoba sin cable con cabezal de succión de 180 grados,5582.96,34,1,2026-09-18 14:46:50,2026-09-18 15:10:50
2990,PROD-2990,Jeans 501 Original Fit,"Pantalón de mezclilla clásico de corte recto y ajuste cómodo (Talla L, Color Negro)",1738.27,15,1,2026-09-22 02:30:19,2026-09-22 03:50:19
2991,PROD-2991,Freidora XXL Airfryer,Freidora de aire de gran capacidad con tecnología de extracción de grasa,6583.90,42,1,2026-09-17 20:30:55,2026-09-17 20:33:55
2992,PROD-2992,Zapatillas Running Pegasus 40,"Calzado de correr con amortiguación reactiva para entrenamiento (Talla S, Color Negro)",404.43,29,1,2026-09-20 09:49:21,2026-09-20 11:38:21
2993,PROD-2993,Cafetera Programable 12 Tazas,Cafetera de goteo con temporizador programable y jarra de vidrio,1372.98,27,1,2026-09-18 14:29:26,2026-09-18 15:09:26
2994,PROD-2994,Zapatillas Ultraboost Light,"Tenis de running con retorno de energía superior y ligereza (Talla S, Color Azul)",406.91,48,1,2026-09-18 20:22:27,2026-09-18 21:35:27
2995,PROD-2995,Licuadora Reversible 2 Velocidades,Licuadora con motor reversible y vaso de vidrio resistente a choques térmicos,6199.29,41,1,2026-09-22 08:45:27,2026-09-22 10:05:27
2996,PROD-2996,Freidora de Aire 4L,Freidora sin aceite para cocinar de manera saludable y rápida,7950.25,10,1,2026-09-18 16:15:36,2026-09-18 16:30:36
2997,PROD-2997,Robot Aspiradora X10+,Aspiradora robótica con estación de vaciado automático y mapeo láser,12778.14,50,1,2026-09-18 09:48:38,2026-09-18 10:54:38
2998,PROD-2998,Jeans 501 Original Fit,"Pantalón de mezclilla clásico de corte recto y ajuste cómodo (Talla M, Color Rojo)",1911.45,72,1,2026-09-22 05:32:57,2026-09-22 06:03:57
2999,PROD-2999,Chaqueta Camionera de Mezclilla,"Chaqueta clásica de mezclilla resistente para uso diario (Talla L, Color Verde)",1818.20,40,1,2026-09-18 08:57:49,2026-09-18 09:18:49
3000,PROD-3000,Smartphone Xiaomi 14 Ultra 256GB,Smartphone de gama alta enfocado en fotografía profesional Leica - Color Rojo,21920.34,16,1,2026-09-17 11:33:53,2026-09-17 12:09:53
3001,PROD-3001,Zapatillas Air Max 270,"Calzado deportivo con cápsula de aire visible para máxima comodidad (Talla L, Color Blanco)",627.79,64,1,2026-09-20 01:31:04,2026-09-20 01:42:04
3002,PROD-3002,Freidora XXL Airfryer,Freidora de aire de gran capacidad con tecnología de extracción de grasa,3968.52,13,1,2026-09-17 18:29:13,2026-09-17 19:39:13
3003,PROD-3003,Jeans 511 Slim Fit,"Pantalón de mezclilla ajustado de estilo moderno (Talla XL, Color Rojo)",1420.34,25,1,2026-09-22 02:41:40,2026-09-22 03:45:40
3004,PROD-3004,Apple Watch Series 10,Reloj inteligente con sensores avanzados de salud y actividad física,1869.39,5,1,2026-09-20 10:55:18,2026-09-20 11:10:18
3005,PROD-3005,Smartphone Redmi Note 13 Pro 512GB,Teléfono inteligente con excelente relación calidad-precio y gran cámara - Color Verde,30508.92,40,1,2026-09-18 19:43:35,2026-09-18 21:37:35
3006,PROD-3006,Cafetera Programable 12 Tazas,Cafetera de goteo con temporizador programable y jarra de vidrio,1081.27,39,1,2026-09-21 12:22:58,2026-09-21 14:03:58
3007,PROD-3007,Aspiradora Inalámbrica SpeedPro,Aspiradora escoba sin cable con cabezal de succión de 180 grados,4459.41,24,1,2026-09-22 04:51:31,2026-09-22 05:42:31
3008,PROD-3008,Chaqueta Camionera de Mezclilla,"Chaqueta clásica de mezclilla resistente para uso diario (Talla XL, Color Gris)",631.70,36,1,2026-09-18 18:54:55,2026-09-18 20:22:55
3009,PROD-3009,iPhone 16 128GB,Smartphone con pantalla Super Retina XDR y excelente duración de batería - Color Verde,4267.64,43,1,2026-09-19 05:53:18,2026-09-19 06:25:18
3010,PROD-3010,Parlante Portátil SRS-XG300,Bocina inalámbrica portátil resistente al agua con graves potentes,35658.83,41,1,2026-09-18 09:49:35,2026-09-18 11:20:35
3011,PROD-3011,Licuadora Reversible 2 Velocidades,Licuadora con motor reversible y vaso de vidrio resistente a choques térmicos,5980.32,30,1,2026-09-19 22:20:37,2026-09-19 22:27:37
3012,PROD-3012,Chaqueta Camionera de Mezclilla,"Chaqueta clásica de mezclilla resistente para uso diario (Talla M, Color Gris)",1760.59,59,1,2026-09-18 22:38:12,2026-09-19 00:24:12
3013,PROD-3013,Freidora XXL Airfryer,Freidora de aire de gran capacidad con tecnología de extracción de grasa,906.69,49,1,2026-09-18 04:04:03,2026-09-18 05:12:03
3014,PROD-3014,Smart TV Bravia XR OLED 55,Televisor OLED con negros absolutos y procesador de imagen cognitivo,24770.43,36,1,2026-09-19 03:31:14,2026-09-19 03:44:14
3015,PROD-3015,Monitor Odyssey G9,Monitor curvo ultrawide diseñado para gaming profesional,24249.58,19,1,2026-09-20 20:45:06,2026-09-20 21:24:06
3016,PROD-3016,Monitor UltraGear 27,Monitor de alta frecuencia de actualización para juegos competitivos,5771.65,47,1,2026-09-17 21:48:17,2026-09-17 22:16:17
3017,PROD-3017,Camiseta Graphic Setin Neck,"Playera casual de algodón con estampado frontal (Talla S, Color Rojo)",2036.77,94,1,2026-09-19 21:30:33,2026-09-19 21:59:33
3018,PROD-3018,Aspiradora Inalámbrica SpeedPro,Aspiradora escoba sin cable con cabezal de succión de 180 grados,3334.48,28,1,2026-09-21 21:44:38,2026-09-21 22:19:38
3019,PROD-3019,Chaqueta Camionera de Mezclilla,"Chaqueta clásica de mezclilla resistente para uso diario (Talla L, Color Gris)",1572.66,32,1,2026-09-21 06:33:20,2026-09-21 07:57:20
3020,PROD-3020,Consola PlayStation 5 Slim,Consola de videojuegos de última generación con almacenamiento SSD ultra rápido,15698.23,22,1,2026-09-17 21:50:46,2026-09-17 21:59:46
3021,PROD-3021,Aspiradora Inalámbrica SpeedPro,Aspiradora escoba sin cable con cabezal de succión de 180 grados,3654.82,9,1,2026-09-20 22:18:28,2026-09-21 00:17:28
3022,PROD-3022,Cafetera Programable 12 Tazas,Cafetera de goteo con temporizador programable y jarra de vidrio,5878.81,45,1,2026-09-18 18:09:44,2026-09-18 19:24:44
3023,PROD-3023,Zapatillas Running Pegasus 40,"Calzado de correr con amortiguación reactiva para entrenamiento (Talla XL, Color Gris)",2080.44,17,1,2026-09-20 08:50:56,2026-09-20 10:32:56
3024,PROD-3024,iPhone 16 Pro Max 512GB,Smartphone insignia de Apple con acabado en titanio y cámara profesional - Color Blanco,15928.19,15,1,2026-09-21 12:26:50,2026-09-21 12:27:50
3025,PROD-3025,Refrigeradora InstaView,Refrigerador inteligente con panel de cristal panorámico,18112.63,13,1,2026-09-21 21:31:14,2026-09-21 22:55:14
3026,PROD-3026,MacBook Air 15 M2 128GB,Laptop ultra delgada y liviana con gran autonomía - Color Blanco,20790.86,50,1,2026-09-20 01:58:48,2026-09-20 03:53:48
3027,PROD-3027,Aspiradora Inalámbrica SpeedPro,Aspiradora escoba sin cable con cabezal de succión de 180 grados,4443.05,49,1,2026-09-20 05:27:43,2026-09-20 06:18:43
3028,PROD-3028,Refrigeradora InstaView,Refrigerador inteligente con panel de cristal panorámico,17347.11,9,1,2026-09-18 11:23:00,2026-09-18 12:17:00
3029,PROD-3029,Zapatillas Air Max 270,"Calzado deportivo con cápsula de aire visible para máxima comodidad (Talla S, Color Rojo)",2467.94,33,1,2026-09-18 06:33:35,2026-09-18 07:29:35
3030,PROD-3030,Freidora XXL Airfryer,Freidora de aire de gran capacidad con tecnología de extracción de grasa,3898.91,29,1,2026-09-21 16:38:24,2026-09-21 17:51:24
3031,PROD-3031,Aspiradora Inalámbrica SpeedPro,Aspiradora escoba sin cable con cabezal de succión de 180 grados,3078.37,48,1,2026-09-18 17:39:01,2026-09-18 19:39:01
3032,PROD-3032,Freidora XXL Airfryer,Freidora de aire de gran capacidad con tecnología de extracción de grasa,1276.19,13,1,2026-09-21 07:06:10,2026-09-21 08:44:10
3033,PROD-3033,Polera Sportswear Club Fleece,"Sudadera de felpa con capucha y ajuste estándar (Talla M, Color Negro)",2400.70,96,1,2026-09-21 20:57:18,2026-09-21 22:37:18
3034,PROD-3034,Freidora XXL Airfryer,Freidora de aire de gran capacidad con tecnología de extracción de grasa,2172.13,17,1,2026-09-17 18:00:36,2026-09-17 18:20:36
3035,PROD-3035,Smart TV OLED C3 65,Televisor inteligente ideal para videojuegos y películas con pánel OLED,12995.04,6,1,2026-09-22 04:09:58,2026-09-22 04:53:58
3036,PROD-3036,Polera Sportswear Club Fleece,"Sudadera de felpa con capucha y ajuste estándar (Talla L, Color Rojo)",1726.18,46,1,2026-09-20 09:15:12,2026-09-20 09:15:12
3037,PROD-3037,Licuadora Reversible 2 Velocidades,Licuadora con motor reversible y vaso de vidrio resistente a choques térmicos,1466.13,43,1,2026-09-20 06:58:16,2026-09-20 07:48:16
3038,PROD-3038,Zapatillas Running Pegasus 40,"Calzado de correr con amortiguación reactiva para entrenamiento (Talla XL, Color Azul)",1211.96,83,1,2026-09-20 04:34:36,2026-09-20 05:49:36
3039,PROD-3039,Zapatillas Air Force 1 '07,"Tenis clásicos de cuero blanco para uso urbano y casual (Talla XL, Color Blanco)",1179.16,54,1,2026-09-20 01:29:24,2026-09-20 02:57:24
3040,PROD-3040,Cámara Alpha 7 IV,Cámara mirrorless profesional de fotograma completo para foto y video,1672.43,31,1,2026-09-18 22:55:51,2026-09-18 23:40:51
3041,PROD-3041,Zapatillas Ultraboost Light,"Tenis de running con retorno de energía superior y ligereza (Talla XL, Color Blanco)",430.92,59,1,2026-09-19 03:01:42,2026-09-19 04:13:42
3042,PROD-3042,Zapatillas Ultraboost Light,"Tenis de running con retorno de energía superior y ligereza (Talla XL, Color Azul)",520.02,91,1,2026-09-20 21:42:16,2026-09-20 23:05:16
3043,PROD-3043,Camiseta Graphic Setin Neck,"Playera casual de algodón con estampado frontal (Talla M, Color Gris)",792.66,98,1,2026-09-19 17:22:57,2026-09-19 18:37:57
3044,PROD-3044,Zapatillas Ultraboost Light,"Tenis de running con retorno de energía superior y ligereza (Talla M, Color Gris)",1101.99,30,1,2026-09-20 16:24:03,2026-09-20 16:44:03
3045,PROD-3045,Zapatillas Air Max 270,"Calzado deportivo con cápsula de aire visible para máxima comodidad (Talla XL, Color Gris)",854.76,20,1,2026-09-19 09:05:20,2026-09-19 10:23:20
3046,PROD-3046,Polerón Adicolor Classics,"Sudadera clásica con el logotipo de las tres tiras (Talla L, Color Rojo)",1195.96,46,1,2026-09-19 23:38:34,2026-09-20 01:02:34
3047,PROD-3047,Chaqueta Camionera de Mezclilla,"Chaqueta clásica de mezclilla resistente para uso diario (Talla L, Color Gris)",2230.52,47,1,2026-09-21 23:54:14,2026-09-22 00:22:14
3048,PROD-3048,Zapatillas Samba OG,"Tenis de estilo retro icónicos en cuero de primera calidad (Talla S, Color Gris)",1665.77,60,1,2026-09-20 22:16:48,2026-09-21 00:14:48
3049,PROD-3049,Cafetera Programable 12 Tazas,Cafetera de goteo con temporizador programable y jarra de vidrio,2242.68,53,1,2026-09-19 01:00:04,2026-09-19 01:35:04
3050,PROD-3050,Aspiradora Inalámbrica SpeedPro,Aspiradora escoba sin cable con cabezal de succión de 180 grados,2120.75,25,1,2026-09-19 23:03:22,2026-09-19 23:36:22
3051,PROD-3051,Refrigeradora InstaView,Refrigerador inteligente con panel de cristal panorámico,30205.39,49,1,2026-09-20 21:06:39,2026-09-20 21:27:39
3052,PROD-3052,iPhone 16 Pro Max 512GB,Smartphone insignia de Apple con acabado en titanio y cámara profesional - Color Rojo,15414.55,43,1,2026-09-21 20:38:41,2026-09-21 21:39:41
3053,PROD-3053,Cafetera Programable 12 Tazas,Cafetera de goteo con temporizador programable y jarra de vidrio,5484.46,42,1,2026-09-21 08:56:05,2026-09-21 10:34:05
3054,PROD-3054,Freidora XXL Airfryer,Freidora de aire de gran capacidad con tecnología de extracción de grasa,2293.75,14,1,2026-09-17 12:31:08,2026-09-17 14:25:08
3055,PROD-3055,Freidora XXL Airfryer,Freidora de aire de gran capacidad con tecnología de extracción de grasa,865.15,19,1,2026-09-18 04:07:35,2026-09-18 05:57:35
3056,PROD-3056,Camiseta Graphic Setin Neck,"Playera casual de algodón con estampado frontal (Talla L, Color Gris)",2283.36,76,1,2026-09-19 14:00:06,2026-09-19 14:24:06
3057,PROD-3057,Polerón Adicolor Classics,"Sudadera clásica con el logotipo de las tres tiras (Talla XL, Color Gris)",1073.86,84,1,2026-09-18 06:34:06,2026-09-18 08:23:06
3058,PROD-3058,Smartphone Galaxy Z Fold 6 128GB,Teléfono plegable con pantalla gigante para productividad y multitarea - Color Negro,11212.88,41,1,2026-09-20 02:23:38,2026-09-20 04:11:38
3059,PROD-3059,Zapatillas Air Force 1 '07,"Tenis clásicos de cuero blanco para uso urbano y casual (Talla M, Color Verde)",1663.52,82,1,2026-09-17 19:18:37,2026-09-17 21:03:37
3060,PROD-3060,iPad Pro 12.9,Tableta profesional con pantalla Liquid Retina XDR y chip M2,4285.58,12,1,2026-09-18 17:04:22,2026-09-18 18:37:22
3061,PROD-3061,Pantalón de Buzo Tech Fleece,"Pantalón deportivo térmico con diseño estilizado (Talla L, Color Rojo)",1870.00,60,1,2026-09-18 15:04:26,2026-09-18 15:46:26
3062,PROD-3062,Aspiradora Inalámbrica SpeedPro,Aspiradora escoba sin cable con cabezal de succión de 180 grados,7725.20,43,1,2026-09-20 02:00:58,2026-09-20 03:43:58
3063,PROD-3063,Refrigeradora InstaView,Refrigerador inteligente con panel de cristal panorámico,8253.23,9,1,2026-09-19 01:22:54,2026-09-19 02:52:54
3064,PROD-3064,Zapatillas Samba OG,"Tenis de estilo retro icónicos en cuero de primera calidad (Talla M, Color Gris)",1845.89,60,1,2026-09-19 19:50:51,2026-09-19 20:18:51
3065,PROD-3065,Smartphone Galaxy Z Fold 6 512GB,Teléfono plegable con pantalla gigante para productividad y multitarea - Color Negro,31918.14,23,1,2026-09-18 14:05:29,2026-09-18 14:29:29
3066,PROD-3066,Jeans 511 Slim Fit,"Pantalón de mezclilla ajustado de estilo moderno (Talla S, Color Blanco)",769.04,68,1,2026-09-19 05:59:34,2026-09-19 06:22:34
3067,PROD-3067,Zapatillas Air Max 270,"Calzado deportivo con cápsula de aire visible para máxima comodidad (Talla S, Color Negro)",997.70,94,1,2026-09-20 05:00:16,2026-09-20 06:31:16
3068,PROD-3068,Aspiradora Inalámbrica SpeedPro,Aspiradora escoba sin cable con cabezal de succión de 180 grados,6338.88,42,1,2026-09-17 15:26:17,2026-09-17 15:30:17
3069,PROD-3069,Freidora XXL Airfryer,Freidora de aire de gran capacidad con tecnología de extracción de grasa,4725.01,25,1,2026-09-19 18:54:25,2026-09-19 20:30:25
3070,PROD-3070,Licuadora Reversible 2 Velocidades,Licuadora con motor reversible y vaso de vidrio resistente a choques térmicos,7134.52,49,1,2026-09-18 00:25:00,2026-09-18 01:47:00
3071,PROD-3071,Aspiradora Inalámbrica SpeedPro,Aspiradora escoba sin cable con cabezal de succión de 180 grados,7158.44,12,1,2026-09-20 07:11:48,2026-09-20 07:44:48
3072,PROD-3072,Smartphone Galaxy Z Flip 6 256GB,Teléfono plegable compacto con pantalla exterior funcional - Color Gris,2574.81,19,1,2026-09-20 17:29:59,2026-09-20 19:10:59
3073,PROD-3073,Jeans 511 Slim Fit,"Pantalón de mezclilla ajustado de estilo moderno (Talla M, Color Rojo)",1660.43,45,1,2026-09-20 00:50:01,2026-09-20 01:40:01
3074,PROD-3074,Camiseta Graphic Setin Neck,"Playera casual de algodón con estampado frontal (Talla L, Color Verde)",2225.10,30,1,2026-09-18 16:20:04,2026-09-18 16:45:04
3075,PROD-3075,Smart TV OLED C3 65,Televisor inteligente ideal para videojuegos y películas con pánel OLED,22638.10,19,1,2026-09-17 12:42:52,2026-09-17 12:59:52
3076,PROD-3076,iPad Pro 12.9,Tableta profesional con pantalla Liquid Retina XDR y chip M2,14745.18,11,1,2026-09-18 18:44:44,2026-09-18 19:10:44
3077,PROD-3077,iPhone 16 Pro Max 256GB,Smartphone insignia de Apple con acabado en titanio y cámara profesional - Color Blanco,9504.18,34,1,2026-09-20 03:34:43,2026-09-20 03:42:43
3078,PROD-3078,Cafetera Programable 12 Tazas,Cafetera de goteo con temporizador programable y jarra de vidrio,7246.87,58,1,2026-09-20 05:48:36,2026-09-20 06:34:36
3079,PROD-3079,Smart Band 8,Pulsera de actividad física con seguimiento del sueño y deporte,5540.80,35,1,2026-09-21 04:08:50,2026-09-21 05:26:50
3080,PROD-3080,Zapatillas Air Max 270,"Calzado deportivo con cápsula de aire visible para máxima comodidad (Talla S, Color Blanco)",947.69,57,1,2026-09-18 18:01:46,2026-09-18 18:08:46
3081,PROD-3081,MacBook Pro 16 M3 512GB,Computadora portátil profesional para edición de video y desarrollo - Color Azul,6557.27,6,1,2026-09-18 18:55:44,2026-09-18 19:29:44
3082,PROD-3082,Licuadora Reversible 2 Velocidades,Licuadora con motor reversible y vaso de vidrio resistente a choques térmicos,1365.62,26,1,2026-09-20 06:07:28,2026-09-20 06:15:28
3083,PROD-3083,Licuadora Reversible 2 Velocidades,Licuadora con motor reversible y vaso de vidrio resistente a choques térmicos,3852.06,18,1,2026-09-18 11:09:19,2026-09-18 12:33:19
3084,PROD-3084,Consola PlayStation 5 Slim,Consola de videojuegos de última generación con almacenamiento SSD ultra rápido,31778.34,8,1,2026-09-20 03:20:31,2026-09-20 05:04:31
3085,PROD-3085,Aspiradora Inalámbrica SpeedPro,Aspiradora escoba sin cable con cabezal de succión de 180 grados,5420.21,42,1,2026-09-20 06:43:26,2026-09-20 08:16:26
3086,PROD-3086,Smart Band 8,Pulsera de actividad física con seguimiento del sueño y deporte,11899.58,21,1,2026-09-19 23:38:20,2026-09-19 23:51:20
3087,PROD-3087,Freidora de Aire 4L,Freidora sin aceite para cocinar de manera saludable y rápida,780.35,31,1,2026-09-21 08:32:16,2026-09-21 09:41:16
3088,PROD-3088,Monitor UltraGear 27,Monitor de alta frecuencia de actualización para juegos competitivos,5970.06,48,1,2026-09-20 07:41:02,2026-09-20 09:01:02
3089,PROD-3089,Parlante Portátil SRS-XG300,Bocina inalámbrica portátil resistente al agua con graves potentes,31463.45,9,1,2026-09-18 13:33:15,2026-09-18 13:52:15
3090,PROD-3090,Zapatillas Ultraboost Light,"Tenis de running con retorno de energía superior y ligereza (Talla L, Color Azul)",1197.54,78,1,2026-09-19 04:23:23,2026-09-19 05:54:23
3091,PROD-3091,Polerón Adicolor Classics,"Sudadera clásica con el logotipo de las tres tiras (Talla M, Color Blanco)",1393.76,90,1,2026-09-18 14:40:57,2026-09-18 15:37:57
3092,PROD-3092,Licuadora Reversible 2 Velocidades,Licuadora con motor reversible y vaso de vidrio resistente a choques térmicos,1157.95,13,1,2026-09-17 23:52:30,2026-09-17 23:58:30
3093,PROD-3093,Monitor UltraGear 27,Monitor de alta frecuencia de actualización para juegos competitivos,34793.36,7,1,2026-09-18 21:41:04,2026-09-18 23:10:04
3094,PROD-3094,Polerón Adicolor Classics,"Sudadera clásica con el logotipo de las tres tiras (Talla XL, Color Verde)",1670.51,95,1,2026-09-17 22:07:29,2026-09-17 23:05:29
3095,PROD-3095,Patinete Eléctrico Pro 4,Scooter eléctrico con gran autonomía para movilidad urbana,25122.30,45,1,2026-09-18 20:12:12,2026-09-18 21:28:12
3096,PROD-3096,Consola PlayStation 5 Slim,Consola de videojuegos de última generación con almacenamiento SSD ultra rápido,21365.37,44,1,2026-09-21 05:15:04,2026-09-21 05:47:04
3097,PROD-3097,Freidora XXL Airfryer,Freidora de aire de gran capacidad con tecnología de extracción de grasa,4946.15,55,1,2026-09-22 02:40:09,2026-09-22 02:54:09
3098,PROD-3098,Jeans 511 Slim Fit,"Pantalón de mezclilla ajustado de estilo moderno (Talla M, Color Blanco)",2296.43,59,1,2026-09-22 00:21:24,2026-09-22 00:53:24
3099,PROD-3099,Audífonos AirPods Pro 2,Audífonos intrauditivos con cancelación de ruido de nivel superior,16631.32,15,1,2026-09-17 14:29:00,2026-09-17 15:15:00
3100,PROD-3100,Jeans 511 Slim Fit,"Pantalón de mezclilla ajustado de estilo moderno (Talla S, Color Azul)",728.72,96,1,2026-09-19 10:02:02,2026-09-19 11:29:02
3101,PROD-3101,Polerón Adicolor Classics,"Sudadera clásica con el logotipo de las tres tiras (Talla XL, Color Blanco)",2303.86,10,1,2026-09-21 16:11:20,2026-09-21 17:20:20
3102,PROD-3102,MacBook Air 15 M2 512GB,Laptop ultra delgada y liviana con gran autonomía - Color Gris,16220.06,6,1,2026-09-19 07:44:14,2026-09-19 08:48:14
3103,PROD-3103,Aspiradora Inalámbrica SpeedPro,Aspiradora escoba sin cable con cabezal de succión de 180 grados,489.25,37,1,2026-09-17 14:23:17,2026-09-17 16:05:17
3104,PROD-3104,Tablet Galaxy Tab S9 1TB,"Tableta de alto rendimiento para diseño, trabajo y entretenimiento - Color Rojo",24794.59,9,1,2026-09-21 04:29:51,2026-09-21 06:07:51
3105,PROD-3105,Camiseta Graphic Setin Neck,"Playera casual de algodón con estampado frontal (Talla XL, Color Gris)",1691.42,33,1,2026-09-19 21:12:46,2026-09-19 22:06:46
3106,PROD-3106,Licuadora Reversible 2 Velocidades,Licuadora con motor reversible y vaso de vidrio resistente a choques térmicos,7601.98,46,1,2026-09-21 23:17:06,2026-09-21 23:57:06
3107,PROD-3107,Chaqueta Camionera de Mezclilla,"Chaqueta clásica de mezclilla resistente para uso diario (Talla M, Color Azul)",2330.76,70,1,2026-09-19 09:48:05,2026-09-19 11:29:05
3108,PROD-3108,iPad Pro 12.9,Tableta profesional con pantalla Liquid Retina XDR y chip M2,20636.97,6,1,2026-09-20 00:17:08,2026-09-20 00:27:08
3109,PROD-3109,Zapatillas Running Pegasus 40,"Calzado de correr con amortiguación reactiva para entrenamiento (Talla S, Color Blanco)",2090.47,27,1,2026-09-17 15:24:10,2026-09-17 16:47:10
3110,PROD-3110,Polerón Adicolor Classics,"Sudadera clásica con el logotipo de las tres tiras (Talla M, Color Blanco)",1623.94,24,1,2026-09-17 21:44:47,2026-09-17 22:25:47
3111,PROD-3111,Jeans 501 Original Fit,"Pantalón de mezclilla clásico de corte recto y ajuste cómodo (Talla M, Color Rojo)",1033.15,95,1,2026-09-21 17:28:01,2026-09-21 18:42:01
3112,PROD-3112,Camiseta Graphic Setin Neck,"Playera casual de algodón con estampado frontal (Talla M, Color Azul)",1787.01,29,1,2026-09-21 09:24:07,2026-09-21 10:16:07
3113,PROD-3113,Refrigeradora InstaView,Refrigerador inteligente con panel de cristal panorámico,11031.39,16,1,2026-09-17 17:34:57,2026-09-17 18:29:57
3114,PROD-3114,Chaqueta Camionera de Mezclilla,"Chaqueta clásica de mezclilla resistente para uso diario (Talla L, Color Rojo)",1455.90,92,1,2026-09-21 12:45:42,2026-09-21 13:55:42
3115,PROD-3115,Jeans 511 Slim Fit,"Pantalón de mezclilla ajustado de estilo moderno (Talla M, Color Verde)",579.98,93,1,2026-09-20 17:45:16,2026-09-20 19:22:16
3116,PROD-3116,Smartphone Galaxy Z Flip 6 256GB,Teléfono plegable compacto con pantalla exterior funcional - Color Verde,30871.64,9,1,2026-09-22 10:37:18,2026-09-22 11:59:18
3117,PROD-3117,iPhone 16 128GB,Smartphone con pantalla Super Retina XDR y excelente duración de batería - Color Blanco,28264.94,28,1,2026-09-22 00:27:54,2026-09-22 01:04:54
3118,PROD-3118,Cafetera Programable 12 Tazas,Cafetera de goteo con temporizador programable y jarra de vidrio,3230.92,17,1,2026-09-20 02:46:23,2026-09-20 03:55:23
3119,PROD-3119,Zapatillas Samba OG,"Tenis de estilo retro icónicos en cuero de primera calidad (Talla XL, Color Gris)",2271.30,23,1,2026-09-22 02:33:40,2026-09-22 03:47:40
3120,PROD-3120,Monitor UltraGear 27,Monitor de alta frecuencia de actualización para juegos competitivos,9806.11,39,1,2026-09-17 19:52:31,2026-09-17 20:41:31
3121,PROD-3121,Zapatillas Air Max 270,"Calzado deportivo con cápsula de aire visible para máxima comodidad (Talla S, Color Negro)",2058.42,32,1,2026-09-20 22:22:20,2026-09-21 00:20:20
3122,PROD-3122,Aspiradora Inalámbrica SpeedPro,Aspiradora escoba sin cable con cabezal de succión de 180 grados,5250.94,38,1,2026-09-18 22:58:22,2026-09-19 00:44:22
3123,PROD-3123,Zapatillas Samba OG,"Tenis de estilo retro icónicos en cuero de primera calidad (Talla XL, Color Verde)",1213.71,61,1,2026-09-22 00:25:44,2026-09-22 01:04:44
3124,PROD-3124,Cafetera Programable 12 Tazas,Cafetera de goteo con temporizador programable y jarra de vidrio,3708.62,16,1,2026-09-18 19:03:50,2026-09-18 19:40:50
3125,PROD-3125,Licuadora Reversible 2 Velocidades,Licuadora con motor reversible y vaso de vidrio resistente a choques térmicos,5039.91,53,1,2026-09-20 02:52:18,2026-09-20 04:35:18
3126,PROD-3126,iPhone 16 Pro 256GB,Teléfono inteligente premium con chip de alto rendimiento y triple cámara - Color Blanco,1107.33,49,1,2026-09-17 20:40:22,2026-09-17 20:45:22
3127,PROD-3127,Chaqueta Camionera de Mezclilla,"Chaqueta clásica de mezclilla resistente para uso diario (Talla M, Color Negro)",955.02,72,1,2026-09-20 13:47:20,2026-09-20 15:44:20
3128,PROD-3128,Licuadora Reversible 2 Velocidades,Licuadora con motor reversible y vaso de vidrio resistente a choques térmicos,3980.05,47,1,2026-09-20 04:23:08,2026-09-20 04:42:08
3129,PROD-3129,Polerón Adicolor Classics,"Sudadera clásica con el logotipo de las tres tiras (Talla L, Color Rojo)",1834.91,22,1,2026-09-21 10:15:59,2026-09-21 10:35:59
3130,PROD-3130,Licuadora Reversible 2 Velocidades,Licuadora con motor reversible y vaso de vidrio resistente a choques térmicos,5988.70,9,1,2026-09-17 19:39:38,2026-09-17 20:07:38
3131,PROD-3131,Pantalón de Buzo Tech Fleece,"Pantalón deportivo térmico con diseño estilizado (Talla S, Color Verde)",1829.61,31,1,2026-09-21 18:12:35,2026-09-21 18:12:35
3132,PROD-3132,Tablet Galaxy Tab S9 256GB,"Tableta de alto rendimiento para diseño, trabajo y entretenimiento - Color Verde",6225.92,26,1,2026-09-18 15:31:19,2026-09-18 16:40:19
3133,PROD-3133,Jeans 501 Original Fit,"Pantalón de mezclilla clásico de corte recto y ajuste cómodo (Talla S, Color Gris)",1708.39,51,1,2026-09-22 09:15:57,2026-09-22 09:37:57
3134,PROD-3134,Jeans 511 Slim Fit,"Pantalón de mezclilla ajustado de estilo moderno (Talla S, Color Gris)",1539.27,30,1,2026-09-20 00:13:22,2026-09-20 02:00:22
3135,PROD-3135,Cafetera Programable 12 Tazas,Cafetera de goteo con temporizador programable y jarra de vidrio,6315.49,57,1,2026-09-21 04:24:30,2026-09-21 04:31:30
3136,PROD-3136,Smart Band 8,Pulsera de actividad física con seguimiento del sueño y deporte,19456.36,32,1,2026-09-18 11:14:37,2026-09-18 12:59:37
3137,PROD-3137,Zapatillas Air Max 270,"Calzado deportivo con cápsula de aire visible para máxima comodidad (Talla M, Color Blanco)",2164.25,36,1,2026-09-20 12:24:30,2026-09-20 13:42:30
3138,PROD-3138,Zapatillas Ultraboost Light,"Tenis de running con retorno de energía superior y ligereza (Talla M, Color Azul)",1226.14,20,1,2026-09-20 12:59:57,2026-09-20 13:42:57
3139,PROD-3139,Cafetera Programable 12 Tazas,Cafetera de goteo con temporizador programable y jarra de vidrio,7722.41,59,1,2026-09-22 00:35:25,2026-09-22 02:20:25
3140,PROD-3140,Camiseta Graphic Setin Neck,"Playera casual de algodón con estampado frontal (Talla XL, Color Negro)",882.84,80,1,2026-09-19 07:43:59,2026-09-19 09:22:59
3141,PROD-3141,Smartphone Galaxy S26+ 256GB,Teléfono inteligente con procesador de última generación y batería de larga duración - Color Blanco,24065.75,15,1,2026-09-18 16:38:54,2026-09-18 18:33:54
3142,PROD-3142,Smart TV OLED C3 65,Televisor inteligente ideal para videojuegos y películas con pánel OLED,4019.80,39,1,2026-09-20 13:21:18,2026-09-20 14:54:18
3143,PROD-3143,Audífonos Bluetooth WH-1000XM5,Audífonos inalámbricos con la mejor cancelación de ruido del mercado,16868.57,43,1,2026-09-21 21:25:37,2026-09-21 23:14:37
3144,PROD-3144,Monitor UltraGear 27,Monitor de alta frecuencia de actualización para juegos competitivos,12050.52,49,1,2026-09-17 14:14:19,2026-09-17 15:05:19
3145,PROD-3145,Pantalón de Buzo Tech Fleece,"Pantalón deportivo térmico con diseño estilizado (Talla S, Color Verde)",443.41,90,1,2026-09-21 20:42:11,2026-09-21 21:29:11
3146,PROD-3146,Licuadora Reversible 2 Velocidades,Licuadora con motor reversible y vaso de vidrio resistente a choques térmicos,5224.51,42,1,2026-09-20 15:28:24,2026-09-20 15:40:24
3147,PROD-3147,Freidora XXL Airfryer,Freidora de aire de gran capacidad con tecnología de extracción de grasa,6254.47,47,1,2026-09-18 05:54:59,2026-09-18 06:53:59
3148,PROD-3148,Aspiradora Inalámbrica SpeedPro,Aspiradora escoba sin cable con cabezal de succión de 180 grados,1287.52,40,1,2026-09-21 16:32:38,2026-09-21 16:46:38
3149,PROD-3149,Zapatillas Samba OG,"Tenis de estilo retro icónicos en cuero de primera calidad (Talla M, Color Rojo)",1839.48,54,1,2026-09-21 11:35:05,2026-09-21 12:38:05
3150,PROD-3150,Smartphone Galaxy S26 1TB,Smartphone compacto con pantalla fluida y excelente rendimiento - Color Azul,13586.70,30,1,2026-09-20 17:06:26,2026-09-20 17:55:26
3151,PROD-3151,Monitor UltraGear 27,Monitor de alta frecuencia de actualización para juegos competitivos,20903.49,11,1,2026-09-18 07:30:30,2026-09-18 08:11:30
3152,PROD-3152,Chaqueta Camionera de Mezclilla,"Chaqueta clásica de mezclilla resistente para uso diario (Talla M, Color Gris)",1051.22,87,1,2026-09-19 03:05:27,2026-09-19 04:30:27
3153,PROD-3153,Polerón Adicolor Classics,"Sudadera clásica con el logotipo de las tres tiras (Talla S, Color Azul)",1937.07,27,1,2026-09-20 23:43:43,2026-09-21 01:33:43
3154,PROD-3154,Freidora de Aire 4L,Freidora sin aceite para cocinar de manera saludable y rápida,2437.69,38,1,2026-09-18 08:08:33,2026-09-18 09:45:33
3155,PROD-3155,Aspiradora Inalámbrica SpeedPro,Aspiradora escoba sin cable con cabezal de succión de 180 grados,4886.02,27,1,2026-09-17 20:31:19,2026-09-17 22:08:19
3156,PROD-3156,Polerón Adicolor Classics,"Sudadera clásica con el logotipo de las tres tiras (Talla XL, Color Azul)",396.43,10,1,2026-09-20 19:55:47,2026-09-20 21:35:47
3157,PROD-3157,Aspiradora Inalámbrica SpeedPro,Aspiradora escoba sin cable con cabezal de succión de 180 grados,5613.61,39,1,2026-09-19 00:28:53,2026-09-19 01:39:53
3158,PROD-3158,Polerón Adicolor Classics,"Sudadera clásica con el logotipo de las tres tiras (Talla L, Color Azul)",942.97,75,1,2026-09-18 15:32:38,2026-09-18 17:14:38
3159,PROD-3159,Freidora XXL Airfryer,Freidora de aire de gran capacidad con tecnología de extracción de grasa,3523.25,23,1,2026-09-19 05:26:33,2026-09-19 07:13:33
3160,PROD-3160,Polerón Adicolor Classics,"Sudadera clásica con el logotipo de las tres tiras (Talla L, Color Blanco)",1207.14,84,1,2026-09-20 17:28:53,2026-09-20 19:11:53
3161,PROD-3161,Freidora de Aire 4L,Freidora sin aceite para cocinar de manera saludable y rápida,2626.55,45,1,2026-09-20 17:05:01,2026-09-20 17:08:01
3162,PROD-3162,Polera Sportswear Club Fleece,"Sudadera de felpa con capucha y ajuste estándar (Talla S, Color Rojo)",708.33,91,1,2026-09-20 14:19:34,2026-09-20 16:02:34
3163,PROD-3163,Chaqueta Camionera de Mezclilla,"Chaqueta clásica de mezclilla resistente para uso diario (Talla M, Color Negro)",2146.74,14,1,2026-09-18 11:14:44,2026-09-18 12:05:44
3164,PROD-3164,Smartphone Redmi Note 13 Pro 1TB,Teléfono inteligente con excelente relación calidad-precio y gran cámara - Color Azul,10790.67,43,1,2026-09-17 20:16:16,2026-09-17 20:18:16
3165,PROD-3165,Freidora de Aire 4L,Freidora sin aceite para cocinar de manera saludable y rápida,4463.27,24,1,2026-09-19 15:34:40,2026-09-19 16:40:40
3166,PROD-3166,iPhone 16 Pro Max 256GB,Smartphone insignia de Apple con acabado en titanio y cámara profesional - Color Verde,29059.68,26,1,2026-09-20 09:37:18,2026-09-20 10:16:18
3167,PROD-3167,Cafetera Programable 12 Tazas,Cafetera de goteo con temporizador programable y jarra de vidrio,4922.03,38,1,2026-09-19 01:30:04,2026-09-19 03:16:04
3168,PROD-3168,Cafetera Programable 12 Tazas,Cafetera de goteo con temporizador programable y jarra de vidrio,3042.01,23,1,2026-09-17 13:28:45,2026-09-17 13:47:45
3169,PROD-3169,Zapatillas Air Force 1 '07,"Tenis clásicos de cuero blanco para uso urbano y casual (Talla S, Color Negro)",807.64,96,1,2026-09-19 13:35:20,2026-09-19 15:07:20
3170,PROD-3170,Zapatillas Samba OG,"Tenis de estilo retro icónicos en cuero de primera calidad (Talla S, Color Rojo)",2260.50,86,1,2026-09-19 15:11:16,2026-09-19 16:33:16
3171,PROD-3171,Tablet Galaxy Tab S9 1TB,"Tableta de alto rendimiento para diseño, trabajo y entretenimiento - Color Gris",3946.74,21,1,2026-09-22 03:05:49,2026-09-22 04:17:49
3172,PROD-3172,Robot Aspiradora X10+,Aspiradora robótica con estación de vaciado automático y mapeo láser,24106.31,23,1,2026-09-20 02:16:15,2026-09-20 03:13:15
3173,PROD-3173,Cafetera Programable 12 Tazas,Cafetera de goteo con temporizador programable y jarra de vidrio,6184.89,54,1,2026-09-17 14:11:53,2026-09-17 15:34:53
3174,PROD-3174,Monitor UltraGear 27,Monitor de alta frecuencia de actualización para juegos competitivos,6250.84,46,1,2026-09-22 08:23:48,2026-09-22 08:27:48
3175,PROD-3175,Smartphone Galaxy Z Fold 6 1TB,Teléfono plegable con pantalla gigante para productividad y multitarea - Color Gris,32043.72,12,1,2026-09-17 18:17:25,2026-09-17 18:46:25
3176,PROD-3176,Polera Sportswear Club Fleece,"Sudadera de felpa con capucha y ajuste estándar (Talla L, Color Blanco)",1643.12,15,1,2026-09-19 20:38:59,2026-09-19 21:39:59
3177,PROD-3177,Zapatillas Samba OG,"Tenis de estilo retro icónicos en cuero de primera calidad (Talla XL, Color Rojo)",2290.13,61,1,2026-09-22 10:33:36,2026-09-22 12:30:36
3178,PROD-3178,Chaqueta Camionera de Mezclilla,"Chaqueta clásica de mezclilla resistente para uso diario (Talla S, Color Azul)",654.79,26,1,2026-09-18 04:22:19,2026-09-18 05:03:19
3179,PROD-3179,Polerón Adicolor Classics,"Sudadera clásica con el logotipo de las tres tiras (Talla XL, Color Azul)",644.39,64,1,2026-09-22 03:13:22,2026-09-22 03:35:22
3180,PROD-3180,iPhone 16 Pro 128GB,Teléfono inteligente premium con chip de alto rendimiento y triple cámara - Color Gris,8874.87,45,1,2026-09-21 09:39:32,2026-09-21 11:03:32
3181,PROD-3181,Zapatillas Air Force 1 '07,"Tenis clásicos de cuero blanco para uso urbano y casual (Talla L, Color Azul)",1010.70,59,1,2026-09-19 07:34:07,2026-09-19 08:43:07
3182,PROD-3182,Zapatillas Samba OG,"Tenis de estilo retro icónicos en cuero de primera calidad (Talla L, Color Rojo)",829.10,65,1,2026-09-19 10:52:19,2026-09-19 11:13:19
3183,PROD-3183,Audífonos AirPods Pro 2,Audífonos intrauditivos con cancelación de ruido de nivel superior,8495.46,5,1,2026-09-20 10:35:15,2026-09-20 12:21:15
3184,PROD-3184,MacBook Air 15 M2 512GB,Laptop ultra delgada y liviana con gran autonomía - Color Verde,12843.28,11,1,2026-09-18 11:33:56,2026-09-18 13:02:56
3185,PROD-3185,Licuadora Reversible 2 Velocidades,Licuadora con motor reversible y vaso de vidrio resistente a choques térmicos,6031.77,33,1,2026-09-18 05:57:32,2026-09-18 07:21:32
3186,PROD-3186,Smartphone Galaxy S26+ 1TB,Teléfono inteligente con procesador de última generación y batería de larga duración - Color Blanco,33271.32,45,1,2026-09-18 08:12:37,2026-09-18 09:33:37
3187,PROD-3187,Zapatillas Air Max 270,"Calzado deportivo con cápsula de aire visible para máxima comodidad (Talla XL, Color Gris)",1502.55,79,1,2026-09-21 21:53:27,2026-09-21 22:24:27
3188,PROD-3188,Aspiradora Inalámbrica SpeedPro,Aspiradora escoba sin cable con cabezal de succión de 180 grados,5813.98,28,1,2026-09-20 20:03:37,2026-09-20 20:44:37
3189,PROD-3189,MacBook Air 15 M2 256GB,Laptop ultra delgada y liviana con gran autonomía - Color Verde,30380.28,13,1,2026-09-21 19:10:00,2026-09-21 20:59:00
3190,PROD-3190,Camiseta Graphic Setin Neck,"Playera casual de algodón con estampado frontal (Talla S, Color Rojo)",1054.54,57,1,2026-09-21 04:54:56,2026-09-21 05:04:56
3191,PROD-3191,Jeans 501 Original Fit,"Pantalón de mezclilla clásico de corte recto y ajuste cómodo (Talla L, Color Negro)",1487.55,91,1,2026-09-17 18:13:34,2026-09-17 18:59:34
3192,PROD-3192,Zapatillas Ultraboost Light,"Tenis de running con retorno de energía superior y ligereza (Talla L, Color Azul)",1326.33,44,1,2026-09-20 08:02:29,2026-09-20 08:31:29
3193,PROD-3193,Zapatillas Ultraboost Light,"Tenis de running con retorno de energía superior y ligereza (Talla L, Color Blanco)",989.76,77,1,2026-09-21 21:56:01,2026-09-21 23:31:01
3194,PROD-3194,Freidora XXL Airfryer,Freidora de aire de gran capacidad con tecnología de extracción de grasa,6732.83,37,1,2026-09-18 04:42:00,2026-09-18 05:27:00
3195,PROD-3195,Aspiradora Inalámbrica SpeedPro,Aspiradora escoba sin cable con cabezal de succión de 180 grados,1915.73,26,1,2026-09-21 03:10:50,2026-09-21 03:36:50
3196,PROD-3196,Audífonos Bluetooth WH-1000XM5,Audífonos inalámbricos con la mejor cancelación de ruido del mercado,17835.73,39,1,2026-09-17 15:46:05,2026-09-17 16:14:05
3197,PROD-3197,Audífonos Galaxy Buds3 Pro,Audífonos inalámbricos con cancelación activa de ruido inteligente,8230.95,10,1,2026-09-22 06:02:51,2026-09-22 06:10:51
3198,PROD-3198,Licuadora Reversible 2 Velocidades,Licuadora con motor reversible y vaso de vidrio resistente a choques térmicos,6673.79,41,1,2026-09-21 02:51:58,2026-09-21 03:14:58
3199,PROD-3199,Camiseta Graphic Setin Neck,"Playera casual de algodón con estampado frontal (Talla M, Color Rojo)",496.88,32,1,2026-09-20 09:15:02,2026-09-20 10:24:02
3200,PROD-3200,Jeans 501 Original Fit,"Pantalón de mezclilla clásico de corte recto y ajuste cómodo (Talla L, Color Rojo)",1284.81,50,1,2026-09-21 15:00:42,2026-09-21 15:08:42
3201,PROD-3201,Jeans 501 Original Fit,"Pantalón de mezclilla clásico de corte recto y ajuste cómodo (Talla XL, Color Verde)",1007.32,51,1,2026-09-21 11:36:25,2026-09-21 12:03:25
3202,PROD-3202,Zapatillas Ultraboost Light,"Tenis de running con retorno de energía superior y ligereza (Talla XL, Color Rojo)",457.51,75,1,2026-09-20 21:34:20,2026-09-20 23:24:20
3203,PROD-3203,Smart TV Bravia XR OLED 55,Televisor OLED con negros absolutos y procesador de imagen cognitivo,24837.35,17,1,2026-09-19 05:57:40,2026-09-19 06:32:40
3204,PROD-3204,Zapatillas Air Force 1 '07,"Tenis clásicos de cuero blanco para uso urbano y casual (Talla XL, Color Azul)",1945.96,30,1,2026-09-21 01:38:42,2026-09-21 03:21:42
3205,PROD-3205,Zapatillas Ultraboost Light,"Tenis de running con retorno de energía superior y ligereza (Talla L, Color Blanco)",801.29,60,1,2026-09-18 07:14:39,2026-09-18 08:29:39
3206,PROD-3206,Aspiradora Inalámbrica SpeedPro,Aspiradora escoba sin cable con cabezal de succión de 180 grados,5181.20,35,1,2026-09-19 01:30:46,2026-09-19 03:25:46
3207,PROD-3207,Jeans 501 Original Fit,"Pantalón de mezclilla clásico de corte recto y ajuste cómodo (Talla S, Color Negro)",453.68,86,1,2026-09-20 20:03:16,2026-09-20 20:46:16
3208,PROD-3208,Jeans 501 Original Fit,"Pantalón de mezclilla clásico de corte recto y ajuste cómodo (Talla M, Color Verde)",1874.07,30,1,2026-09-18 01:13:19,2026-09-18 02:43:19
3209,PROD-3209,Refrigeradora InstaView,Refrigerador inteligente con panel de cristal panorámico,15040.76,38,1,2026-09-19 05:39:57,2026-09-19 07:34:57
3210,PROD-3210,Chaqueta Camionera de Mezclilla,"Chaqueta clásica de mezclilla resistente para uso diario (Talla XL, Color Gris)",1932.66,75,1,2026-09-22 04:26:25,2026-09-22 05:32:25
3211,PROD-3211,Polerón Adicolor Classics,"Sudadera clásica con el logotipo de las tres tiras (Talla XL, Color Rojo)",1147.03,31,1,2026-09-20 21:03:53,2026-09-20 22:59:53
3212,PROD-3212,Polera Sportswear Club Fleece,"Sudadera de felpa con capucha y ajuste estándar (Talla L, Color Rojo)",621.80,76,1,2026-09-21 23:24:14,2026-09-21 23:38:14
3213,PROD-3213,Licuadora Reversible 2 Velocidades,Licuadora con motor reversible y vaso de vidrio resistente a choques térmicos,1490.29,36,1,2026-09-21 23:53:02,2026-09-22 01:07:02
3214,PROD-3214,Polerón Adicolor Classics,"Sudadera clásica con el logotipo de las tres tiras (Talla S, Color Blanco)",993.37,79,1,2026-09-18 14:40:07,2026-09-18 16:01:07
3215,PROD-3215,Freidora XXL Airfryer,Freidora de aire de gran capacidad con tecnología de extracción de grasa,3912.13,29,1,2026-09-22 00:40:24,2026-09-22 01:54:24
3216,PROD-3216,Aspiradora Inalámbrica SpeedPro,Aspiradora escoba sin cable con cabezal de succión de 180 grados,7433.35,59,1,2026-09-18 01:45:29,2026-09-18 03:26:29
3217,PROD-3217,Camiseta Graphic Setin Neck,"Playera casual de algodón con estampado frontal (Talla XL, Color Blanco)",1474.61,60,1,2026-09-20 15:34:43,2026-09-20 15:47:43
3218,PROD-3218,MacBook Pro 16 M3 128GB,Computadora portátil profesional para edición de video y desarrollo - Color Blanco,19249.79,26,1,2026-09-22 00:52:23,2026-09-22 01:47:23
3219,PROD-3219,Licuadora Reversible 2 Velocidades,Licuadora con motor reversible y vaso de vidrio resistente a choques térmicos,4793.73,47,1,2026-09-20 10:57:51,2026-09-20 12:43:51
3220,PROD-3220,Freidora de Aire 4L,Freidora sin aceite para cocinar de manera saludable y rápida,7583.98,29,1,2026-09-20 23:18:26,2026-09-20 23:19:26
3221,PROD-3221,Refrigeradora InstaView,Refrigerador inteligente con panel de cristal panorámico,33050.66,41,1,2026-09-21 07:08:52,2026-09-21 08:56:52
3222,PROD-3222,Monitor Odyssey G9,Monitor curvo ultrawide diseñado para gaming profesional,17114.37,8,1,2026-09-19 17:18:06,2026-09-19 17:58:06
3223,PROD-3223,Monitor UltraGear 27,Monitor de alta frecuencia de actualización para juegos competitivos,33323.71,42,1,2026-09-18 17:36:35,2026-09-18 18:04:35
3224,PROD-3224,Chaqueta Camionera de Mezclilla,"Chaqueta clásica de mezclilla resistente para uso diario (Talla S, Color Verde)",1349.06,11,1,2026-09-22 03:19:20,2026-09-22 05:06:20
3225,PROD-3225,Freidora XXL Airfryer,Freidora de aire de gran capacidad con tecnología de extracción de grasa,1361.68,33,1,2026-09-17 14:15:59,2026-09-17 15:50:59
3226,PROD-3226,Licuadora Reversible 2 Velocidades,Licuadora con motor reversible y vaso de vidrio resistente a choques térmicos,4775.12,58,1,2026-09-21 00:28:49,2026-09-21 00:38:49
3227,PROD-3227,Audífonos AirPods Pro 2,Audífonos intrauditivos con cancelación de ruido de nivel superior,4960.58,41,1,2026-09-20 08:26:02,2026-09-20 09:05:02
3228,PROD-3228,Cámara Alpha 7 IV,Cámara mirrorless profesional de fotograma completo para foto y video,4804.82,32,1,2026-09-17 17:30:44,2026-09-17 18:43:44
3229,PROD-3229,Monitor UltraGear 27,Monitor de alta frecuencia de actualización para juegos competitivos,29835.49,11,1,2026-09-20 12:30:30,2026-09-20 14:01:30
3230,PROD-3230,Smartphone Galaxy Z Flip 6 512GB,Teléfono plegable compacto con pantalla exterior funcional - Color Negro,31715.85,24,1,2026-09-18 18:15:29,2026-09-18 19:46:29
3231,PROD-3231,Camiseta Graphic Setin Neck,"Playera casual de algodón con estampado frontal (Talla S, Color Gris)",2355.23,77,1,2026-09-20 11:37:13,2026-09-20 12:03:13
3232,PROD-3232,Zapatillas Air Max 270,"Calzado deportivo con cápsula de aire visible para máxima comodidad (Talla XL, Color Negro)",816.62,54,1,2026-09-20 13:34:54,2026-09-20 15:06:54
3233,PROD-3233,Freidora XXL Airfryer,Freidora de aire de gran capacidad con tecnología de extracción de grasa,1988.29,23,1,2026-09-22 07:38:40,2026-09-22 08:57:40
3234,PROD-3234,Tablet Galaxy Tab S9 512GB,"Tableta de alto rendimiento para diseño, trabajo y entretenimiento - Color Azul",3707.34,45,1,2026-09-19 05:52:06,2026-09-19 06:49:06
3235,PROD-3235,Licuadora Reversible 2 Velocidades,Licuadora con motor reversible y vaso de vidrio resistente a choques térmicos,5345.03,32,1,2026-09-22 10:50:18,2026-09-22 11:38:18
3236,PROD-3236,Monitor UltraGear 27,Monitor de alta frecuencia de actualización para juegos competitivos,20667.54,27,1,2026-09-19 13:51:06,2026-09-19 15:32:06
3237,PROD-3237,Smart TV 65 Neo QLED,Televisor inteligente 4K con tecnología de puntos cuánticos y alto contraste,10801.29,30,1,2026-09-21 14:13:16,2026-09-21 15:31:16
3238,PROD-3238,Audífonos AirPods Pro 2,Audífonos intrauditivos con cancelación de ruido de nivel superior,32840.98,35,1,2026-09-20 10:09:34,2026-09-20 10:32:34
3239,PROD-3239,Jeans 511 Slim Fit,"Pantalón de mezclilla ajustado de estilo moderno (Talla XL, Color Verde)",1163.15,10,1,2026-09-19 13:19:38,2026-09-19 15:16:38
3240,PROD-3240,Audífonos Bluetooth WH-1000XM5,Audífonos inalámbricos con la mejor cancelación de ruido del mercado,19004.02,29,1,2026-09-22 08:55:12,2026-09-22 09:27:12
3241,PROD-3241,Camiseta Graphic Setin Neck,"Playera casual de algodón con estampado frontal (Talla S, Color Negro)",2270.60,89,1,2026-09-21 16:48:09,2026-09-21 17:47:09
3242,PROD-3242,Zapatillas Ultraboost Light,"Tenis de running con retorno de energía superior y ligereza (Talla L, Color Rojo)",2225.21,91,1,2026-09-19 06:59:30,2026-09-19 07:51:30
3243,PROD-3243,Chaqueta Camionera de Mezclilla,"Chaqueta clásica de mezclilla resistente para uso diario (Talla S, Color Negro)",756.16,81,1,2026-09-20 19:00:00,2026-09-20 19:00:00
3244,PROD-3244,Smartphone Xiaomi 14 Ultra 128GB,Smartphone de gama alta enfocado en fotografía profesional Leica - Color Gris,5566.20,31,1,2026-09-18 17:43:37,2026-09-18 18:37:37
3245,PROD-3245,Smart TV OLED C3 65,Televisor inteligente ideal para videojuegos y películas con pánel OLED,9847.05,21,1,2026-09-21 13:52:12,2026-09-21 14:26:12
3246,PROD-3246,Jeans 511 Slim Fit,"Pantalón de mezclilla ajustado de estilo moderno (Talla L, Color Blanco)",2342.11,83,1,2026-09-19 23:19:28,2026-09-20 00:32:28
3247,PROD-3247,Smart Band 8,Pulsera de actividad física con seguimiento del sueño y deporte,14775.68,49,1,2026-09-22 01:28:58,2026-09-22 03:18:58
3248,PROD-3248,Cafetera Programable 12 Tazas,Cafetera de goteo con temporizador programable y jarra de vidrio,1720.12,40,1,2026-09-20 17:30:10,2026-09-20 19:07:10
3249,PROD-3249,Polerón Adicolor Classics,"Sudadera clásica con el logotipo de las tres tiras (Talla XL, Color Gris)",2223.01,54,1,2026-09-18 03:39:07,2026-09-18 05:28:07
3250,PROD-3250,Freidora de Aire 4L,Freidora sin aceite para cocinar de manera saludable y rápida,4486.05,37,1,2026-09-18 07:07:57,2026-09-18 08:55:57
3251,PROD-3251,Camiseta Graphic Setin Neck,"Playera casual de algodón con estampado frontal (Talla L, Color Blanco)",395.74,64,1,2026-09-22 08:44:46,2026-09-22 09:54:46
3252,PROD-3252,Licuadora Reversible 2 Velocidades,Licuadora con motor reversible y vaso de vidrio resistente a choques térmicos,6157.45,60,1,2026-09-19 02:49:23,2026-09-19 04:28:23
3253,PROD-3253,Licuadora Reversible 2 Velocidades,Licuadora con motor reversible y vaso de vidrio resistente a choques térmicos,2718.51,21,1,2026-09-21 01:22:36,2026-09-21 02:26:36
3254,PROD-3254,Cafetera Programable 12 Tazas,Cafetera de goteo con temporizador programable y jarra de vidrio,4149.97,43,1,2026-09-20 07:47:26,2026-09-20 08:43:26
3255,PROD-3255,Freidora XXL Airfryer,Freidora de aire de gran capacidad con tecnología de extracción de grasa,5965.47,21,1,2026-09-19 22:17:47,2026-09-19 22:53:47
3256,PROD-3256,Zapatillas Air Force 1 '07,"Tenis clásicos de cuero blanco para uso urbano y casual (Talla L, Color Negro)",849.98,11,1,2026-09-21 03:28:23,2026-09-21 03:29:23
3257,PROD-3257,Freidora de Aire 4L,Freidora sin aceite para cocinar de manera saludable y rápida,1866.81,60,1,2026-09-21 08:06:54,2026-09-21 09:57:54
3258,PROD-3258,Jeans 511 Slim Fit,"Pantalón de mezclilla ajustado de estilo moderno (Talla M, Color Azul)",636.47,43,1,2026-09-22 06:02:56,2026-09-22 06:23:56
3259,PROD-3259,Consola PlayStation 5 Slim,Consola de videojuegos de última generación con almacenamiento SSD ultra rápido,23759.91,15,1,2026-09-18 21:14:19,2026-09-18 23:08:19
3260,PROD-3260,Smart TV OLED C3 65,Televisor inteligente ideal para videojuegos y películas con pánel OLED,26207.72,27,1,2026-09-20 04:55:26,2026-09-20 05:54:26
3261,PROD-3261,Smartphone Galaxy Z Flip 6 512GB,Teléfono plegable compacto con pantalla exterior funcional - Color Negro,1198.65,50,1,2026-09-21 15:51:59,2026-09-21 16:54:59
3262,PROD-3262,Freidora XXL Airfryer,Freidora de aire de gran capacidad con tecnología de extracción de grasa,4694.20,18,1,2026-09-19 02:47:03,2026-09-19 03:34:03
3263,PROD-3263,Refrigeradora InstaView,Refrigerador inteligente con panel de cristal panorámico,3172.56,44,1,2026-09-20 09:39:31,2026-09-20 11:10:31
3264,PROD-3264,Freidora XXL Airfryer,Freidora de aire de gran capacidad con tecnología de extracción de grasa,7656.11,17,1,2026-09-18 08:21:28,2026-09-18 09:57:28
3265,PROD-3265,Zapatillas Samba OG,"Tenis de estilo retro icónicos en cuero de primera calidad (Talla S, Color Rojo)",1919.91,81,1,2026-09-20 08:29:10,2026-09-20 08:48:10
3266,PROD-3266,Aspiradora Inalámbrica SpeedPro,Aspiradora escoba sin cable con cabezal de succión de 180 grados,6978.18,44,1,2026-09-19 22:36:46,2026-09-19 23:02:46
3267,PROD-3267,iPad Pro 12.9,Tableta profesional con pantalla Liquid Retina XDR y chip M2,3273.57,36,1,2026-09-19 06:50:11,2026-09-19 08:31:11
3268,PROD-3268,MacBook Air 15 M2 128GB,Laptop ultra delgada y liviana con gran autonomía - Color Gris,30049.55,49,1,2026-09-21 09:23:32,2026-09-21 10:49:32
3269,PROD-3269,Apple Watch Series 10,Reloj inteligente con sensores avanzados de salud y actividad física,4038.60,39,1,2026-09-21 05:55:19,2026-09-21 06:01:19
3270,PROD-3270,MacBook Air 15 M2 1TB,Laptop ultra delgada y liviana con gran autonomía - Color Rojo,15822.55,49,1,2026-09-19 18:54:53,2026-09-19 19:21:53
3271,PROD-3271,Smartphone Redmi Note 13 Pro 256GB,Teléfono inteligente con excelente relación calidad-precio y gran cámara - Color Rojo,14677.15,49,1,2026-09-21 10:25:41,2026-09-21 10:46:41
3272,PROD-3272,iPhone 16 Pro Max 128GB,Smartphone insignia de Apple con acabado en titanio y cámara profesional - Color Rojo,12400.35,20,1,2026-09-19 20:17:23,2026-09-19 22:11:23
3273,PROD-3273,Zapatillas Ultraboost Light,"Tenis de running con retorno de energía superior y ligereza (Talla S, Color Rojo)",1124.84,62,1,2026-09-20 18:32:23,2026-09-20 19:46:23
3274,PROD-3274,Tablet Galaxy Tab S9 1TB,"Tableta de alto rendimiento para diseño, trabajo y entretenimiento - Color Azul",21974.49,6,1,2026-09-17 20:05:08,2026-09-17 20:17:08
3275,PROD-3275,Jeans 511 Slim Fit,"Pantalón de mezclilla ajustado de estilo moderno (Talla L, Color Rojo)",2426.25,13,1,2026-09-22 07:39:06,2026-09-22 08:38:06
3276,PROD-3276,Monitor UltraGear 27,Monitor de alta frecuencia de actualización para juegos competitivos,3676.37,7,1,2026-09-21 10:39:14,2026-09-21 11:36:14
3277,PROD-3277,iPhone 16 Pro 128GB,Teléfono inteligente premium con chip de alto rendimiento y triple cámara - Color Blanco,19689.02,29,1,2026-09-20 21:50:28,2026-09-20 21:55:28
3278,PROD-3278,Freidora XXL Airfryer,Freidora de aire de gran capacidad con tecnología de extracción de grasa,5378.65,39,1,2026-09-18 08:06:56,2026-09-18 08:29:56
3279,PROD-3279,Smartphone Galaxy Z Flip 6 512GB,Teléfono plegable compacto con pantalla exterior funcional - Color Verde,27958.33,31,1,2026-09-22 06:45:05,2026-09-22 06:59:05
3280,PROD-3280,Jeans 511 Slim Fit,"Pantalón de mezclilla ajustado de estilo moderno (Talla S, Color Azul)",2143.60,68,1,2026-09-19 00:45:42,2026-09-19 01:24:42
3281,PROD-3281,Smartphone Redmi Note 13 Pro 256GB,Teléfono inteligente con excelente relación calidad-precio y gran cámara - Color Blanco,27464.96,23,1,2026-09-22 05:54:09,2026-09-22 07:53:09
3282,PROD-3282,iPad Pro 12.9,Tableta profesional con pantalla Liquid Retina XDR y chip M2,5619.98,46,1,2026-09-19 21:13:12,2026-09-19 21:14:12
3283,PROD-3283,Audífonos Bluetooth WH-1000XM5,Audífonos inalámbricos con la mejor cancelación de ruido del mercado,8120.92,42,1,2026-09-19 02:39:40,2026-09-19 04:15:40
3284,PROD-3284,iPhone 16 Pro Max 512GB,Smartphone insignia de Apple con acabado en titanio y cámara profesional - Color Gris,26837.73,33,1,2026-09-22 07:33:02,2026-09-22 09:20:02
3285,PROD-3285,Camiseta Graphic Setin Neck,"Playera casual de algodón con estampado frontal (Talla S, Color Blanco)",1799.97,63,1,2026-09-21 08:47:25,2026-09-21 10:07:25
3286,PROD-3286,Zapatillas Air Force 1 '07,"Tenis clásicos de cuero blanco para uso urbano y casual (Talla M, Color Blanco)",1361.20,20,1,2026-09-21 10:14:44,2026-09-21 11:13:44
3287,PROD-3287,Freidora XXL Airfryer,Freidora de aire de gran capacidad con tecnología de extracción de grasa,7775.89,51,1,2026-09-18 06:51:48,2026-09-18 07:25:48
3288,PROD-3288,Zapatillas Samba OG,"Tenis de estilo retro icónicos en cuero de primera calidad (Talla L, Color Negro)",1171.87,26,1,2026-09-18 02:45:40,2026-09-18 02:58:40
3289,PROD-3289,Freidora de Aire 4L,Freidora sin aceite para cocinar de manera saludable y rápida,7658.63,42,1,2026-09-21 00:02:10,2026-09-21 02:00:10
3290,PROD-3290,Apple Watch Series 10,Reloj inteligente con sensores avanzados de salud y actividad física,19687.49,30,1,2026-09-22 01:40:07,2026-09-22 03:09:07
3291,PROD-3291,Polerón Adicolor Classics,"Sudadera clásica con el logotipo de las tres tiras (Talla XL, Color Gris)",1379.78,64,1,2026-09-22 06:34:44,2026-09-22 08:26:44
3292,PROD-3292,Freidora XXL Airfryer,Freidora de aire de gran capacidad con tecnología de extracción de grasa,2025.59,32,1,2026-09-17 19:55:08,2026-09-17 21:51:08
3293,PROD-3293,Refrigeradora InstaView,Refrigerador inteligente con panel de cristal panorámico,10057.82,34,1,2026-09-19 01:03:02,2026-09-19 01:06:02
3294,PROD-3294,Freidora de Aire 4L,Freidora sin aceite para cocinar de manera saludable y rápida,6638.57,43,1,2026-09-18 00:15:23,2026-09-18 01:27:23
3295,PROD-3295,Smart TV OLED C3 65,Televisor inteligente ideal para videojuegos y películas con pánel OLED,17919.70,44,1,2026-09-20 21:58:11,2026-09-20 22:14:11
3296,PROD-3296,Patinete Eléctrico Pro 4,Scooter eléctrico con gran autonomía para movilidad urbana,2048.23,30,1,2026-09-20 22:33:22,2026-09-21 00:07:22
3297,PROD-3297,Freidora de Aire 4L,Freidora sin aceite para cocinar de manera saludable y rápida,5020.26,54,1,2026-09-21 06:25:38,2026-09-21 06:41:38
3298,PROD-3298,Audífonos Bluetooth WH-1000XM5,Audífonos inalámbricos con la mejor cancelación de ruido del mercado,10390.39,22,1,2026-09-20 13:36:41,2026-09-20 14:31:41
3299,PROD-3299,Zapatillas Air Force 1 '07,"Tenis clásicos de cuero blanco para uso urbano y casual (Talla M, Color Negro)",831.60,77,1,2026-09-19 23:05:59,2026-09-19 23:45:59
3300,PROD-3300,Zapatillas Air Max 270,"Calzado deportivo con cápsula de aire visible para máxima comodidad (Talla M, Color Verde)",2189.72,31,1,2026-09-17 20:57:27,2026-09-17 21:18:27
3301,PROD-3301,Smartphone Xiaomi 14 Ultra 128GB,Smartphone de gama alta enfocado en fotografía profesional Leica - Color Gris,32544.51,5,1,2026-09-18 17:40:10,2026-09-18 19:17:10
3302,PROD-3302,Smartphone Galaxy S26 Ultra 128GB,Smartphone de alta gama con cámara de 200MP y pantalla Dynamic AMOLED - Color Negro,19973.30,29,1,2026-09-18 23:34:20,2026-09-19 01:15:20
3303,PROD-3303,Polerón Adicolor Classics,"Sudadera clásica con el logotipo de las tres tiras (Talla XL, Color Azul)",864.44,24,1,2026-09-21 04:30:49,2026-09-21 04:30:49
3304,PROD-3304,Refrigeradora InstaView,Refrigerador inteligente con panel de cristal panorámico,20796.67,41,1,2026-09-18 00:27:43,2026-09-18 00:42:43
3305,PROD-3305,Camiseta Graphic Setin Neck,"Playera casual de algodón con estampado frontal (Talla S, Color Negro)",1596.24,21,1,2026-09-19 19:21:06,2026-09-19 20:33:06
3306,PROD-3306,Licuadora Reversible 2 Velocidades,Licuadora con motor reversible y vaso de vidrio resistente a choques térmicos,1455.36,39,1,2026-09-18 16:42:32,2026-09-18 18:41:32
3307,PROD-3307,Polerón Adicolor Classics,"Sudadera clásica con el logotipo de las tres tiras (Talla XL, Color Verde)",1890.18,15,1,2026-09-19 19:53:38,2026-09-19 19:54:38
3308,PROD-3308,Aspiradora Inalámbrica SpeedPro,Aspiradora escoba sin cable con cabezal de succión de 180 grados,4529.28,13,1,2026-09-20 19:06:34,2026-09-20 20:00:34
3309,PROD-3309,Pantalón de Buzo Tech Fleece,"Pantalón deportivo térmico con diseño estilizado (Talla M, Color Negro)",458.92,86,1,2026-09-22 10:11:12,2026-09-22 11:58:12
3310,PROD-3310,Freidora XXL Airfryer,Freidora de aire de gran capacidad con tecnología de extracción de grasa,2292.71,15,1,2026-09-18 01:27:08,2026-09-18 02:59:08
3311,PROD-3311,Smartphone Redmi Note 13 Pro 128GB,Teléfono inteligente con excelente relación calidad-precio y gran cámara - Color Rojo,31824.51,25,1,2026-09-18 00:49:26,2026-09-18 02:13:26
3312,PROD-3312,Aspiradora Inalámbrica SpeedPro,Aspiradora escoba sin cable con cabezal de succión de 180 grados,2905.92,17,1,2026-09-22 01:55:41,2026-09-22 03:08:41
3313,PROD-3313,Jeans 501 Original Fit,"Pantalón de mezclilla clásico de corte recto y ajuste cómodo (Talla M, Color Verde)",908.51,95,1,2026-09-17 13:06:38,2026-09-17 13:14:38
3314,PROD-3314,Chaqueta Camionera de Mezclilla,"Chaqueta clásica de mezclilla resistente para uso diario (Talla M, Color Gris)",1237.68,13,1,2026-09-20 04:22:49,2026-09-20 05:03:49
3315,PROD-3315,Polerón Adicolor Classics,"Sudadera clásica con el logotipo de las tres tiras (Talla L, Color Gris)",1601.31,100,1,2026-09-19 03:09:54,2026-09-19 04:59:54
3316,PROD-3316,Pantalón de Buzo Tech Fleece,"Pantalón deportivo térmico con diseño estilizado (Talla M, Color Verde)",465.39,17,1,2026-09-20 19:32:06,2026-09-20 19:49:06
3317,PROD-3317,Polerón Adicolor Classics,"Sudadera clásica con el logotipo de las tres tiras (Talla S, Color Blanco)",1868.63,79,1,2026-09-18 00:41:52,2026-09-18 02:09:52
3318,PROD-3318,Licuadora Reversible 2 Velocidades,Licuadora con motor reversible y vaso de vidrio resistente a choques térmicos,5359.90,40,1,2026-09-20 04:25:06,2026-09-20 05:41:06
3319,PROD-3319,Jeans 511 Slim Fit,"Pantalón de mezclilla ajustado de estilo moderno (Talla XL, Color Blanco)",422.41,54,1,2026-09-20 12:17:28,2026-09-20 14:10:28
3320,PROD-3320,Patinete Eléctrico Pro 4,Scooter eléctrico con gran autonomía para movilidad urbana,24953.36,13,1,2026-09-20 07:27:07,2026-09-20 07:56:07
3321,PROD-3321,Zapatillas Ultraboost Light,"Tenis de running con retorno de energía superior y ligereza (Talla XL, Color Gris)",693.50,38,1,2026-09-19 13:31:13,2026-09-19 14:29:13
3322,PROD-3322,Smartphone Galaxy Z Flip 6 128GB,Teléfono plegable compacto con pantalla exterior funcional - Color Blanco,22501.30,40,1,2026-09-18 07:40:19,2026-09-18 08:50:19
3323,PROD-3323,Freidora XXL Airfryer,Freidora de aire de gran capacidad con tecnología de extracción de grasa,4572.04,51,1,2026-09-20 00:19:52,2026-09-20 02:19:52
3324,PROD-3324,iPad Pro 12.9,Tableta profesional con pantalla Liquid Retina XDR y chip M2,12781.28,6,1,2026-09-19 05:08:06,2026-09-19 06:33:06
3325,PROD-3325,Jeans 501 Original Fit,"Pantalón de mezclilla clásico de corte recto y ajuste cómodo (Talla S, Color Azul)",1643.47,38,1,2026-09-17 19:25:22,2026-09-17 19:58:22
3326,PROD-3326,Zapatillas Air Force 1 '07,"Tenis clásicos de cuero blanco para uso urbano y casual (Talla S, Color Negro)",624.74,41,1,2026-09-20 15:26:00,2026-09-20 15:44:00
3327,PROD-3327,Jeans 501 Original Fit,"Pantalón de mezclilla clásico de corte recto y ajuste cómodo (Talla S, Color Verde)",2239.80,32,1,2026-09-18 16:33:28,2026-09-18 18:28:28
3328,PROD-3328,Refrigeradora InstaView,Refrigerador inteligente con panel de cristal panorámico,35652.28,45,1,2026-09-20 01:34:31,2026-09-20 01:42:31
3329,PROD-3329,Jeans 511 Slim Fit,"Pantalón de mezclilla ajustado de estilo moderno (Talla S, Color Verde)",2294.57,78,1,2026-09-21 19:32:06,2026-09-21 20:19:06
3330,PROD-3330,Smart Band 8,Pulsera de actividad física con seguimiento del sueño y deporte,15950.53,25,1,2026-09-18 20:02:11,2026-09-18 21:46:11
3331,PROD-3331,Aspiradora Inalámbrica SpeedPro,Aspiradora escoba sin cable con cabezal de succión de 180 grados,3301.95,10,1,2026-09-19 07:50:36,2026-09-19 09:13:36
3332,PROD-3332,Audífonos AirPods Max,Audífonos de diadema inalámbricos con sonido de alta fidelidad,15373.15,19,1,2026-09-21 07:41:32,2026-09-21 08:19:32
3333,PROD-3333,Jeans 501 Original Fit,"Pantalón de mezclilla clásico de corte recto y ajuste cómodo (Talla S, Color Gris)",858.69,56,1,2026-09-20 12:03:42,2026-09-20 13:35:42
3334,PROD-3334,Cafetera Programable 12 Tazas,Cafetera de goteo con temporizador programable y jarra de vidrio,2749.37,17,1,2026-09-19 01:08:45,2026-09-19 01:38:45
3335,PROD-3335,Zapatillas Samba OG,"Tenis de estilo retro icónicos en cuero de primera calidad (Talla S, Color Azul)",2498.22,78,1,2026-09-18 11:58:52,2026-09-18 12:18:52
3336,PROD-3336,Jeans 511 Slim Fit,"Pantalón de mezclilla ajustado de estilo moderno (Talla XL, Color Verde)",2398.34,60,1,2026-09-20 05:20:22,2026-09-20 05:20:22
3337,PROD-3337,Aspiradora Inalámbrica SpeedPro,Aspiradora escoba sin cable con cabezal de succión de 180 grados,5747.30,32,1,2026-09-19 14:29:15,2026-09-19 16:28:15
3338,PROD-3338,Freidora XXL Airfryer,Freidora de aire de gran capacidad con tecnología de extracción de grasa,6905.04,25,1,2026-09-17 22:30:41,2026-09-18 00:28:41
3339,PROD-3339,Aspiradora Inalámbrica SpeedPro,Aspiradora escoba sin cable con cabezal de succión de 180 grados,6877.49,36,1,2026-09-20 13:43:27,2026-09-20 15:32:27
3340,PROD-3340,Zapatillas Samba OG,"Tenis de estilo retro icónicos en cuero de primera calidad (Talla XL, Color Azul)",2134.22,94,1,2026-09-18 10:36:26,2026-09-18 11:50:26
3341,PROD-3341,iPad Pro 12.9,Tableta profesional con pantalla Liquid Retina XDR y chip M2,1034.09,31,1,2026-09-18 03:12:37,2026-09-18 04:55:37
3342,PROD-3342,Aspiradora Inalámbrica SpeedPro,Aspiradora escoba sin cable con cabezal de succión de 180 grados,7950.01,17,1,2026-09-18 05:38:33,2026-09-18 06:08:33
3343,PROD-3343,Zapatillas Air Max 270,"Calzado deportivo con cápsula de aire visible para máxima comodidad (Talla L, Color Negro)",1010.56,63,1,2026-09-21 22:58:14,2026-09-22 00:34:14
3344,PROD-3344,Zapatillas Ultraboost Light,"Tenis de running con retorno de energía superior y ligereza (Talla S, Color Blanco)",536.79,91,1,2026-09-20 02:23:31,2026-09-20 04:10:31
3345,PROD-3345,Polerón Adicolor Classics,"Sudadera clásica con el logotipo de las tres tiras (Talla L, Color Blanco)",1117.37,83,1,2026-09-22 05:46:36,2026-09-22 06:08:36
3346,PROD-3346,Patinete Eléctrico Pro 4,Scooter eléctrico con gran autonomía para movilidad urbana,28936.56,46,1,2026-09-22 10:32:23,2026-09-22 10:43:23
3347,PROD-3347,Monitor Odyssey G9,Monitor curvo ultrawide diseñado para gaming profesional,27980.91,39,1,2026-09-20 19:31:11,2026-09-20 19:41:11
3348,PROD-3348,Freidora de Aire 4L,Freidora sin aceite para cocinar de manera saludable y rápida,2292.99,50,1,2026-09-20 01:50:24,2026-09-20 02:19:24
3349,PROD-3349,Chaqueta Camionera de Mezclilla,"Chaqueta clásica de mezclilla resistente para uso diario (Talla L, Color Rojo)",2230.03,74,1,2026-09-22 08:46:55,2026-09-22 09:08:55
3350,PROD-3350,Cafetera Programable 12 Tazas,Cafetera de goteo con temporizador programable y jarra de vidrio,4327.81,45,1,2026-09-22 08:03:56,2026-09-22 08:56:56
3351,PROD-3351,Freidora de Aire 4L,Freidora sin aceite para cocinar de manera saludable y rápida,3479.15,57,1,2026-09-17 14:01:14,2026-09-17 14:45:14
3352,PROD-3352,Smartphone Galaxy S26 Ultra 256GB,Smartphone de alta gama con cámara de 200MP y pantalla Dynamic AMOLED - Color Negro,6215.42,28,1,2026-09-19 08:39:01,2026-09-19 09:04:01
3353,PROD-3353,Freidora XXL Airfryer,Freidora de aire de gran capacidad con tecnología de extracción de grasa,6496.32,19,1,2026-09-18 23:20:56,2026-09-19 01:10:56
3354,PROD-3354,Smart TV 65 Neo QLED,Televisor inteligente 4K con tecnología de puntos cuánticos y alto contraste,2309.00,44,1,2026-09-21 23:42:23,2026-09-22 00:49:23
3355,PROD-3355,Jeans 511 Slim Fit,"Pantalón de mezclilla ajustado de estilo moderno (Talla XL, Color Blanco)",566.03,92,1,2026-09-20 12:56:16,2026-09-20 13:45:16
3356,PROD-3356,Smartphone Galaxy Z Fold 6 256GB,Teléfono plegable con pantalla gigante para productividad y multitarea - Color Negro,35982.34,17,1,2026-09-18 02:39:15,2026-09-18 03:55:15
3357,PROD-3357,Polerón Adicolor Classics,"Sudadera clásica con el logotipo de las tres tiras (Talla S, Color Negro)",542.35,45,1,2026-09-17 16:04:51,2026-09-17 18:04:51
3358,PROD-3358,MacBook Air 15 M2 1TB,Laptop ultra delgada y liviana con gran autonomía - Color Negro,9044.92,49,1,2026-09-20 11:38:54,2026-09-20 13:13:54
3359,PROD-3359,Monitor UltraGear 27,Monitor de alta frecuencia de actualización para juegos competitivos,27548.43,40,1,2026-09-19 23:47:15,2026-09-19 23:52:15
3360,PROD-3360,Cafetera Programable 12 Tazas,Cafetera de goteo con temporizador programable y jarra de vidrio,6158.30,17,1,2026-09-22 02:07:19,2026-09-22 04:07:19
3361,PROD-3361,Polerón Adicolor Classics,"Sudadera clásica con el logotipo de las tres tiras (Talla S, Color Verde)",1440.75,22,1,2026-09-21 00:05:35,2026-09-21 01:27:35
3362,PROD-3362,Zapatillas Samba OG,"Tenis de estilo retro icónicos en cuero de primera calidad (Talla L, Color Gris)",2330.72,90,1,2026-09-18 04:54:13,2026-09-18 05:03:13
3363,PROD-3363,Patinete Eléctrico Pro 4,Scooter eléctrico con gran autonomía para movilidad urbana,8432.72,38,1,2026-09-18 11:28:54,2026-09-18 12:58:54
3364,PROD-3364,Monitor Odyssey G9,Monitor curvo ultrawide diseñado para gaming profesional,33253.15,40,1,2026-09-20 16:19:25,2026-09-20 17:45:25
3365,PROD-3365,Polerón Adicolor Classics,"Sudadera clásica con el logotipo de las tres tiras (Talla S, Color Azul)",645.84,69,1,2026-09-21 02:33:21,2026-09-21 04:10:21
3366,PROD-3366,Audífonos AirPods Max,Audífonos de diadema inalámbricos con sonido de alta fidelidad,4474.26,31,1,2026-09-18 02:45:48,2026-09-18 03:39:48
3367,PROD-3367,Refrigeradora InstaView,Refrigerador inteligente con panel de cristal panorámico,18675.49,44,1,2026-09-20 07:48:12,2026-09-20 09:34:12
3368,PROD-3368,MacBook Pro 16 M3 1TB,Computadora portátil profesional para edición de video y desarrollo - Color Gris,17579.82,12,1,2026-09-20 17:20:29,2026-09-20 17:45:29
3369,PROD-3369,Zapatillas Air Max 270,"Calzado deportivo con cápsula de aire visible para máxima comodidad (Talla S, Color Azul)",2238.36,81,1,2026-09-18 02:48:03,2026-09-18 04:43:03
3370,PROD-3370,MacBook Air 15 M2 128GB,Laptop ultra delgada y liviana con gran autonomía - Color Verde,26159.22,40,1,2026-09-19 16:42:32,2026-09-19 18:22:32
3371,PROD-3371,Zapatillas Running Pegasus 40,"Calzado de correr con amortiguación reactiva para entrenamiento (Talla S, Color Negro)",714.89,42,1,2026-09-21 12:48:23,2026-09-21 14:39:23
3372,PROD-3372,Jeans 511 Slim Fit,"Pantalón de mezclilla ajustado de estilo moderno (Talla M, Color Azul)",2422.62,30,1,2026-09-18 05:03:29,2026-09-18 05:53:29
3373,PROD-3373,Freidora de Aire 4L,Freidora sin aceite para cocinar de manera saludable y rápida,4978.73,56,1,2026-09-19 19:03:08,2026-09-19 20:13:08
3374,PROD-3374,Polera Sportswear Club Fleece,"Sudadera de felpa con capucha y ajuste estándar (Talla XL, Color Verde)",1365.14,59,1,2026-09-22 07:59:21,2026-09-22 08:55:21
3375,PROD-3375,Freidora XXL Airfryer,Freidora de aire de gran capacidad con tecnología de extracción de grasa,3720.67,52,1,2026-09-18 04:35:59,2026-09-18 05:06:59
3376,PROD-3376,Freidora XXL Airfryer,Freidora de aire de gran capacidad con tecnología de extracción de grasa,1079.76,11,1,2026-09-21 22:30:58,2026-09-21 22:44:58
3377,PROD-3377,Zapatillas Air Max 270,"Calzado deportivo con cápsula de aire visible para máxima comodidad (Talla XL, Color Negro)",359.49,11,1,2026-09-18 19:02:44,2026-09-18 19:27:44
3378,PROD-3378,Chaqueta Camionera de Mezclilla,"Chaqueta clásica de mezclilla resistente para uso diario (Talla M, Color Gris)",2174.35,99,1,2026-09-22 00:18:04,2026-09-22 01:46:04
3379,PROD-3379,Refrigeradora InstaView,Refrigerador inteligente con panel de cristal panorámico,31232.44,41,1,2026-09-18 07:18:10,2026-09-18 07:54:10
3380,PROD-3380,Freidora XXL Airfryer,Freidora de aire de gran capacidad con tecnología de extracción de grasa,2074.97,8,1,2026-09-19 07:15:21,2026-09-19 09:11:21
3381,PROD-3381,Robot Aspiradora X10+,Aspiradora robótica con estación de vaciado automático y mapeo láser,29232.60,9,1,2026-09-22 09:54:42,2026-09-22 09:55:42
3382,PROD-3382,Jeans 501 Original Fit,"Pantalón de mezclilla clásico de corte recto y ajuste cómodo (Talla M, Color Negro)",1141.85,19,1,2026-09-19 18:16:13,2026-09-19 19:16:13
3383,PROD-3383,Aspiradora Inalámbrica SpeedPro,Aspiradora escoba sin cable con cabezal de succión de 180 grados,5706.97,33,1,2026-09-21 19:10:59,2026-09-21 20:51:59
3384,PROD-3384,iPad Pro 12.9,Tableta profesional con pantalla Liquid Retina XDR y chip M2,8759.88,40,1,2026-09-18 00:34:07,2026-09-18 00:45:07
3385,PROD-3385,Consola PlayStation 5 Slim,Consola de videojuegos de última generación con almacenamiento SSD ultra rápido,29616.58,22,1,2026-09-20 11:58:53,2026-09-20 12:51:53
3386,PROD-3386,Camiseta Graphic Setin Neck,"Playera casual de algodón con estampado frontal (Talla XL, Color Negro)",1038.12,41,1,2026-09-20 19:43:14,2026-09-20 20:26:14
3387,PROD-3387,Zapatillas Ultraboost Light,"Tenis de running con retorno de energía superior y ligereza (Talla M, Color Rojo)",2006.42,67,1,2026-09-20 11:06:32,2026-09-20 11:48:32
3388,PROD-3388,MacBook Pro 16 M3 512GB,Computadora portátil profesional para edición de video y desarrollo - Color Rojo,18170.14,11,1,2026-09-19 13:04:21,2026-09-19 13:50:21
3389,PROD-3389,Camiseta Graphic Setin Neck,"Playera casual de algodón con estampado frontal (Talla S, Color Verde)",2096.01,69,1,2026-09-18 10:46:20,2026-09-18 11:15:20
3390,PROD-3390,Freidora XXL Airfryer,Freidora de aire de gran capacidad con tecnología de extracción de grasa,1566.66,58,1,2026-09-19 05:59:15,2026-09-19 06:54:15
3391,PROD-3391,Aspiradora Inalámbrica SpeedPro,Aspiradora escoba sin cable con cabezal de succión de 180 grados,3613.67,37,1,2026-09-20 07:35:49,2026-09-20 07:53:49
3392,PROD-3392,Consola PlayStation 5 Slim,Consola de videojuegos de última generación con almacenamiento SSD ultra rápido,16174.77,6,1,2026-09-20 06:27:02,2026-09-20 06:53:02
3393,PROD-3393,Monitor UltraGear 27,Monitor de alta frecuencia de actualización para juegos competitivos,4848.86,29,1,2026-09-22 08:40:05,2026-09-22 09:13:05
3394,PROD-3394,Freidora XXL Airfryer,Freidora de aire de gran capacidad con tecnología de extracción de grasa,4056.77,54,1,2026-09-17 20:16:14,2026-09-17 20:43:14
3395,PROD-3395,Patinete Eléctrico Pro 4,Scooter eléctrico con gran autonomía para movilidad urbana,11394.79,19,1,2026-09-20 16:33:19,2026-09-20 16:35:19
3396,PROD-3396,Patinete Eléctrico Pro 4,Scooter eléctrico con gran autonomía para movilidad urbana,29657.50,24,1,2026-09-20 12:38:57,2026-09-20 14:26:57
3397,PROD-3397,Zapatillas Samba OG,"Tenis de estilo retro icónicos en cuero de primera calidad (Talla M, Color Azul)",457.09,82,1,2026-09-18 12:31:02,2026-09-18 13:13:02
3398,PROD-3398,Zapatillas Running Pegasus 40,"Calzado de correr con amortiguación reactiva para entrenamiento (Talla XL, Color Blanco)",2271.03,33,1,2026-09-20 20:11:07,2026-09-20 21:17:07
3399,PROD-3399,Camiseta Graphic Setin Neck,"Playera casual de algodón con estampado frontal (Talla XL, Color Azul)",888.94,11,1,2026-09-20 04:12:42,2026-09-20 05:35:42
3400,PROD-3400,Zapatillas Ultraboost Light,"Tenis de running con retorno de energía superior y ligereza (Talla M, Color Azul)",2383.03,100,1,2026-09-18 17:26:06,2026-09-18 19:26:06
3401,PROD-3401,Camiseta Graphic Setin Neck,"Playera casual de algodón con estampado frontal (Talla XL, Color Azul)",1837.00,55,1,2026-09-21 03:17:01,2026-09-21 03:33:01
3402,PROD-3402,Monitor UltraGear 27,Monitor de alta frecuencia de actualización para juegos competitivos,26132.26,35,1,2026-09-21 03:48:49,2026-09-21 03:54:49
3403,PROD-3403,Polerón Adicolor Classics,"Sudadera clásica con el logotipo de las tres tiras (Talla S, Color Gris)",1461.58,76,1,2026-09-19 20:38:53,2026-09-19 21:53:53
3404,PROD-3404,Licuadora Reversible 2 Velocidades,Licuadora con motor reversible y vaso de vidrio resistente a choques térmicos,837.26,29,1,2026-09-22 04:58:41,2026-09-22 05:45:41
3405,PROD-3405,Consola PlayStation 5 Slim,Consola de videojuegos de última generación con almacenamiento SSD ultra rápido,12813.29,6,1,2026-09-21 15:27:12,2026-09-21 16:34:12
3406,PROD-3406,Freidora de Aire 4L,Freidora sin aceite para cocinar de manera saludable y rápida,1920.11,34,1,2026-09-21 23:26:55,2026-09-21 23:36:55
3407,PROD-3407,Zapatillas Samba OG,"Tenis de estilo retro icónicos en cuero de primera calidad (Talla XL, Color Gris)",2019.50,50,1,2026-09-18 15:17:52,2026-09-18 16:44:52
3408,PROD-3408,Aspiradora Inalámbrica SpeedPro,Aspiradora escoba sin cable con cabezal de succión de 180 grados,3821.76,55,1,2026-09-20 08:20:36,2026-09-20 09:24:36
3409,PROD-3409,Aspiradora Inalámbrica SpeedPro,Aspiradora escoba sin cable con cabezal de succión de 180 grados,5801.17,30,1,2026-09-19 00:26:58,2026-09-19 00:46:58
3410,PROD-3410,Jeans 501 Original Fit,"Pantalón de mezclilla clásico de corte recto y ajuste cómodo (Talla M, Color Rojo)",908.29,33,1,2026-09-20 08:48:17,2026-09-20 09:14:17
3411,PROD-3411,Zapatillas Ultraboost Light,"Tenis de running con retorno de energía superior y ligereza (Talla XL, Color Verde)",793.42,17,1,2026-09-21 18:12:01,2026-09-21 18:34:01
3412,PROD-3412,Audífonos AirPods Max,Audífonos de diadema inalámbricos con sonido de alta fidelidad,4166.70,9,1,2026-09-20 07:02:50,2026-09-20 08:48:50
3413,PROD-3413,Zapatillas Samba OG,"Tenis de estilo retro icónicos en cuero de primera calidad (Talla XL, Color Rojo)",609.49,72,1,2026-09-18 02:53:00,2026-09-18 03:47:00
3414,PROD-3414,Smartphone Galaxy Z Flip 6 256GB,Teléfono plegable compacto con pantalla exterior funcional - Color Rojo,31847.95,28,1,2026-09-18 03:57:46,2026-09-18 04:33:46
3415,PROD-3415,Zapatillas Samba OG,"Tenis de estilo retro icónicos en cuero de primera calidad (Talla M, Color Negro)",1155.81,23,1,2026-09-20 01:13:40,2026-09-20 02:27:40
3416,PROD-3416,iPhone 16 256GB,Smartphone con pantalla Super Retina XDR y excelente duración de batería - Color Negro,32396.35,31,1,2026-09-20 22:10:17,2026-09-20 23:51:17
3417,PROD-3417,Licuadora Reversible 2 Velocidades,Licuadora con motor reversible y vaso de vidrio resistente a choques térmicos,7976.32,25,1,2026-09-18 14:12:37,2026-09-18 15:38:37
3418,PROD-3418,Pantalón de Buzo Tech Fleece,"Pantalón deportivo térmico con diseño estilizado (Talla S, Color Negro)",1257.95,13,1,2026-09-17 21:45:48,2026-09-17 22:42:48
3419,PROD-3419,Jeans 511 Slim Fit,"Pantalón de mezclilla ajustado de estilo moderno (Talla S, Color Azul)",2336.28,67,1,2026-09-22 04:44:22,2026-09-22 04:49:22
3420,PROD-3420,Zapatillas Ultraboost Light,"Tenis de running con retorno de energía superior y ligereza (Talla S, Color Gris)",1604.10,36,1,2026-09-18 14:15:49,2026-09-18 15:07:49
3421,PROD-3421,Chaqueta Camionera de Mezclilla,"Chaqueta clásica de mezclilla resistente para uso diario (Talla L, Color Azul)",1591.78,24,1,2026-09-22 09:04:49,2026-09-22 10:00:49
3422,PROD-3422,Monitor UltraGear 27,Monitor de alta frecuencia de actualización para juegos competitivos,28279.45,32,1,2026-09-18 22:33:09,2026-09-19 00:30:09
3423,PROD-3423,Cafetera Programable 12 Tazas,Cafetera de goteo con temporizador programable y jarra de vidrio,2089.42,44,1,2026-09-17 16:05:32,2026-09-17 17:39:32
3424,PROD-3424,Polera Sportswear Club Fleece,"Sudadera de felpa con capucha y ajuste estándar (Talla S, Color Blanco)",2244.10,88,1,2026-09-21 21:27:25,2026-09-21 22:45:25
3425,PROD-3425,Freidora XXL Airfryer,Freidora de aire de gran capacidad con tecnología de extracción de grasa,5711.49,22,1,2026-09-21 22:51:35,2026-09-22 00:08:35
3426,PROD-3426,Audífonos AirPods Max,Audífonos de diadema inalámbricos con sonido de alta fidelidad,25375.36,36,1,2026-09-18 13:35:54,2026-09-18 14:44:54
3427,PROD-3427,iPhone 16 Pro 1TB,Teléfono inteligente premium con chip de alto rendimiento y triple cámara - Color Blanco,12856.19,8,1,2026-09-19 06:49:28,2026-09-19 08:27:28
3428,PROD-3428,Freidora XXL Airfryer,Freidora de aire de gran capacidad con tecnología de extracción de grasa,1353.33,35,1,2026-09-21 20:00:01,2026-09-21 20:53:01
3429,PROD-3429,Polera Sportswear Club Fleece,"Sudadera de felpa con capucha y ajuste estándar (Talla M, Color Azul)",2205.48,80,1,2026-09-21 09:13:21,2026-09-21 09:51:21
3430,PROD-3430,Camiseta Graphic Setin Neck,"Playera casual de algodón con estampado frontal (Talla L, Color Rojo)",1960.17,85,1,2026-09-19 17:46:19,2026-09-19 17:48:19
3431,PROD-3431,Zapatillas Ultraboost Light,"Tenis de running con retorno de energía superior y ligereza (Talla XL, Color Gris)",2104.54,63,1,2026-09-22 00:19:10,2026-09-22 01:22:10
3432,PROD-3432,Zapatillas Air Force 1 '07,"Tenis clásicos de cuero blanco para uso urbano y casual (Talla M, Color Negro)",1523.13,95,1,2026-09-21 19:28:03,2026-09-21 21:26:03
3433,PROD-3433,Smart TV OLED C3 65,Televisor inteligente ideal para videojuegos y películas con pánel OLED,21623.28,15,1,2026-09-18 14:28:14,2026-09-18 16:06:14
3434,PROD-3434,Cámara Alpha 7 IV,Cámara mirrorless profesional de fotograma completo para foto y video,31815.14,20,1,2026-09-21 05:36:26,2026-09-21 05:40:26
3435,PROD-3435,Zapatillas Running Pegasus 40,"Calzado de correr con amortiguación reactiva para entrenamiento (Talla S, Color Rojo)",834.12,30,1,2026-09-19 14:06:39,2026-09-19 14:30:39
3436,PROD-3436,iPhone 16 128GB,Smartphone con pantalla Super Retina XDR y excelente duración de batería - Color Blanco,9186.09,9,1,2026-09-17 17:17:24,2026-09-17 17:36:24
3437,PROD-3437,Zapatillas Samba OG,"Tenis de estilo retro icónicos en cuero de primera calidad (Talla L, Color Negro)",594.07,38,1,2026-09-19 12:31:50,2026-09-19 13:07:50
3438,PROD-3438,Polerón Adicolor Classics,"Sudadera clásica con el logotipo de las tres tiras (Talla S, Color Blanco)",2188.93,84,1,2026-09-20 12:48:02,2026-09-20 14:32:02
3439,PROD-3439,Freidora XXL Airfryer,Freidora de aire de gran capacidad con tecnología de extracción de grasa,5140.74,56,1,2026-09-22 04:20:11,2026-09-22 04:51:11
3440,PROD-3440,MacBook Air 15 M2 256GB,Laptop ultra delgada y liviana con gran autonomía - Color Azul,33129.34,42,1,2026-09-20 01:30:29,2026-09-20 01:46:29
3441,PROD-3441,Smart TV OLED C3 65,Televisor inteligente ideal para videojuegos y películas con pánel OLED,12812.10,39,1,2026-09-21 09:18:30,2026-09-21 09:47:30
3442,PROD-3442,MacBook Air 15 M2 512GB,Laptop ultra delgada y liviana con gran autonomía - Color Negro,6240.08,42,1,2026-09-17 19:44:10,2026-09-17 20:40:10
3443,PROD-3443,Zapatillas Samba OG,"Tenis de estilo retro icónicos en cuero de primera calidad (Talla L, Color Rojo)",1642.46,27,1,2026-09-17 19:34:38,2026-09-17 19:49:38
3444,PROD-3444,Audífonos AirPods Max,Audífonos de diadema inalámbricos con sonido de alta fidelidad,14752.84,9,1,2026-09-20 09:25:33,2026-09-20 10:23:33
3445,PROD-3445,Zapatillas Samba OG,"Tenis de estilo retro icónicos en cuero de primera calidad (Talla L, Color Blanco)",490.97,11,1,2026-09-19 19:16:17,2026-09-19 19:39:17
3446,PROD-3446,Freidora XXL Airfryer,Freidora de aire de gran capacidad con tecnología de extracción de grasa,4704.31,36,1,2026-09-19 13:08:59,2026-09-19 14:27:59
3447,PROD-3447,Smart TV OLED C3 65,Televisor inteligente ideal para videojuegos y películas con pánel OLED,6918.81,33,1,2026-09-17 22:25:39,2026-09-17 23:54:39
3448,PROD-3448,Monitor Odyssey G9,Monitor curvo ultrawide diseñado para gaming profesional,13719.38,30,1,2026-09-18 06:00:52,2026-09-18 08:00:52
3449,PROD-3449,Pantalón de Buzo Tech Fleece,"Pantalón deportivo térmico con diseño estilizado (Talla L, Color Blanco)",1785.73,75,1,2026-09-21 07:02:35,2026-09-21 08:59:35
3450,PROD-3450,Pantalón de Buzo Tech Fleece,"Pantalón deportivo térmico con diseño estilizado (Talla S, Color Blanco)",1857.62,89,1,2026-09-20 01:21:28,2026-09-20 01:36:28
3451,PROD-3451,Jeans 501 Original Fit,"Pantalón de mezclilla clásico de corte recto y ajuste cómodo (Talla S, Color Rojo)",1625.15,94,1,2026-09-21 23:23:37,2026-09-22 01:15:37
3452,PROD-3452,Aspiradora Inalámbrica SpeedPro,Aspiradora escoba sin cable con cabezal de succión de 180 grados,7046.66,25,1,2026-09-17 20:15:12,2026-09-17 20:39:12
3453,PROD-3453,Smartphone Galaxy S26+ 512GB,Teléfono inteligente con procesador de última generación y batería de larga duración - Color Verde,8674.65,26,1,2026-09-19 15:00:13,2026-09-19 15:01:13
3454,PROD-3454,Chaqueta Camionera de Mezclilla,"Chaqueta clásica de mezclilla resistente para uso diario (Talla M, Color Verde)",2009.57,22,1,2026-09-21 00:06:03,2026-09-21 01:27:03
3455,PROD-3455,Audífonos Bluetooth WH-1000XM5,Audífonos inalámbricos con la mejor cancelación de ruido del mercado,24149.76,8,1,2026-09-20 14:42:46,2026-09-20 16:30:46
3456,PROD-3456,Zapatillas Running Pegasus 40,"Calzado de correr con amortiguación reactiva para entrenamiento (Talla XL, Color Verde)",650.26,69,1,2026-09-21 03:32:04,2026-09-21 03:48:04
3457,PROD-3457,Polerón Adicolor Classics,"Sudadera clásica con el logotipo de las tres tiras (Talla L, Color Blanco)",679.65,21,1,2026-09-20 12:25:31,2026-09-20 13:34:31
3458,PROD-3458,Barra de Sonido HT-A7000,Sistema de audio para cine en casa con soporte Dolby Atmos,28825.27,25,1,2026-09-21 17:21:44,2026-09-21 19:20:44
3459,PROD-3459,Cafetera Programable 12 Tazas,Cafetera de goteo con temporizador programable y jarra de vidrio,1770.53,8,1,2026-09-19 07:24:49,2026-09-19 09:02:49
3460,PROD-3460,Aspiradora Inalámbrica SpeedPro,Aspiradora escoba sin cable con cabezal de succión de 180 grados,715.00,39,1,2026-09-21 07:41:50,2026-09-21 08:29:50
3461,PROD-3461,Licuadora Reversible 2 Velocidades,Licuadora con motor reversible y vaso de vidrio resistente a choques térmicos,7092.77,56,1,2026-09-18 12:08:17,2026-09-18 13:23:17
3462,PROD-3462,Aspiradora Inalámbrica SpeedPro,Aspiradora escoba sin cable con cabezal de succión de 180 grados,1124.09,47,1,2026-09-17 19:40:55,2026-09-17 20:01:55
3463,PROD-3463,Zapatillas Running Pegasus 40,"Calzado de correr con amortiguación reactiva para entrenamiento (Talla L, Color Azul)",941.11,76,1,2026-09-19 11:55:59,2026-09-19 13:16:59
3464,PROD-3464,Freidora XXL Airfryer,Freidora de aire de gran capacidad con tecnología de extracción de grasa,6704.52,42,1,2026-09-18 12:22:37,2026-09-18 14:01:37
3465,PROD-3465,Zapatillas Samba OG,"Tenis de estilo retro icónicos en cuero de primera calidad (Talla XL, Color Blanco)",1219.74,32,1,2026-09-17 13:58:38,2026-09-17 15:32:38
3466,PROD-3466,Aspiradora Inalámbrica SpeedPro,Aspiradora escoba sin cable con cabezal de succión de 180 grados,4065.14,50,1,2026-09-21 00:28:53,2026-09-21 02:07:53
3467,PROD-3467,Cámara Alpha 7 IV,Cámara mirrorless profesional de fotograma completo para foto y video,33301.21,45,1,2026-09-19 09:47:53,2026-09-19 11:21:53
3468,PROD-3468,Camiseta Graphic Setin Neck,"Playera casual de algodón con estampado frontal (Talla M, Color Rojo)",691.90,33,1,2026-09-19 14:22:58,2026-09-19 14:23:58
3469,PROD-3469,Smart TV OLED C3 65,Televisor inteligente ideal para videojuegos y películas con pánel OLED,13019.74,47,1,2026-09-21 07:55:39,2026-09-21 08:46:39
3470,PROD-3470,Smart TV Bravia XR OLED 55,Televisor OLED con negros absolutos y procesador de imagen cognitivo,6609.67,31,1,2026-09-18 14:50:21,2026-09-18 16:05:21
3471,PROD-3471,Jeans 501 Original Fit,"Pantalón de mezclilla clásico de corte recto y ajuste cómodo (Talla S, Color Blanco)",2054.78,41,1,2026-09-19 03:11:33,2026-09-19 03:22:33
3472,PROD-3472,Polerón Adicolor Classics,"Sudadera clásica con el logotipo de las tres tiras (Talla M, Color Rojo)",374.61,11,1,2026-09-21 03:32:15,2026-09-21 05:01:15
3473,PROD-3473,Aspiradora Inalámbrica SpeedPro,Aspiradora escoba sin cable con cabezal de succión de 180 grados,1693.83,52,1,2026-09-20 03:55:47,2026-09-20 04:00:47
3474,PROD-3474,Smart Band 8,Pulsera de actividad física con seguimiento del sueño y deporte,508.76,26,1,2026-09-17 19:01:12,2026-09-17 20:15:12
3475,PROD-3475,Zapatillas Air Max 270,"Calzado deportivo con cápsula de aire visible para máxima comodidad (Talla M, Color Negro)",1376.01,46,1,2026-09-21 09:35:09,2026-09-21 09:40:09
3476,PROD-3476,iPhone 16 Pro 128GB,Teléfono inteligente premium con chip de alto rendimiento y triple cámara - Color Verde,27489.17,41,1,2026-09-18 19:20:23,2026-09-18 19:51:23
3477,PROD-3477,Jeans 511 Slim Fit,"Pantalón de mezclilla ajustado de estilo moderno (Talla M, Color Blanco)",990.44,69,1,2026-09-18 00:59:44,2026-09-18 01:10:44
3478,PROD-3478,Freidora de Aire 4L,Freidora sin aceite para cocinar de manera saludable y rápida,6876.55,52,1,2026-09-17 18:10:11,2026-09-17 19:03:11
3479,PROD-3479,Smart TV OLED C3 65,Televisor inteligente ideal para videojuegos y películas con pánel OLED,16879.83,47,1,2026-09-17 16:47:08,2026-09-17 17:28:08
3480,PROD-3480,Pantalón de Buzo Tech Fleece,"Pantalón deportivo térmico con diseño estilizado (Talla S, Color Verde)",1958.98,17,1,2026-09-20 08:23:20,2026-09-20 09:18:20
3481,PROD-3481,Patinete Eléctrico Pro 4,Scooter eléctrico con gran autonomía para movilidad urbana,8252.80,38,1,2026-09-21 19:13:43,2026-09-21 21:13:43
3482,PROD-3482,Jeans 501 Original Fit,"Pantalón de mezclilla clásico de corte recto y ajuste cómodo (Talla L, Color Blanco)",1345.51,35,1,2026-09-19 02:52:46,2026-09-19 03:46:46
3483,PROD-3483,Smart Band 8,Pulsera de actividad física con seguimiento del sueño y deporte,23895.73,19,1,2026-09-21 13:24:48,2026-09-21 13:38:48
3484,PROD-3484,Apple Watch Series 10,Reloj inteligente con sensores avanzados de salud y actividad física,4570.65,46,1,2026-09-22 06:46:58,2026-09-22 08:05:58
3485,PROD-3485,Zapatillas Air Force 1 '07,"Tenis clásicos de cuero blanco para uso urbano y casual (Talla XL, Color Gris)",645.02,35,1,2026-09-21 19:32:51,2026-09-21 19:44:51
3486,PROD-3486,Polera Sportswear Club Fleece,"Sudadera de felpa con capucha y ajuste estándar (Talla L, Color Negro)",2318.10,35,1,2026-09-20 06:18:57,2026-09-20 06:40:57
3487,PROD-3487,Pantalón de Buzo Tech Fleece,"Pantalón deportivo térmico con diseño estilizado (Talla L, Color Azul)",2394.70,14,1,2026-09-20 00:48:51,2026-09-20 02:37:51
3488,PROD-3488,Freidora de Aire 4L,Freidora sin aceite para cocinar de manera saludable y rápida,4993.48,19,1,2026-09-21 06:11:12,2026-09-21 06:16:12
3489,PROD-3489,Zapatillas Air Force 1 '07,"Tenis clásicos de cuero blanco para uso urbano y casual (Talla XL, Color Gris)",2195.45,22,1,2026-09-20 13:51:51,2026-09-20 15:01:51
3490,PROD-3490,Jeans 501 Original Fit,"Pantalón de mezclilla clásico de corte recto y ajuste cómodo (Talla XL, Color Rojo)",1673.32,34,1,2026-09-18 12:28:12,2026-09-18 13:06:12
3491,PROD-3491,Licuadora Reversible 2 Velocidades,Licuadora con motor reversible y vaso de vidrio resistente a choques térmicos,7104.76,26,1,2026-09-20 20:57:58,2026-09-20 21:25:58
3492,PROD-3492,Polera Sportswear Club Fleece,"Sudadera de felpa con capucha y ajuste estándar (Talla L, Color Negro)",2002.45,31,1,2026-09-18 19:15:18,2026-09-18 19:49:18
3493,PROD-3493,Polera Sportswear Club Fleece,"Sudadera de felpa con capucha y ajuste estándar (Talla M, Color Rojo)",2121.42,83,1,2026-09-19 00:34:17,2026-09-19 01:31:17
3494,PROD-3494,Licuadora Reversible 2 Velocidades,Licuadora con motor reversible y vaso de vidrio resistente a choques térmicos,3127.91,26,1,2026-09-22 03:53:30,2026-09-22 05:01:30
3495,PROD-3495,Zapatillas Ultraboost Light,"Tenis de running con retorno de energía superior y ligereza (Talla XL, Color Blanco)",1248.75,82,1,2026-09-17 17:23:45,2026-09-17 17:58:45
3496,PROD-3496,Freidora XXL Airfryer,Freidora de aire de gran capacidad con tecnología de extracción de grasa,1903.74,35,1,2026-09-21 22:14:44,2026-09-21 23:44:44
3497,PROD-3497,Jeans 501 Original Fit,"Pantalón de mezclilla clásico de corte recto y ajuste cómodo (Talla S, Color Rojo)",1078.64,74,1,2026-09-19 12:28:05,2026-09-19 13:48:05
3498,PROD-3498,Polera Sportswear Club Fleece,"Sudadera de felpa con capucha y ajuste estándar (Talla M, Color Negro)",1190.25,45,1,2026-09-18 21:30:09,2026-09-18 22:11:09
3499,PROD-3499,Licuadora Reversible 2 Velocidades,Licuadora con motor reversible y vaso de vidrio resistente a choques térmicos,4819.79,22,1,2026-09-20 08:49:09,2026-09-20 09:57:09
3500,PROD-3500,Barra de Sonido HT-A7000,Sistema de audio para cine en casa con soporte Dolby Atmos,15670.61,24,1,2026-09-20 10:32:01,2026-09-20 12:20:01
3501,PROD-3501,Freidora XXL Airfryer,Freidora de aire de gran capacidad con tecnología de extracción de grasa,2631.36,37,1,2026-09-20 12:55:51,2026-09-20 14:51:51
3502,PROD-3502,Aspiradora Inalámbrica SpeedPro,Aspiradora escoba sin cable con cabezal de succión de 180 grados,2013.32,11,1,2026-09-19 21:03:19,2026-09-19 22:36:19
3503,PROD-3503,Camiseta Graphic Setin Neck,"Playera casual de algodón con estampado frontal (Talla L, Color Azul)",901.28,63,1,2026-09-20 07:25:15,2026-09-20 07:41:15
3504,PROD-3504,Freidora XXL Airfryer,Freidora de aire de gran capacidad con tecnología de extracción de grasa,3471.40,59,1,2026-09-22 05:15:58,2026-09-22 05:23:58
3505,PROD-3505,Zapatillas Samba OG,"Tenis de estilo retro icónicos en cuero de primera calidad (Talla S, Color Rojo)",1151.45,76,1,2026-09-22 00:04:51,2026-09-22 01:21:51
3506,PROD-3506,Licuadora Reversible 2 Velocidades,Licuadora con motor reversible y vaso de vidrio resistente a choques térmicos,1533.56,38,1,2026-09-21 16:41:15,2026-09-21 17:02:15
3507,PROD-3507,Licuadora Reversible 2 Velocidades,Licuadora con motor reversible y vaso de vidrio resistente a choques térmicos,6305.74,27,1,2026-09-19 12:04:32,2026-09-19 12:09:32
3508,PROD-3508,Aspiradora Inalámbrica SpeedPro,Aspiradora escoba sin cable con cabezal de succión de 180 grados,555.30,23,1,2026-09-19 16:16:22,2026-09-19 17:08:22
3509,PROD-3509,Chaqueta Camionera de Mezclilla,"Chaqueta clásica de mezclilla resistente para uso diario (Talla S, Color Blanco)",1867.66,66,1,2026-09-19 02:14:36,2026-09-19 04:11:36
3510,PROD-3510,Polerón Adicolor Classics,"Sudadera clásica con el logotipo de las tres tiras (Talla M, Color Blanco)",408.16,71,1,2026-09-21 09:14:09,2026-09-21 10:10:09
3511,PROD-3511,Licuadora Reversible 2 Velocidades,Licuadora con motor reversible y vaso de vidrio resistente a choques térmicos,6612.42,38,1,2026-09-21 17:25:30,2026-09-21 19:06:30
3512,PROD-3512,Smart TV OLED C3 65,Televisor inteligente ideal para videojuegos y películas con pánel OLED,6997.79,16,1,2026-09-20 00:36:58,2026-09-20 01:28:58
3513,PROD-3513,Polerón Adicolor Classics,"Sudadera clásica con el logotipo de las tres tiras (Talla L, Color Negro)",1670.76,75,1,2026-09-20 05:12:09,2026-09-20 06:17:09
3514,PROD-3514,Aspiradora Inalámbrica SpeedPro,Aspiradora escoba sin cable con cabezal de succión de 180 grados,2057.03,56,1,2026-09-19 11:20:34,2026-09-19 12:46:34
3515,PROD-3515,Freidora de Aire 4L,Freidora sin aceite para cocinar de manera saludable y rápida,3977.53,21,1,2026-09-20 22:45:15,2026-09-20 23:38:15
3516,PROD-3516,Barra de Sonido HT-A7000,Sistema de audio para cine en casa con soporte Dolby Atmos,29368.83,49,1,2026-09-20 14:21:54,2026-09-20 15:49:54
3517,PROD-3517,Aspiradora Inalámbrica SpeedPro,Aspiradora escoba sin cable con cabezal de succión de 180 grados,582.94,28,1,2026-09-22 07:41:38,2026-09-22 09:02:38
3518,PROD-3518,Chaqueta Camionera de Mezclilla,"Chaqueta clásica de mezclilla resistente para uso diario (Talla M, Color Blanco)",2131.14,98,1,2026-09-20 05:40:53,2026-09-20 05:47:53
3519,PROD-3519,Polerón Adicolor Classics,"Sudadera clásica con el logotipo de las tres tiras (Talla XL, Color Verde)",1994.41,79,1,2026-09-19 21:49:34,2026-09-19 23:16:34
3520,PROD-3520,Freidora XXL Airfryer,Freidora de aire de gran capacidad con tecnología de extracción de grasa,3494.23,21,1,2026-09-18 14:33:53,2026-09-18 16:20:53
3521,PROD-3521,Smart TV 65 Neo QLED,Televisor inteligente 4K con tecnología de puntos cuánticos y alto contraste,27586.71,41,1,2026-09-21 13:49:52,2026-09-21 15:43:52
3522,PROD-3522,Smartphone Xiaomi 14 Ultra 256GB,Smartphone de gama alta enfocado en fotografía profesional Leica - Color Rojo,30295.34,10,1,2026-09-21 13:21:22,2026-09-21 14:33:22
3523,PROD-3523,Freidora de Aire 4L,Freidora sin aceite para cocinar de manera saludable y rápida,1311.99,17,1,2026-09-20 00:19:55,2026-09-20 01:48:55
3524,PROD-3524,Jeans 511 Slim Fit,"Pantalón de mezclilla ajustado de estilo moderno (Talla XL, Color Negro)",1333.71,10,1,2026-09-20 17:06:40,2026-09-20 18:00:40
3525,PROD-3525,Zapatillas Samba OG,"Tenis de estilo retro icónicos en cuero de primera calidad (Talla M, Color Azul)",1612.72,30,1,2026-09-17 15:45:24,2026-09-17 16:11:24
3526,PROD-3526,Licuadora Reversible 2 Velocidades,Licuadora con motor reversible y vaso de vidrio resistente a choques térmicos,5526.75,23,1,2026-09-19 10:57:22,2026-09-19 11:35:22
3527,PROD-3527,Licuadora Reversible 2 Velocidades,Licuadora con motor reversible y vaso de vidrio resistente a choques térmicos,2545.31,57,1,2026-09-20 21:43:34,2026-09-20 23:01:34
3528,PROD-3528,Zapatillas Air Force 1 '07,"Tenis clásicos de cuero blanco para uso urbano y casual (Talla XL, Color Rojo)",736.21,88,1,2026-09-19 12:52:13,2026-09-19 14:36:13
3529,PROD-3529,Freidora XXL Airfryer,Freidora de aire de gran capacidad con tecnología de extracción de grasa,415.14,24,1,2026-09-21 03:47:45,2026-09-21 04:54:45
3530,PROD-3530,Audífonos Bluetooth WH-1000XM5,Audífonos inalámbricos con la mejor cancelación de ruido del mercado,20430.10,37,1,2026-09-21 23:29:30,2026-09-22 01:08:30
3531,PROD-3531,Zapatillas Ultraboost Light,"Tenis de running con retorno de energía superior y ligereza (Talla S, Color Verde)",665.40,98,1,2026-09-21 14:08:28,2026-09-21 15:53:28
3532,PROD-3532,Freidora de Aire 4L,Freidora sin aceite para cocinar de manera saludable y rápida,5907.56,15,1,2026-09-19 23:41:31,2026-09-20 00:41:31
3533,PROD-3533,Freidora de Aire 4L,Freidora sin aceite para cocinar de manera saludable y rápida,5218.53,49,1,2026-09-19 02:50:10,2026-09-19 04:14:10
3534,PROD-3534,Tablet Galaxy Tab S9 128GB,"Tableta de alto rendimiento para diseño, trabajo y entretenimiento - Color Negro",13976.29,21,1,2026-09-22 03:50:46,2026-09-22 05:04:46
3535,PROD-3535,Cafetera Programable 12 Tazas,Cafetera de goteo con temporizador programable y jarra de vidrio,4283.62,29,1,2026-09-17 11:34:19,2026-09-17 11:59:19
3536,PROD-3536,Jeans 501 Original Fit,"Pantalón de mezclilla clásico de corte recto y ajuste cómodo (Talla XL, Color Negro)",2364.37,29,1,2026-09-19 23:23:53,2026-09-20 00:43:53
3537,PROD-3537,Camiseta Graphic Setin Neck,"Playera casual de algodón con estampado frontal (Talla S, Color Blanco)",416.84,90,1,2026-09-20 17:54:59,2026-09-20 17:58:59
3538,PROD-3538,Freidora de Aire 4L,Freidora sin aceite para cocinar de manera saludable y rápida,1610.94,17,1,2026-09-20 16:21:13,2026-09-20 16:42:13
3539,PROD-3539,Freidora XXL Airfryer,Freidora de aire de gran capacidad con tecnología de extracción de grasa,5349.74,57,1,2026-09-19 06:27:47,2026-09-19 08:13:47
3540,PROD-3540,Zapatillas Samba OG,"Tenis de estilo retro icónicos en cuero de primera calidad (Talla S, Color Verde)",2178.92,68,1,2026-09-18 08:48:37,2026-09-18 09:54:37
3541,PROD-3541,Freidora XXL Airfryer,Freidora de aire de gran capacidad con tecnología de extracción de grasa,5276.05,37,1,2026-09-21 07:18:14,2026-09-21 07:53:14
3542,PROD-3542,Smart TV 65 Neo QLED,Televisor inteligente 4K con tecnología de puntos cuánticos y alto contraste,19664.21,32,1,2026-09-21 01:37:21,2026-09-21 03:04:21
3543,PROD-3543,Monitor UltraGear 27,Monitor de alta frecuencia de actualización para juegos competitivos,30979.57,15,1,2026-09-22 07:50:17,2026-09-22 08:50:17
3544,PROD-3544,Zapatillas Air Max 270,"Calzado deportivo con cápsula de aire visible para máxima comodidad (Talla S, Color Rojo)",421.15,27,1,2026-09-17 13:47:45,2026-09-17 14:17:45
3545,PROD-3545,Freidora de Aire 4L,Freidora sin aceite para cocinar de manera saludable y rápida,831.82,56,1,2026-09-22 08:30:58,2026-09-22 08:52:58
3546,PROD-3546,Chaqueta Camionera de Mezclilla,"Chaqueta clásica de mezclilla resistente para uso diario (Talla L, Color Gris)",819.44,86,1,2026-09-19 18:54:55,2026-09-19 20:14:55
3547,PROD-3547,Cafetera Programable 12 Tazas,Cafetera de goteo con temporizador programable y jarra de vidrio,2323.42,41,1,2026-09-21 14:27:27,2026-09-21 16:12:27
3548,PROD-3548,Jeans 501 Original Fit,"Pantalón de mezclilla clásico de corte recto y ajuste cómodo (Talla M, Color Negro)",1931.94,47,1,2026-09-22 09:23:45,2026-09-22 10:47:45
3549,PROD-3549,Freidora de Aire 4L,Freidora sin aceite para cocinar de manera saludable y rápida,1633.53,31,1,2026-09-18 18:39:42,2026-09-18 19:31:42
3550,PROD-3550,Cafetera Programable 12 Tazas,Cafetera de goteo con temporizador programable y jarra de vidrio,1084.19,17,1,2026-09-18 19:48:33,2026-09-18 20:46:33
3551,PROD-3551,Jeans 501 Original Fit,"Pantalón de mezclilla clásico de corte recto y ajuste cómodo (Talla M, Color Rojo)",2305.37,82,1,2026-09-20 05:05:23,2026-09-20 05:56:23
3552,PROD-3552,Licuadora Reversible 2 Velocidades,Licuadora con motor reversible y vaso de vidrio resistente a choques térmicos,5036.34,49,1,2026-09-22 02:11:33,2026-09-22 03:08:33
3553,PROD-3553,MacBook Air 15 M2 256GB,Laptop ultra delgada y liviana con gran autonomía - Color Azul,11797.70,49,1,2026-09-19 08:15:45,2026-09-19 08:20:45
3554,PROD-3554,Zapatillas Air Max 270,"Calzado deportivo con cápsula de aire visible para máxima comodidad (Talla XL, Color Gris)",1427.65,20,1,2026-09-21 17:17:22,2026-09-21 18:25:22
3555,PROD-3555,Polera Sportswear Club Fleece,"Sudadera de felpa con capucha y ajuste estándar (Talla S, Color Blanco)",2228.46,99,1,2026-09-19 02:58:01,2026-09-19 04:45:01
3556,PROD-3556,Licuadora Reversible 2 Velocidades,Licuadora con motor reversible y vaso de vidrio resistente a choques térmicos,3077.31,53,1,2026-09-20 22:21:47,2026-09-20 23:18:47
3557,PROD-3557,Chaqueta Camionera de Mezclilla,"Chaqueta clásica de mezclilla resistente para uso diario (Talla L, Color Verde)",1210.14,29,1,2026-09-18 16:07:58,2026-09-18 16:23:58
3558,PROD-3558,Smartphone Redmi Note 13 Pro 1TB,Teléfono inteligente con excelente relación calidad-precio y gran cámara - Color Azul,29141.30,43,1,2026-09-22 04:17:32,2026-09-22 05:36:32
3559,PROD-3559,Aspiradora Inalámbrica SpeedPro,Aspiradora escoba sin cable con cabezal de succión de 180 grados,4848.33,16,1,2026-09-19 17:39:18,2026-09-19 18:53:18
3560,PROD-3560,Zapatillas Samba OG,"Tenis de estilo retro icónicos en cuero de primera calidad (Talla M, Color Blanco)",1959.26,42,1,2026-09-18 14:26:42,2026-09-18 15:43:42
3561,PROD-3561,Freidora XXL Airfryer,Freidora de aire de gran capacidad con tecnología de extracción de grasa,1659.97,34,1,2026-09-20 21:26:55,2026-09-20 22:45:55
3562,PROD-3562,Smart TV 65 Neo QLED,Televisor inteligente 4K con tecnología de puntos cuánticos y alto contraste,15301.83,9,1,2026-09-20 05:25:59,2026-09-20 07:24:59
3563,PROD-3563,Freidora XXL Airfryer,Freidora de aire de gran capacidad con tecnología de extracción de grasa,1837.49,30,1,2026-09-19 18:15:20,2026-09-19 19:33:20
3564,PROD-3564,Cafetera Programable 12 Tazas,Cafetera de goteo con temporizador programable y jarra de vidrio,7352.58,46,1,2026-09-22 06:34:24,2026-09-22 08:07:24
3565,PROD-3565,Licuadora Reversible 2 Velocidades,Licuadora con motor reversible y vaso de vidrio resistente a choques térmicos,2836.68,43,1,2026-09-21 22:22:15,2026-09-21 23:23:15
3566,PROD-3566,Polerón Adicolor Classics,"Sudadera clásica con el logotipo de las tres tiras (Talla XL, Color Verde)",1415.18,88,1,2026-09-18 14:38:01,2026-09-18 15:25:01
3567,PROD-3567,Chaqueta Camionera de Mezclilla,"Chaqueta clásica de mezclilla resistente para uso diario (Talla S, Color Blanco)",897.83,32,1,2026-09-17 18:28:21,2026-09-17 19:34:21
3568,PROD-3568,Zapatillas Ultraboost Light,"Tenis de running con retorno de energía superior y ligereza (Talla S, Color Gris)",780.31,77,1,2026-09-22 00:00:24,2026-09-22 00:24:24
3569,PROD-3569,Licuadora Reversible 2 Velocidades,Licuadora con motor reversible y vaso de vidrio resistente a choques térmicos,7931.92,33,1,2026-09-17 12:47:27,2026-09-17 12:50:27
3570,PROD-3570,Smartphone Galaxy Z Flip 6 512GB,Teléfono plegable compacto con pantalla exterior funcional - Color Negro,23659.19,47,1,2026-09-21 17:04:07,2026-09-21 18:03:07
3571,PROD-3571,Jeans 501 Original Fit,"Pantalón de mezclilla clásico de corte recto y ajuste cómodo (Talla L, Color Verde)",1751.94,39,1,2026-09-17 16:16:24,2026-09-17 18:07:24
3572,PROD-3572,Polerón Adicolor Classics,"Sudadera clásica con el logotipo de las tres tiras (Talla S, Color Blanco)",996.12,12,1,2026-09-18 17:05:07,2026-09-18 18:11:07
3573,PROD-3573,Aspiradora Inalámbrica SpeedPro,Aspiradora escoba sin cable con cabezal de succión de 180 grados,1557.52,48,1,2026-09-20 18:31:11,2026-09-20 19:31:11
3574,PROD-3574,Audífonos Galaxy Buds3 Pro,Audífonos inalámbricos con cancelación activa de ruido inteligente,15934.65,25,1,2026-09-21 13:07:53,2026-09-21 13:56:53
3575,PROD-3575,Jeans 511 Slim Fit,"Pantalón de mezclilla ajustado de estilo moderno (Talla L, Color Negro)",1058.44,100,1,2026-09-21 09:52:11,2026-09-21 10:11:11
3576,PROD-3576,Smart TV OLED C3 65,Televisor inteligente ideal para videojuegos y películas con pánel OLED,8790.39,19,1,2026-09-17 15:52:09,2026-09-17 17:04:09
3577,PROD-3577,Pantalón de Buzo Tech Fleece,"Pantalón deportivo térmico con diseño estilizado (Talla S, Color Rojo)",2378.05,81,1,2026-09-21 05:42:56,2026-09-21 06:33:56
3578,PROD-3578,Refrigeradora InstaView,Refrigerador inteligente con panel de cristal panorámico,33203.20,7,1,2026-09-21 09:52:48,2026-09-21 11:41:48
3579,PROD-3579,Zapatillas Running Pegasus 40,"Calzado de correr con amortiguación reactiva para entrenamiento (Talla M, Color Negro)",533.13,94,1,2026-09-19 16:26:27,2026-09-19 16:57:27
3580,PROD-3580,Freidora de Aire 4L,Freidora sin aceite para cocinar de manera saludable y rápida,5079.22,34,1,2026-09-18 01:59:40,2026-09-18 03:58:40
3581,PROD-3581,Aspiradora Inalámbrica SpeedPro,Aspiradora escoba sin cable con cabezal de succión de 180 grados,7834.10,17,1,2026-09-22 01:42:17,2026-09-22 03:19:17
3582,PROD-3582,Freidora XXL Airfryer,Freidora de aire de gran capacidad con tecnología de extracción de grasa,2753.11,58,1,2026-09-19 08:07:08,2026-09-19 09:09:08
3583,PROD-3583,Jeans 511 Slim Fit,"Pantalón de mezclilla ajustado de estilo moderno (Talla L, Color Blanco)",2423.39,94,1,2026-09-18 15:38:08,2026-09-18 16:39:08
3584,PROD-3584,Aspiradora Inalámbrica SpeedPro,Aspiradora escoba sin cable con cabezal de succión de 180 grados,1136.69,11,1,2026-09-20 11:37:19,2026-09-20 12:39:19
3585,PROD-3585,Jeans 511 Slim Fit,"Pantalón de mezclilla ajustado de estilo moderno (Talla S, Color Azul)",2479.75,54,1,2026-09-17 20:24:10,2026-09-17 20:52:10
3586,PROD-3586,Jeans 511 Slim Fit,"Pantalón de mezclilla ajustado de estilo moderno (Talla S, Color Blanco)",1844.27,89,1,2026-09-21 23:44:27,2026-09-22 01:30:27
3587,PROD-3587,Cafetera Programable 12 Tazas,Cafetera de goteo con temporizador programable y jarra de vidrio,1906.90,38,1,2026-09-18 15:31:11,2026-09-18 15:57:11
3588,PROD-3588,Jeans 511 Slim Fit,"Pantalón de mezclilla ajustado de estilo moderno (Talla L, Color Verde)",745.27,47,1,2026-09-19 08:34:43,2026-09-19 09:09:43
3589,PROD-3589,Zapatillas Running Pegasus 40,"Calzado de correr con amortiguación reactiva para entrenamiento (Talla S, Color Gris)",1410.77,13,1,2026-09-20 04:00:34,2026-09-20 05:35:34
3590,PROD-3590,Freidora XXL Airfryer,Freidora de aire de gran capacidad con tecnología de extracción de grasa,6285.95,28,1,2026-09-17 20:55:26,2026-09-17 22:53:26
3591,PROD-3591,Smart Band 8,Pulsera de actividad física con seguimiento del sueño y deporte,11908.02,43,1,2026-09-17 21:44:24,2026-09-17 23:24:24
3592,PROD-3592,Zapatillas Ultraboost Light,"Tenis de running con retorno de energía superior y ligereza (Talla L, Color Negro)",1389.14,40,1,2026-09-21 11:05:59,2026-09-21 11:26:59
3593,PROD-3593,Freidora XXL Airfryer,Freidora de aire de gran capacidad con tecnología de extracción de grasa,2436.68,32,1,2026-09-18 15:24:17,2026-09-18 15:56:17
3594,PROD-3594,Smart TV OLED C3 65,Televisor inteligente ideal para videojuegos y películas con pánel OLED,20321.23,27,1,2026-09-20 13:28:08,2026-09-20 13:28:08
3595,PROD-3595,Zapatillas Running Pegasus 40,"Calzado de correr con amortiguación reactiva para entrenamiento (Talla S, Color Verde)",1933.70,22,1,2026-09-19 10:06:02,2026-09-19 12:00:02
3596,PROD-3596,Polera Sportswear Club Fleece,"Sudadera de felpa con capucha y ajuste estándar (Talla XL, Color Verde)",1136.35,87,1,2026-09-21 12:24:35,2026-09-21 12:38:35
3597,PROD-3597,Camiseta Graphic Setin Neck,"Playera casual de algodón con estampado frontal (Talla XL, Color Negro)",458.74,11,1,2026-09-21 00:58:00,2026-09-21 01:29:00
3598,PROD-3598,Cámara Alpha 7 IV,Cámara mirrorless profesional de fotograma completo para foto y video,32193.99,12,1,2026-09-20 17:56:20,2026-09-20 18:31:20
3599,PROD-3599,Audífonos AirPods Pro 2,Audífonos intrauditivos con cancelación de ruido de nivel superior,5811.20,10,1,2026-09-22 08:29:17,2026-09-22 09:38:17
3600,PROD-3600,Apple Watch Series 10,Reloj inteligente con sensores avanzados de salud y actividad física,14474.80,15,1,2026-09-22 03:05:10,2026-09-22 05:05:10
3601,PROD-3601,Licuadora Reversible 2 Velocidades,Licuadora con motor reversible y vaso de vidrio resistente a choques térmicos,4304.44,60,1,2026-09-20 18:34:53,2026-09-20 19:44:53
3602,PROD-3602,Zapatillas Samba OG,"Tenis de estilo retro icónicos en cuero de primera calidad (Talla S, Color Verde)",1306.35,79,1,2026-09-17 13:10:13,2026-09-17 13:29:13
3603,PROD-3603,Zapatillas Air Max 270,"Calzado deportivo con cápsula de aire visible para máxima comodidad (Talla L, Color Negro)",2437.28,58,1,2026-09-19 04:29:50,2026-09-19 05:57:50
3604,PROD-3604,Polerón Adicolor Classics,"Sudadera clásica con el logotipo de las tres tiras (Talla M, Color Blanco)",1903.11,53,1,2026-09-21 20:20:11,2026-09-21 21:13:11
3605,PROD-3605,iPhone 16 Pro Max 256GB,Smartphone insignia de Apple con acabado en titanio y cámara profesional - Color Rojo,35483.60,24,1,2026-09-19 01:45:14,2026-09-19 03:33:14
3606,PROD-3606,Refrigeradora InstaView,Refrigerador inteligente con panel de cristal panorámico,32450.10,32,1,2026-09-20 10:20:15,2026-09-20 10:25:15
3607,PROD-3607,Freidora XXL Airfryer,Freidora de aire de gran capacidad con tecnología de extracción de grasa,4934.01,10,1,2026-09-21 14:19:00,2026-09-21 15:50:00
3608,PROD-3608,Refrigeradora InstaView,Refrigerador inteligente con panel de cristal panorámico,22337.24,39,1,2026-09-21 20:38:07,2026-09-21 22:23:07
3609,PROD-3609,Freidora XXL Airfryer,Freidora de aire de gran capacidad con tecnología de extracción de grasa,999.34,20,1,2026-09-21 14:29:55,2026-09-21 16:18:55
3610,PROD-3610,Smart Band 8,Pulsera de actividad física con seguimiento del sueño y deporte,4059.23,26,1,2026-09-20 17:34:49,2026-09-20 18:09:49
3611,PROD-3611,Freidora XXL Airfryer,Freidora de aire de gran capacidad con tecnología de extracción de grasa,3006.12,59,1,2026-09-19 21:30:56,2026-09-19 22:00:56
3612,PROD-3612,Smartphone Galaxy S26+ 1TB,Teléfono inteligente con procesador de última generación y batería de larga duración - Color Negro,10982.04,34,1,2026-09-22 07:40:46,2026-09-22 09:07:46
3613,PROD-3613,Licuadora Reversible 2 Velocidades,Licuadora con motor reversible y vaso de vidrio resistente a choques térmicos,537.48,22,1,2026-09-21 02:49:44,2026-09-21 04:44:44
3614,PROD-3614,Zapatillas Ultraboost Light,"Tenis de running con retorno de energía superior y ligereza (Talla XL, Color Azul)",2396.74,56,1,2026-09-21 18:55:43,2026-09-21 19:30:43
3615,PROD-3615,Zapatillas Air Force 1 '07,"Tenis clásicos de cuero blanco para uso urbano y casual (Talla M, Color Verde)",2275.11,20,1,2026-09-20 03:59:22,2026-09-20 05:35:22
3616,PROD-3616,Smart TV Bravia XR OLED 55,Televisor OLED con negros absolutos y procesador de imagen cognitivo,26979.37,44,1,2026-09-20 22:42:14,2026-09-20 23:25:14
3617,PROD-3617,Cafetera Programable 12 Tazas,Cafetera de goteo con temporizador programable y jarra de vidrio,2469.47,58,1,2026-09-20 10:07:27,2026-09-20 11:49:27
3618,PROD-3618,Zapatillas Air Max 270,"Calzado deportivo con cápsula de aire visible para máxima comodidad (Talla XL, Color Blanco)",883.62,99,1,2026-09-22 01:53:12,2026-09-22 03:06:12
3619,PROD-3619,Chaqueta Camionera de Mezclilla,"Chaqueta clásica de mezclilla resistente para uso diario (Talla M, Color Negro)",646.42,59,1,2026-09-17 22:05:12,2026-09-17 23:39:12
3620,PROD-3620,Freidora XXL Airfryer,Freidora de aire de gran capacidad con tecnología de extracción de grasa,1386.02,39,1,2026-09-22 09:45:09,2026-09-22 10:56:09
3621,PROD-3621,Jeans 511 Slim Fit,"Pantalón de mezclilla ajustado de estilo moderno (Talla XL, Color Rojo)",1212.76,52,1,2026-09-22 09:42:03,2026-09-22 09:48:03
3622,PROD-3622,Jeans 501 Original Fit,"Pantalón de mezclilla clásico de corte recto y ajuste cómodo (Talla XL, Color Azul)",863.22,11,1,2026-09-19 17:22:59,2026-09-19 17:27:59
3623,PROD-3623,Refrigeradora InstaView,Refrigerador inteligente con panel de cristal panorámico,3614.42,45,1,2026-09-20 01:49:32,2026-09-20 02:23:32
3624,PROD-3624,Refrigeradora InstaView,Refrigerador inteligente con panel de cristal panorámico,21365.78,5,1,2026-09-18 18:51:59,2026-09-18 20:06:59
3625,PROD-3625,Smart TV OLED C3 65,Televisor inteligente ideal para videojuegos y películas con pánel OLED,35589.50,8,1,2026-09-22 08:39:57,2026-09-22 10:13:57
3626,PROD-3626,Smartphone Galaxy S26 512GB,Smartphone compacto con pantalla fluida y excelente rendimiento - Color Blanco,1327.34,21,1,2026-09-19 12:43:23,2026-09-19 13:03:23
3627,PROD-3627,Freidora de Aire 4L,Freidora sin aceite para cocinar de manera saludable y rápida,6153.02,44,1,2026-09-20 07:26:26,2026-09-20 08:55:26
3628,PROD-3628,Freidora XXL Airfryer,Freidora de aire de gran capacidad con tecnología de extracción de grasa,6916.76,44,1,2026-09-21 09:54:50,2026-09-21 11:39:50
3629,PROD-3629,Smartphone Redmi Note 13 Pro 128GB,Teléfono inteligente con excelente relación calidad-precio y gran cámara - Color Rojo,25939.58,32,1,2026-09-17 17:37:10,2026-09-17 17:54:10
3630,PROD-3630,Pantalón de Buzo Tech Fleece,"Pantalón deportivo térmico con diseño estilizado (Talla L, Color Verde)",1041.61,44,1,2026-09-21 07:07:54,2026-09-21 08:22:54
3631,PROD-3631,Tablet Galaxy Tab S9 512GB,"Tableta de alto rendimiento para diseño, trabajo y entretenimiento - Color Verde",20267.71,43,1,2026-09-19 04:21:22,2026-09-19 05:49:22
3632,PROD-3632,Zapatillas Air Max 270,"Calzado deportivo con cápsula de aire visible para máxima comodidad (Talla S, Color Negro)",1548.49,90,1,2026-09-20 21:04:03,2026-09-20 21:19:03
3633,PROD-3633,Aspiradora Inalámbrica SpeedPro,Aspiradora escoba sin cable con cabezal de succión de 180 grados,5182.30,41,1,2026-09-18 18:08:21,2026-09-18 18:44:21
3634,PROD-3634,Pantalón de Buzo Tech Fleece,"Pantalón deportivo térmico con diseño estilizado (Talla XL, Color Blanco)",2213.96,86,1,2026-09-22 07:01:17,2026-09-22 08:28:17
3635,PROD-3635,Jeans 501 Original Fit,"Pantalón de mezclilla clásico de corte recto y ajuste cómodo (Talla XL, Color Rojo)",1414.34,50,1,2026-09-21 17:12:59,2026-09-21 18:04:59
3636,PROD-3636,Jeans 511 Slim Fit,"Pantalón de mezclilla ajustado de estilo moderno (Talla XL, Color Negro)",2093.35,27,1,2026-09-19 08:26:44,2026-09-19 09:35:44
3637,PROD-3637,Camiseta Graphic Setin Neck,"Playera casual de algodón con estampado frontal (Talla S, Color Gris)",1315.16,91,1,2026-09-18 09:49:25,2026-09-18 11:25:25
3638,PROD-3638,Zapatillas Air Force 1 '07,"Tenis clásicos de cuero blanco para uso urbano y casual (Talla M, Color Blanco)",1109.64,18,1,2026-09-19 16:39:21,2026-09-19 17:43:21
3639,PROD-3639,Jeans 501 Original Fit,"Pantalón de mezclilla clásico de corte recto y ajuste cómodo (Talla L, Color Blanco)",1813.92,18,1,2026-09-20 03:36:52,2026-09-20 04:05:52
3640,PROD-3640,Freidora de Aire 4L,Freidora sin aceite para cocinar de manera saludable y rápida,4177.58,14,1,2026-09-19 09:22:59,2026-09-19 10:16:59
3641,PROD-3641,Parlante Portátil SRS-XG300,Bocina inalámbrica portátil resistente al agua con graves potentes,16121.34,8,1,2026-09-19 17:44:26,2026-09-19 18:00:26
3642,PROD-3642,Cámara Alpha 7 IV,Cámara mirrorless profesional de fotograma completo para foto y video,3164.39,20,1,2026-09-21 01:23:19,2026-09-21 02:04:19
3643,PROD-3643,Zapatillas Running Pegasus 40,"Calzado de correr con amortiguación reactiva para entrenamiento (Talla L, Color Negro)",1875.76,43,1,2026-09-21 21:57:05,2026-09-21 23:32:05
3644,PROD-3644,Jeans 501 Original Fit,"Pantalón de mezclilla clásico de corte recto y ajuste cómodo (Talla L, Color Verde)",2368.78,69,1,2026-09-21 00:20:21,2026-09-21 00:26:21
3645,PROD-3645,Zapatillas Samba OG,"Tenis de estilo retro icónicos en cuero de primera calidad (Talla S, Color Rojo)",2357.19,20,1,2026-09-22 01:49:04,2026-09-22 03:11:04
3646,PROD-3646,Aspiradora Inalámbrica SpeedPro,Aspiradora escoba sin cable con cabezal de succión de 180 grados,7729.62,27,1,2026-09-21 19:59:50,2026-09-21 20:50:50
3647,PROD-3647,Freidora de Aire 4L,Freidora sin aceite para cocinar de manera saludable y rápida,2908.74,15,1,2026-09-20 20:00:00,2026-09-20 20:30:00
3648,PROD-3648,Barra de Sonido HT-A7000,Sistema de audio para cine en casa con soporte Dolby Atmos,22058.20,21,1,2026-09-21 06:42:01,2026-09-21 08:07:01
3649,PROD-3649,Aspiradora Inalámbrica SpeedPro,Aspiradora escoba sin cable con cabezal de succión de 180 grados,4556.73,8,1,2026-09-19 17:51:44,2026-09-19 19:18:44
3650,PROD-3650,Jeans 511 Slim Fit,"Pantalón de mezclilla ajustado de estilo moderno (Talla M, Color Verde)",1842.24,70,1,2026-09-22 08:03:13,2026-09-22 09:36:13
3651,PROD-3651,Monitor UltraGear 27,Monitor de alta frecuencia de actualización para juegos competitivos,9174.80,5,1,2026-09-22 08:41:51,2026-09-22 10:03:51
3652,PROD-3652,Smart TV OLED C3 65,Televisor inteligente ideal para videojuegos y películas con pánel OLED,6319.96,43,1,2026-09-19 15:46:08,2026-09-19 16:41:08
3653,PROD-3653,Jeans 511 Slim Fit,"Pantalón de mezclilla ajustado de estilo moderno (Talla M, Color Blanco)",1833.94,87,1,2026-09-21 17:05:56,2026-09-21 18:06:56
3654,PROD-3654,MacBook Pro 16 M3 1TB,Computadora portátil profesional para edición de video y desarrollo - Color Gris,9697.21,16,1,2026-09-20 21:00:40,2026-09-20 22:57:40
3655,PROD-3655,Audífonos Bluetooth WH-1000XM5,Audífonos inalámbricos con la mejor cancelación de ruido del mercado,27589.57,30,1,2026-09-22 08:25:59,2026-09-22 10:19:59
3656,PROD-3656,Zapatillas Running Pegasus 40,"Calzado de correr con amortiguación reactiva para entrenamiento (Talla M, Color Gris)",705.48,70,1,2026-09-18 21:50:15,2026-09-18 23:09:15
3657,PROD-3657,Licuadora Reversible 2 Velocidades,Licuadora con motor reversible y vaso de vidrio resistente a choques térmicos,5879.07,29,1,2026-09-21 10:16:08,2026-09-21 10:34:08
3658,PROD-3658,MacBook Pro 16 M3 256GB,Computadora portátil profesional para edición de video y desarrollo - Color Negro,20920.72,21,1,2026-09-21 15:39:45,2026-09-21 15:39:45
3659,PROD-3659,Robot Aspiradora X10+,Aspiradora robótica con estación de vaciado automático y mapeo láser,7205.91,16,1,2026-09-20 14:32:38,2026-09-20 15:07:38
3660,PROD-3660,Jeans 511 Slim Fit,"Pantalón de mezclilla ajustado de estilo moderno (Talla L, Color Azul)",1768.66,87,1,2026-09-21 01:25:35,2026-09-21 02:32:35
3661,PROD-3661,Smart TV OLED C3 65,Televisor inteligente ideal para videojuegos y películas con pánel OLED,28889.19,35,1,2026-09-19 11:37:15,2026-09-19 13:21:15
3662,PROD-3662,Chaqueta Camionera de Mezclilla,"Chaqueta clásica de mezclilla resistente para uso diario (Talla L, Color Verde)",1085.51,59,1,2026-09-17 19:44:34,2026-09-17 21:41:34
3663,PROD-3663,Pantalón de Buzo Tech Fleece,"Pantalón deportivo térmico con diseño estilizado (Talla S, Color Blanco)",1534.90,38,1,2026-09-18 05:27:44,2026-09-18 05:30:44
3664,PROD-3664,Patinete Eléctrico Pro 4,Scooter eléctrico con gran autonomía para movilidad urbana,35456.19,18,1,2026-09-21 13:26:00,2026-09-21 13:45:00
3665,PROD-3665,Smartphone Xiaomi 14 Ultra 256GB,Smartphone de gama alta enfocado en fotografía profesional Leica - Color Azul,16453.71,34,1,2026-09-18 19:09:22,2026-09-18 19:35:22
3666,PROD-3666,Robot Aspiradora X10+,Aspiradora robótica con estación de vaciado automático y mapeo láser,25344.44,7,1,2026-09-19 21:22:56,2026-09-19 22:13:56
3667,PROD-3667,Zapatillas Samba OG,"Tenis de estilo retro icónicos en cuero de primera calidad (Talla S, Color Azul)",357.42,81,1,2026-09-19 16:00:20,2026-09-19 16:06:20
3668,PROD-3668,Smartphone Redmi Note 13 Pro 512GB,Teléfono inteligente con excelente relación calidad-precio y gran cámara - Color Rojo,11618.31,44,1,2026-09-20 12:40:25,2026-09-20 14:21:25
3669,PROD-3669,Chaqueta Camionera de Mezclilla,"Chaqueta clásica de mezclilla resistente para uso diario (Talla S, Color Verde)",2121.80,91,1,2026-09-20 08:13:51,2026-09-20 09:54:51
3670,PROD-3670,Freidora XXL Airfryer,Freidora de aire de gran capacidad con tecnología de extracción de grasa,1405.30,39,1,2026-09-19 02:42:55,2026-09-19 02:44:55
3671,PROD-3671,Aspiradora Inalámbrica SpeedPro,Aspiradora escoba sin cable con cabezal de succión de 180 grados,6339.41,31,1,2026-09-20 13:05:54,2026-09-20 13:26:54
3672,PROD-3672,Pantalón de Buzo Tech Fleece,"Pantalón deportivo térmico con diseño estilizado (Talla M, Color Gris)",1573.73,10,1,2026-09-20 01:56:13,2026-09-20 03:42:13
3673,PROD-3673,Smartphone Galaxy S26 Ultra 256GB,Smartphone de alta gama con cámara de 200MP y pantalla Dynamic AMOLED - Color Verde,14871.75,37,1,2026-09-21 11:49:14,2026-09-21 12:34:14
3674,PROD-3674,Aspiradora Inalámbrica SpeedPro,Aspiradora escoba sin cable con cabezal de succión de 180 grados,7588.57,54,1,2026-09-17 21:41:37,2026-09-17 22:17:37
3675,PROD-3675,Aspiradora Inalámbrica SpeedPro,Aspiradora escoba sin cable con cabezal de succión de 180 grados,2794.47,39,1,2026-09-21 09:23:33,2026-09-21 10:38:33
3676,PROD-3676,Audífonos Galaxy Buds3 Pro,Audífonos inalámbricos con cancelación activa de ruido inteligente,33348.56,42,1,2026-09-21 17:09:15,2026-09-21 18:47:15
3677,PROD-3677,Aspiradora Inalámbrica SpeedPro,Aspiradora escoba sin cable con cabezal de succión de 180 grados,6800.06,46,1,2026-09-22 06:21:01,2026-09-22 06:30:01
3678,PROD-3678,Polerón Adicolor Classics,"Sudadera clásica con el logotipo de las tres tiras (Talla XL, Color Negro)",1616.95,89,1,2026-09-19 09:13:54,2026-09-19 10:57:54
3679,PROD-3679,Chaqueta Camionera de Mezclilla,"Chaqueta clásica de mezclilla resistente para uso diario (Talla M, Color Blanco)",2120.62,65,1,2026-09-19 06:33:10,2026-09-19 07:00:10
3680,PROD-3680,MacBook Pro 16 M3 512GB,Computadora portátil profesional para edición de video y desarrollo - Color Azul,4100.74,11,1,2026-09-18 10:12:53,2026-09-18 11:43:53
3681,PROD-3681,Cafetera Programable 12 Tazas,Cafetera de goteo con temporizador programable y jarra de vidrio,6989.38,14,1,2026-09-19 11:21:03,2026-09-19 12:39:03
3682,PROD-3682,Zapatillas Samba OG,"Tenis de estilo retro icónicos en cuero de primera calidad (Talla M, Color Gris)",385.01,99,1,2026-09-17 22:01:22,2026-09-17 22:24:22
3683,PROD-3683,Aspiradora Inalámbrica SpeedPro,Aspiradora escoba sin cable con cabezal de succión de 180 grados,6033.98,18,1,2026-09-18 07:22:41,2026-09-18 09:18:41
3684,PROD-3684,Refrigeradora InstaView,Refrigerador inteligente con panel de cristal panorámico,25463.56,24,1,2026-09-20 11:50:29,2026-09-20 12:28:29
3685,PROD-3685,iPad Pro 12.9,Tableta profesional con pantalla Liquid Retina XDR y chip M2,14618.05,34,1,2026-09-22 00:04:40,2026-09-22 01:08:40
3686,PROD-3686,Freidora XXL Airfryer,Freidora de aire de gran capacidad con tecnología de extracción de grasa,6839.06,57,1,2026-09-20 12:20:53,2026-09-20 13:27:53
3687,PROD-3687,MacBook Pro 16 M3 1TB,Computadora portátil profesional para edición de video y desarrollo - Color Rojo,23325.08,46,1,2026-09-20 09:42:39,2026-09-20 09:49:39
3688,PROD-3688,Polerón Adicolor Classics,"Sudadera clásica con el logotipo de las tres tiras (Talla L, Color Negro)",1184.06,16,1,2026-09-19 19:20:33,2026-09-19 20:49:33
3689,PROD-3689,MacBook Air 15 M2 512GB,Laptop ultra delgada y liviana con gran autonomía - Color Azul,11361.13,41,1,2026-09-21 02:39:35,2026-09-21 03:47:35
3690,PROD-3690,Zapatillas Air Force 1 '07,"Tenis clásicos de cuero blanco para uso urbano y casual (Talla L, Color Rojo)",1271.02,66,1,2026-09-21 06:09:57,2026-09-21 06:43:57
3691,PROD-3691,Freidora XXL Airfryer,Freidora de aire de gran capacidad con tecnología de extracción de grasa,7115.31,42,1,2026-09-18 22:31:12,2026-09-18 22:31:12
3692,PROD-3692,Freidora XXL Airfryer,Freidora de aire de gran capacidad con tecnología de extracción de grasa,1930.11,59,1,2026-09-18 04:44:10,2026-09-18 04:50:10
3693,PROD-3693,Cafetera Programable 12 Tazas,Cafetera de goteo con temporizador programable y jarra de vidrio,7088.43,34,1,2026-09-17 23:32:36,2026-09-18 00:21:36
3694,PROD-3694,Jeans 501 Original Fit,"Pantalón de mezclilla clásico de corte recto y ajuste cómodo (Talla S, Color Azul)",1043.70,50,1,2026-09-21 22:01:44,2026-09-21 22:58:44
3695,PROD-3695,Aspiradora Inalámbrica SpeedPro,Aspiradora escoba sin cable con cabezal de succión de 180 grados,2912.13,50,1,2026-09-20 15:29:12,2026-09-20 16:20:12
3696,PROD-3696,Polera Sportswear Club Fleece,"Sudadera de felpa con capucha y ajuste estándar (Talla XL, Color Gris)",564.73,32,1,2026-09-19 00:27:37,2026-09-19 01:27:37
3697,PROD-3697,Zapatillas Air Force 1 '07,"Tenis clásicos de cuero blanco para uso urbano y casual (Talla S, Color Negro)",1180.79,67,1,2026-09-19 12:31:15,2026-09-19 13:37:15
3698,PROD-3698,Zapatillas Ultraboost Light,"Tenis de running con retorno de energía superior y ligereza (Talla L, Color Verde)",473.60,19,1,2026-09-19 23:45:21,2026-09-20 00:33:21
3699,PROD-3699,Polera Sportswear Club Fleece,"Sudadera de felpa con capucha y ajuste estándar (Talla S, Color Blanco)",726.52,42,1,2026-09-19 07:25:03,2026-09-19 07:58:03
3700,PROD-3700,Refrigeradora InstaView,Refrigerador inteligente con panel de cristal panorámico,22212.59,23,1,2026-09-17 12:04:36,2026-09-17 12:22:36
3701,PROD-3701,Audífonos AirPods Pro 2,Audífonos intrauditivos con cancelación de ruido de nivel superior,14932.02,39,1,2026-09-20 01:22:09,2026-09-20 01:24:09
3702,PROD-3702,Freidora de Aire 4L,Freidora sin aceite para cocinar de manera saludable y rápida,6636.43,10,1,2026-09-21 21:41:56,2026-09-21 21:49:56
3703,PROD-3703,Jeans 511 Slim Fit,"Pantalón de mezclilla ajustado de estilo moderno (Talla XL, Color Blanco)",448.00,89,1,2026-09-19 06:48:01,2026-09-19 08:31:01
3704,PROD-3704,Jeans 511 Slim Fit,"Pantalón de mezclilla ajustado de estilo moderno (Talla XL, Color Negro)",722.72,98,1,2026-09-19 11:49:21,2026-09-19 13:22:21
3705,PROD-3705,Refrigeradora InstaView,Refrigerador inteligente con panel de cristal panorámico,26623.90,19,1,2026-09-17 15:47:03,2026-09-17 17:04:03
3706,PROD-3706,Zapatillas Ultraboost Light,"Tenis de running con retorno de energía superior y ligereza (Talla M, Color Gris)",1786.14,11,1,2026-09-21 00:23:29,2026-09-21 02:01:29
3707,PROD-3707,Zapatillas Ultraboost Light,"Tenis de running con retorno de energía superior y ligereza (Talla XL, Color Rojo)",1392.30,83,1,2026-09-20 10:16:44,2026-09-20 10:33:44
3708,PROD-3708,Zapatillas Air Max 270,"Calzado deportivo con cápsula de aire visible para máxima comodidad (Talla L, Color Negro)",800.95,59,1,2026-09-21 04:06:24,2026-09-21 04:40:24
3709,PROD-3709,Freidora de Aire 4L,Freidora sin aceite para cocinar de manera saludable y rápida,2815.08,10,1,2026-09-20 06:56:16,2026-09-20 07:22:16
3710,PROD-3710,Pantalón de Buzo Tech Fleece,"Pantalón deportivo térmico con diseño estilizado (Talla L, Color Rojo)",2443.42,11,1,2026-09-20 22:48:43,2026-09-20 23:29:43
3711,PROD-3711,Polerón Adicolor Classics,"Sudadera clásica con el logotipo de las tres tiras (Talla M, Color Rojo)",890.11,12,1,2026-09-19 12:24:17,2026-09-19 13:38:17
3712,PROD-3712,Licuadora Reversible 2 Velocidades,Licuadora con motor reversible y vaso de vidrio resistente a choques térmicos,5399.74,35,1,2026-09-17 11:30:58,2026-09-17 11:51:58
3713,PROD-3713,Aspiradora Inalámbrica SpeedPro,Aspiradora escoba sin cable con cabezal de succión de 180 grados,1518.26,59,1,2026-09-17 17:48:30,2026-09-17 19:30:30
3714,PROD-3714,Tablet Galaxy Tab S9 256GB,"Tableta de alto rendimiento para diseño, trabajo y entretenimiento - Color Gris",18980.75,44,1,2026-09-17 13:54:54,2026-09-17 14:53:54
3715,PROD-3715,Audífonos Bluetooth WH-1000XM5,Audífonos inalámbricos con la mejor cancelación de ruido del mercado,1950.85,11,1,2026-09-20 21:25:34,2026-09-20 23:00:34
3716,PROD-3716,Zapatillas Samba OG,"Tenis de estilo retro icónicos en cuero de primera calidad (Talla XL, Color Gris)",1495.07,68,1,2026-09-19 16:09:40,2026-09-19 17:27:40
3717,PROD-3717,Chaqueta Camionera de Mezclilla,"Chaqueta clásica de mezclilla resistente para uso diario (Talla S, Color Rojo)",2283.61,44,1,2026-09-21 15:22:14,2026-09-21 16:28:14
3718,PROD-3718,Licuadora Reversible 2 Velocidades,Licuadora con motor reversible y vaso de vidrio resistente a choques térmicos,428.07,41,1,2026-09-22 01:15:22,2026-09-22 02:47:22
3719,PROD-3719,Monitor UltraGear 27,Monitor de alta frecuencia de actualización para juegos competitivos,28428.13,38,1,2026-09-19 21:05:31,2026-09-19 22:34:31
3720,PROD-3720,Freidora XXL Airfryer,Freidora de aire de gran capacidad con tecnología de extracción de grasa,4736.19,18,1,2026-09-18 22:59:36,2026-09-19 00:21:36
3721,PROD-3721,Apple Watch Series 10,Reloj inteligente con sensores avanzados de salud y actividad física,1605.04,46,1,2026-09-19 15:52:22,2026-09-19 17:24:22
3722,PROD-3722,Aspiradora Inalámbrica SpeedPro,Aspiradora escoba sin cable con cabezal de succión de 180 grados,1659.67,34,1,2026-09-20 09:20:41,2026-09-20 09:57:41
3723,PROD-3723,Licuadora Reversible 2 Velocidades,Licuadora con motor reversible y vaso de vidrio resistente a choques térmicos,6854.73,36,1,2026-09-18 15:23:16,2026-09-18 16:52:16
3724,PROD-3724,Smart Band 8,Pulsera de actividad física con seguimiento del sueño y deporte,6953.66,42,1,2026-09-18 18:28:14,2026-09-18 19:52:14
3725,PROD-3725,Freidora de Aire 4L,Freidora sin aceite para cocinar de manera saludable y rápida,1101.27,59,1,2026-09-20 16:29:26,2026-09-20 18:27:26
3726,PROD-3726,Robot Aspiradora X10+,Aspiradora robótica con estación de vaciado automático y mapeo láser,18273.17,23,1,2026-09-22 04:47:55,2026-09-22 05:05:55
3727,PROD-3727,Polera Sportswear Club Fleece,"Sudadera de felpa con capucha y ajuste estándar (Talla L, Color Azul)",1689.14,85,1,2026-09-17 14:45:57,2026-09-17 16:44:57
3728,PROD-3728,Jeans 511 Slim Fit,"Pantalón de mezclilla ajustado de estilo moderno (Talla M, Color Azul)",1908.61,38,1,2026-09-21 10:34:07,2026-09-21 11:34:07
3729,PROD-3729,Robot Aspiradora X10+,Aspiradora robótica con estación de vaciado automático y mapeo láser,18341.84,42,1,2026-09-17 15:17:09,2026-09-17 15:36:09
3730,PROD-3730,Audífonos AirPods Max,Audífonos de diadema inalámbricos con sonido de alta fidelidad,24615.49,41,1,2026-09-17 19:36:09,2026-09-17 19:40:09
3731,PROD-3731,Aspiradora Inalámbrica SpeedPro,Aspiradora escoba sin cable con cabezal de succión de 180 grados,6661.81,59,1,2026-09-21 19:24:33,2026-09-21 20:33:33
3732,PROD-3732,Freidora XXL Airfryer,Freidora de aire de gran capacidad con tecnología de extracción de grasa,5500.35,43,1,2026-09-19 04:13:05,2026-09-19 05:56:05
3733,PROD-3733,Zapatillas Running Pegasus 40,"Calzado de correr con amortiguación reactiva para entrenamiento (Talla L, Color Verde)",907.90,90,1,2026-09-22 06:33:51,2026-09-22 07:29:51
3734,PROD-3734,Polera Sportswear Club Fleece,"Sudadera de felpa con capucha y ajuste estándar (Talla L, Color Blanco)",1625.70,19,1,2026-09-22 10:33:59,2026-09-22 12:25:59
3735,PROD-3735,Freidora de Aire 4L,Freidora sin aceite para cocinar de manera saludable y rápida,6092.00,37,1,2026-09-20 14:14:29,2026-09-20 14:22:29
3736,PROD-3736,Zapatillas Ultraboost Light,"Tenis de running con retorno de energía superior y ligereza (Talla L, Color Azul)",1645.44,81,1,2026-09-20 23:58:34,2026-09-21 00:36:34
3737,PROD-3737,Polerón Adicolor Classics,"Sudadera clásica con el logotipo de las tres tiras (Talla XL, Color Blanco)",1220.72,80,1,2026-09-18 17:57:18,2026-09-18 19:01:18
3738,PROD-3738,Polerón Adicolor Classics,"Sudadera clásica con el logotipo de las tres tiras (Talla XL, Color Azul)",791.53,12,1,2026-09-18 10:00:42,2026-09-18 10:02:42
3739,PROD-3739,Aspiradora Inalámbrica SpeedPro,Aspiradora escoba sin cable con cabezal de succión de 180 grados,1002.48,23,1,2026-09-21 01:49:05,2026-09-21 02:40:05
3740,PROD-3740,Licuadora Reversible 2 Velocidades,Licuadora con motor reversible y vaso de vidrio resistente a choques térmicos,1270.32,48,1,2026-09-22 05:52:41,2026-09-22 07:17:41
3741,PROD-3741,Cafetera Programable 12 Tazas,Cafetera de goteo con temporizador programable y jarra de vidrio,6857.91,55,1,2026-09-18 00:12:17,2026-09-18 01:22:17
3742,PROD-3742,Licuadora Reversible 2 Velocidades,Licuadora con motor reversible y vaso de vidrio resistente a choques térmicos,7455.83,49,1,2026-09-22 06:16:48,2026-09-22 07:25:48
3743,PROD-3743,Freidora XXL Airfryer,Freidora de aire de gran capacidad con tecnología de extracción de grasa,4281.65,16,1,2026-09-22 10:07:13,2026-09-22 11:50:13
3744,PROD-3744,Smartphone Redmi Note 13 Pro 1TB,Teléfono inteligente con excelente relación calidad-precio y gran cámara - Color Azul,25892.04,43,1,2026-09-17 16:41:41,2026-09-17 18:32:41
3745,PROD-3745,Monitor Odyssey G9,Monitor curvo ultrawide diseñado para gaming profesional,21307.84,19,1,2026-09-20 09:24:54,2026-09-20 11:03:54
3746,PROD-3746,Refrigeradora InstaView,Refrigerador inteligente con panel de cristal panorámico,5611.24,40,1,2026-09-21 03:42:50,2026-09-21 05:36:50
3747,PROD-3747,MacBook Air 15 M2 1TB,Laptop ultra delgada y liviana con gran autonomía - Color Verde,11284.48,34,1,2026-09-17 18:05:19,2026-09-17 18:36:19
3748,PROD-3748,Freidora XXL Airfryer,Freidora de aire de gran capacidad con tecnología de extracción de grasa,3597.50,28,1,2026-09-20 06:23:06,2026-09-20 07:28:06
3749,PROD-3749,Freidora XXL Airfryer,Freidora de aire de gran capacidad con tecnología de extracción de grasa,7973.73,20,1,2026-09-19 12:37:43,2026-09-19 13:22:43
3750,PROD-3750,Freidora XXL Airfryer,Freidora de aire de gran capacidad con tecnología de extracción de grasa,6482.78,36,1,2026-09-18 21:44:44,2026-09-18 23:18:44
3751,PROD-3751,MacBook Pro 16 M3 128GB,Computadora portátil profesional para edición de video y desarrollo - Color Gris,12189.07,45,1,2026-09-17 17:34:38,2026-09-17 19:01:38
3752,PROD-3752,Zapatillas Air Force 1 '07,"Tenis clásicos de cuero blanco para uso urbano y casual (Talla L, Color Blanco)",1733.97,77,1,2026-09-20 09:02:07,2026-09-20 10:21:07
3753,PROD-3753,Cafetera Programable 12 Tazas,Cafetera de goteo con temporizador programable y jarra de vidrio,2481.25,60,1,2026-09-19 04:09:29,2026-09-19 04:42:29
3754,PROD-3754,Cámara Alpha 7 IV,Cámara mirrorless profesional de fotograma completo para foto y video,35355.87,39,1,2026-09-18 17:49:47,2026-09-18 18:02:47
3755,PROD-3755,Consola PlayStation 5 Slim,Consola de videojuegos de última generación con almacenamiento SSD ultra rápido,11454.19,35,1,2026-09-17 18:50:38,2026-09-17 20:13:38
3756,PROD-3756,Licuadora Reversible 2 Velocidades,Licuadora con motor reversible y vaso de vidrio resistente a choques térmicos,7515.19,49,1,2026-09-22 06:53:13,2026-09-22 07:34:13
3757,PROD-3757,Apple Watch Series 10,Reloj inteligente con sensores avanzados de salud y actividad física,19519.27,33,1,2026-09-18 03:56:07,2026-09-18 04:37:07
3758,PROD-3758,Freidora XXL Airfryer,Freidora de aire de gran capacidad con tecnología de extracción de grasa,6051.77,45,1,2026-09-21 08:23:58,2026-09-21 09:19:58
3759,PROD-3759,Zapatillas Samba OG,"Tenis de estilo retro icónicos en cuero de primera calidad (Talla S, Color Blanco)",849.06,48,1,2026-09-22 08:29:30,2026-09-22 10:08:30
3760,PROD-3760,Aspiradora Inalámbrica SpeedPro,Aspiradora escoba sin cable con cabezal de succión de 180 grados,3640.27,26,1,2026-09-19 01:43:06,2026-09-19 02:35:06
3761,PROD-3761,Zapatillas Samba OG,"Tenis de estilo retro icónicos en cuero de primera calidad (Talla S, Color Blanco)",2111.72,64,1,2026-09-21 21:02:05,2026-09-21 22:51:05
3762,PROD-3762,Zapatillas Air Force 1 '07,"Tenis clásicos de cuero blanco para uso urbano y casual (Talla S, Color Azul)",818.55,27,1,2026-09-21 04:39:17,2026-09-21 05:19:17
3763,PROD-3763,Camiseta Graphic Setin Neck,"Playera casual de algodón con estampado frontal (Talla M, Color Negro)",1113.39,73,1,2026-09-19 16:40:03,2026-09-19 17:37:03
3764,PROD-3764,Cafetera Programable 12 Tazas,Cafetera de goteo con temporizador programable y jarra de vidrio,7316.09,50,1,2026-09-18 08:48:35,2026-09-18 10:12:35
3765,PROD-3765,Jeans 501 Original Fit,"Pantalón de mezclilla clásico de corte recto y ajuste cómodo (Talla XL, Color Rojo)",2014.15,36,1,2026-09-21 18:51:22,2026-09-21 18:55:22
3766,PROD-3766,Smart TV OLED C3 65,Televisor inteligente ideal para videojuegos y películas con pánel OLED,12265.65,28,1,2026-09-21 18:03:45,2026-09-21 19:27:45
3767,PROD-3767,Zapatillas Ultraboost Light,"Tenis de running con retorno de energía superior y ligereza (Talla M, Color Blanco)",726.36,21,1,2026-09-19 18:06:14,2026-09-19 19:55:14
3768,PROD-3768,Freidora XXL Airfryer,Freidora de aire de gran capacidad con tecnología de extracción de grasa,4579.93,48,1,2026-09-21 22:57:45,2026-09-21 23:29:45
3769,PROD-3769,Cafetera Programable 12 Tazas,Cafetera de goteo con temporizador programable y jarra de vidrio,3689.74,32,1,2026-09-17 14:50:52,2026-09-17 15:49:52
3770,PROD-3770,Cámara Alpha 7 IV,Cámara mirrorless profesional de fotograma completo para foto y video,28712.18,35,1,2026-09-21 18:36:57,2026-09-21 19:08:57
3771,PROD-3771,Jeans 501 Original Fit,"Pantalón de mezclilla clásico de corte recto y ajuste cómodo (Talla L, Color Verde)",1709.21,55,1,2026-09-20 18:41:43,2026-09-20 19:17:43
3772,PROD-3772,Cafetera Programable 12 Tazas,Cafetera de goteo con temporizador programable y jarra de vidrio,4101.63,55,1,2026-09-21 04:09:36,2026-09-21 04:23:36
3773,PROD-3773,Camiseta Graphic Setin Neck,"Playera casual de algodón con estampado frontal (Talla S, Color Gris)",378.23,30,1,2026-09-18 11:28:21,2026-09-18 11:37:21
3774,PROD-3774,Freidora de Aire 4L,Freidora sin aceite para cocinar de manera saludable y rápida,4690.53,12,1,2026-09-21 09:22:10,2026-09-21 11:08:10
3775,PROD-3775,Jeans 511 Slim Fit,"Pantalón de mezclilla ajustado de estilo moderno (Talla L, Color Gris)",1785.44,59,1,2026-09-21 17:09:50,2026-09-21 19:02:50
3776,PROD-3776,Monitor UltraGear 27,Monitor de alta frecuencia de actualización para juegos competitivos,29514.09,18,1,2026-09-21 16:25:40,2026-09-21 17:27:40
3777,PROD-3777,Zapatillas Air Force 1 '07,"Tenis clásicos de cuero blanco para uso urbano y casual (Talla M, Color Rojo)",2092.28,26,1,2026-09-20 17:25:12,2026-09-20 18:16:12
3778,PROD-3778,Polerón Adicolor Classics,"Sudadera clásica con el logotipo de las tres tiras (Talla M, Color Blanco)",2006.90,13,1,2026-09-22 09:36:00,2026-09-22 09:55:00
3779,PROD-3779,Zapatillas Samba OG,"Tenis de estilo retro icónicos en cuero de primera calidad (Talla S, Color Rojo)",1910.92,84,1,2026-09-19 19:21:00,2026-09-19 20:51:00
3780,PROD-3780,Audífonos Galaxy Buds3 Pro,Audífonos inalámbricos con cancelación activa de ruido inteligente,32119.56,31,1,2026-09-19 18:16:42,2026-09-19 19:13:42
3781,PROD-3781,Camiseta Graphic Setin Neck,"Playera casual de algodón con estampado frontal (Talla XL, Color Azul)",1286.34,19,1,2026-09-17 11:34:31,2026-09-17 11:51:31
3782,PROD-3782,Zapatillas Samba OG,"Tenis de estilo retro icónicos en cuero de primera calidad (Talla M, Color Gris)",723.88,14,1,2026-09-18 06:56:05,2026-09-18 08:37:05
3783,PROD-3783,MacBook Pro 16 M3 512GB,Computadora portátil profesional para edición de video y desarrollo - Color Rojo,21387.60,7,1,2026-09-17 21:53:49,2026-09-17 23:48:49
3784,PROD-3784,Smart Band 8,Pulsera de actividad física con seguimiento del sueño y deporte,20157.30,31,1,2026-09-20 10:27:36,2026-09-20 11:12:36
3785,PROD-3785,Licuadora Reversible 2 Velocidades,Licuadora con motor reversible y vaso de vidrio resistente a choques térmicos,4005.08,36,1,2026-09-21 04:49:00,2026-09-21 04:58:00
3786,PROD-3786,Chaqueta Camionera de Mezclilla,"Chaqueta clásica de mezclilla resistente para uso diario (Talla L, Color Azul)",608.64,47,1,2026-09-17 15:16:31,2026-09-17 16:34:31
3787,PROD-3787,MacBook Pro 16 M3 512GB,Computadora portátil profesional para edición de video y desarrollo - Color Negro,16756.20,30,1,2026-09-19 15:51:30,2026-09-19 16:46:30
3788,PROD-3788,Camiseta Graphic Setin Neck,"Playera casual de algodón con estampado frontal (Talla S, Color Negro)",1531.61,41,1,2026-09-20 10:39:46,2026-09-20 12:15:46
3789,PROD-3789,Smartphone Xiaomi 14 Ultra 128GB,Smartphone de gama alta enfocado en fotografía profesional Leica - Color Rojo,21251.76,27,1,2026-09-21 22:24:32,2026-09-22 00:19:32
3790,PROD-3790,Aspiradora Inalámbrica SpeedPro,Aspiradora escoba sin cable con cabezal de succión de 180 grados,3105.71,56,1,2026-09-18 10:21:38,2026-09-18 11:42:38
3791,PROD-3791,Smart Band 8,Pulsera de actividad física con seguimiento del sueño y deporte,13834.83,21,1,2026-09-22 09:35:52,2026-09-22 09:46:52
3792,PROD-3792,Zapatillas Ultraboost Light,"Tenis de running con retorno de energía superior y ligereza (Talla S, Color Blanco)",2343.68,80,1,2026-09-19 10:27:09,2026-09-19 10:27:09
3793,PROD-3793,Cámara Alpha 7 IV,Cámara mirrorless profesional de fotograma completo para foto y video,2755.88,18,1,2026-09-22 05:12:52,2026-09-22 05:46:52
3794,PROD-3794,Zapatillas Samba OG,"Tenis de estilo retro icónicos en cuero de primera calidad (Talla XL, Color Azul)",652.47,78,1,2026-09-20 17:24:35,2026-09-20 17:53:35
3795,PROD-3795,Freidora de Aire 4L,Freidora sin aceite para cocinar de manera saludable y rápida,3963.05,23,1,2026-09-18 21:21:09,2026-09-18 21:29:09
3796,PROD-3796,Polera Sportswear Club Fleece,"Sudadera de felpa con capucha y ajuste estándar (Talla XL, Color Verde)",1938.71,20,1,2026-09-19 17:47:41,2026-09-19 19:14:41
3797,PROD-3797,Zapatillas Running Pegasus 40,"Calzado de correr con amortiguación reactiva para entrenamiento (Talla M, Color Blanco)",1118.84,24,1,2026-09-19 01:19:36,2026-09-19 02:48:36
3798,PROD-3798,Aspiradora Inalámbrica SpeedPro,Aspiradora escoba sin cable con cabezal de succión de 180 grados,4881.31,28,1,2026-09-18 18:28:24,2026-09-18 18:36:24
3799,PROD-3799,Smartphone Galaxy Z Flip 6 128GB,Teléfono plegable compacto con pantalla exterior funcional - Color Rojo,11939.19,20,1,2026-09-20 03:33:19,2026-09-20 04:36:19
3800,PROD-3800,Aspiradora Inalámbrica SpeedPro,Aspiradora escoba sin cable con cabezal de succión de 180 grados,1120.17,20,1,2026-09-17 18:53:48,2026-09-17 20:22:48
3801,PROD-3801,Freidora XXL Airfryer,Freidora de aire de gran capacidad con tecnología de extracción de grasa,854.29,54,1,2026-09-21 16:49:23,2026-09-21 17:57:23
3802,PROD-3802,Jeans 501 Original Fit,"Pantalón de mezclilla clásico de corte recto y ajuste cómodo (Talla L, Color Blanco)",1601.94,51,1,2026-09-18 00:46:13,2026-09-18 02:46:13
3803,PROD-3803,Audífonos Bluetooth WH-1000XM5,Audífonos inalámbricos con la mejor cancelación de ruido del mercado,15876.26,39,1,2026-09-19 23:26:23,2026-09-19 23:47:23
3804,PROD-3804,Licuadora Reversible 2 Velocidades,Licuadora con motor reversible y vaso de vidrio resistente a choques térmicos,4092.73,43,1,2026-09-17 22:39:40,2026-09-17 23:49:40
3805,PROD-3805,Jeans 501 Original Fit,"Pantalón de mezclilla clásico de corte recto y ajuste cómodo (Talla XL, Color Verde)",1477.69,64,1,2026-09-19 07:13:18,2026-09-19 07:29:18
3806,PROD-3806,Zapatillas Air Force 1 '07,"Tenis clásicos de cuero blanco para uso urbano y casual (Talla XL, Color Verde)",1528.02,10,1,2026-09-18 08:09:08,2026-09-18 09:59:08
3807,PROD-3807,Polerón Adicolor Classics,"Sudadera clásica con el logotipo de las tres tiras (Talla M, Color Blanco)",2337.67,19,1,2026-09-19 17:34:32,2026-09-19 19:34:32
3808,PROD-3808,Jeans 511 Slim Fit,"Pantalón de mezclilla ajustado de estilo moderno (Talla S, Color Azul)",421.47,33,1,2026-09-18 15:47:27,2026-09-18 15:53:27
3809,PROD-3809,Monitor UltraGear 27,Monitor de alta frecuencia de actualización para juegos competitivos,31536.89,46,1,2026-09-21 16:02:50,2026-09-21 18:02:50
3810,PROD-3810,Zapatillas Ultraboost Light,"Tenis de running con retorno de energía superior y ligereza (Talla L, Color Blanco)",711.63,22,1,2026-09-18 01:18:53,2026-09-18 01:55:53
3811,PROD-3811,Smart TV 65 Neo QLED,Televisor inteligente 4K con tecnología de puntos cuánticos y alto contraste,15014.45,7,1,2026-09-18 02:22:19,2026-09-18 03:02:19
3812,PROD-3812,Cámara Alpha 7 IV,Cámara mirrorless profesional de fotograma completo para foto y video,26718.00,41,1,2026-09-18 07:59:21,2026-09-18 08:01:21
3813,PROD-3813,Smart Band 8,Pulsera de actividad física con seguimiento del sueño y deporte,32195.69,18,1,2026-09-21 23:09:18,2026-09-22 00:15:18
3814,PROD-3814,iPhone 16 256GB,Smartphone con pantalla Super Retina XDR y excelente duración de batería - Color Gris,1826.22,25,1,2026-09-18 21:09:38,2026-09-18 23:00:38
3815,PROD-3815,Licuadora Reversible 2 Velocidades,Licuadora con motor reversible y vaso de vidrio resistente a choques térmicos,5452.78,11,1,2026-09-19 17:35:51,2026-09-19 18:23:51
3816,PROD-3816,Smartphone Galaxy S26+ 128GB,Teléfono inteligente con procesador de última generación y batería de larga duración - Color Negro,4542.45,18,1,2026-09-19 00:38:38,2026-09-19 01:46:38
3817,PROD-3817,Jeans 511 Slim Fit,"Pantalón de mezclilla ajustado de estilo moderno (Talla S, Color Blanco)",839.82,32,1,2026-09-19 16:18:47,2026-09-19 16:41:47
3818,PROD-3818,Freidora XXL Airfryer,Freidora de aire de gran capacidad con tecnología de extracción de grasa,6454.21,18,1,2026-09-18 22:47:03,2026-09-19 00:20:03
3819,PROD-3819,Aspiradora Inalámbrica SpeedPro,Aspiradora escoba sin cable con cabezal de succión de 180 grados,6726.27,34,1,2026-09-21 14:17:02,2026-09-21 14:53:02
3820,PROD-3820,Jeans 511 Slim Fit,"Pantalón de mezclilla ajustado de estilo moderno (Talla L, Color Blanco)",1426.28,48,1,2026-09-22 03:51:47,2026-09-22 05:33:47
3821,PROD-3821,Zapatillas Samba OG,"Tenis de estilo retro icónicos en cuero de primera calidad (Talla XL, Color Negro)",722.51,84,1,2026-09-20 13:55:21,2026-09-20 14:50:21
3822,PROD-3822,Chaqueta Camionera de Mezclilla,"Chaqueta clásica de mezclilla resistente para uso diario (Talla M, Color Verde)",467.19,84,1,2026-09-19 15:17:32,2026-09-19 15:48:32
3823,PROD-3823,Pantalón de Buzo Tech Fleece,"Pantalón deportivo térmico con diseño estilizado (Talla M, Color Gris)",1773.02,80,1,2026-09-21 08:07:25,2026-09-21 09:27:25
3824,PROD-3824,Camiseta Graphic Setin Neck,"Playera casual de algodón con estampado frontal (Talla M, Color Gris)",1220.25,21,1,2026-09-19 12:05:18,2026-09-19 13:33:18
3825,PROD-3825,Smart Band 8,Pulsera de actividad física con seguimiento del sueño y deporte,13667.88,26,1,2026-09-20 21:18:34,2026-09-20 23:06:34
3826,PROD-3826,Smart TV Bravia XR OLED 55,Televisor OLED con negros absolutos y procesador de imagen cognitivo,27623.09,29,1,2026-09-18 10:19:30,2026-09-18 11:06:30
3827,PROD-3827,Smart TV OLED C3 65,Televisor inteligente ideal para videojuegos y películas con pánel OLED,22495.39,31,1,2026-09-20 00:00:47,2026-09-20 00:38:47
3828,PROD-3828,Smart TV Bravia XR OLED 55,Televisor OLED con negros absolutos y procesador de imagen cognitivo,28287.85,28,1,2026-09-18 19:16:38,2026-09-18 19:47:38
3829,PROD-3829,Polerón Adicolor Classics,"Sudadera clásica con el logotipo de las tres tiras (Talla L, Color Blanco)",970.37,66,1,2026-09-22 04:34:57,2026-09-22 05:08:57
3830,PROD-3830,Polera Sportswear Club Fleece,"Sudadera de felpa con capucha y ajuste estándar (Talla M, Color Gris)",798.01,84,1,2026-09-21 17:07:09,2026-09-21 18:35:09
3831,PROD-3831,Freidora XXL Airfryer,Freidora de aire de gran capacidad con tecnología de extracción de grasa,6190.36,57,1,2026-09-20 23:19:44,2026-09-21 00:29:44
3832,PROD-3832,Zapatillas Ultraboost Light,"Tenis de running con retorno de energía superior y ligereza (Talla M, Color Gris)",785.48,100,1,2026-09-22 01:18:33,2026-09-22 02:07:33
3833,PROD-3833,Zapatillas Ultraboost Light,"Tenis de running con retorno de energía superior y ligereza (Talla L, Color Negro)",1078.32,20,1,2026-09-18 10:10:18,2026-09-18 11:32:18
3834,PROD-3834,Polerón Adicolor Classics,"Sudadera clásica con el logotipo de las tres tiras (Talla XL, Color Blanco)",1951.64,80,1,2026-09-18 20:04:04,2026-09-18 20:45:04
3835,PROD-3835,Chaqueta Camionera de Mezclilla,"Chaqueta clásica de mezclilla resistente para uso diario (Talla XL, Color Rojo)",1056.33,64,1,2026-09-18 23:14:05,2026-09-19 00:39:05
3836,PROD-3836,Freidora de Aire 4L,Freidora sin aceite para cocinar de manera saludable y rápida,6364.42,33,1,2026-09-21 21:46:39,2026-09-21 22:54:39
3837,PROD-3837,Parlante Portátil SRS-XG300,Bocina inalámbrica portátil resistente al agua con graves potentes,17198.81,45,1,2026-09-18 21:46:49,2026-09-18 23:04:49
3838,PROD-3838,Freidora de Aire 4L,Freidora sin aceite para cocinar de manera saludable y rápida,1130.98,22,1,2026-09-21 13:29:17,2026-09-21 14:33:17
3839,PROD-3839,Smart TV 65 Neo QLED,Televisor inteligente 4K con tecnología de puntos cuánticos y alto contraste,32341.27,37,1,2026-09-21 10:51:43,2026-09-21 11:16:43
3840,PROD-3840,Freidora XXL Airfryer,Freidora de aire de gran capacidad con tecnología de extracción de grasa,622.12,9,1,2026-09-20 11:45:12,2026-09-20 13:28:12
3841,PROD-3841,Smartphone Xiaomi 14 Ultra 1TB,Smartphone de gama alta enfocado en fotografía profesional Leica - Color Negro,17239.33,15,1,2026-09-22 04:13:38,2026-09-22 05:59:38
3842,PROD-3842,Smartphone Galaxy Z Flip 6 1TB,Teléfono plegable compacto con pantalla exterior funcional - Color Azul,34541.87,50,1,2026-09-17 14:08:20,2026-09-17 15:19:20
3843,PROD-3843,Patinete Eléctrico Pro 4,Scooter eléctrico con gran autonomía para movilidad urbana,20871.35,12,1,2026-09-18 06:33:15,2026-09-18 06:48:15
3844,PROD-3844,Zapatillas Air Max 270,"Calzado deportivo con cápsula de aire visible para máxima comodidad (Talla L, Color Azul)",1203.25,51,1,2026-09-21 08:55:12,2026-09-21 09:30:12
3845,PROD-3845,Refrigeradora InstaView,Refrigerador inteligente con panel de cristal panorámico,6337.90,49,1,2026-09-19 06:32:38,2026-09-19 07:16:38
3846,PROD-3846,Jeans 511 Slim Fit,"Pantalón de mezclilla ajustado de estilo moderno (Talla S, Color Azul)",648.19,84,1,2026-09-22 08:48:58,2026-09-22 10:03:58
3847,PROD-3847,Freidora XXL Airfryer,Freidora de aire de gran capacidad con tecnología de extracción de grasa,2035.76,60,1,2026-09-20 22:45:24,2026-09-20 23:18:24
3848,PROD-3848,Cafetera Programable 12 Tazas,Cafetera de goteo con temporizador programable y jarra de vidrio,1234.76,49,1,2026-09-19 23:35:38,2026-09-20 01:04:38
3849,PROD-3849,Zapatillas Samba OG,"Tenis de estilo retro icónicos en cuero de primera calidad (Talla XL, Color Negro)",1683.91,67,1,2026-09-21 13:15:31,2026-09-21 13:18:31
3850,PROD-3850,Polerón Adicolor Classics,"Sudadera clásica con el logotipo de las tres tiras (Talla M, Color Blanco)",1056.57,86,1,2026-09-18 03:30:50,2026-09-18 03:34:50
3851,PROD-3851,Smartphone Redmi Note 13 Pro 256GB,Teléfono inteligente con excelente relación calidad-precio y gran cámara - Color Gris,28376.99,41,1,2026-09-17 15:22:05,2026-09-17 15:36:05
3852,PROD-3852,Zapatillas Ultraboost Light,"Tenis de running con retorno de energía superior y ligereza (Talla L, Color Verde)",1607.97,20,1,2026-09-18 15:42:39,2026-09-18 16:10:39
3853,PROD-3853,Cámara Alpha 7 IV,Cámara mirrorless profesional de fotograma completo para foto y video,8148.27,47,1,2026-09-20 00:25:01,2026-09-20 02:11:01
3854,PROD-3854,Zapatillas Ultraboost Light,"Tenis de running con retorno de energía superior y ligereza (Talla L, Color Rojo)",2058.32,46,1,2026-09-17 17:59:49,2026-09-17 19:44:49
3855,PROD-3855,Freidora XXL Airfryer,Freidora de aire de gran capacidad con tecnología de extracción de grasa,5935.62,12,1,2026-09-20 02:35:12,2026-09-20 03:38:12
3856,PROD-3856,Licuadora Reversible 2 Velocidades,Licuadora con motor reversible y vaso de vidrio resistente a choques térmicos,961.74,24,1,2026-09-20 18:38:31,2026-09-20 18:49:31
3857,PROD-3857,Smartphone Redmi Note 13 Pro 512GB,Teléfono inteligente con excelente relación calidad-precio y gran cámara - Color Rojo,23733.07,42,1,2026-09-21 11:54:06,2026-09-21 13:18:06
3858,PROD-3858,Smartphone Galaxy S26 Ultra 512GB,Smartphone de alta gama con cámara de 200MP y pantalla Dynamic AMOLED - Color Verde,32413.03,15,1,2026-09-17 16:59:12,2026-09-17 17:18:12
3859,PROD-3859,Aspiradora Inalámbrica SpeedPro,Aspiradora escoba sin cable con cabezal de succión de 180 grados,7436.31,33,1,2026-09-20 18:37:32,2026-09-20 18:41:32
3860,PROD-3860,Cafetera Programable 12 Tazas,Cafetera de goteo con temporizador programable y jarra de vidrio,4976.89,23,1,2026-09-19 05:52:47,2026-09-19 06:10:47
3861,PROD-3861,MacBook Air 15 M2 512GB,Laptop ultra delgada y liviana con gran autonomía - Color Gris,20149.86,14,1,2026-09-17 20:04:59,2026-09-17 20:30:59
3862,PROD-3862,Jeans 501 Original Fit,"Pantalón de mezclilla clásico de corte recto y ajuste cómodo (Talla XL, Color Negro)",1845.02,82,1,2026-09-21 13:07:21,2026-09-21 13:19:21
3863,PROD-3863,Zapatillas Ultraboost Light,"Tenis de running con retorno de energía superior y ligereza (Talla M, Color Rojo)",1171.64,20,1,2026-09-19 10:31:57,2026-09-19 12:11:57
3864,PROD-3864,Jeans 501 Original Fit,"Pantalón de mezclilla clásico de corte recto y ajuste cómodo (Talla XL, Color Negro)",787.05,27,1,2026-09-22 05:20:42,2026-09-22 06:50:42
3865,PROD-3865,Refrigeradora InstaView,Refrigerador inteligente con panel de cristal panorámico,11485.02,6,1,2026-09-18 07:04:13,2026-09-18 07:42:13
3866,PROD-3866,Zapatillas Ultraboost Light,"Tenis de running con retorno de energía superior y ligereza (Talla M, Color Rojo)",1544.64,93,1,2026-09-18 00:12:43,2026-09-18 00:49:43
3867,PROD-3867,Smartphone Galaxy S26 1TB,Smartphone compacto con pantalla fluida y excelente rendimiento - Color Verde,11117.13,13,1,2026-09-20 09:55:45,2026-09-20 11:54:45
3868,PROD-3868,Cafetera Programable 12 Tazas,Cafetera de goteo con temporizador programable y jarra de vidrio,2019.76,35,1,2026-09-20 08:44:37,2026-09-20 10:32:37
3869,PROD-3869,Aspiradora Inalámbrica SpeedPro,Aspiradora escoba sin cable con cabezal de succión de 180 grados,3292.29,35,1,2026-09-18 14:40:02,2026-09-18 15:57:02
3870,PROD-3870,Audífonos AirPods Pro 2,Audífonos intrauditivos con cancelación de ruido de nivel superior,28495.94,10,1,2026-09-17 16:49:12,2026-09-17 18:46:12
3871,PROD-3871,Aspiradora Inalámbrica SpeedPro,Aspiradora escoba sin cable con cabezal de succión de 180 grados,5071.46,15,1,2026-09-21 11:07:49,2026-09-21 11:55:49
3872,PROD-3872,Monitor UltraGear 27,Monitor de alta frecuencia de actualización para juegos competitivos,6510.83,46,1,2026-09-18 09:27:28,2026-09-18 09:42:28
3873,PROD-3873,Zapatillas Air Force 1 '07,"Tenis clásicos de cuero blanco para uso urbano y casual (Talla S, Color Verde)",860.56,52,1,2026-09-18 19:04:34,2026-09-18 19:46:34
3874,PROD-3874,Robot Aspiradora X10+,Aspiradora robótica con estación de vaciado automático y mapeo láser,24052.81,47,1,2026-09-18 14:22:46,2026-09-18 15:11:46
3875,PROD-3875,Robot Aspiradora X10+,Aspiradora robótica con estación de vaciado automático y mapeo láser,9491.12,27,1,2026-09-19 12:27:22,2026-09-19 12:48:22
3876,PROD-3876,Camiseta Graphic Setin Neck,"Playera casual de algodón con estampado frontal (Talla L, Color Negro)",354.34,91,1,2026-09-19 16:15:52,2026-09-19 16:51:52
3877,PROD-3877,Zapatillas Ultraboost Light,"Tenis de running con retorno de energía superior y ligereza (Talla XL, Color Rojo)",1517.03,100,1,2026-09-21 04:43:00,2026-09-21 05:18:00
3878,PROD-3878,Aspiradora Inalámbrica SpeedPro,Aspiradora escoba sin cable con cabezal de succión de 180 grados,3367.24,26,1,2026-09-20 13:08:55,2026-09-20 14:20:55
3879,PROD-3879,Licuadora Reversible 2 Velocidades,Licuadora con motor reversible y vaso de vidrio resistente a choques térmicos,632.75,14,1,2026-09-21 01:24:21,2026-09-21 02:44:21
3880,PROD-3880,Aspiradora Inalámbrica SpeedPro,Aspiradora escoba sin cable con cabezal de succión de 180 grados,3830.77,50,1,2026-09-19 21:53:13,2026-09-19 22:19:13
3881,PROD-3881,Zapatillas Running Pegasus 40,"Calzado de correr con amortiguación reactiva para entrenamiento (Talla L, Color Blanco)",2181.24,33,1,2026-09-20 04:38:21,2026-09-20 05:59:21
3882,PROD-3882,Freidora de Aire 4L,Freidora sin aceite para cocinar de manera saludable y rápida,1586.07,33,1,2026-09-18 06:45:58,2026-09-18 08:22:58
3883,PROD-3883,Aspiradora Inalámbrica SpeedPro,Aspiradora escoba sin cable con cabezal de succión de 180 grados,3188.88,24,1,2026-09-19 19:06:14,2026-09-19 20:57:14
3884,PROD-3884,Smartphone Redmi Note 13 Pro 128GB,Teléfono inteligente con excelente relación calidad-precio y gran cámara - Color Negro,10939.14,46,1,2026-09-19 03:19:40,2026-09-19 03:33:40
3885,PROD-3885,Smart TV 65 Neo QLED,Televisor inteligente 4K con tecnología de puntos cuánticos y alto contraste,18578.16,31,1,2026-09-18 13:34:35,2026-09-18 14:07:35
3886,PROD-3886,Monitor UltraGear 27,Monitor de alta frecuencia de actualización para juegos competitivos,28120.04,11,1,2026-09-17 12:06:26,2026-09-17 12:06:26
3887,PROD-3887,Aspiradora Inalámbrica SpeedPro,Aspiradora escoba sin cable con cabezal de succión de 180 grados,4515.36,11,1,2026-09-21 13:16:14,2026-09-21 13:50:14
3888,PROD-3888,Smartphone Xiaomi 14 Ultra 256GB,Smartphone de gama alta enfocado en fotografía profesional Leica - Color Negro,17245.79,15,1,2026-09-18 15:20:41,2026-09-18 16:24:41
3889,PROD-3889,Licuadora Reversible 2 Velocidades,Licuadora con motor reversible y vaso de vidrio resistente a choques térmicos,3068.93,58,1,2026-09-21 11:25:07,2026-09-21 11:45:07
3890,PROD-3890,iPhone 16 256GB,Smartphone con pantalla Super Retina XDR y excelente duración de batería - Color Blanco,6712.12,14,1,2026-09-19 04:42:16,2026-09-19 04:43:16
3891,PROD-3891,Aspiradora Inalámbrica SpeedPro,Aspiradora escoba sin cable con cabezal de succión de 180 grados,2883.24,17,1,2026-09-20 15:57:47,2026-09-20 16:21:47
3892,PROD-3892,Polerón Adicolor Classics,"Sudadera clásica con el logotipo de las tres tiras (Talla L, Color Negro)",352.77,21,1,2026-09-17 17:02:21,2026-09-17 18:34:21
3893,PROD-3893,Aspiradora Inalámbrica SpeedPro,Aspiradora escoba sin cable con cabezal de succión de 180 grados,5000.58,15,1,2026-09-18 20:35:15,2026-09-18 21:22:15
3894,PROD-3894,Smartphone Galaxy Z Fold 6 512GB,Teléfono plegable con pantalla gigante para productividad y multitarea - Color Verde,1554.39,25,1,2026-09-18 15:38:44,2026-09-18 16:18:44
3895,PROD-3895,Jeans 511 Slim Fit,"Pantalón de mezclilla ajustado de estilo moderno (Talla M, Color Negro)",2051.82,65,1,2026-09-19 05:29:06,2026-09-19 05:44:06
3896,PROD-3896,Aspiradora Inalámbrica SpeedPro,Aspiradora escoba sin cable con cabezal de succión de 180 grados,4629.59,10,1,2026-09-21 02:33:48,2026-09-21 04:10:48
3897,PROD-3897,Zapatillas Ultraboost Light,"Tenis de running con retorno de energía superior y ligereza (Talla S, Color Blanco)",2342.26,12,1,2026-09-17 21:57:28,2026-09-17 22:00:28
3898,PROD-3898,Chaqueta Camionera de Mezclilla,"Chaqueta clásica de mezclilla resistente para uso diario (Talla L, Color Blanco)",997.76,88,1,2026-09-19 11:50:31,2026-09-19 13:41:31
3899,PROD-3899,Smart TV OLED C3 65,Televisor inteligente ideal para videojuegos y películas con pánel OLED,33509.14,21,1,2026-09-19 05:17:15,2026-09-19 06:17:15
3900,PROD-3900,Aspiradora Inalámbrica SpeedPro,Aspiradora escoba sin cable con cabezal de succión de 180 grados,2587.56,48,1,2026-09-18 06:07:43,2026-09-18 07:17:43
3901,PROD-3901,iPhone 16 Pro 256GB,Teléfono inteligente premium con chip de alto rendimiento y triple cámara - Color Negro,14186.17,27,1,2026-09-20 11:50:36,2026-09-20 13:46:36
3902,PROD-3902,Cafetera Programable 12 Tazas,Cafetera de goteo con temporizador programable y jarra de vidrio,7964.94,37,1,2026-09-20 20:40:02,2026-09-20 21:54:02
3903,PROD-3903,iPhone 16 Pro 256GB,Teléfono inteligente premium con chip de alto rendimiento y triple cámara - Color Verde,22530.06,50,1,2026-09-20 04:06:42,2026-09-20 04:38:42
3904,PROD-3904,Robot Aspiradora X10+,Aspiradora robótica con estación de vaciado automático y mapeo láser,20937.67,25,1,2026-09-22 09:57:05,2026-09-22 10:39:05
3905,PROD-3905,Aspiradora Inalámbrica SpeedPro,Aspiradora escoba sin cable con cabezal de succión de 180 grados,7353.75,58,1,2026-09-19 17:32:44,2026-09-19 18:47:44
3906,PROD-3906,Freidora XXL Airfryer,Freidora de aire de gran capacidad con tecnología de extracción de grasa,4539.96,25,1,2026-09-18 14:31:44,2026-09-18 15:44:44
3907,PROD-3907,Freidora de Aire 4L,Freidora sin aceite para cocinar de manera saludable y rápida,4980.85,35,1,2026-09-20 21:51:04,2026-09-20 23:12:04
3908,PROD-3908,Cámara Alpha 7 IV,Cámara mirrorless profesional de fotograma completo para foto y video,32232.14,38,1,2026-09-21 03:51:56,2026-09-21 05:33:56
3909,PROD-3909,Freidora XXL Airfryer,Freidora de aire de gran capacidad con tecnología de extracción de grasa,3267.19,54,1,2026-09-17 18:24:59,2026-09-17 19:13:59
3910,PROD-3910,Pantalón de Buzo Tech Fleece,"Pantalón deportivo térmico con diseño estilizado (Talla M, Color Blanco)",1322.55,44,1,2026-09-19 17:25:31,2026-09-19 18:21:31
3911,PROD-3911,Smart TV 65 Neo QLED,Televisor inteligente 4K con tecnología de puntos cuánticos y alto contraste,11801.33,33,1,2026-09-19 23:42:18,2026-09-19 23:53:18
3912,PROD-3912,Robot Aspiradora X10+,Aspiradora robótica con estación de vaciado automático y mapeo láser,2953.48,42,1,2026-09-20 19:43:28,2026-09-20 19:50:28
3913,PROD-3913,Audífonos Bluetooth WH-1000XM5,Audífonos inalámbricos con la mejor cancelación de ruido del mercado,23043.15,37,1,2026-09-19 04:11:12,2026-09-19 04:35:12
3914,PROD-3914,Zapatillas Samba OG,"Tenis de estilo retro icónicos en cuero de primera calidad (Talla M, Color Verde)",1667.67,60,1,2026-09-19 06:25:50,2026-09-19 06:59:50
3915,PROD-3915,Pantalón de Buzo Tech Fleece,"Pantalón deportivo térmico con diseño estilizado (Talla M, Color Gris)",2075.82,11,1,2026-09-20 16:45:48,2026-09-20 17:21:48
3916,PROD-3916,Licuadora Reversible 2 Velocidades,Licuadora con motor reversible y vaso de vidrio resistente a choques térmicos,6053.99,24,1,2026-09-18 12:42:50,2026-09-18 13:09:50
3917,PROD-3917,Zapatillas Ultraboost Light,"Tenis de running con retorno de energía superior y ligereza (Talla S, Color Gris)",522.04,100,1,2026-09-18 05:42:37,2026-09-18 06:21:37
3918,PROD-3918,Cámara Alpha 7 IV,Cámara mirrorless profesional de fotograma completo para foto y video,9254.32,30,1,2026-09-21 02:47:24,2026-09-21 03:00:24
3919,PROD-3919,Zapatillas Samba OG,"Tenis de estilo retro icónicos en cuero de primera calidad (Talla L, Color Azul)",955.85,84,1,2026-09-17 15:33:03,2026-09-17 16:22:03
3920,PROD-3920,Robot Aspiradora X10+,Aspiradora robótica con estación de vaciado automático y mapeo láser,29219.24,5,1,2026-09-18 10:58:21,2026-09-18 11:33:21
3921,PROD-3921,Smart TV Bravia XR OLED 55,Televisor OLED con negros absolutos y procesador de imagen cognitivo,2680.91,18,1,2026-09-18 19:38:01,2026-09-18 21:02:01
3922,PROD-3922,Monitor UltraGear 27,Monitor de alta frecuencia de actualización para juegos competitivos,24485.81,23,1,2026-09-19 15:37:00,2026-09-19 16:00:00
3923,PROD-3923,Tablet Galaxy Tab S9 256GB,"Tableta de alto rendimiento para diseño, trabajo y entretenimiento - Color Rojo",14234.06,7,1,2026-09-19 04:04:03,2026-09-19 04:06:03
3924,PROD-3924,Monitor UltraGear 27,Monitor de alta frecuencia de actualización para juegos competitivos,14427.00,49,1,2026-09-21 05:14:56,2026-09-21 06:30:56
3925,PROD-3925,Smartphone Xiaomi 14 Ultra 128GB,Smartphone de gama alta enfocado en fotografía profesional Leica - Color Azul,10989.92,15,1,2026-09-21 02:46:24,2026-09-21 03:03:24
3926,PROD-3926,Smartphone Galaxy Z Flip 6 128GB,Teléfono plegable compacto con pantalla exterior funcional - Color Azul,16972.38,16,1,2026-09-18 04:43:14,2026-09-18 05:28:14
3927,PROD-3927,Cafetera Programable 12 Tazas,Cafetera de goteo con temporizador programable y jarra de vidrio,1738.31,33,1,2026-09-19 19:03:20,2026-09-19 20:20:20
3928,PROD-3928,Smartphone Redmi Note 13 Pro 1TB,Teléfono inteligente con excelente relación calidad-precio y gran cámara - Color Blanco,35510.19,27,1,2026-09-22 00:48:22,2026-09-22 00:52:22
3929,PROD-3929,Smartphone Galaxy Z Fold 6 256GB,Teléfono plegable con pantalla gigante para productividad y multitarea - Color Rojo,2103.10,39,1,2026-09-22 04:59:14,2026-09-22 06:59:14
3930,PROD-3930,Jeans 511 Slim Fit,"Pantalón de mezclilla ajustado de estilo moderno (Talla M, Color Negro)",1248.67,95,1,2026-09-21 00:33:35,2026-09-21 00:39:35
3931,PROD-3931,Smart TV OLED C3 65,Televisor inteligente ideal para videojuegos y películas con pánel OLED,23326.04,18,1,2026-09-19 17:46:38,2026-09-19 19:05:38
3932,PROD-3932,Robot Aspiradora X10+,Aspiradora robótica con estación de vaciado automático y mapeo láser,17796.08,43,1,2026-09-17 20:21:24,2026-09-17 20:21:24
3933,PROD-3933,Smartphone Galaxy S26 512GB,Smartphone compacto con pantalla fluida y excelente rendimiento - Color Azul,4030.48,14,1,2026-09-18 14:11:03,2026-09-18 15:58:03
3934,PROD-3934,Polera Sportswear Club Fleece,"Sudadera de felpa con capucha y ajuste estándar (Talla XL, Color Negro)",1455.36,57,1,2026-09-19 14:53:51,2026-09-19 16:09:51
3935,PROD-3935,Camiseta Graphic Setin Neck,"Playera casual de algodón con estampado frontal (Talla M, Color Blanco)",351.01,54,1,2026-09-21 21:13:41,2026-09-21 22:55:41
3936,PROD-3936,MacBook Pro 16 M3 128GB,Computadora portátil profesional para edición de video y desarrollo - Color Azul,23606.58,34,1,2026-09-20 07:08:49,2026-09-20 09:05:49
3937,PROD-3937,Freidora de Aire 4L,Freidora sin aceite para cocinar de manera saludable y rápida,2919.38,26,1,2026-09-20 03:35:46,2026-09-20 05:08:46
3938,PROD-3938,Camiseta Graphic Setin Neck,"Playera casual de algodón con estampado frontal (Talla S, Color Verde)",604.28,47,1,2026-09-22 01:35:39,2026-09-22 02:20:39
3939,PROD-3939,Refrigeradora InstaView,Refrigerador inteligente con panel de cristal panorámico,32891.55,10,1,2026-09-21 12:56:41,2026-09-21 13:53:41
3940,PROD-3940,Pantalón de Buzo Tech Fleece,"Pantalón deportivo térmico con diseño estilizado (Talla XL, Color Gris)",475.59,32,1,2026-09-21 11:18:25,2026-09-21 12:18:25
3941,PROD-3941,Freidora XXL Airfryer,Freidora de aire de gran capacidad con tecnología de extracción de grasa,1350.16,58,1,2026-09-20 23:10:14,2026-09-20 23:30:14
3942,PROD-3942,Cafetera Programable 12 Tazas,Cafetera de goteo con temporizador programable y jarra de vidrio,5324.82,38,1,2026-09-20 19:05:03,2026-09-20 19:12:03
3943,PROD-3943,Zapatillas Ultraboost Light,"Tenis de running con retorno de energía superior y ligereza (Talla S, Color Blanco)",633.90,18,1,2026-09-21 13:41:11,2026-09-21 13:55:11
3944,PROD-3944,Zapatillas Running Pegasus 40,"Calzado de correr con amortiguación reactiva para entrenamiento (Talla XL, Color Negro)",1180.72,71,1,2026-09-21 07:29:17,2026-09-21 08:23:17
3945,PROD-3945,Audífonos Bluetooth WH-1000XM5,Audífonos inalámbricos con la mejor cancelación de ruido del mercado,5309.66,17,1,2026-09-21 14:57:56,2026-09-21 15:59:56
3946,PROD-3946,Monitor UltraGear 27,Monitor de alta frecuencia de actualización para juegos competitivos,21294.97,9,1,2026-09-18 07:27:49,2026-09-18 08:15:49
3947,PROD-3947,Aspiradora Inalámbrica SpeedPro,Aspiradora escoba sin cable con cabezal de succión de 180 grados,3547.05,39,1,2026-09-17 23:33:36,2026-09-17 23:43:36
3948,PROD-3948,Chaqueta Camionera de Mezclilla,"Chaqueta clásica de mezclilla resistente para uso diario (Talla M, Color Negro)",436.09,41,1,2026-09-20 05:24:40,2026-09-20 07:10:40
3949,PROD-3949,Jeans 511 Slim Fit,"Pantalón de mezclilla ajustado de estilo moderno (Talla M, Color Verde)",1849.18,36,1,2026-09-18 08:12:45,2026-09-18 08:45:45
3950,PROD-3950,Zapatillas Running Pegasus 40,"Calzado de correr con amortiguación reactiva para entrenamiento (Talla XL, Color Azul)",1667.10,26,1,2026-09-20 09:04:48,2026-09-20 10:40:48
3951,PROD-3951,Freidora XXL Airfryer,Freidora de aire de gran capacidad con tecnología de extracción de grasa,4130.75,43,1,2026-09-18 16:43:58,2026-09-18 18:25:58
3952,PROD-3952,Aspiradora Inalámbrica SpeedPro,Aspiradora escoba sin cable con cabezal de succión de 180 grados,3002.99,12,1,2026-09-19 12:59:38,2026-09-19 14:53:38
3953,PROD-3953,Smart TV OLED C3 65,Televisor inteligente ideal para videojuegos y películas con pánel OLED,1964.17,11,1,2026-09-22 04:47:57,2026-09-22 05:22:57
3954,PROD-3954,Freidora de Aire 4L,Freidora sin aceite para cocinar de manera saludable y rápida,6509.10,18,1,2026-09-21 17:21:01,2026-09-21 18:15:01
3955,PROD-3955,Zapatillas Air Max 270,"Calzado deportivo con cápsula de aire visible para máxima comodidad (Talla XL, Color Azul)",2211.47,38,1,2026-09-19 17:04:04,2026-09-19 17:12:04
3956,PROD-3956,Smartphone Xiaomi 14 Ultra 512GB,Smartphone de gama alta enfocado en fotografía profesional Leica - Color Gris,33978.88,19,1,2026-09-22 09:00:06,2026-09-22 10:56:06
3957,PROD-3957,Patinete Eléctrico Pro 4,Scooter eléctrico con gran autonomía para movilidad urbana,24378.76,25,1,2026-09-22 00:47:01,2026-09-22 01:36:01
3958,PROD-3958,Aspiradora Inalámbrica SpeedPro,Aspiradora escoba sin cable con cabezal de succión de 180 grados,2377.35,36,1,2026-09-20 13:49:20,2026-09-20 14:26:20
3959,PROD-3959,Freidora XXL Airfryer,Freidora de aire de gran capacidad con tecnología de extracción de grasa,1651.62,60,1,2026-09-22 08:10:54,2026-09-22 09:23:54
3960,PROD-3960,Zapatillas Samba OG,"Tenis de estilo retro icónicos en cuero de primera calidad (Talla S, Color Negro)",1009.68,90,1,2026-09-18 07:28:05,2026-09-18 08:08:05
3961,PROD-3961,Robot Aspiradora X10+,Aspiradora robótica con estación de vaciado automático y mapeo láser,5101.29,41,1,2026-09-20 00:21:02,2026-09-20 01:02:02
3962,PROD-3962,Zapatillas Samba OG,"Tenis de estilo retro icónicos en cuero de primera calidad (Talla S, Color Blanco)",2109.61,16,1,2026-09-20 00:46:19,2026-09-20 02:24:19
3963,PROD-3963,Smart Band 8,Pulsera de actividad física con seguimiento del sueño y deporte,25739.15,16,1,2026-09-21 02:20:32,2026-09-21 04:20:32
3964,PROD-3964,Barra de Sonido HT-A7000,Sistema de audio para cine en casa con soporte Dolby Atmos,1273.36,33,1,2026-09-21 00:27:12,2026-09-21 02:06:12
3965,PROD-3965,Barra de Sonido HT-A7000,Sistema de audio para cine en casa con soporte Dolby Atmos,31645.42,13,1,2026-09-17 21:58:53,2026-09-17 22:14:53
3966,PROD-3966,Freidora de Aire 4L,Freidora sin aceite para cocinar de manera saludable y rápida,3721.86,58,1,2026-09-21 11:00:09,2026-09-21 11:47:09
3967,PROD-3967,iPhone 16 256GB,Smartphone con pantalla Super Retina XDR y excelente duración de batería - Color Gris,32200.78,34,1,2026-09-20 19:28:19,2026-09-20 21:17:19
3968,PROD-3968,Freidora de Aire 4L,Freidora sin aceite para cocinar de manera saludable y rápida,7321.38,39,1,2026-09-21 20:39:27,2026-09-21 21:51:27
3969,PROD-3969,Chaqueta Camionera de Mezclilla,"Chaqueta clásica de mezclilla resistente para uso diario (Talla S, Color Rojo)",976.31,93,1,2026-09-17 18:55:18,2026-09-17 19:53:18
3970,PROD-3970,MacBook Pro 16 M3 256GB,Computadora portátil profesional para edición de video y desarrollo - Color Negro,10887.48,40,1,2026-09-21 14:28:55,2026-09-21 16:15:55
3971,PROD-3971,MacBook Pro 16 M3 1TB,Computadora portátil profesional para edición de video y desarrollo - Color Verde,26455.35,14,1,2026-09-21 16:20:36,2026-09-21 16:27:36
3972,PROD-3972,Aspiradora Inalámbrica SpeedPro,Aspiradora escoba sin cable con cabezal de succión de 180 grados,886.64,33,1,2026-09-20 10:27:44,2026-09-20 11:18:44
3973,PROD-3973,Freidora XXL Airfryer,Freidora de aire de gran capacidad con tecnología de extracción de grasa,3405.22,34,1,2026-09-21 07:07:41,2026-09-21 07:35:41
3974,PROD-3974,Cafetera Programable 12 Tazas,Cafetera de goteo con temporizador programable y jarra de vidrio,3640.17,8,1,2026-09-18 03:47:19,2026-09-18 03:55:19
3975,PROD-3975,iPhone 16 Pro Max 128GB,Smartphone insignia de Apple con acabado en titanio y cámara profesional - Color Verde,24494.06,23,1,2026-09-20 12:40:02,2026-09-20 14:37:02
3976,PROD-3976,Camiseta Graphic Setin Neck,"Playera casual de algodón con estampado frontal (Talla L, Color Rojo)",787.61,37,1,2026-09-20 00:56:27,2026-09-20 02:44:27
3977,PROD-3977,Polerón Adicolor Classics,"Sudadera clásica con el logotipo de las tres tiras (Talla XL, Color Negro)",2386.04,75,1,2026-09-18 11:35:20,2026-09-18 13:35:20
3978,PROD-3978,Aspiradora Inalámbrica SpeedPro,Aspiradora escoba sin cable con cabezal de succión de 180 grados,5900.74,48,1,2026-09-17 23:51:07,2026-09-18 01:20:07
3979,PROD-3979,Smartphone Redmi Note 13 Pro 512GB,Teléfono inteligente con excelente relación calidad-precio y gran cámara - Color Verde,24539.83,43,1,2026-09-19 05:00:54,2026-09-19 06:54:54
3980,PROD-3980,Zapatillas Ultraboost Light,"Tenis de running con retorno de energía superior y ligereza (Talla S, Color Rojo)",2468.55,63,1,2026-09-19 04:07:31,2026-09-19 05:19:31
3981,PROD-3981,Licuadora Reversible 2 Velocidades,Licuadora con motor reversible y vaso de vidrio resistente a choques térmicos,6989.86,17,1,2026-09-19 01:26:55,2026-09-19 02:45:55
3982,PROD-3982,Jeans 511 Slim Fit,"Pantalón de mezclilla ajustado de estilo moderno (Talla L, Color Negro)",2123.47,10,1,2026-09-17 22:38:10,2026-09-17 22:51:10
3983,PROD-3983,Pantalón de Buzo Tech Fleece,"Pantalón deportivo térmico con diseño estilizado (Talla S, Color Azul)",1091.71,77,1,2026-09-21 19:32:40,2026-09-21 21:00:40
3984,PROD-3984,Cafetera Programable 12 Tazas,Cafetera de goteo con temporizador programable y jarra de vidrio,7071.09,21,1,2026-09-20 15:39:33,2026-09-20 17:12:33
3985,PROD-3985,Freidora de Aire 4L,Freidora sin aceite para cocinar de manera saludable y rápida,2340.13,12,1,2026-09-17 20:16:40,2026-09-17 20:52:40
3986,PROD-3986,Audífonos Bluetooth WH-1000XM5,Audífonos inalámbricos con la mejor cancelación de ruido del mercado,2767.54,30,1,2026-09-19 19:25:17,2026-09-19 21:19:17
3987,PROD-3987,Freidora XXL Airfryer,Freidora de aire de gran capacidad con tecnología de extracción de grasa,5621.99,29,1,2026-09-18 15:09:50,2026-09-18 16:15:50
3988,PROD-3988,Freidora de Aire 4L,Freidora sin aceite para cocinar de manera saludable y rápida,4314.39,21,1,2026-09-20 08:52:15,2026-09-20 09:31:15
3989,PROD-3989,Polera Sportswear Club Fleece,"Sudadera de felpa con capucha y ajuste estándar (Talla S, Color Blanco)",440.43,91,1,2026-09-17 13:06:30,2026-09-17 13:19:30
3990,PROD-3990,Zapatillas Samba OG,"Tenis de estilo retro icónicos en cuero de primera calidad (Talla XL, Color Gris)",1311.86,72,1,2026-09-22 10:08:38,2026-09-22 11:05:38
3991,PROD-3991,Freidora XXL Airfryer,Freidora de aire de gran capacidad con tecnología de extracción de grasa,1093.20,46,1,2026-09-17 16:46:31,2026-09-17 17:05:31
3992,PROD-3992,Zapatillas Ultraboost Light,"Tenis de running con retorno de energía superior y ligereza (Talla XL, Color Rojo)",1483.30,81,1,2026-09-21 09:24:52,2026-09-21 10:54:52
3993,PROD-3993,Smartphone Redmi Note 13 Pro 1TB,Teléfono inteligente con excelente relación calidad-precio y gran cámara - Color Negro,4287.96,38,1,2026-09-19 20:02:52,2026-09-19 20:56:52
3994,PROD-3994,Freidora XXL Airfryer,Freidora de aire de gran capacidad con tecnología de extracción de grasa,1047.42,44,1,2026-09-20 07:48:34,2026-09-20 09:33:34
3995,PROD-3995,Polera Sportswear Club Fleece,"Sudadera de felpa con capucha y ajuste estándar (Talla M, Color Verde)",778.29,62,1,2026-09-17 20:55:18,2026-09-17 21:55:18
3996,PROD-3996,Consola PlayStation 5 Slim,Consola de videojuegos de última generación con almacenamiento SSD ultra rápido,12315.80,39,1,2026-09-18 17:33:33,2026-09-18 18:20:33
3997,PROD-3997,Cámara Alpha 7 IV,Cámara mirrorless profesional de fotograma completo para foto y video,23348.65,9,1,2026-09-21 01:00:01,2026-09-21 01:44:01
3998,PROD-3998,Pantalón de Buzo Tech Fleece,"Pantalón deportivo térmico con diseño estilizado (Talla M, Color Rojo)",1144.68,56,1,2026-09-18 22:13:29,2026-09-18 22:44:29
3999,PROD-3999,Freidora de Aire 4L,Freidora sin aceite para cocinar de manera saludable y rápida,1610.09,33,1,2026-09-21 11:23:52,2026-09-21 11:41:52
4000,PROD-4000,Smart Band 8,Pulsera de actividad física con seguimiento del sueño y deporte,12397.86,7,1,2026-09-17 21:02:50,2026-09-17 22:29:50
4001,PROD-4001,Zapatillas Samba OG,"Tenis de estilo retro icónicos en cuero de primera calidad (Talla XL, Color Azul)",1528.31,87,1,2026-09-18 17:39:08,2026-09-18 17:39:08
4002,PROD-4002,Smartphone Galaxy S26 512GB,Smartphone compacto con pantalla fluida y excelente rendimiento - Color Blanco,6094.46,34,1,2026-09-18 13:23:33,2026-09-18 14:24:33
4003,PROD-4003,Zapatillas Running Pegasus 40,"Calzado de correr con amortiguación reactiva para entrenamiento (Talla M, Color Gris)",1030.81,91,1,2026-09-19 17:23:04,2026-09-19 19:06:04
4004,PROD-4004,Licuadora Reversible 2 Velocidades,Licuadora con motor reversible y vaso de vidrio resistente a choques térmicos,2831.51,41,1,2026-09-19 17:19:56,2026-09-19 19:19:56
4005,PROD-4005,Zapatillas Air Force 1 '07,"Tenis clásicos de cuero blanco para uso urbano y casual (Talla M, Color Negro)",2078.15,69,1,2026-09-22 10:30:51,2026-09-22 10:54:51
4006,PROD-4006,Refrigeradora InstaView,Refrigerador inteligente con panel de cristal panorámico,33296.95,13,1,2026-09-21 20:30:54,2026-09-21 22:17:54
4007,PROD-4007,Smartphone Xiaomi 14 Ultra 256GB,Smartphone de gama alta enfocado en fotografía profesional Leica - Color Azul,28664.21,35,1,2026-09-20 05:44:59,2026-09-20 07:41:59
4008,PROD-4008,Licuadora Reversible 2 Velocidades,Licuadora con motor reversible y vaso de vidrio resistente a choques térmicos,7079.03,40,1,2026-09-19 05:57:15,2026-09-19 06:14:15
4009,PROD-4009,Camiseta Graphic Setin Neck,"Playera casual de algodón con estampado frontal (Talla XL, Color Blanco)",352.36,87,1,2026-09-17 20:18:39,2026-09-17 20:19:39
4010,PROD-4010,Jeans 511 Slim Fit,"Pantalón de mezclilla ajustado de estilo moderno (Talla S, Color Negro)",2128.65,45,1,2026-09-18 07:51:53,2026-09-18 08:15:53
4011,PROD-4011,Zapatillas Samba OG,"Tenis de estilo retro icónicos en cuero de primera calidad (Talla XL, Color Blanco)",2260.16,16,1,2026-09-19 14:09:18,2026-09-19 15:43:18
4012,PROD-4012,Aspiradora Inalámbrica SpeedPro,Aspiradora escoba sin cable con cabezal de succión de 180 grados,7889.46,14,1,2026-09-22 01:39:38,2026-09-22 02:58:38
4013,PROD-4013,Freidora XXL Airfryer,Freidora de aire de gran capacidad con tecnología de extracción de grasa,5551.70,45,1,2026-09-21 07:14:18,2026-09-21 08:14:18
4014,PROD-4014,Patinete Eléctrico Pro 4,Scooter eléctrico con gran autonomía para movilidad urbana,25697.07,32,1,2026-09-19 14:18:38,2026-09-19 15:56:38
4015,PROD-4015,Pantalón de Buzo Tech Fleece,"Pantalón deportivo térmico con diseño estilizado (Talla XL, Color Gris)",437.49,88,1,2026-09-21 20:42:52,2026-09-21 22:09:52
4016,PROD-4016,Zapatillas Ultraboost Light,"Tenis de running con retorno de energía superior y ligereza (Talla M, Color Gris)",2024.80,12,1,2026-09-17 13:54:03,2026-09-17 15:12:03
4017,PROD-4017,Freidora XXL Airfryer,Freidora de aire de gran capacidad con tecnología de extracción de grasa,1627.22,60,1,2026-09-19 04:21:39,2026-09-19 06:21:39
4018,PROD-4018,Patinete Eléctrico Pro 4,Scooter eléctrico con gran autonomía para movilidad urbana,7467.82,34,1,2026-09-21 06:15:17,2026-09-21 06:40:17
4019,PROD-4019,Licuadora Reversible 2 Velocidades,Licuadora con motor reversible y vaso de vidrio resistente a choques térmicos,6767.19,45,1,2026-09-17 22:25:00,2026-09-18 00:02:00
4020,PROD-4020,Jeans 501 Original Fit,"Pantalón de mezclilla clásico de corte recto y ajuste cómodo (Talla XL, Color Negro)",1127.97,46,1,2026-09-20 09:00:22,2026-09-20 10:25:22
4021,PROD-4021,Smartphone Redmi Note 13 Pro 128GB,Teléfono inteligente con excelente relación calidad-precio y gran cámara - Color Gris,17995.88,45,1,2026-09-21 00:48:29,2026-09-21 01:02:29
4022,PROD-4022,Consola PlayStation 5 Slim,Consola de videojuegos de última generación con almacenamiento SSD ultra rápido,26955.37,11,1,2026-09-17 17:44:40,2026-09-17 17:52:40
4023,PROD-4023,Zapatillas Ultraboost Light,"Tenis de running con retorno de energía superior y ligereza (Talla XL, Color Negro)",416.07,14,1,2026-09-18 06:57:10,2026-09-18 07:48:10
4024,PROD-4024,Polerón Adicolor Classics,"Sudadera clásica con el logotipo de las tres tiras (Talla M, Color Verde)",912.56,69,1,2026-09-19 12:19:46,2026-09-19 13:35:46
4025,PROD-4025,Zapatillas Ultraboost Light,"Tenis de running con retorno de energía superior y ligereza (Talla M, Color Gris)",971.40,74,1,2026-09-21 19:18:07,2026-09-21 19:44:07
4026,PROD-4026,Zapatillas Air Force 1 '07,"Tenis clásicos de cuero blanco para uso urbano y casual (Talla M, Color Negro)",959.93,61,1,2026-09-20 08:05:47,2026-09-20 09:17:47
4027,PROD-4027,Smart TV Bravia XR OLED 55,Televisor OLED con negros absolutos y procesador de imagen cognitivo,9107.54,50,1,2026-09-20 12:57:19,2026-09-20 14:55:19
4028,PROD-4028,Zapatillas Samba OG,"Tenis de estilo retro icónicos en cuero de primera calidad (Talla L, Color Verde)",2138.27,29,1,2026-09-17 14:41:57,2026-09-17 16:33:57
4029,PROD-4029,Monitor Odyssey G9,Monitor curvo ultrawide diseñado para gaming profesional,25089.90,47,1,2026-09-19 22:43:42,2026-09-19 23:37:42
4030,PROD-4030,Jeans 511 Slim Fit,"Pantalón de mezclilla ajustado de estilo moderno (Talla L, Color Azul)",1508.26,43,1,2026-09-21 01:36:33,2026-09-21 03:31:33
4031,PROD-4031,Smartphone Xiaomi 14 Ultra 512GB,Smartphone de gama alta enfocado en fotografía profesional Leica - Color Negro,1898.62,7,1,2026-09-21 15:43:49,2026-09-21 17:35:49
4032,PROD-4032,Licuadora Reversible 2 Velocidades,Licuadora con motor reversible y vaso de vidrio resistente a choques térmicos,4550.39,50,1,2026-09-17 18:35:07,2026-09-17 18:46:07
4033,PROD-4033,Polerón Adicolor Classics,"Sudadera clásica con el logotipo de las tres tiras (Talla XL, Color Negro)",1037.20,85,1,2026-09-17 14:51:55,2026-09-17 16:02:55
4034,PROD-4034,Zapatillas Air Max 270,"Calzado deportivo con cápsula de aire visible para máxima comodidad (Talla M, Color Azul)",2236.44,61,1,2026-09-21 10:16:06,2026-09-21 10:41:06
4035,PROD-4035,Cafetera Programable 12 Tazas,Cafetera de goteo con temporizador programable y jarra de vidrio,5690.16,20,1,2026-09-18 21:30:17,2026-09-18 22:10:17
4036,PROD-4036,Zapatillas Ultraboost Light,"Tenis de running con retorno de energía superior y ligereza (Talla XL, Color Rojo)",1882.45,35,1,2026-09-22 09:35:16,2026-09-22 09:36:16
4037,PROD-4037,Smartphone Galaxy S26 Ultra 128GB,Smartphone de alta gama con cámara de 200MP y pantalla Dynamic AMOLED - Color Rojo,2360.74,43,1,2026-09-21 01:05:06,2026-09-21 01:35:06
4038,PROD-4038,Monitor UltraGear 27,Monitor de alta frecuencia de actualización para juegos competitivos,18996.96,5,1,2026-09-22 09:15:20,2026-09-22 11:15:20
4039,PROD-4039,Zapatillas Ultraboost Light,"Tenis de running con retorno de energía superior y ligereza (Talla M, Color Rojo)",1733.95,39,1,2026-09-19 12:16:47,2026-09-19 13:45:47
4040,PROD-4040,Chaqueta Camionera de Mezclilla,"Chaqueta clásica de mezclilla resistente para uso diario (Talla M, Color Rojo)",1818.33,89,1,2026-09-21 23:04:07,2026-09-21 23:33:07
4041,PROD-4041,Barra de Sonido HT-A7000,Sistema de audio para cine en casa con soporte Dolby Atmos,8332.19,33,1,2026-09-20 00:06:38,2026-09-20 01:00:38
4042,PROD-4042,Apple Watch Series 10,Reloj inteligente con sensores avanzados de salud y actividad física,14483.74,39,1,2026-09-21 08:57:25,2026-09-21 09:00:25
4043,PROD-4043,Licuadora Reversible 2 Velocidades,Licuadora con motor reversible y vaso de vidrio resistente a choques térmicos,7886.34,51,1,2026-09-21 07:51:49,2026-09-21 08:45:49
4044,PROD-4044,Freidora de Aire 4L,Freidora sin aceite para cocinar de manera saludable y rápida,6883.18,56,1,2026-09-20 22:40:20,2026-09-20 23:18:20
4045,PROD-4045,Zapatillas Samba OG,"Tenis de estilo retro icónicos en cuero de primera calidad (Talla XL, Color Negro)",2224.40,38,1,2026-09-17 22:05:00,2026-09-17 23:51:00
4046,PROD-4046,Tablet Galaxy Tab S9 256GB,"Tableta de alto rendimiento para diseño, trabajo y entretenimiento - Color Verde",28181.30,20,1,2026-09-17 12:34:33,2026-09-17 14:24:33
4047,PROD-4047,Aspiradora Inalámbrica SpeedPro,Aspiradora escoba sin cable con cabezal de succión de 180 grados,7467.00,46,1,2026-09-20 04:34:57,2026-09-20 05:53:57
4048,PROD-4048,Freidora XXL Airfryer,Freidora de aire de gran capacidad con tecnología de extracción de grasa,1119.45,45,1,2026-09-18 05:31:53,2026-09-18 07:06:53
4049,PROD-4049,Camiseta Graphic Setin Neck,"Playera casual de algodón con estampado frontal (Talla M, Color Azul)",2497.20,55,1,2026-09-21 09:40:36,2026-09-21 09:43:36
4050,PROD-4050,Freidora de Aire 4L,Freidora sin aceite para cocinar de manera saludable y rápida,6573.44,35,1,2026-09-20 09:06:27,2026-09-20 10:34:27
4051,PROD-4051,Monitor UltraGear 27,Monitor de alta frecuencia de actualización para juegos competitivos,17494.43,13,1,2026-09-21 11:12:54,2026-09-21 12:19:54
4052,PROD-4052,Freidora de Aire 4L,Freidora sin aceite para cocinar de manera saludable y rápida,7443.96,35,1,2026-09-20 18:41:31,2026-09-20 19:48:31
4053,PROD-4053,Freidora XXL Airfryer,Freidora de aire de gran capacidad con tecnología de extracción de grasa,1067.14,49,1,2026-09-19 21:06:13,2026-09-19 22:58:13
4054,PROD-4054,Freidora de Aire 4L,Freidora sin aceite para cocinar de manera saludable y rápida,7424.82,19,1,2026-09-21 01:35:30,2026-09-21 01:55:30
4055,PROD-4055,Smart Band 8,Pulsera de actividad física con seguimiento del sueño y deporte,15941.84,37,1,2026-09-21 16:00:38,2026-09-21 17:05:38
4056,PROD-4056,Refrigeradora InstaView,Refrigerador inteligente con panel de cristal panorámico,24916.42,33,1,2026-09-21 09:05:08,2026-09-21 09:55:08
4057,PROD-4057,Patinete Eléctrico Pro 4,Scooter eléctrico con gran autonomía para movilidad urbana,6499.79,40,1,2026-09-21 08:41:03,2026-09-21 09:58:03
4058,PROD-4058,Freidora de Aire 4L,Freidora sin aceite para cocinar de manera saludable y rápida,2614.90,45,1,2026-09-18 22:34:39,2026-09-19 00:17:39
4059,PROD-4059,Polerón Adicolor Classics,"Sudadera clásica con el logotipo de las tres tiras (Talla S, Color Blanco)",1045.44,89,1,2026-09-20 08:46:13,2026-09-20 09:47:13
4060,PROD-4060,Camiseta Graphic Setin Neck,"Playera casual de algodón con estampado frontal (Talla L, Color Rojo)",2147.28,58,1,2026-09-19 06:31:18,2026-09-19 06:34:18
4061,PROD-4061,Cafetera Programable 12 Tazas,Cafetera de goteo con temporizador programable y jarra de vidrio,3207.12,55,1,2026-09-20 16:51:53,2026-09-20 16:54:53
4062,PROD-4062,Jeans 501 Original Fit,"Pantalón de mezclilla clásico de corte recto y ajuste cómodo (Talla L, Color Negro)",2012.39,23,1,2026-09-22 05:03:23,2026-09-22 05:52:23
4063,PROD-4063,Zapatillas Running Pegasus 40,"Calzado de correr con amortiguación reactiva para entrenamiento (Talla M, Color Rojo)",500.44,27,1,2026-09-21 01:18:58,2026-09-21 03:08:58
4064,PROD-4064,Polera Sportswear Club Fleece,"Sudadera de felpa con capucha y ajuste estándar (Talla S, Color Rojo)",1495.69,20,1,2026-09-21 09:46:16,2026-09-21 10:00:16
4065,PROD-4065,Zapatillas Samba OG,"Tenis de estilo retro icónicos en cuero de primera calidad (Talla S, Color Negro)",2227.03,56,1,2026-09-22 04:03:36,2026-09-22 04:08:36
4066,PROD-4066,Smart TV OLED C3 65,Televisor inteligente ideal para videojuegos y películas con pánel OLED,9797.10,43,1,2026-09-21 17:53:08,2026-09-21 19:14:08
4067,PROD-4067,Monitor UltraGear 27,Monitor de alta frecuencia de actualización para juegos competitivos,20421.82,36,1,2026-09-19 14:16:08,2026-09-19 15:37:08
4068,PROD-4068,Jeans 511 Slim Fit,"Pantalón de mezclilla ajustado de estilo moderno (Talla S, Color Blanco)",1617.75,12,1,2026-09-18 05:20:31,2026-09-18 05:33:31
4069,PROD-4069,Freidora de Aire 4L,Freidora sin aceite para cocinar de manera saludable y rápida,5215.51,12,1,2026-09-21 09:06:35,2026-09-21 10:10:35
4070,PROD-4070,Zapatillas Ultraboost Light,"Tenis de running con retorno de energía superior y ligereza (Talla XL, Color Gris)",717.47,12,1,2026-09-19 21:49:48,2026-09-19 23:13:48
4071,PROD-4071,Freidora XXL Airfryer,Freidora de aire de gran capacidad con tecnología de extracción de grasa,7965.52,18,1,2026-09-18 20:25:32,2026-09-18 22:13:32
4072,PROD-4072,Robot Aspiradora X10+,Aspiradora robótica con estación de vaciado automático y mapeo láser,7984.13,12,1,2026-09-21 07:41:19,2026-09-21 08:52:19
4073,PROD-4073,Smartphone Xiaomi 14 Ultra 128GB,Smartphone de gama alta enfocado en fotografía profesional Leica - Color Negro,28277.30,36,1,2026-09-21 08:24:34,2026-09-21 08:49:34
4074,PROD-4074,MacBook Air 15 M2 256GB,Laptop ultra delgada y liviana con gran autonomía - Color Azul,23617.89,32,1,2026-09-18 07:35:06,2026-09-18 08:08:06
4075,PROD-4075,Aspiradora Inalámbrica SpeedPro,Aspiradora escoba sin cable con cabezal de succión de 180 grados,2218.06,58,1,2026-09-21 22:22:01,2026-09-21 23:43:01
4076,PROD-4076,Chaqueta Camionera de Mezclilla,"Chaqueta clásica de mezclilla resistente para uso diario (Talla XL, Color Verde)",547.85,92,1,2026-09-22 02:25:30,2026-09-22 03:00:30
4077,PROD-4077,Zapatillas Running Pegasus 40,"Calzado de correr con amortiguación reactiva para entrenamiento (Talla L, Color Azul)",1808.32,73,1,2026-09-19 00:35:53,2026-09-19 00:41:53
4078,PROD-4078,Aspiradora Inalámbrica SpeedPro,Aspiradora escoba sin cable con cabezal de succión de 180 grados,6396.29,31,1,2026-09-21 09:25:46,2026-09-21 10:03:46
4079,PROD-4079,Zapatillas Air Max 270,"Calzado deportivo con cápsula de aire visible para máxima comodidad (Talla L, Color Gris)",1907.79,45,1,2026-09-19 18:49:04,2026-09-19 20:12:04
4080,PROD-4080,Polerón Adicolor Classics,"Sudadera clásica con el logotipo de las tres tiras (Talla XL, Color Gris)",2344.08,75,1,2026-09-18 16:17:04,2026-09-18 17:42:04
4081,PROD-4081,Freidora XXL Airfryer,Freidora de aire de gran capacidad con tecnología de extracción de grasa,6377.77,43,1,2026-09-21 23:19:59,2026-09-22 01:08:59
4082,PROD-4082,Barra de Sonido HT-A7000,Sistema de audio para cine en casa con soporte Dolby Atmos,19919.66,32,1,2026-09-21 07:06:18,2026-09-21 07:26:18
4083,PROD-4083,Zapatillas Air Max 270,"Calzado deportivo con cápsula de aire visible para máxima comodidad (Talla XL, Color Azul)",2134.22,76,1,2026-09-19 08:58:08,2026-09-19 09:28:08
4084,PROD-4084,Monitor Odyssey G9,Monitor curvo ultrawide diseñado para gaming profesional,17283.06,38,1,2026-09-20 07:57:06,2026-09-20 07:57:06
4085,PROD-4085,Freidora XXL Airfryer,Freidora de aire de gran capacidad con tecnología de extracción de grasa,1608.92,49,1,2026-09-19 22:51:05,2026-09-20 00:29:05
4086,PROD-4086,Cafetera Programable 12 Tazas,Cafetera de goteo con temporizador programable y jarra de vidrio,6701.32,24,1,2026-09-19 07:09:35,2026-09-19 07:40:35
4087,PROD-4087,Aspiradora Inalámbrica SpeedPro,Aspiradora escoba sin cable con cabezal de succión de 180 grados,6985.56,10,1,2026-09-19 15:12:29,2026-09-19 15:15:29
4088,PROD-4088,Aspiradora Inalámbrica SpeedPro,Aspiradora escoba sin cable con cabezal de succión de 180 grados,6477.79,31,1,2026-09-21 20:19:17,2026-09-21 20:23:17
4089,PROD-4089,Cafetera Programable 12 Tazas,Cafetera de goteo con temporizador programable y jarra de vidrio,2445.46,37,1,2026-09-18 11:24:51,2026-09-18 12:57:51
4090,PROD-4090,Monitor Odyssey G9,Monitor curvo ultrawide diseñado para gaming profesional,7496.12,16,1,2026-09-22 01:46:20,2026-09-22 03:03:20
4091,PROD-4091,Smart TV OLED C3 65,Televisor inteligente ideal para videojuegos y películas con pánel OLED,25241.48,33,1,2026-09-18 20:27:25,2026-09-18 22:24:25
4092,PROD-4092,Freidora XXL Airfryer,Freidora de aire de gran capacidad con tecnología de extracción de grasa,6818.48,45,1,2026-09-19 09:11:37,2026-09-19 09:45:37
4093,PROD-4093,Freidora XXL Airfryer,Freidora de aire de gran capacidad con tecnología de extracción de grasa,2236.84,9,1,2026-09-17 20:35:45,2026-09-17 21:28:45
4094,PROD-4094,Parlante Portátil SRS-XG300,Bocina inalámbrica portátil resistente al agua con graves potentes,35744.64,12,1,2026-09-19 14:57:47,2026-09-19 15:01:47
4095,PROD-4095,Cafetera Programable 12 Tazas,Cafetera de goteo con temporizador programable y jarra de vidrio,5698.73,8,1,2026-09-19 07:01:59,2026-09-19 07:44:59
4096,PROD-4096,Audífonos AirPods Pro 2,Audífonos intrauditivos con cancelación de ruido de nivel superior,3844.57,18,1,2026-09-19 13:22:16,2026-09-19 13:51:16
4097,PROD-4097,Audífonos AirPods Max,Audífonos de diadema inalámbricos con sonido de alta fidelidad,21680.19,48,1,2026-09-21 15:21:36,2026-09-21 16:47:36
4098,PROD-4098,Licuadora Reversible 2 Velocidades,Licuadora con motor reversible y vaso de vidrio resistente a choques térmicos,6104.54,47,1,2026-09-22 01:48:44,2026-09-22 02:30:44
4099,PROD-4099,Smartphone Galaxy S26+ 128GB,Teléfono inteligente con procesador de última generación y batería de larga duración - Color Blanco,8984.52,27,1,2026-09-20 23:15:31,2026-09-20 23:18:31
4100,PROD-4100,Camiseta Graphic Setin Neck,"Playera casual de algodón con estampado frontal (Talla L, Color Blanco)",2252.58,43,1,2026-09-18 09:03:19,2026-09-18 10:13:19
4101,PROD-4101,Zapatillas Samba OG,"Tenis de estilo retro icónicos en cuero de primera calidad (Talla M, Color Verde)",1089.48,98,1,2026-09-17 18:48:04,2026-09-17 19:55:04
4102,PROD-4102,Zapatillas Air Max 270,"Calzado deportivo con cápsula de aire visible para máxima comodidad (Talla M, Color Rojo)",1887.06,54,1,2026-09-19 14:07:13,2026-09-19 14:44:13
4103,PROD-4103,Chaqueta Camionera de Mezclilla,"Chaqueta clásica de mezclilla resistente para uso diario (Talla XL, Color Negro)",2066.10,90,1,2026-09-17 23:07:40,2026-09-18 00:21:40
4104,PROD-4104,Consola PlayStation 5 Slim,Consola de videojuegos de última generación con almacenamiento SSD ultra rápido,3282.93,47,1,2026-09-19 07:41:39,2026-09-19 08:25:39
4105,PROD-4105,Zapatillas Air Max 270,"Calzado deportivo con cápsula de aire visible para máxima comodidad (Talla XL, Color Verde)",417.19,63,1,2026-09-18 07:07:19,2026-09-18 08:07:19
4106,PROD-4106,Smart TV OLED C3 65,Televisor inteligente ideal para videojuegos y películas con pánel OLED,15258.53,17,1,2026-09-18 23:23:42,2026-09-19 00:19:42
4107,PROD-4107,Zapatillas Air Force 1 '07,"Tenis clásicos de cuero blanco para uso urbano y casual (Talla M, Color Negro)",1785.77,70,1,2026-09-19 17:54:20,2026-09-19 18:48:20
4108,PROD-4108,Freidora de Aire 4L,Freidora sin aceite para cocinar de manera saludable y rápida,2355.69,14,1,2026-09-18 12:40:08,2026-09-18 14:16:08
4109,PROD-4109,Chaqueta Camionera de Mezclilla,"Chaqueta clásica de mezclilla resistente para uso diario (Talla S, Color Rojo)",2447.77,93,1,2026-09-20 03:44:21,2026-09-20 04:34:21
4110,PROD-4110,Smartphone Galaxy S26 Ultra 1TB,Smartphone de alta gama con cámara de 200MP y pantalla Dynamic AMOLED - Color Rojo,8808.47,43,1,2026-09-20 02:11:50,2026-09-20 02:41:50
4111,PROD-4111,iPad Pro 12.9,Tableta profesional con pantalla Liquid Retina XDR y chip M2,34218.62,32,1,2026-09-21 23:49:00,2026-09-22 00:52:00
4112,PROD-4112,Cámara Alpha 7 IV,Cámara mirrorless profesional de fotograma completo para foto y video,1653.26,26,1,2026-09-21 20:22:32,2026-09-21 21:40:32
4113,PROD-4113,Licuadora Reversible 2 Velocidades,Licuadora con motor reversible y vaso de vidrio resistente a choques térmicos,7349.28,53,1,2026-09-21 20:44:08,2026-09-21 21:37:08
4114,PROD-4114,Jeans 501 Original Fit,"Pantalón de mezclilla clásico de corte recto y ajuste cómodo (Talla M, Color Blanco)",952.85,39,1,2026-09-22 04:16:59,2026-09-22 05:23:59
4115,PROD-4115,Freidora de Aire 4L,Freidora sin aceite para cocinar de manera saludable y rápida,4215.82,13,1,2026-09-21 11:07:23,2026-09-21 11:44:23
4116,PROD-4116,Licuadora Reversible 2 Velocidades,Licuadora con motor reversible y vaso de vidrio resistente a choques térmicos,1503.90,46,1,2026-09-22 10:10:58,2026-09-22 10:41:58
4117,PROD-4117,Polera Sportswear Club Fleece,"Sudadera de felpa con capucha y ajuste estándar (Talla S, Color Verde)",661.22,32,1,2026-09-22 05:44:40,2026-09-22 07:16:40
4118,PROD-4118,Smartphone Galaxy Z Fold 6 512GB,Teléfono plegable con pantalla gigante para productividad y multitarea - Color Blanco,17234.01,28,1,2026-09-20 03:39:53,2026-09-20 04:27:53
4119,PROD-4119,Jeans 501 Original Fit,"Pantalón de mezclilla clásico de corte recto y ajuste cómodo (Talla S, Color Verde)",1062.16,85,1,2026-09-17 14:53:38,2026-09-17 16:28:38
4120,PROD-4120,Zapatillas Samba OG,"Tenis de estilo retro icónicos en cuero de primera calidad (Talla M, Color Negro)",1470.88,100,1,2026-09-18 16:56:22,2026-09-18 18:18:22
4121,PROD-4121,Camiseta Graphic Setin Neck,"Playera casual de algodón con estampado frontal (Talla L, Color Blanco)",2318.01,20,1,2026-09-17 16:54:40,2026-09-17 18:21:40
4122,PROD-4122,Cafetera Programable 12 Tazas,Cafetera de goteo con temporizador programable y jarra de vidrio,7858.05,38,1,2026-09-20 09:47:35,2026-09-20 10:02:35
4123,PROD-4123,Freidora de Aire 4L,Freidora sin aceite para cocinar de manera saludable y rápida,520.08,17,1,2026-09-21 14:52:23,2026-09-21 16:06:23
4124,PROD-4124,Robot Aspiradora X10+,Aspiradora robótica con estación de vaciado automático y mapeo láser,4991.00,26,1,2026-09-22 09:09:42,2026-09-22 09:17:42
4125,PROD-4125,Jeans 511 Slim Fit,"Pantalón de mezclilla ajustado de estilo moderno (Talla S, Color Azul)",653.70,88,1,2026-09-17 23:30:02,2026-09-18 01:05:02
4126,PROD-4126,Monitor UltraGear 27,Monitor de alta frecuencia de actualización para juegos competitivos,8614.87,44,1,2026-09-18 10:01:16,2026-09-18 10:21:16
4127,PROD-4127,Refrigeradora InstaView,Refrigerador inteligente con panel de cristal panorámico,9239.59,41,1,2026-09-17 22:21:19,2026-09-18 00:01:19
4128,PROD-4128,Zapatillas Air Max 270,"Calzado deportivo con cápsula de aire visible para máxima comodidad (Talla XL, Color Azul)",2022.73,24,1,2026-09-22 03:54:56,2026-09-22 03:57:56
4129,PROD-4129,Camiseta Graphic Setin Neck,"Playera casual de algodón con estampado frontal (Talla XL, Color Negro)",1300.45,47,1,2026-09-19 13:47:05,2026-09-19 15:35:05
4130,PROD-4130,Freidora de Aire 4L,Freidora sin aceite para cocinar de manera saludable y rápida,6961.75,11,1,2026-09-19 00:23:31,2026-09-19 00:58:31
4131,PROD-4131,Jeans 501 Original Fit,"Pantalón de mezclilla clásico de corte recto y ajuste cómodo (Talla M, Color Negro)",631.50,92,1,2026-09-19 18:18:12,2026-09-19 19:53:12
4132,PROD-4132,Cafetera Programable 12 Tazas,Cafetera de goteo con temporizador programable y jarra de vidrio,4157.19,47,1,2026-09-17 16:20:25,2026-09-17 18:13:25
4133,PROD-4133,Barra de Sonido HT-A7000,Sistema de audio para cine en casa con soporte Dolby Atmos,12790.81,8,1,2026-09-18 12:07:48,2026-09-18 13:23:48
4134,PROD-4134,Zapatillas Samba OG,"Tenis de estilo retro icónicos en cuero de primera calidad (Talla XL, Color Azul)",451.55,93,1,2026-09-22 04:49:25,2026-09-22 04:55:25
4135,PROD-4135,Jeans 511 Slim Fit,"Pantalón de mezclilla ajustado de estilo moderno (Talla L, Color Azul)",1822.41,68,1,2026-09-21 14:18:18,2026-09-21 15:02:18
4136,PROD-4136,Zapatillas Ultraboost Light,"Tenis de running con retorno de energía superior y ligereza (Talla M, Color Blanco)",2045.94,79,1,2026-09-20 12:54:06,2026-09-20 13:06:06
4137,PROD-4137,Smartphone Galaxy Z Fold 6 256GB,Teléfono plegable con pantalla gigante para productividad y multitarea - Color Azul,6624.57,8,1,2026-09-22 00:38:02,2026-09-22 01:18:02
4138,PROD-4138,MacBook Pro 16 M3 512GB,Computadora portátil profesional para edición de video y desarrollo - Color Azul,2633.78,39,1,2026-09-19 08:34:40,2026-09-19 08:54:40
4139,PROD-4139,Smartphone Galaxy S26+ 256GB,Teléfono inteligente con procesador de última generación y batería de larga duración - Color Rojo,23842.45,15,1,2026-09-19 16:01:42,2026-09-19 17:42:42
4140,PROD-4140,iPhone 16 Pro Max 256GB,Smartphone insignia de Apple con acabado en titanio y cámara profesional - Color Verde,26457.74,48,1,2026-09-19 19:40:47,2026-09-19 20:46:47
4141,PROD-4141,Smartphone Xiaomi 14 Ultra 1TB,Smartphone de gama alta enfocado en fotografía profesional Leica - Color Negro,8933.35,41,1,2026-09-21 13:54:51,2026-09-21 15:19:51
4142,PROD-4142,Cafetera Programable 12 Tazas,Cafetera de goteo con temporizador programable y jarra de vidrio,7531.93,38,1,2026-09-18 23:06:57,2026-09-19 00:40:57
4143,PROD-4143,Zapatillas Ultraboost Light,"Tenis de running con retorno de energía superior y ligereza (Talla XL, Color Verde)",1447.10,100,1,2026-09-19 07:57:33,2026-09-19 09:19:33
4144,PROD-4144,Pantalón de Buzo Tech Fleece,"Pantalón deportivo térmico con diseño estilizado (Talla M, Color Negro)",441.89,55,1,2026-09-18 06:12:10,2026-09-18 06:22:10
4145,PROD-4145,Polerón Adicolor Classics,"Sudadera clásica con el logotipo de las tres tiras (Talla S, Color Negro)",2428.03,11,1,2026-09-20 05:52:36,2026-09-20 06:06:36
4146,PROD-4146,Chaqueta Camionera de Mezclilla,"Chaqueta clásica de mezclilla resistente para uso diario (Talla L, Color Negro)",2058.08,95,1,2026-09-20 17:00:02,2026-09-20 18:47:02
4147,PROD-4147,Freidora XXL Airfryer,Freidora de aire de gran capacidad con tecnología de extracción de grasa,1770.31,37,1,2026-09-17 12:17:32,2026-09-17 13:24:32
4148,PROD-4148,Jeans 501 Original Fit,"Pantalón de mezclilla clásico de corte recto y ajuste cómodo (Talla S, Color Rojo)",919.39,92,1,2026-09-19 07:37:15,2026-09-19 08:23:15
4149,PROD-4149,Pantalón de Buzo Tech Fleece,"Pantalón deportivo térmico con diseño estilizado (Talla XL, Color Blanco)",1676.20,54,1,2026-09-19 12:38:42,2026-09-19 13:27:42
4150,PROD-4150,Smart TV OLED C3 65,Televisor inteligente ideal para videojuegos y películas con pánel OLED,16599.94,36,1,2026-09-17 22:45:11,2026-09-17 23:15:11
4151,PROD-4151,Zapatillas Air Force 1 '07,"Tenis clásicos de cuero blanco para uso urbano y casual (Talla XL, Color Blanco)",2169.88,40,1,2026-09-21 00:30:14,2026-09-21 01:15:14
4152,PROD-4152,Jeans 511 Slim Fit,"Pantalón de mezclilla ajustado de estilo moderno (Talla XL, Color Azul)",2335.88,66,1,2026-09-20 18:34:08,2026-09-20 19:02:08
4153,PROD-4153,Cámara Alpha 7 IV,Cámara mirrorless profesional de fotograma completo para foto y video,18051.87,34,1,2026-09-18 01:41:40,2026-09-18 02:06:40
4154,PROD-4154,Aspiradora Inalámbrica SpeedPro,Aspiradora escoba sin cable con cabezal de succión de 180 grados,6656.05,10,1,2026-09-18 11:30:52,2026-09-18 13:03:52
4155,PROD-4155,MacBook Air 15 M2 1TB,Laptop ultra delgada y liviana con gran autonomía - Color Negro,11218.37,30,1,2026-09-19 18:52:58,2026-09-19 19:14:58
4156,PROD-4156,Zapatillas Air Max 270,"Calzado deportivo con cápsula de aire visible para máxima comodidad (Talla M, Color Negro)",988.24,97,1,2026-09-18 03:26:34,2026-09-18 03:35:34
4157,PROD-4157,Zapatillas Air Force 1 '07,"Tenis clásicos de cuero blanco para uso urbano y casual (Talla L, Color Blanco)",1696.35,23,1,2026-09-19 17:54:41,2026-09-19 18:17:41
4158,PROD-4158,Zapatillas Ultraboost Light,"Tenis de running con retorno de energía superior y ligereza (Talla S, Color Rojo)",1203.08,78,1,2026-09-21 22:42:31,2026-09-21 23:35:31
4159,PROD-4159,Patinete Eléctrico Pro 4,Scooter eléctrico con gran autonomía para movilidad urbana,17511.52,21,1,2026-09-19 19:54:27,2026-09-19 20:34:27
4160,PROD-4160,Polerón Adicolor Classics,"Sudadera clásica con el logotipo de las tres tiras (Talla XL, Color Rojo)",1447.60,71,1,2026-09-17 14:32:21,2026-09-17 14:59:21
4161,PROD-4161,Polerón Adicolor Classics,"Sudadera clásica con el logotipo de las tres tiras (Talla M, Color Negro)",410.86,79,1,2026-09-18 19:22:52,2026-09-18 20:24:52
4162,PROD-4162,Freidora de Aire 4L,Freidora sin aceite para cocinar de manera saludable y rápida,5939.92,52,1,2026-09-17 22:49:38,2026-09-18 00:26:38
4163,PROD-4163,Zapatillas Ultraboost Light,"Tenis de running con retorno de energía superior y ligereza (Talla M, Color Verde)",2473.84,86,1,2026-09-18 03:54:13,2026-09-18 05:18:13
4164,PROD-4164,Freidora de Aire 4L,Freidora sin aceite para cocinar de manera saludable y rápida,7506.32,32,1,2026-09-19 11:23:33,2026-09-19 12:39:33
4165,PROD-4165,Consola PlayStation 5 Slim,Consola de videojuegos de última generación con almacenamiento SSD ultra rápido,2050.68,21,1,2026-09-17 18:37:18,2026-09-17 19:25:18
4166,PROD-4166,Cafetera Programable 12 Tazas,Cafetera de goteo con temporizador programable y jarra de vidrio,1115.83,42,1,2026-09-20 05:08:08,2026-09-20 05:29:08
4167,PROD-4167,Smart TV OLED C3 65,Televisor inteligente ideal para videojuegos y películas con pánel OLED,10467.19,12,1,2026-09-20 14:52:59,2026-09-20 15:16:59
4168,PROD-4168,Audífonos Galaxy Buds3 Pro,Audífonos inalámbricos con cancelación activa de ruido inteligente,4554.55,49,1,2026-09-21 00:19:10,2026-09-21 01:57:10
4169,PROD-4169,Zapatillas Ultraboost Light,"Tenis de running con retorno de energía superior y ligereza (Talla XL, Color Gris)",1805.86,77,1,2026-09-21 04:36:22,2026-09-21 06:09:22
4170,PROD-4170,Aspiradora Inalámbrica SpeedPro,Aspiradora escoba sin cable con cabezal de succión de 180 grados,7197.36,45,1,2026-09-21 04:49:17,2026-09-21 05:46:17
4171,PROD-4171,Freidora de Aire 4L,Freidora sin aceite para cocinar de manera saludable y rápida,1625.35,16,1,2026-09-18 02:51:40,2026-09-18 03:53:40
4172,PROD-4172,Smartphone Galaxy Z Flip 6 1TB,Teléfono plegable compacto con pantalla exterior funcional - Color Gris,35568.49,27,1,2026-09-20 14:37:10,2026-09-20 16:11:10
4173,PROD-4173,Refrigeradora InstaView,Refrigerador inteligente con panel de cristal panorámico,19476.07,11,1,2026-09-17 12:43:42,2026-09-17 13:38:42
4174,PROD-4174,Smartphone Xiaomi 14 Ultra 512GB,Smartphone de gama alta enfocado en fotografía profesional Leica - Color Azul,31085.75,11,1,2026-09-19 22:46:02,2026-09-19 23:11:02
4175,PROD-4175,Audífonos AirPods Max,Audífonos de diadema inalámbricos con sonido de alta fidelidad,35327.98,28,1,2026-09-19 14:40:45,2026-09-19 15:37:45
4176,PROD-4176,Smartphone Redmi Note 13 Pro 1TB,Teléfono inteligente con excelente relación calidad-precio y gran cámara - Color Rojo,11330.63,31,1,2026-09-18 19:05:39,2026-09-18 20:07:39
4177,PROD-4177,Licuadora Reversible 2 Velocidades,Licuadora con motor reversible y vaso de vidrio resistente a choques térmicos,4762.09,21,1,2026-09-20 15:53:49,2026-09-20 17:42:49
4178,PROD-4178,Freidora de Aire 4L,Freidora sin aceite para cocinar de manera saludable y rápida,4431.05,18,1,2026-09-21 16:58:02,2026-09-21 17:04:02
4179,PROD-4179,iPhone 16 Pro Max 1TB,Smartphone insignia de Apple con acabado en titanio y cámara profesional - Color Negro,15623.65,36,1,2026-09-19 14:02:50,2026-09-19 14:26:50
4180,PROD-4180,Licuadora Reversible 2 Velocidades,Licuadora con motor reversible y vaso de vidrio resistente a choques térmicos,3356.53,59,1,2026-09-21 15:59:57,2026-09-21 16:23:57
4181,PROD-4181,Jeans 511 Slim Fit,"Pantalón de mezclilla ajustado de estilo moderno (Talla S, Color Azul)",1669.93,77,1,2026-09-19 11:19:59,2026-09-19 11:53:59
4182,PROD-4182,Licuadora Reversible 2 Velocidades,Licuadora con motor reversible y vaso de vidrio resistente a choques térmicos,2759.59,46,1,2026-09-17 19:33:15,2026-09-17 20:04:15
4183,PROD-4183,Zapatillas Ultraboost Light,"Tenis de running con retorno de energía superior y ligereza (Talla L, Color Verde)",986.09,76,1,2026-09-22 04:26:49,2026-09-22 05:08:49
4184,PROD-4184,Freidora de Aire 4L,Freidora sin aceite para cocinar de manera saludable y rápida,5680.82,60,1,2026-09-18 21:29:50,2026-09-18 22:56:50
4185,PROD-4185,Licuadora Reversible 2 Velocidades,Licuadora con motor reversible y vaso de vidrio resistente a choques térmicos,4061.90,25,1,2026-09-21 22:02:17,2026-09-21 22:29:17
4186,PROD-4186,Licuadora Reversible 2 Velocidades,Licuadora con motor reversible y vaso de vidrio resistente a choques térmicos,7321.90,57,1,2026-09-19 13:10:06,2026-09-19 13:23:06
4187,PROD-4187,Zapatillas Air Force 1 '07,"Tenis clásicos de cuero blanco para uso urbano y casual (Talla M, Color Gris)",1548.95,18,1,2026-09-21 07:00:47,2026-09-21 08:34:47
4188,PROD-4188,Pantalón de Buzo Tech Fleece,"Pantalón deportivo térmico con diseño estilizado (Talla M, Color Negro)",2110.64,33,1,2026-09-21 18:16:24,2026-09-21 18:40:24
4189,PROD-4189,Jeans 501 Original Fit,"Pantalón de mezclilla clásico de corte recto y ajuste cómodo (Talla XL, Color Blanco)",1578.61,43,1,2026-09-19 15:29:46,2026-09-19 16:02:46
4190,PROD-4190,Audífonos AirPods Pro 2,Audífonos intrauditivos con cancelación de ruido de nivel superior,9434.96,19,1,2026-09-18 01:01:13,2026-09-18 01:41:13
4191,PROD-4191,Jeans 501 Original Fit,"Pantalón de mezclilla clásico de corte recto y ajuste cómodo (Talla M, Color Negro)",2273.73,70,1,2026-09-21 02:25:14,2026-09-21 03:16:14
4192,PROD-4192,Freidora XXL Airfryer,Freidora de aire de gran capacidad con tecnología de extracción de grasa,5344.65,35,1,2026-09-21 16:41:07,2026-09-21 18:05:07
4193,PROD-4193,Zapatillas Running Pegasus 40,"Calzado de correr con amortiguación reactiva para entrenamiento (Talla XL, Color Blanco)",1703.72,14,1,2026-09-20 21:15:48,2026-09-20 22:50:48
4194,PROD-4194,Cafetera Programable 12 Tazas,Cafetera de goteo con temporizador programable y jarra de vidrio,1217.84,38,1,2026-09-21 07:59:20,2026-09-21 09:38:20
4195,PROD-4195,Barra de Sonido HT-A7000,Sistema de audio para cine en casa con soporte Dolby Atmos,34072.64,10,1,2026-09-20 00:18:40,2026-09-20 01:09:40
4196,PROD-4196,Licuadora Reversible 2 Velocidades,Licuadora con motor reversible y vaso de vidrio resistente a choques térmicos,7067.82,21,1,2026-09-21 05:53:56,2026-09-21 06:53:56
4197,PROD-4197,Smart Band 8,Pulsera de actividad física con seguimiento del sueño y deporte,1521.79,49,1,2026-09-18 07:10:34,2026-09-18 07:25:34
4198,PROD-4198,Zapatillas Ultraboost Light,"Tenis de running con retorno de energía superior y ligereza (Talla L, Color Negro)",1868.65,33,1,2026-09-19 07:52:05,2026-09-19 08:08:05
4199,PROD-4199,Cafetera Programable 12 Tazas,Cafetera de goteo con temporizador programable y jarra de vidrio,1697.59,25,1,2026-09-18 01:03:20,2026-09-18 02:31:20
4200,PROD-4200,Licuadora Reversible 2 Velocidades,Licuadora con motor reversible y vaso de vidrio resistente a choques térmicos,3529.64,23,1,2026-09-18 14:16:29,2026-09-18 15:49:29
4201,PROD-4201,Patinete Eléctrico Pro 4,Scooter eléctrico con gran autonomía para movilidad urbana,11453.21,5,1,2026-09-18 01:04:05,2026-09-18 02:58:05
4202,PROD-4202,Cafetera Programable 12 Tazas,Cafetera de goteo con temporizador programable y jarra de vidrio,6410.86,26,1,2026-09-19 02:27:14,2026-09-19 02:48:14
4203,PROD-4203,Zapatillas Samba OG,"Tenis de estilo retro icónicos en cuero de primera calidad (Talla M, Color Verde)",2468.29,13,1,2026-09-18 10:16:19,2026-09-18 11:44:19
4204,PROD-4204,Chaqueta Camionera de Mezclilla,"Chaqueta clásica de mezclilla resistente para uso diario (Talla S, Color Verde)",1641.98,66,1,2026-09-19 23:15:54,2026-09-19 23:59:54
4205,PROD-4205,Licuadora Reversible 2 Velocidades,Licuadora con motor reversible y vaso de vidrio resistente a choques térmicos,5479.14,40,1,2026-09-20 01:22:07,2026-09-20 02:46:07
4206,PROD-4206,Smart TV Bravia XR OLED 55,Televisor OLED con negros absolutos y procesador de imagen cognitivo,35634.12,5,1,2026-09-21 04:35:12,2026-09-21 06:17:12
4207,PROD-4207,Freidora XXL Airfryer,Freidora de aire de gran capacidad con tecnología de extracción de grasa,2747.86,30,1,2026-09-18 15:22:42,2026-09-18 16:41:42
4208,PROD-4208,Licuadora Reversible 2 Velocidades,Licuadora con motor reversible y vaso de vidrio resistente a choques térmicos,3952.68,28,1,2026-09-19 08:39:24,2026-09-19 10:25:24
4209,PROD-4209,Freidora de Aire 4L,Freidora sin aceite para cocinar de manera saludable y rápida,6774.66,13,1,2026-09-21 15:01:37,2026-09-21 16:22:37
4210,PROD-4210,Cafetera Programable 12 Tazas,Cafetera de goteo con temporizador programable y jarra de vidrio,7310.67,19,1,2026-09-19 19:30:22,2026-09-19 21:20:22
4211,PROD-4211,Smartphone Galaxy S26 Ultra 256GB,Smartphone de alta gama con cámara de 200MP y pantalla Dynamic AMOLED - Color Gris,14108.25,44,1,2026-09-19 02:15:59,2026-09-19 02:38:59
4212,PROD-4212,Licuadora Reversible 2 Velocidades,Licuadora con motor reversible y vaso de vidrio resistente a choques térmicos,5219.72,19,1,2026-09-18 22:34:52,2026-09-18 23:35:52
4213,PROD-4213,Zapatillas Samba OG,"Tenis de estilo retro icónicos en cuero de primera calidad (Talla XL, Color Rojo)",1777.52,64,1,2026-09-21 02:43:52,2026-09-21 03:05:52
4214,PROD-4214,Monitor UltraGear 27,Monitor de alta frecuencia de actualización para juegos competitivos,8797.33,39,1,2026-09-19 19:14:28,2026-09-19 19:25:28
4215,PROD-4215,Freidora XXL Airfryer,Freidora de aire de gran capacidad con tecnología de extracción de grasa,6744.21,48,1,2026-09-22 11:10:29,2026-09-22 12:19:29
4216,PROD-4216,Refrigeradora InstaView,Refrigerador inteligente con panel de cristal panorámico,1076.61,44,1,2026-09-22 06:51:13,2026-09-22 07:20:13
4217,PROD-4217,Chaqueta Camionera de Mezclilla,"Chaqueta clásica de mezclilla resistente para uso diario (Talla M, Color Gris)",354.73,64,1,2026-09-21 13:25:15,2026-09-21 13:47:15
4218,PROD-4218,Freidora de Aire 4L,Freidora sin aceite para cocinar de manera saludable y rápida,3516.85,20,1,2026-09-22 08:43:58,2026-09-22 09:21:58
4219,PROD-4219,Licuadora Reversible 2 Velocidades,Licuadora con motor reversible y vaso de vidrio resistente a choques térmicos,2355.89,38,1,2026-09-19 17:22:39,2026-09-19 17:35:39
4220,PROD-4220,Aspiradora Inalámbrica SpeedPro,Aspiradora escoba sin cable con cabezal de succión de 180 grados,7259.23,24,1,2026-09-21 21:54:44,2026-09-21 21:58:44
4221,PROD-4221,Aspiradora Inalámbrica SpeedPro,Aspiradora escoba sin cable con cabezal de succión de 180 grados,6570.71,19,1,2026-09-19 04:45:30,2026-09-19 05:16:30
4222,PROD-4222,Freidora de Aire 4L,Freidora sin aceite para cocinar de manera saludable y rápida,7572.70,16,1,2026-09-20 20:06:36,2026-09-20 20:48:36
4223,PROD-4223,Camiseta Graphic Setin Neck,"Playera casual de algodón con estampado frontal (Talla L, Color Blanco)",1081.06,12,1,2026-09-20 23:28:45,2026-09-21 01:18:45
4224,PROD-4224,Chaqueta Camionera de Mezclilla,"Chaqueta clásica de mezclilla resistente para uso diario (Talla L, Color Azul)",2163.59,11,1,2026-09-18 23:34:57,2026-09-19 00:46:57
4225,PROD-4225,Zapatillas Samba OG,"Tenis de estilo retro icónicos en cuero de primera calidad (Talla L, Color Gris)",800.49,86,1,2026-09-18 01:21:24,2026-09-18 03:08:24
4226,PROD-4226,Polera Sportswear Club Fleece,"Sudadera de felpa con capucha y ajuste estándar (Talla S, Color Gris)",1334.50,80,1,2026-09-20 15:31:47,2026-09-20 15:56:47
4227,PROD-4227,Tablet Galaxy Tab S9 512GB,"Tableta de alto rendimiento para diseño, trabajo y entretenimiento - Color Blanco",20042.00,34,1,2026-09-18 18:16:15,2026-09-18 20:15:15
4228,PROD-4228,Zapatillas Running Pegasus 40,"Calzado de correr con amortiguación reactiva para entrenamiento (Talla XL, Color Verde)",1161.18,65,1,2026-09-20 01:56:13,2026-09-20 02:53:13
4229,PROD-4229,Aspiradora Inalámbrica SpeedPro,Aspiradora escoba sin cable con cabezal de succión de 180 grados,524.65,52,1,2026-09-18 02:51:59,2026-09-18 03:49:59
4230,PROD-4230,Freidora de Aire 4L,Freidora sin aceite para cocinar de manera saludable y rápida,4840.24,13,1,2026-09-19 01:20:53,2026-09-19 02:39:53
4231,PROD-4231,Jeans 501 Original Fit,"Pantalón de mezclilla clásico de corte recto y ajuste cómodo (Talla S, Color Blanco)",2066.60,43,1,2026-09-22 07:18:01,2026-09-22 08:49:01
4232,PROD-4232,Chaqueta Camionera de Mezclilla,"Chaqueta clásica de mezclilla resistente para uso diario (Talla XL, Color Azul)",2132.93,63,1,2026-09-20 02:17:30,2026-09-20 03:50:30
4233,PROD-4233,Chaqueta Camionera de Mezclilla,"Chaqueta clásica de mezclilla resistente para uso diario (Talla S, Color Rojo)",1915.14,64,1,2026-09-17 14:16:14,2026-09-17 15:43:14
4234,PROD-4234,Smart Band 8,Pulsera de actividad física con seguimiento del sueño y deporte,24007.62,21,1,2026-09-20 21:20:48,2026-09-20 23:13:48
4235,PROD-4235,Licuadora Reversible 2 Velocidades,Licuadora con motor reversible y vaso de vidrio resistente a choques térmicos,2559.06,21,1,2026-09-19 16:56:32,2026-09-19 18:14:32
4236,PROD-4236,Aspiradora Inalámbrica SpeedPro,Aspiradora escoba sin cable con cabezal de succión de 180 grados,541.71,25,1,2026-09-19 10:34:23,2026-09-19 12:11:23
4237,PROD-4237,Smart TV Bravia XR OLED 55,Televisor OLED con negros absolutos y procesador de imagen cognitivo,15002.76,50,1,2026-09-20 23:19:58,2026-09-21 01:00:58
4238,PROD-4238,Patinete Eléctrico Pro 4,Scooter eléctrico con gran autonomía para movilidad urbana,11535.77,13,1,2026-09-21 19:02:24,2026-09-21 20:37:24
4239,PROD-4239,Camiseta Graphic Setin Neck,"Playera casual de algodón con estampado frontal (Talla S, Color Azul)",2137.59,78,1,2026-09-21 00:57:57,2026-09-21 01:18:57
4240,PROD-4240,Zapatillas Air Force 1 '07,"Tenis clásicos de cuero blanco para uso urbano y casual (Talla L, Color Negro)",2165.64,52,1,2026-09-17 19:28:08,2026-09-17 21:18:08
4241,PROD-4241,Cafetera Programable 12 Tazas,Cafetera de goteo con temporizador programable y jarra de vidrio,2860.32,53,1,2026-09-20 10:47:31,2026-09-20 11:41:31
4242,PROD-4242,Freidora de Aire 4L,Freidora sin aceite para cocinar de manera saludable y rápida,7046.54,27,1,2026-09-20 14:14:16,2026-09-20 15:55:16
4243,PROD-4243,Smartphone Xiaomi 14 Ultra 512GB,Smartphone de gama alta enfocado en fotografía profesional Leica - Color Rojo,9179.53,31,1,2026-09-20 20:48:34,2026-09-20 22:39:34
4244,PROD-4244,Smartphone Xiaomi 14 Ultra 512GB,Smartphone de gama alta enfocado en fotografía profesional Leica - Color Rojo,12953.19,6,1,2026-09-21 20:13:41,2026-09-21 22:00:41
4245,PROD-4245,Smartphone Galaxy S26+ 256GB,Teléfono inteligente con procesador de última generación y batería de larga duración - Color Azul,19999.14,29,1,2026-09-21 02:53:47,2026-09-21 03:35:47
4246,PROD-4246,Refrigeradora InstaView,Refrigerador inteligente con panel de cristal panorámico,7898.07,23,1,2026-09-21 08:57:27,2026-09-21 10:54:27
4247,PROD-4247,Freidora XXL Airfryer,Freidora de aire de gran capacidad con tecnología de extracción de grasa,7289.79,53,1,2026-09-20 10:40:44,2026-09-20 11:38:44
4248,PROD-4248,Zapatillas Samba OG,"Tenis de estilo retro icónicos en cuero de primera calidad (Talla XL, Color Negro)",2266.80,59,1,2026-09-19 11:03:36,2026-09-19 11:56:36
4249,PROD-4249,Smartphone Galaxy Z Fold 6 1TB,Teléfono plegable con pantalla gigante para productividad y multitarea - Color Blanco,9507.39,48,1,2026-09-19 04:19:07,2026-09-19 04:46:07
4250,PROD-4250,Aspiradora Inalámbrica SpeedPro,Aspiradora escoba sin cable con cabezal de succión de 180 grados,4265.89,46,1,2026-09-19 18:20:16,2026-09-19 19:55:16
4251,PROD-4251,Licuadora Reversible 2 Velocidades,Licuadora con motor reversible y vaso de vidrio resistente a choques térmicos,1197.63,12,1,2026-09-21 13:33:16,2026-09-21 13:52:16
4252,PROD-4252,iPad Pro 12.9,Tableta profesional con pantalla Liquid Retina XDR y chip M2,16110.93,31,1,2026-09-18 00:17:11,2026-09-18 01:18:11
4253,PROD-4253,Freidora de Aire 4L,Freidora sin aceite para cocinar de manera saludable y rápida,7109.24,15,1,2026-09-20 04:23:01,2026-09-20 05:01:01
4254,PROD-4254,Pantalón de Buzo Tech Fleece,"Pantalón deportivo térmico con diseño estilizado (Talla XL, Color Azul)",722.08,62,1,2026-09-18 07:09:00,2026-09-18 07:58:00
4255,PROD-4255,Smart Band 8,Pulsera de actividad física con seguimiento del sueño y deporte,19605.49,49,1,2026-09-17 17:20:56,2026-09-17 18:25:56
4256,PROD-4256,Aspiradora Inalámbrica SpeedPro,Aspiradora escoba sin cable con cabezal de succión de 180 grados,2413.74,39,1,2026-09-22 03:59:22,2026-09-22 05:48:22
4257,PROD-4257,Zapatillas Samba OG,"Tenis de estilo retro icónicos en cuero de primera calidad (Talla L, Color Verde)",864.77,46,1,2026-09-20 12:31:47,2026-09-20 14:02:47
4258,PROD-4258,Chaqueta Camionera de Mezclilla,"Chaqueta clásica de mezclilla resistente para uso diario (Talla M, Color Azul)",1962.29,42,1,2026-09-17 15:21:43,2026-09-17 16:57:43
4259,PROD-4259,Smart Band 8,Pulsera de actividad física con seguimiento del sueño y deporte,17033.45,40,1,2026-09-20 08:34:51,2026-09-20 09:10:51
4260,PROD-4260,Audífonos Bluetooth WH-1000XM5,Audífonos inalámbricos con la mejor cancelación de ruido del mercado,1299.72,35,1,2026-09-20 00:42:23,2026-09-20 01:41:23
4261,PROD-4261,Chaqueta Camionera de Mezclilla,"Chaqueta clásica de mezclilla resistente para uso diario (Talla XL, Color Gris)",779.40,21,1,2026-09-17 22:25:49,2026-09-17 23:05:49
4262,PROD-4262,Jeans 511 Slim Fit,"Pantalón de mezclilla ajustado de estilo moderno (Talla S, Color Rojo)",1614.98,14,1,2026-09-21 09:03:07,2026-09-21 10:34:07
4263,PROD-4263,Monitor UltraGear 27,Monitor de alta frecuencia de actualización para juegos competitivos,26715.86,31,1,2026-09-19 17:37:17,2026-09-19 18:27:17
4264,PROD-4264,Polerón Adicolor Classics,"Sudadera clásica con el logotipo de las tres tiras (Talla M, Color Blanco)",1951.46,43,1,2026-09-19 13:22:10,2026-09-19 13:53:10
4265,PROD-4265,Aspiradora Inalámbrica SpeedPro,Aspiradora escoba sin cable con cabezal de succión de 180 grados,3177.47,29,1,2026-09-18 13:36:52,2026-09-18 15:32:52
4266,PROD-4266,Apple Watch Series 10,Reloj inteligente con sensores avanzados de salud y actividad física,15759.22,7,1,2026-09-21 07:17:48,2026-09-21 08:44:48
4267,PROD-4267,Licuadora Reversible 2 Velocidades,Licuadora con motor reversible y vaso de vidrio resistente a choques térmicos,2377.74,9,1,2026-09-20 22:27:36,2026-09-21 00:01:36
4268,PROD-4268,Smartphone Galaxy S26 Ultra 256GB,Smartphone de alta gama con cámara de 200MP y pantalla Dynamic AMOLED - Color Gris,21264.46,47,1,2026-09-19 16:01:47,2026-09-19 17:46:47
4269,PROD-4269,Jeans 501 Original Fit,"Pantalón de mezclilla clásico de corte recto y ajuste cómodo (Talla XL, Color Gris)",2486.28,21,1,2026-09-20 19:06:36,2026-09-20 19:19:36
4270,PROD-4270,Freidora XXL Airfryer,Freidora de aire de gran capacidad con tecnología de extracción de grasa,6091.46,36,1,2026-09-22 06:03:12,2026-09-22 08:01:12
4271,PROD-4271,Pantalón de Buzo Tech Fleece,"Pantalón deportivo térmico con diseño estilizado (Talla S, Color Gris)",1919.86,70,1,2026-09-20 04:42:03,2026-09-20 05:36:03
4272,PROD-4272,Refrigeradora InstaView,Refrigerador inteligente con panel de cristal panorámico,27626.08,31,1,2026-09-20 13:47:41,2026-09-20 14:49:41
4273,PROD-4273,Freidora de Aire 4L,Freidora sin aceite para cocinar de manera saludable y rápida,5876.16,54,1,2026-09-21 00:20:35,2026-09-21 01:12:35
4274,PROD-4274,Polerón Adicolor Classics,"Sudadera clásica con el logotipo de las tres tiras (Talla XL, Color Rojo)",2253.69,100,1,2026-09-21 04:47:37,2026-09-21 04:49:37
4275,PROD-4275,Freidora XXL Airfryer,Freidora de aire de gran capacidad con tecnología de extracción de grasa,3203.34,29,1,2026-09-21 02:47:48,2026-09-21 04:02:48
4276,PROD-4276,Jeans 501 Original Fit,"Pantalón de mezclilla clásico de corte recto y ajuste cómodo (Talla L, Color Verde)",702.75,39,1,2026-09-21 16:05:13,2026-09-21 16:34:13
4277,PROD-4277,iPhone 16 1TB,Smartphone con pantalla Super Retina XDR y excelente duración de batería - Color Azul,32743.52,6,1,2026-09-19 09:18:43,2026-09-19 09:53:43
4278,PROD-4278,Zapatillas Ultraboost Light,"Tenis de running con retorno de energía superior y ligereza (Talla XL, Color Blanco)",2316.45,18,1,2026-09-19 00:15:29,2026-09-19 00:22:29
4279,PROD-4279,Jeans 511 Slim Fit,"Pantalón de mezclilla ajustado de estilo moderno (Talla S, Color Rojo)",1185.38,14,1,2026-09-19 08:15:39,2026-09-19 09:17:39
4280,PROD-4280,Zapatillas Air Max 270,"Calzado deportivo con cápsula de aire visible para máxima comodidad (Talla M, Color Rojo)",1620.18,21,1,2026-09-19 00:15:05,2026-09-19 01:13:05
4281,PROD-4281,Freidora XXL Airfryer,Freidora de aire de gran capacidad con tecnología de extracción de grasa,2384.74,27,1,2026-09-19 07:24:15,2026-09-19 09:09:15
4282,PROD-4282,Smartphone Galaxy Z Fold 6 512GB,Teléfono plegable con pantalla gigante para productividad y multitarea - Color Rojo,9817.17,11,1,2026-09-17 13:47:15,2026-09-17 15:46:15
4283,PROD-4283,Cafetera Programable 12 Tazas,Cafetera de goteo con temporizador programable y jarra de vidrio,2117.07,40,1,2026-09-20 09:23:11,2026-09-20 10:45:11
4284,PROD-4284,Consola PlayStation 5 Slim,Consola de videojuegos de última generación con almacenamiento SSD ultra rápido,19573.10,48,1,2026-09-21 17:15:21,2026-09-21 18:51:21
4285,PROD-4285,Polera Sportswear Club Fleece,"Sudadera de felpa con capucha y ajuste estándar (Talla XL, Color Azul)",1000.26,36,1,2026-09-18 00:29:23,2026-09-18 00:55:23
4286,PROD-4286,Jeans 511 Slim Fit,"Pantalón de mezclilla ajustado de estilo moderno (Talla S, Color Blanco)",1113.98,57,1,2026-09-18 15:50:35,2026-09-18 16:24:35
4287,PROD-4287,Zapatillas Running Pegasus 40,"Calzado de correr con amortiguación reactiva para entrenamiento (Talla S, Color Gris)",801.58,89,1,2026-09-20 16:08:26,2026-09-20 17:47:26
4288,PROD-4288,Freidora XXL Airfryer,Freidora de aire de gran capacidad con tecnología de extracción de grasa,5672.63,39,1,2026-09-20 19:30:43,2026-09-20 20:47:43
4289,PROD-4289,Zapatillas Running Pegasus 40,"Calzado de correr con amortiguación reactiva para entrenamiento (Talla S, Color Rojo)",1473.41,100,1,2026-09-21 14:00:48,2026-09-21 15:41:48
4290,PROD-4290,Audífonos AirPods Pro 2,Audífonos intrauditivos con cancelación de ruido de nivel superior,35261.82,26,1,2026-09-19 15:55:58,2026-09-19 17:38:58
4291,PROD-4291,Freidora de Aire 4L,Freidora sin aceite para cocinar de manera saludable y rápida,3901.44,56,1,2026-09-21 05:46:22,2026-09-21 06:08:22
4292,PROD-4292,Smart TV OLED C3 65,Televisor inteligente ideal para videojuegos y películas con pánel OLED,33957.47,11,1,2026-09-21 00:55:56,2026-09-21 01:23:56
4293,PROD-4293,Polerón Adicolor Classics,"Sudadera clásica con el logotipo de las tres tiras (Talla S, Color Rojo)",2266.79,15,1,2026-09-21 22:00:43,2026-09-21 22:07:43
4294,PROD-4294,Smart TV OLED C3 65,Televisor inteligente ideal para videojuegos y películas con pánel OLED,29578.91,29,1,2026-09-18 14:53:38,2026-09-18 15:26:38
4295,PROD-4295,Smart TV OLED C3 65,Televisor inteligente ideal para videojuegos y películas con pánel OLED,11567.36,15,1,2026-09-18 02:19:41,2026-09-18 03:47:41
4296,PROD-4296,Aspiradora Inalámbrica SpeedPro,Aspiradora escoba sin cable con cabezal de succión de 180 grados,6058.68,23,1,2026-09-22 02:29:46,2026-09-22 04:17:46
4297,PROD-4297,Refrigeradora InstaView,Refrigerador inteligente con panel de cristal panorámico,33292.80,16,1,2026-09-17 20:34:41,2026-09-17 21:39:41
4298,PROD-4298,Camiseta Graphic Setin Neck,"Playera casual de algodón con estampado frontal (Talla M, Color Gris)",544.96,21,1,2026-09-19 06:25:30,2026-09-19 07:57:30
4299,PROD-4299,Jeans 511 Slim Fit,"Pantalón de mezclilla ajustado de estilo moderno (Talla M, Color Negro)",1064.53,92,1,2026-09-19 15:15:21,2026-09-19 16:01:21
4300,PROD-4300,Smartphone Galaxy S26+ 512GB,Teléfono inteligente con procesador de última generación y batería de larga duración - Color Blanco,1884.20,8,1,2026-09-22 09:05:56,2026-09-22 09:44:56
4301,PROD-4301,Camiseta Graphic Setin Neck,"Playera casual de algodón con estampado frontal (Talla XL, Color Rojo)",539.09,22,1,2026-09-17 18:16:05,2026-09-17 19:34:05
4302,PROD-4302,Aspiradora Inalámbrica SpeedPro,Aspiradora escoba sin cable con cabezal de succión de 180 grados,5065.73,27,1,2026-09-21 12:00:27,2026-09-21 13:38:27
4303,PROD-4303,Pantalón de Buzo Tech Fleece,"Pantalón deportivo térmico con diseño estilizado (Talla XL, Color Verde)",2154.73,65,1,2026-09-18 21:55:42,2026-09-18 23:30:42
4304,PROD-4304,Polera Sportswear Club Fleece,"Sudadera de felpa con capucha y ajuste estándar (Talla S, Color Rojo)",1945.26,33,1,2026-09-21 02:23:40,2026-09-21 03:38:40
4305,PROD-4305,Apple Watch Series 10,Reloj inteligente con sensores avanzados de salud y actividad física,33825.96,43,1,2026-09-19 02:13:39,2026-09-19 02:56:39
4306,PROD-4306,Smart TV 65 Neo QLED,Televisor inteligente 4K con tecnología de puntos cuánticos y alto contraste,11390.90,10,1,2026-09-21 05:22:41,2026-09-21 07:19:41
4307,PROD-4307,Licuadora Reversible 2 Velocidades,Licuadora con motor reversible y vaso de vidrio resistente a choques térmicos,3587.07,14,1,2026-09-21 16:32:28,2026-09-21 18:07:28
4308,PROD-4308,Zapatillas Samba OG,"Tenis de estilo retro icónicos en cuero de primera calidad (Talla S, Color Negro)",476.58,99,1,2026-09-21 21:11:32,2026-09-21 22:18:32
4309,PROD-4309,Licuadora Reversible 2 Velocidades,Licuadora con motor reversible y vaso de vidrio resistente a choques térmicos,5447.57,16,1,2026-09-22 07:52:29,2026-09-22 09:26:29
4310,PROD-4310,Robot Aspiradora X10+,Aspiradora robótica con estación de vaciado automático y mapeo láser,5519.54,37,1,2026-09-18 05:41:58,2026-09-18 06:00:58
4311,PROD-4311,Cafetera Programable 12 Tazas,Cafetera de goteo con temporizador programable y jarra de vidrio,6560.20,30,1,2026-09-21 08:16:41,2026-09-21 09:07:41
4312,PROD-4312,Robot Aspiradora X10+,Aspiradora robótica con estación de vaciado automático y mapeo láser,20681.07,29,1,2026-09-18 08:37:18,2026-09-18 08:40:18
4313,PROD-4313,Cafetera Programable 12 Tazas,Cafetera de goteo con temporizador programable y jarra de vidrio,2459.52,44,1,2026-09-22 07:48:43,2026-09-22 09:47:43
4314,PROD-4314,Cafetera Programable 12 Tazas,Cafetera de goteo con temporizador programable y jarra de vidrio,429.50,30,1,2026-09-20 22:10:51,2026-09-20 22:39:51
4315,PROD-4315,Smart TV Bravia XR OLED 55,Televisor OLED con negros absolutos y procesador de imagen cognitivo,5097.47,13,1,2026-09-20 19:38:30,2026-09-20 20:58:30
4316,PROD-4316,Jeans 511 Slim Fit,"Pantalón de mezclilla ajustado de estilo moderno (Talla M, Color Blanco)",415.59,92,1,2026-09-21 11:37:25,2026-09-21 12:36:25
4317,PROD-4317,Zapatillas Samba OG,"Tenis de estilo retro icónicos en cuero de primera calidad (Talla XL, Color Verde)",626.96,34,1,2026-09-20 20:24:13,2026-09-20 21:23:13
4318,PROD-4318,iPad Pro 12.9,Tableta profesional con pantalla Liquid Retina XDR y chip M2,3637.22,26,1,2026-09-18 14:29:04,2026-09-18 16:24:04
4319,PROD-4319,Freidora de Aire 4L,Freidora sin aceite para cocinar de manera saludable y rápida,5544.37,40,1,2026-09-22 08:16:47,2026-09-22 09:38:47
4320,PROD-4320,Audífonos AirPods Pro 2,Audífonos intrauditivos con cancelación de ruido de nivel superior,14679.89,29,1,2026-09-17 17:45:12,2026-09-17 18:21:12
4321,PROD-4321,Licuadora Reversible 2 Velocidades,Licuadora con motor reversible y vaso de vidrio resistente a choques térmicos,6413.84,19,1,2026-09-19 01:32:07,2026-09-19 01:33:07
4322,PROD-4322,Polera Sportswear Club Fleece,"Sudadera de felpa con capucha y ajuste estándar (Talla XL, Color Gris)",1319.98,61,1,2026-09-21 16:13:23,2026-09-21 17:30:23
4323,PROD-4323,Jeans 501 Original Fit,"Pantalón de mezclilla clásico de corte recto y ajuste cómodo (Talla L, Color Negro)",1714.31,84,1,2026-09-20 12:54:43,2026-09-20 13:36:43
4324,PROD-4324,Polera Sportswear Club Fleece,"Sudadera de felpa con capucha y ajuste estándar (Talla M, Color Negro)",551.60,59,1,2026-09-19 11:18:17,2026-09-19 12:38:17
4325,PROD-4325,Zapatillas Air Max 270,"Calzado deportivo con cápsula de aire visible para máxima comodidad (Talla M, Color Rojo)",1551.56,77,1,2026-09-20 13:26:10,2026-09-20 15:24:10
4326,PROD-4326,Aspiradora Inalámbrica SpeedPro,Aspiradora escoba sin cable con cabezal de succión de 180 grados,3041.72,52,1,2026-09-21 04:40:55,2026-09-21 05:59:55
4327,PROD-4327,Smartphone Galaxy Z Fold 6 1TB,Teléfono plegable con pantalla gigante para productividad y multitarea - Color Verde,34543.85,31,1,2026-09-21 09:36:22,2026-09-21 09:52:22
4328,PROD-4328,Smart TV OLED C3 65,Televisor inteligente ideal para videojuegos y películas con pánel OLED,31907.59,11,1,2026-09-22 07:46:24,2026-09-22 09:19:24
4329,PROD-4329,Monitor UltraGear 27,Monitor de alta frecuencia de actualización para juegos competitivos,823.81,22,1,2026-09-20 09:33:10,2026-09-20 11:19:10
4330,PROD-4330,Aspiradora Inalámbrica SpeedPro,Aspiradora escoba sin cable con cabezal de succión de 180 grados,7259.39,13,1,2026-09-22 01:07:04,2026-09-22 02:20:04
4331,PROD-4331,Licuadora Reversible 2 Velocidades,Licuadora con motor reversible y vaso de vidrio resistente a choques térmicos,4267.94,21,1,2026-09-19 11:18:39,2026-09-19 11:33:39
4332,PROD-4332,Aspiradora Inalámbrica SpeedPro,Aspiradora escoba sin cable con cabezal de succión de 180 grados,5946.88,43,1,2026-09-18 11:53:43,2026-09-18 13:24:43
4333,PROD-4333,Aspiradora Inalámbrica SpeedPro,Aspiradora escoba sin cable con cabezal de succión de 180 grados,957.98,53,1,2026-09-22 01:05:30,2026-09-22 01:20:30
4334,PROD-4334,Zapatillas Running Pegasus 40,"Calzado de correr con amortiguación reactiva para entrenamiento (Talla S, Color Gris)",851.72,66,1,2026-09-18 06:01:12,2026-09-18 07:12:12
4335,PROD-4335,Monitor UltraGear 27,Monitor de alta frecuencia de actualización para juegos competitivos,31836.03,31,1,2026-09-20 08:25:21,2026-09-20 08:52:21
4336,PROD-4336,Cafetera Programable 12 Tazas,Cafetera de goteo con temporizador programable y jarra de vidrio,2918.50,22,1,2026-09-18 05:43:16,2026-09-18 07:07:16
4337,PROD-4337,Aspiradora Inalámbrica SpeedPro,Aspiradora escoba sin cable con cabezal de succión de 180 grados,459.48,43,1,2026-09-19 00:37:04,2026-09-19 02:27:04
4338,PROD-4338,Aspiradora Inalámbrica SpeedPro,Aspiradora escoba sin cable con cabezal de succión de 180 grados,6743.82,29,1,2026-09-19 18:41:55,2026-09-19 20:09:55
4339,PROD-4339,Cafetera Programable 12 Tazas,Cafetera de goteo con temporizador programable y jarra de vidrio,7170.98,31,1,2026-09-22 04:07:22,2026-09-22 05:31:22
4340,PROD-4340,Licuadora Reversible 2 Velocidades,Licuadora con motor reversible y vaso de vidrio resistente a choques térmicos,4394.08,18,1,2026-09-21 19:45:51,2026-09-21 20:53:51
4341,PROD-4341,Audífonos Galaxy Buds3 Pro,Audífonos inalámbricos con cancelación activa de ruido inteligente,8250.85,20,1,2026-09-19 17:45:17,2026-09-19 18:11:17
4342,PROD-4342,Robot Aspiradora X10+,Aspiradora robótica con estación de vaciado automático y mapeo láser,18755.49,32,1,2026-09-20 17:17:54,2026-09-20 18:50:54
4343,PROD-4343,Zapatillas Samba OG,"Tenis de estilo retro icónicos en cuero de primera calidad (Talla XL, Color Azul)",1724.15,74,1,2026-09-17 14:02:51,2026-09-17 15:20:51
4344,PROD-4344,Polera Sportswear Club Fleece,"Sudadera de felpa con capucha y ajuste estándar (Talla M, Color Azul)",2443.17,45,1,2026-09-20 23:01:47,2026-09-20 23:42:47
4345,PROD-4345,Aspiradora Inalámbrica SpeedPro,Aspiradora escoba sin cable con cabezal de succión de 180 grados,1513.85,22,1,2026-09-19 15:24:34,2026-09-19 16:45:34
4346,PROD-4346,Monitor Odyssey G9,Monitor curvo ultrawide diseñado para gaming profesional,11944.39,27,1,2026-09-21 14:55:31,2026-09-21 16:35:31
4347,PROD-4347,Freidora XXL Airfryer,Freidora de aire de gran capacidad con tecnología de extracción de grasa,7420.62,52,1,2026-09-21 06:02:16,2026-09-21 07:04:16
4348,PROD-4348,Polerón Adicolor Classics,"Sudadera clásica con el logotipo de las tres tiras (Talla XL, Color Gris)",537.02,97,1,2026-09-17 20:43:55,2026-09-17 22:13:55
4349,PROD-4349,Aspiradora Inalámbrica SpeedPro,Aspiradora escoba sin cable con cabezal de succión de 180 grados,5597.67,18,1,2026-09-20 01:46:06,2026-09-20 02:42:06
4350,PROD-4350,Jeans 501 Original Fit,"Pantalón de mezclilla clásico de corte recto y ajuste cómodo (Talla XL, Color Azul)",902.92,38,1,2026-09-19 02:25:11,2026-09-19 03:43:11
4351,PROD-4351,Polera Sportswear Club Fleece,"Sudadera de felpa con capucha y ajuste estándar (Talla S, Color Gris)",2024.10,65,1,2026-09-19 08:36:13,2026-09-19 10:29:13
4352,PROD-4352,Monitor UltraGear 27,Monitor de alta frecuencia de actualización para juegos competitivos,16141.29,43,1,2026-09-20 01:30:36,2026-09-20 02:00:36
4353,PROD-4353,Licuadora Reversible 2 Velocidades,Licuadora con motor reversible y vaso de vidrio resistente a choques térmicos,4699.51,21,1,2026-09-19 14:28:12,2026-09-19 16:02:12
4354,PROD-4354,Licuadora Reversible 2 Velocidades,Licuadora con motor reversible y vaso de vidrio resistente a choques térmicos,6746.53,33,1,2026-09-22 05:34:37,2026-09-22 05:58:37
4355,PROD-4355,Tablet Galaxy Tab S9 1TB,"Tableta de alto rendimiento para diseño, trabajo y entretenimiento - Color Verde",23195.20,16,1,2026-09-19 04:14:57,2026-09-19 04:32:57
4356,PROD-4356,Monitor UltraGear 27,Monitor de alta frecuencia de actualización para juegos competitivos,27456.02,18,1,2026-09-19 07:49:17,2026-09-19 09:27:17
4357,PROD-4357,Freidora de Aire 4L,Freidora sin aceite para cocinar de manera saludable y rápida,3299.94,43,1,2026-09-17 18:28:02,2026-09-17 19:40:02
4358,PROD-4358,Aspiradora Inalámbrica SpeedPro,Aspiradora escoba sin cable con cabezal de succión de 180 grados,5377.29,11,1,2026-09-17 23:25:04,2026-09-18 01:07:04
4359,PROD-4359,Freidora de Aire 4L,Freidora sin aceite para cocinar de manera saludable y rápida,461.61,21,1,2026-09-18 15:58:47,2026-09-18 17:54:47
4360,PROD-4360,Zapatillas Ultraboost Light,"Tenis de running con retorno de energía superior y ligereza (Talla S, Color Gris)",2221.50,66,1,2026-09-22 00:15:23,2026-09-22 00:45:23
4361,PROD-4361,Zapatillas Samba OG,"Tenis de estilo retro icónicos en cuero de primera calidad (Talla XL, Color Verde)",1394.84,54,1,2026-09-19 10:52:40,2026-09-19 11:25:40
4362,PROD-4362,Zapatillas Air Force 1 '07,"Tenis clásicos de cuero blanco para uso urbano y casual (Talla L, Color Blanco)",1609.41,60,1,2026-09-17 17:18:51,2026-09-17 18:36:51
4363,PROD-4363,Polera Sportswear Club Fleece,"Sudadera de felpa con capucha y ajuste estándar (Talla XL, Color Verde)",1856.11,73,1,2026-09-18 07:10:07,2026-09-18 07:16:07
4364,PROD-4364,Freidora XXL Airfryer,Freidora de aire de gran capacidad con tecnología de extracción de grasa,3402.67,52,1,2026-09-22 06:53:29,2026-09-22 07:31:29
4365,PROD-4365,Licuadora Reversible 2 Velocidades,Licuadora con motor reversible y vaso de vidrio resistente a choques térmicos,4954.69,17,1,2026-09-21 18:50:44,2026-09-21 19:57:44
4366,PROD-4366,Pantalón de Buzo Tech Fleece,"Pantalón deportivo térmico con diseño estilizado (Talla M, Color Rojo)",1133.53,15,1,2026-09-18 12:13:09,2026-09-18 12:23:09
4367,PROD-4367,Zapatillas Air Max 270,"Calzado deportivo con cápsula de aire visible para máxima comodidad (Talla M, Color Negro)",1798.19,68,1,2026-09-19 12:54:01,2026-09-19 14:45:01
4368,PROD-4368,Zapatillas Ultraboost Light,"Tenis de running con retorno de energía superior y ligereza (Talla S, Color Blanco)",1180.50,63,1,2026-09-19 01:11:48,2026-09-19 01:38:48
4369,PROD-4369,Aspiradora Inalámbrica SpeedPro,Aspiradora escoba sin cable con cabezal de succión de 180 grados,4030.46,40,1,2026-09-19 02:14:29,2026-09-19 02:50:29
4370,PROD-4370,Freidora XXL Airfryer,Freidora de aire de gran capacidad con tecnología de extracción de grasa,3788.16,47,1,2026-09-22 04:28:53,2026-09-22 06:14:53
4371,PROD-4371,Patinete Eléctrico Pro 4,Scooter eléctrico con gran autonomía para movilidad urbana,3417.61,41,1,2026-09-21 16:51:38,2026-09-21 18:03:38
4372,PROD-4372,Refrigeradora InstaView,Refrigerador inteligente con panel de cristal panorámico,2795.93,35,1,2026-09-19 17:55:08,2026-09-19 18:42:08
4373,PROD-4373,MacBook Air 15 M2 512GB,Laptop ultra delgada y liviana con gran autonomía - Color Negro,28668.02,43,1,2026-09-22 05:03:46,2026-09-22 05:24:46
4374,PROD-4374,Jeans 501 Original Fit,"Pantalón de mezclilla clásico de corte recto y ajuste cómodo (Talla XL, Color Gris)",1682.81,32,1,2026-09-20 15:05:23,2026-09-20 16:42:23
4375,PROD-4375,Cafetera Programable 12 Tazas,Cafetera de goteo con temporizador programable y jarra de vidrio,6332.74,29,1,2026-09-21 11:54:30,2026-09-21 13:07:30
4376,PROD-4376,Pantalón de Buzo Tech Fleece,"Pantalón deportivo térmico con diseño estilizado (Talla XL, Color Azul)",1103.59,50,1,2026-09-21 00:10:05,2026-09-21 02:04:05
4377,PROD-4377,Smartphone Redmi Note 13 Pro 512GB,Teléfono inteligente con excelente relación calidad-precio y gran cámara - Color Gris,11256.23,44,1,2026-09-19 01:42:24,2026-09-19 03:05:24
4378,PROD-4378,Cafetera Programable 12 Tazas,Cafetera de goteo con temporizador programable y jarra de vidrio,6748.62,22,1,2026-09-22 02:53:25,2026-09-22 03:48:25
4379,PROD-4379,Aspiradora Inalámbrica SpeedPro,Aspiradora escoba sin cable con cabezal de succión de 180 grados,1174.05,34,1,2026-09-22 07:58:06,2026-09-22 09:10:06
4380,PROD-4380,iPhone 16 Pro Max 512GB,Smartphone insignia de Apple con acabado en titanio y cámara profesional - Color Rojo,30980.15,8,1,2026-09-20 10:15:50,2026-09-20 11:06:50
4381,PROD-4381,Freidora de Aire 4L,Freidora sin aceite para cocinar de manera saludable y rápida,6974.98,30,1,2026-09-18 18:00:54,2026-09-18 18:46:54
4382,PROD-4382,Aspiradora Inalámbrica SpeedPro,Aspiradora escoba sin cable con cabezal de succión de 180 grados,1349.92,11,1,2026-09-21 12:03:29,2026-09-21 12:09:29
4383,PROD-4383,Tablet Galaxy Tab S9 512GB,"Tableta de alto rendimiento para diseño, trabajo y entretenimiento - Color Azul",16647.32,19,1,2026-09-22 02:59:13,2026-09-22 03:35:13
4384,PROD-4384,Freidora XXL Airfryer,Freidora de aire de gran capacidad con tecnología de extracción de grasa,5440.41,60,1,2026-09-21 11:22:10,2026-09-21 11:55:10
4385,PROD-4385,Freidora XXL Airfryer,Freidora de aire de gran capacidad con tecnología de extracción de grasa,1714.41,31,1,2026-09-20 07:33:30,2026-09-20 08:37:30
4386,PROD-4386,Polera Sportswear Club Fleece,"Sudadera de felpa con capucha y ajuste estándar (Talla S, Color Blanco)",1086.61,92,1,2026-09-21 21:51:01,2026-09-21 23:12:01
4387,PROD-4387,Zapatillas Air Force 1 '07,"Tenis clásicos de cuero blanco para uso urbano y casual (Talla XL, Color Rojo)",1056.92,93,1,2026-09-19 17:50:19,2026-09-19 18:49:19
4388,PROD-4388,Refrigeradora InstaView,Refrigerador inteligente con panel de cristal panorámico,11649.62,20,1,2026-09-18 08:24:41,2026-09-18 09:32:41
4389,PROD-4389,Polera Sportswear Club Fleece,"Sudadera de felpa con capucha y ajuste estándar (Talla S, Color Verde)",1962.23,54,1,2026-09-20 10:08:02,2026-09-20 11:43:02
4390,PROD-4390,Aspiradora Inalámbrica SpeedPro,Aspiradora escoba sin cable con cabezal de succión de 180 grados,3152.15,40,1,2026-09-18 01:35:20,2026-09-18 02:58:20
4391,PROD-4391,Zapatillas Air Force 1 '07,"Tenis clásicos de cuero blanco para uso urbano y casual (Talla M, Color Rojo)",2012.84,43,1,2026-09-21 06:49:36,2026-09-21 08:10:36
4392,PROD-4392,Apple Watch Series 10,Reloj inteligente con sensores avanzados de salud y actividad física,6451.37,18,1,2026-09-21 23:22:12,2026-09-22 00:56:12
4393,PROD-4393,Aspiradora Inalámbrica SpeedPro,Aspiradora escoba sin cable con cabezal de succión de 180 grados,414.30,9,1,2026-09-20 07:04:48,2026-09-20 07:17:48
4394,PROD-4394,Zapatillas Running Pegasus 40,"Calzado de correr con amortiguación reactiva para entrenamiento (Talla XL, Color Verde)",1890.08,42,1,2026-09-21 21:36:12,2026-09-21 22:39:12
4395,PROD-4395,Freidora XXL Airfryer,Freidora de aire de gran capacidad con tecnología de extracción de grasa,7803.87,15,1,2026-09-20 20:19:35,2026-09-20 21:03:35
4396,PROD-4396,Aspiradora Inalámbrica SpeedPro,Aspiradora escoba sin cable con cabezal de succión de 180 grados,7959.67,41,1,2026-09-21 19:10:35,2026-09-21 19:37:35
4397,PROD-4397,Polera Sportswear Club Fleece,"Sudadera de felpa con capucha y ajuste estándar (Talla XL, Color Negro)",613.72,13,1,2026-09-18 15:10:06,2026-09-18 16:27:06
4398,PROD-4398,Jeans 501 Original Fit,"Pantalón de mezclilla clásico de corte recto y ajuste cómodo (Talla S, Color Azul)",1098.06,96,1,2026-09-17 15:54:25,2026-09-17 17:18:25
4399,PROD-4399,Monitor Odyssey G9,Monitor curvo ultrawide diseñado para gaming profesional,27114.52,29,1,2026-09-20 06:21:05,2026-09-20 07:34:05
4400,PROD-4400,Freidora XXL Airfryer,Freidora de aire de gran capacidad con tecnología de extracción de grasa,4115.50,35,1,2026-09-21 17:24:30,2026-09-21 18:40:30
4401,PROD-4401,Monitor UltraGear 27,Monitor de alta frecuencia de actualización para juegos competitivos,11640.47,11,1,2026-09-19 21:18:04,2026-09-19 23:13:04
4402,PROD-4402,Licuadora Reversible 2 Velocidades,Licuadora con motor reversible y vaso de vidrio resistente a choques térmicos,6094.38,31,1,2026-09-20 23:34:43,2026-09-21 01:17:43
4403,PROD-4403,Refrigeradora InstaView,Refrigerador inteligente con panel de cristal panorámico,15559.83,30,1,2026-09-21 13:55:54,2026-09-21 14:26:54
4404,PROD-4404,Camiseta Graphic Setin Neck,"Playera casual de algodón con estampado frontal (Talla XL, Color Blanco)",1141.23,96,1,2026-09-22 07:13:21,2026-09-22 07:58:21
4405,PROD-4405,Freidora XXL Airfryer,Freidora de aire de gran capacidad con tecnología de extracción de grasa,4116.78,37,1,2026-09-18 06:00:41,2026-09-18 06:17:41
4406,PROD-4406,Freidora de Aire 4L,Freidora sin aceite para cocinar de manera saludable y rápida,6321.09,21,1,2026-09-18 20:55:26,2026-09-18 22:37:26
4407,PROD-4407,Jeans 511 Slim Fit,"Pantalón de mezclilla ajustado de estilo moderno (Talla S, Color Negro)",935.03,16,1,2026-09-21 03:15:47,2026-09-21 04:14:47
4408,PROD-4408,Camiseta Graphic Setin Neck,"Playera casual de algodón con estampado frontal (Talla L, Color Rojo)",837.43,61,1,2026-09-21 13:16:43,2026-09-21 15:14:43
4409,PROD-4409,Smart TV Bravia XR OLED 55,Televisor OLED con negros absolutos y procesador de imagen cognitivo,25785.50,41,1,2026-09-19 23:39:26,2026-09-20 00:35:26
4410,PROD-4410,Parlante Portátil SRS-XG300,Bocina inalámbrica portátil resistente al agua con graves potentes,34695.93,17,1,2026-09-21 17:49:32,2026-09-21 19:27:32
4411,PROD-4411,Cafetera Programable 12 Tazas,Cafetera de goteo con temporizador programable y jarra de vidrio,791.78,37,1,2026-09-21 13:26:58,2026-09-21 14:58:58
4412,PROD-4412,Barra de Sonido HT-A7000,Sistema de audio para cine en casa con soporte Dolby Atmos,16011.83,28,1,2026-09-20 21:01:05,2026-09-20 22:45:05
4413,PROD-4413,Smartphone Redmi Note 13 Pro 256GB,Teléfono inteligente con excelente relación calidad-precio y gran cámara - Color Gris,6942.35,47,1,2026-09-19 23:48:28,2026-09-20 00:18:28
4414,PROD-4414,Aspiradora Inalámbrica SpeedPro,Aspiradora escoba sin cable con cabezal de succión de 180 grados,5777.32,59,1,2026-09-17 21:18:20,2026-09-17 21:36:20
4415,PROD-4415,Aspiradora Inalámbrica SpeedPro,Aspiradora escoba sin cable con cabezal de succión de 180 grados,7536.20,14,1,2026-09-18 00:14:25,2026-09-18 01:57:25
4416,PROD-4416,MacBook Pro 16 M3 256GB,Computadora portátil profesional para edición de video y desarrollo - Color Negro,9866.82,47,1,2026-09-18 11:35:23,2026-09-18 12:16:23
4417,PROD-4417,Smartphone Redmi Note 13 Pro 128GB,Teléfono inteligente con excelente relación calidad-precio y gran cámara - Color Rojo,17867.73,46,1,2026-09-20 18:57:18,2026-09-20 20:09:18
4418,PROD-4418,Parlante Portátil SRS-XG300,Bocina inalámbrica portátil resistente al agua con graves potentes,31212.71,30,1,2026-09-22 01:46:54,2026-09-22 03:23:54
4419,PROD-4419,Polera Sportswear Club Fleece,"Sudadera de felpa con capucha y ajuste estándar (Talla L, Color Azul)",2316.63,99,1,2026-09-18 18:38:08,2026-09-18 19:01:08
4420,PROD-4420,Zapatillas Samba OG,"Tenis de estilo retro icónicos en cuero de primera calidad (Talla L, Color Gris)",2337.75,24,1,2026-09-20 15:12:01,2026-09-20 15:24:01
4421,PROD-4421,Freidora XXL Airfryer,Freidora de aire de gran capacidad con tecnología de extracción de grasa,2025.10,36,1,2026-09-18 14:40:33,2026-09-18 15:45:33
4422,PROD-4422,Audífonos Bluetooth WH-1000XM5,Audífonos inalámbricos con la mejor cancelación de ruido del mercado,2556.82,40,1,2026-09-21 09:44:21,2026-09-21 11:06:21
4423,PROD-4423,Cafetera Programable 12 Tazas,Cafetera de goteo con temporizador programable y jarra de vidrio,4907.65,36,1,2026-09-21 20:32:48,2026-09-21 21:26:48
4424,PROD-4424,Freidora XXL Airfryer,Freidora de aire de gran capacidad con tecnología de extracción de grasa,4481.64,25,1,2026-09-20 11:41:17,2026-09-20 13:41:17
4425,PROD-4425,Smart TV Bravia XR OLED 55,Televisor OLED con negros absolutos y procesador de imagen cognitivo,24312.00,15,1,2026-09-17 15:25:15,2026-09-17 15:34:15
4426,PROD-4426,Polerón Adicolor Classics,"Sudadera clásica con el logotipo de las tres tiras (Talla M, Color Blanco)",872.31,44,1,2026-09-17 20:02:48,2026-09-17 21:57:48
4427,PROD-4427,Smartphone Galaxy S26 1TB,Smartphone compacto con pantalla fluida y excelente rendimiento - Color Blanco,19730.44,29,1,2026-09-17 13:01:13,2026-09-17 13:26:13
4428,PROD-4428,Monitor UltraGear 27,Monitor de alta frecuencia de actualización para juegos competitivos,31684.96,30,1,2026-09-19 05:44:56,2026-09-19 06:43:56
4429,PROD-4429,Jeans 501 Original Fit,"Pantalón de mezclilla clásico de corte recto y ajuste cómodo (Talla XL, Color Verde)",1779.78,65,1,2026-09-18 03:08:43,2026-09-18 04:17:43
4430,PROD-4430,Smart Band 8,Pulsera de actividad física con seguimiento del sueño y deporte,5625.53,43,1,2026-09-19 17:42:18,2026-09-19 17:42:18
4431,PROD-4431,Pantalón de Buzo Tech Fleece,"Pantalón deportivo térmico con diseño estilizado (Talla S, Color Verde)",1244.48,22,1,2026-09-20 12:01:40,2026-09-20 12:19:40
4432,PROD-4432,Parlante Portátil SRS-XG300,Bocina inalámbrica portátil resistente al agua con graves potentes,19086.12,38,1,2026-09-19 20:50:50,2026-09-19 22:01:50
4433,PROD-4433,Consola PlayStation 5 Slim,Consola de videojuegos de última generación con almacenamiento SSD ultra rápido,18285.64,41,1,2026-09-18 19:44:33,2026-09-18 19:49:33
4434,PROD-4434,Apple Watch Series 10,Reloj inteligente con sensores avanzados de salud y actividad física,30495.75,46,1,2026-09-19 11:11:59,2026-09-19 12:52:59
4435,PROD-4435,Zapatillas Running Pegasus 40,"Calzado de correr con amortiguación reactiva para entrenamiento (Talla XL, Color Azul)",991.80,85,1,2026-09-21 04:36:49,2026-09-21 04:46:49
4436,PROD-4436,Chaqueta Camionera de Mezclilla,"Chaqueta clásica de mezclilla resistente para uso diario (Talla M, Color Rojo)",1815.72,59,1,2026-09-22 05:37:37,2026-09-22 07:33:37
4437,PROD-4437,Zapatillas Ultraboost Light,"Tenis de running con retorno de energía superior y ligereza (Talla XL, Color Verde)",383.25,48,1,2026-09-18 06:23:25,2026-09-18 07:06:25
4438,PROD-4438,Cafetera Programable 12 Tazas,Cafetera de goteo con temporizador programable y jarra de vidrio,7706.09,36,1,2026-09-21 14:46:46,2026-09-21 14:52:46
4439,PROD-4439,Smart TV OLED C3 65,Televisor inteligente ideal para videojuegos y películas con pánel OLED,26677.45,28,1,2026-09-20 20:43:02,2026-09-20 21:56:02
4440,PROD-4440,Apple Watch Series 10,Reloj inteligente con sensores avanzados de salud y actividad física,35768.19,14,1,2026-09-20 23:45:52,2026-09-21 00:35:52
4441,PROD-4441,Camiseta Graphic Setin Neck,"Playera casual de algodón con estampado frontal (Talla L, Color Blanco)",603.41,52,1,2026-09-18 23:16:17,2026-09-18 23:24:17
4442,PROD-4442,Cafetera Programable 12 Tazas,Cafetera de goteo con temporizador programable y jarra de vidrio,7250.09,54,1,2026-09-18 07:32:05,2026-09-18 09:11:05
4443,PROD-4443,Camiseta Graphic Setin Neck,"Playera casual de algodón con estampado frontal (Talla S, Color Blanco)",724.60,64,1,2026-09-20 22:34:18,2026-09-21 00:08:18
4444,PROD-4444,Refrigeradora InstaView,Refrigerador inteligente con panel de cristal panorámico,18606.56,28,1,2026-09-22 06:47:52,2026-09-22 07:22:52
4445,PROD-4445,Licuadora Reversible 2 Velocidades,Licuadora con motor reversible y vaso de vidrio resistente a choques térmicos,6972.78,46,1,2026-09-18 21:07:52,2026-09-18 21:32:52
4446,PROD-4446,Zapatillas Ultraboost Light,"Tenis de running con retorno de energía superior y ligereza (Talla L, Color Blanco)",1817.25,89,1,2026-09-21 08:23:10,2026-09-21 08:33:10
4447,PROD-4447,Patinete Eléctrico Pro 4,Scooter eléctrico con gran autonomía para movilidad urbana,16426.53,25,1,2026-09-17 23:39:28,2026-09-18 00:40:28
4448,PROD-4448,Polera Sportswear Club Fleece,"Sudadera de felpa con capucha y ajuste estándar (Talla XL, Color Rojo)",818.00,98,1,2026-09-21 18:10:43,2026-09-21 18:54:43
4449,PROD-4449,Smartphone Galaxy S26 128GB,Smartphone compacto con pantalla fluida y excelente rendimiento - Color Gris,2171.51,10,1,2026-09-18 09:16:54,2026-09-18 11:12:54
4450,PROD-4450,Licuadora Reversible 2 Velocidades,Licuadora con motor reversible y vaso de vidrio resistente a choques térmicos,1059.53,29,1,2026-09-19 16:53:57,2026-09-19 17:58:57
4451,PROD-4451,Freidora XXL Airfryer,Freidora de aire de gran capacidad con tecnología de extracción de grasa,7481.16,29,1,2026-09-22 09:02:05,2026-09-22 10:39:05
4452,PROD-4452,Freidora XXL Airfryer,Freidora de aire de gran capacidad con tecnología de extracción de grasa,4145.14,39,1,2026-09-17 23:13:08,2026-09-18 01:02:08
4453,PROD-4453,Zapatillas Ultraboost Light,"Tenis de running con retorno de energía superior y ligereza (Talla M, Color Negro)",1092.61,74,1,2026-09-20 05:10:13,2026-09-20 07:06:13
4454,PROD-4454,Monitor UltraGear 27,Monitor de alta frecuencia de actualización para juegos competitivos,3116.84,21,1,2026-09-21 17:06:19,2026-09-21 17:54:19
4455,PROD-4455,Consola PlayStation 5 Slim,Consola de videojuegos de última generación con almacenamiento SSD ultra rápido,34692.76,21,1,2026-09-20 18:07:38,2026-09-20 19:50:38
4456,PROD-4456,Refrigeradora InstaView,Refrigerador inteligente con panel de cristal panorámico,11886.99,20,1,2026-09-20 04:38:02,2026-09-20 05:27:02
4457,PROD-4457,Freidora XXL Airfryer,Freidora de aire de gran capacidad con tecnología de extracción de grasa,6146.01,37,1,2026-09-22 02:37:04,2026-09-22 04:23:04
4458,PROD-4458,Pantalón de Buzo Tech Fleece,"Pantalón deportivo térmico con diseño estilizado (Talla XL, Color Negro)",370.19,45,1,2026-09-18 20:02:38,2026-09-18 20:41:38
4459,PROD-4459,Polerón Adicolor Classics,"Sudadera clásica con el logotipo de las tres tiras (Talla XL, Color Verde)",1715.30,39,1,2026-09-17 23:00:45,2026-09-18 00:21:45
4460,PROD-4460,Jeans 501 Original Fit,"Pantalón de mezclilla clásico de corte recto y ajuste cómodo (Talla M, Color Blanco)",730.65,84,1,2026-09-22 06:35:27,2026-09-22 07:28:27
4461,PROD-4461,Aspiradora Inalámbrica SpeedPro,Aspiradora escoba sin cable con cabezal de succión de 180 grados,7334.31,39,1,2026-09-19 01:48:33,2026-09-19 03:39:33
4462,PROD-4462,Jeans 501 Original Fit,"Pantalón de mezclilla clásico de corte recto y ajuste cómodo (Talla L, Color Rojo)",953.95,78,1,2026-09-17 17:38:50,2026-09-17 18:53:50
4463,PROD-4463,Zapatillas Samba OG,"Tenis de estilo retro icónicos en cuero de primera calidad (Talla M, Color Negro)",1514.01,54,1,2026-09-19 19:43:15,2026-09-19 19:45:15
4464,PROD-4464,Zapatillas Air Max 270,"Calzado deportivo con cápsula de aire visible para máxima comodidad (Talla XL, Color Negro)",1328.28,84,1,2026-09-19 15:46:07,2026-09-19 17:30:07
4465,PROD-4465,Aspiradora Inalámbrica SpeedPro,Aspiradora escoba sin cable con cabezal de succión de 180 grados,3543.03,15,1,2026-09-18 02:40:34,2026-09-18 02:53:34
4466,PROD-4466,Robot Aspiradora X10+,Aspiradora robótica con estación de vaciado automático y mapeo láser,17279.30,24,1,2026-09-20 04:49:53,2026-09-20 05:35:53
4467,PROD-4467,Polerón Adicolor Classics,"Sudadera clásica con el logotipo de las tres tiras (Talla L, Color Azul)",1084.05,29,1,2026-09-20 13:53:04,2026-09-20 15:05:04
4468,PROD-4468,Jeans 511 Slim Fit,"Pantalón de mezclilla ajustado de estilo moderno (Talla XL, Color Verde)",1589.72,47,1,2026-09-20 13:10:53,2026-09-20 13:53:53
4469,PROD-4469,Zapatillas Ultraboost Light,"Tenis de running con retorno de energía superior y ligereza (Talla M, Color Rojo)",372.40,74,1,2026-09-19 00:54:19,2026-09-19 02:21:19
4470,PROD-4470,Zapatillas Samba OG,"Tenis de estilo retro icónicos en cuero de primera calidad (Talla XL, Color Negro)",2162.13,58,1,2026-09-21 20:44:03,2026-09-21 21:59:03
4471,PROD-4471,Cafetera Programable 12 Tazas,Cafetera de goteo con temporizador programable y jarra de vidrio,5855.50,34,1,2026-09-17 21:12:50,2026-09-17 21:39:50
4472,PROD-4472,Freidora de Aire 4L,Freidora sin aceite para cocinar de manera saludable y rápida,6341.59,38,1,2026-09-17 16:16:32,2026-09-17 17:35:32
4473,PROD-4473,Pantalón de Buzo Tech Fleece,"Pantalón deportivo térmico con diseño estilizado (Talla XL, Color Rojo)",1155.36,15,1,2026-09-22 01:35:04,2026-09-22 02:58:04
4474,PROD-4474,Refrigeradora InstaView,Refrigerador inteligente con panel de cristal panorámico,32204.34,31,1,2026-09-18 08:22:29,2026-09-18 09:10:29
4475,PROD-4475,Smart Band 8,Pulsera de actividad física con seguimiento del sueño y deporte,21418.71,33,1,2026-09-17 21:31:00,2026-09-17 22:56:00
4476,PROD-4476,Monitor Odyssey G9,Monitor curvo ultrawide diseñado para gaming profesional,27454.77,27,1,2026-09-18 05:18:00,2026-09-18 05:34:00
4477,PROD-4477,Freidora XXL Airfryer,Freidora de aire de gran capacidad con tecnología de extracción de grasa,1824.48,58,1,2026-09-17 16:05:16,2026-09-17 16:57:16
4478,PROD-4478,Freidora de Aire 4L,Freidora sin aceite para cocinar de manera saludable y rápida,1933.04,22,1,2026-09-18 15:24:20,2026-09-18 16:51:20
4479,PROD-4479,Smartphone Galaxy S26 256GB,Smartphone compacto con pantalla fluida y excelente rendimiento - Color Rojo,21423.23,19,1,2026-09-19 00:05:28,2026-09-19 00:40:28
4480,PROD-4480,Camiseta Graphic Setin Neck,"Playera casual de algodón con estampado frontal (Talla S, Color Azul)",1566.90,43,1,2026-09-21 18:25:35,2026-09-21 18:54:35
4481,PROD-4481,Freidora de Aire 4L,Freidora sin aceite para cocinar de manera saludable y rápida,5050.99,49,1,2026-09-18 06:21:54,2026-09-18 06:45:54
4482,PROD-4482,Zapatillas Running Pegasus 40,"Calzado de correr con amortiguación reactiva para entrenamiento (Talla XL, Color Gris)",2023.84,86,1,2026-09-19 07:51:07,2026-09-19 08:02:07
4483,PROD-4483,Monitor UltraGear 27,Monitor de alta frecuencia de actualización para juegos competitivos,9106.62,50,1,2026-09-17 18:25:46,2026-09-17 18:29:46
4484,PROD-4484,Polera Sportswear Club Fleece,"Sudadera de felpa con capucha y ajuste estándar (Talla L, Color Gris)",1493.17,53,1,2026-09-18 23:05:51,2026-09-18 23:18:51
4485,PROD-4485,Refrigeradora InstaView,Refrigerador inteligente con panel de cristal panorámico,27247.24,38,1,2026-09-22 05:26:03,2026-09-22 05:27:03
4486,PROD-4486,Chaqueta Camionera de Mezclilla,"Chaqueta clásica de mezclilla resistente para uso diario (Talla L, Color Gris)",2294.71,77,1,2026-09-22 08:10:50,2026-09-22 08:10:50
4487,PROD-4487,Camiseta Graphic Setin Neck,"Playera casual de algodón con estampado frontal (Talla XL, Color Gris)",2436.84,56,1,2026-09-19 11:51:26,2026-09-19 13:33:26
4488,PROD-4488,Robot Aspiradora X10+,Aspiradora robótica con estación de vaciado automático y mapeo láser,31017.21,32,1,2026-09-20 19:33:05,2026-09-20 20:40:05
4489,PROD-4489,Aspiradora Inalámbrica SpeedPro,Aspiradora escoba sin cable con cabezal de succión de 180 grados,608.34,19,1,2026-09-17 17:28:49,2026-09-17 17:57:49
4490,PROD-4490,Licuadora Reversible 2 Velocidades,Licuadora con motor reversible y vaso de vidrio resistente a choques térmicos,1329.81,12,1,2026-09-20 09:20:26,2026-09-20 09:24:26
4491,PROD-4491,Refrigeradora InstaView,Refrigerador inteligente con panel de cristal panorámico,32576.63,40,1,2026-09-19 21:47:55,2026-09-19 22:40:55
4492,PROD-4492,Refrigeradora InstaView,Refrigerador inteligente con panel de cristal panorámico,23995.08,39,1,2026-09-22 09:29:02,2026-09-22 10:29:02
4493,PROD-4493,Freidora XXL Airfryer,Freidora de aire de gran capacidad con tecnología de extracción de grasa,7389.61,41,1,2026-09-20 11:44:51,2026-09-20 12:09:51
4494,PROD-4494,Freidora de Aire 4L,Freidora sin aceite para cocinar de manera saludable y rápida,6490.93,59,1,2026-09-19 08:27:46,2026-09-19 09:39:46
4495,PROD-4495,Zapatillas Air Max 270,"Calzado deportivo con cápsula de aire visible para máxima comodidad (Talla S, Color Azul)",2318.78,83,1,2026-09-19 20:29:26,2026-09-19 21:08:26
4496,PROD-4496,Camiseta Graphic Setin Neck,"Playera casual de algodón con estampado frontal (Talla S, Color Blanco)",768.60,33,1,2026-09-20 18:16:39,2026-09-20 19:27:39
4497,PROD-4497,Freidora de Aire 4L,Freidora sin aceite para cocinar de manera saludable y rápida,434.12,28,1,2026-09-17 22:48:06,2026-09-18 00:17:06
4498,PROD-4498,Audífonos AirPods Pro 2,Audífonos intrauditivos con cancelación de ruido de nivel superior,17812.22,26,1,2026-09-21 15:05:06,2026-09-21 15:15:06
4499,PROD-4499,Smartphone Galaxy S26 256GB,Smartphone compacto con pantalla fluida y excelente rendimiento - Color Verde,25467.44,5,1,2026-09-17 23:20:19,2026-09-18 00:52:19
4500,PROD-4500,Polera Sportswear Club Fleece,"Sudadera de felpa con capucha y ajuste estándar (Talla L, Color Gris)",493.67,45,1,2026-09-20 16:31:09,2026-09-20 17:34:09
4501,PROD-4501,Cafetera Programable 12 Tazas,Cafetera de goteo con temporizador programable y jarra de vidrio,6973.15,12,1,2026-09-17 19:26:53,2026-09-17 21:17:53
4502,PROD-4502,Pantalón de Buzo Tech Fleece,"Pantalón deportivo térmico con diseño estilizado (Talla M, Color Azul)",1037.01,12,1,2026-09-22 04:56:29,2026-09-22 05:08:29
4503,PROD-4503,Camiseta Graphic Setin Neck,"Playera casual de algodón con estampado frontal (Talla XL, Color Gris)",942.92,16,1,2026-09-18 20:49:34,2026-09-18 22:40:34
4504,PROD-4504,Freidora XXL Airfryer,Freidora de aire de gran capacidad con tecnología de extracción de grasa,4057.74,57,1,2026-09-19 13:06:52,2026-09-19 13:43:52
4505,PROD-4505,Licuadora Reversible 2 Velocidades,Licuadora con motor reversible y vaso de vidrio resistente a choques térmicos,501.82,31,1,2026-09-20 13:17:42,2026-09-20 14:20:42
4506,PROD-4506,Audífonos AirPods Pro 2,Audífonos intrauditivos con cancelación de ruido de nivel superior,8173.94,39,1,2026-09-21 18:21:12,2026-09-21 19:43:12
4507,PROD-4507,Smartphone Redmi Note 13 Pro 128GB,Teléfono inteligente con excelente relación calidad-precio y gran cámara - Color Gris,12412.84,43,1,2026-09-18 09:43:00,2026-09-18 10:12:00
4508,PROD-4508,Smart Band 8,Pulsera de actividad física con seguimiento del sueño y deporte,3179.44,47,1,2026-09-20 16:45:59,2026-09-20 17:28:59
4509,PROD-4509,Cafetera Programable 12 Tazas,Cafetera de goteo con temporizador programable y jarra de vidrio,5220.44,8,1,2026-09-18 01:17:17,2026-09-18 02:03:17
4510,PROD-4510,Smart TV 65 Neo QLED,Televisor inteligente 4K con tecnología de puntos cuánticos y alto contraste,18120.48,35,1,2026-09-21 12:49:57,2026-09-21 13:05:57
4511,PROD-4511,Smart TV OLED C3 65,Televisor inteligente ideal para videojuegos y películas con pánel OLED,12939.11,41,1,2026-09-18 06:23:29,2026-09-18 06:28:29
4512,PROD-4512,Smart TV OLED C3 65,Televisor inteligente ideal para videojuegos y películas con pánel OLED,20014.66,27,1,2026-09-18 05:45:19,2026-09-18 06:15:19
4513,PROD-4513,Audífonos AirPods Max,Audífonos de diadema inalámbricos con sonido de alta fidelidad,30383.09,22,1,2026-09-20 23:08:55,2026-09-21 00:30:55
4514,PROD-4514,Robot Aspiradora X10+,Aspiradora robótica con estación de vaciado automático y mapeo láser,12586.54,15,1,2026-09-21 01:46:34,2026-09-21 03:42:34
4515,PROD-4515,Parlante Portátil SRS-XG300,Bocina inalámbrica portátil resistente al agua con graves potentes,34745.66,45,1,2026-09-19 17:31:38,2026-09-19 19:28:38
4516,PROD-4516,Jeans 501 Original Fit,"Pantalón de mezclilla clásico de corte recto y ajuste cómodo (Talla XL, Color Blanco)",2074.46,92,1,2026-09-20 03:57:57,2026-09-20 04:07:57
4517,PROD-4517,Zapatillas Ultraboost Light,"Tenis de running con retorno de energía superior y ligereza (Talla S, Color Azul)",1068.63,68,1,2026-09-19 07:26:31,2026-09-19 08:55:31
4518,PROD-4518,Audífonos Bluetooth WH-1000XM5,Audífonos inalámbricos con la mejor cancelación de ruido del mercado,11115.45,34,1,2026-09-18 22:03:04,2026-09-18 23:17:04
4519,PROD-4519,Camiseta Graphic Setin Neck,"Playera casual de algodón con estampado frontal (Talla M, Color Gris)",1642.77,76,1,2026-09-20 18:47:20,2026-09-20 19:17:20
4520,PROD-4520,Licuadora Reversible 2 Velocidades,Licuadora con motor reversible y vaso de vidrio resistente a choques térmicos,2682.88,44,1,2026-09-22 06:39:39,2026-09-22 08:36:39
4521,PROD-4521,Zapatillas Samba OG,"Tenis de estilo retro icónicos en cuero de primera calidad (Talla M, Color Verde)",1283.62,69,1,2026-09-20 09:15:53,2026-09-20 09:36:53
4522,PROD-4522,Zapatillas Air Max 270,"Calzado deportivo con cápsula de aire visible para máxima comodidad (Talla L, Color Blanco)",1703.78,53,1,2026-09-19 07:40:28,2026-09-19 08:59:28
4523,PROD-4523,Zapatillas Samba OG,"Tenis de estilo retro icónicos en cuero de primera calidad (Talla M, Color Rojo)",2445.15,58,1,2026-09-19 16:03:48,2026-09-19 17:03:48
4524,PROD-4524,Smart TV Bravia XR OLED 55,Televisor OLED con negros absolutos y procesador de imagen cognitivo,27220.26,24,1,2026-09-18 19:48:18,2026-09-18 21:42:18
4525,PROD-4525,Licuadora Reversible 2 Velocidades,Licuadora con motor reversible y vaso de vidrio resistente a choques térmicos,5061.71,44,1,2026-09-17 18:11:03,2026-09-17 19:48:03
4526,PROD-4526,Parlante Portátil SRS-XG300,Bocina inalámbrica portátil resistente al agua con graves potentes,23478.23,46,1,2026-09-19 06:35:10,2026-09-19 06:51:10
4527,PROD-4527,Zapatillas Running Pegasus 40,"Calzado de correr con amortiguación reactiva para entrenamiento (Talla XL, Color Negro)",1696.94,16,1,2026-09-20 22:01:25,2026-09-20 22:37:25
4528,PROD-4528,Smart TV OLED C3 65,Televisor inteligente ideal para videojuegos y películas con pánel OLED,15372.73,27,1,2026-09-20 09:41:20,2026-09-20 10:10:20
4529,PROD-4529,Zapatillas Air Max 270,"Calzado deportivo con cápsula de aire visible para máxima comodidad (Talla L, Color Blanco)",1221.86,98,1,2026-09-22 04:50:15,2026-09-22 06:18:15
4530,PROD-4530,iPad Pro 12.9,Tableta profesional con pantalla Liquid Retina XDR y chip M2,9790.32,14,1,2026-09-17 16:10:16,2026-09-17 16:38:16
4531,PROD-4531,Zapatillas Ultraboost Light,"Tenis de running con retorno de energía superior y ligereza (Talla S, Color Rojo)",1985.02,44,1,2026-09-21 07:02:21,2026-09-21 07:09:21
4532,PROD-4532,Audífonos Bluetooth WH-1000XM5,Audífonos inalámbricos con la mejor cancelación de ruido del mercado,17070.01,11,1,2026-09-21 18:52:01,2026-09-21 19:06:01
4533,PROD-4533,Jeans 511 Slim Fit,"Pantalón de mezclilla ajustado de estilo moderno (Talla XL, Color Gris)",2309.60,43,1,2026-09-20 10:54:51,2026-09-20 12:44:51
4534,PROD-4534,Zapatillas Running Pegasus 40,"Calzado de correr con amortiguación reactiva para entrenamiento (Talla S, Color Negro)",1713.39,76,1,2026-09-19 02:04:52,2026-09-19 02:20:52
4535,PROD-4535,Licuadora Reversible 2 Velocidades,Licuadora con motor reversible y vaso de vidrio resistente a choques térmicos,7839.57,47,1,2026-09-20 16:10:42,2026-09-20 17:44:42
4536,PROD-4536,Polera Sportswear Club Fleece,"Sudadera de felpa con capucha y ajuste estándar (Talla M, Color Blanco)",1586.70,91,1,2026-09-18 22:39:11,2026-09-19 00:25:11
4537,PROD-4537,Aspiradora Inalámbrica SpeedPro,Aspiradora escoba sin cable con cabezal de succión de 180 grados,5601.38,52,1,2026-09-20 09:27:06,2026-09-20 11:07:06
4538,PROD-4538,Chaqueta Camionera de Mezclilla,"Chaqueta clásica de mezclilla resistente para uso diario (Talla M, Color Rojo)",392.74,31,1,2026-09-18 11:33:24,2026-09-18 12:28:24
4539,PROD-4539,Smart TV Bravia XR OLED 55,Televisor OLED con negros absolutos y procesador de imagen cognitivo,26365.09,20,1,2026-09-19 22:00:09,2026-09-19 22:41:09
4540,PROD-4540,Smartphone Galaxy Z Fold 6 256GB,Teléfono plegable con pantalla gigante para productividad y multitarea - Color Rojo,20478.25,41,1,2026-09-17 16:52:56,2026-09-17 18:22:56
4541,PROD-4541,Freidora de Aire 4L,Freidora sin aceite para cocinar de manera saludable y rápida,2684.67,37,1,2026-09-19 22:34:11,2026-09-19 22:42:11
4542,PROD-4542,Aspiradora Inalámbrica SpeedPro,Aspiradora escoba sin cable con cabezal de succión de 180 grados,1506.93,40,1,2026-09-20 10:33:26,2026-09-20 11:04:26
4543,PROD-4543,Aspiradora Inalámbrica SpeedPro,Aspiradora escoba sin cable con cabezal de succión de 180 grados,2374.54,11,1,2026-09-21 19:23:57,2026-09-21 21:20:57
4544,PROD-4544,Jeans 511 Slim Fit,"Pantalón de mezclilla ajustado de estilo moderno (Talla S, Color Azul)",1681.37,86,1,2026-09-18 08:16:19,2026-09-18 09:48:19
4545,PROD-4545,Cafetera Programable 12 Tazas,Cafetera de goteo con temporizador programable y jarra de vidrio,3689.80,31,1,2026-09-22 09:31:47,2026-09-22 11:21:47
4546,PROD-4546,Zapatillas Ultraboost Light,"Tenis de running con retorno de energía superior y ligereza (Talla M, Color Gris)",2405.31,97,1,2026-09-20 23:02:06,2026-09-20 23:53:06
4547,PROD-4547,Freidora de Aire 4L,Freidora sin aceite para cocinar de manera saludable y rápida,2827.93,21,1,2026-09-21 23:01:54,2026-09-22 00:40:54
4548,PROD-4548,Cafetera Programable 12 Tazas,Cafetera de goteo con temporizador programable y jarra de vidrio,3035.37,40,1,2026-09-20 07:37:58,2026-09-20 08:48:58
4549,PROD-4549,Freidora de Aire 4L,Freidora sin aceite para cocinar de manera saludable y rápida,3870.72,23,1,2026-09-22 07:35:44,2026-09-22 09:20:44
4550,PROD-4550,Licuadora Reversible 2 Velocidades,Licuadora con motor reversible y vaso de vidrio resistente a choques térmicos,2271.68,38,1,2026-09-18 21:12:34,2026-09-18 21:47:34
4551,PROD-4551,Jeans 511 Slim Fit,"Pantalón de mezclilla ajustado de estilo moderno (Talla S, Color Blanco)",2469.38,64,1,2026-09-19 08:32:14,2026-09-19 08:44:14
4552,PROD-4552,MacBook Air 15 M2 1TB,Laptop ultra delgada y liviana con gran autonomía - Color Gris,1268.18,41,1,2026-09-20 17:48:58,2026-09-20 18:35:58
4553,PROD-4553,Smartphone Xiaomi 14 Ultra 128GB,Smartphone de gama alta enfocado en fotografía profesional Leica - Color Blanco,8670.38,7,1,2026-09-19 10:34:19,2026-09-19 12:31:19
4554,PROD-4554,Smartphone Redmi Note 13 Pro 256GB,Teléfono inteligente con excelente relación calidad-precio y gran cámara - Color Blanco,29663.23,25,1,2026-09-18 01:18:53,2026-09-18 03:02:53
4555,PROD-4555,Smartphone Redmi Note 13 Pro 512GB,Teléfono inteligente con excelente relación calidad-precio y gran cámara - Color Gris,12011.45,36,1,2026-09-17 19:14:31,2026-09-17 20:56:31
4556,PROD-4556,Freidora XXL Airfryer,Freidora de aire de gran capacidad con tecnología de extracción de grasa,2477.71,17,1,2026-09-21 09:40:31,2026-09-21 11:24:31
4557,PROD-4557,Aspiradora Inalámbrica SpeedPro,Aspiradora escoba sin cable con cabezal de succión de 180 grados,3388.85,12,1,2026-09-17 22:49:06,2026-09-18 00:04:06
4558,PROD-4558,Freidora de Aire 4L,Freidora sin aceite para cocinar de manera saludable y rápida,6578.89,13,1,2026-09-18 06:31:21,2026-09-18 07:12:21
4559,PROD-4559,Smart TV OLED C3 65,Televisor inteligente ideal para videojuegos y películas con pánel OLED,33919.00,38,1,2026-09-17 22:20:01,2026-09-17 23:35:01
4560,PROD-4560,iPad Pro 12.9,Tableta profesional con pantalla Liquid Retina XDR y chip M2,32571.36,27,1,2026-09-21 19:33:33,2026-09-21 21:08:33
4561,PROD-4561,Parlante Portátil SRS-XG300,Bocina inalámbrica portátil resistente al agua con graves potentes,34615.43,9,1,2026-09-21 05:08:15,2026-09-21 06:39:15
4562,PROD-4562,Chaqueta Camionera de Mezclilla,"Chaqueta clásica de mezclilla resistente para uso diario (Talla XL, Color Gris)",1119.58,25,1,2026-09-19 20:29:41,2026-09-19 21:24:41
4563,PROD-4563,Audífonos AirPods Pro 2,Audífonos intrauditivos con cancelación de ruido de nivel superior,22929.03,13,1,2026-09-19 03:47:44,2026-09-19 04:39:44
4564,PROD-4564,Smart TV 65 Neo QLED,Televisor inteligente 4K con tecnología de puntos cuánticos y alto contraste,4771.52,31,1,2026-09-18 06:53:28,2026-09-18 08:41:28
4565,PROD-4565,Refrigeradora InstaView,Refrigerador inteligente con panel de cristal panorámico,13446.28,50,1,2026-09-20 02:21:21,2026-09-20 02:51:21
4566,PROD-4566,Jeans 501 Original Fit,"Pantalón de mezclilla clásico de corte recto y ajuste cómodo (Talla S, Color Azul)",1287.01,19,1,2026-09-19 08:53:31,2026-09-19 08:58:31
4567,PROD-4567,Jeans 501 Original Fit,"Pantalón de mezclilla clásico de corte recto y ajuste cómodo (Talla L, Color Rojo)",1559.11,59,1,2026-09-20 12:19:02,2026-09-20 14:02:02
4568,PROD-4568,Polerón Adicolor Classics,"Sudadera clásica con el logotipo de las tres tiras (Talla XL, Color Rojo)",1307.59,19,1,2026-09-19 07:55:56,2026-09-19 08:19:56
4569,PROD-4569,Cafetera Programable 12 Tazas,Cafetera de goteo con temporizador programable y jarra de vidrio,7729.08,9,1,2026-09-20 12:55:50,2026-09-20 13:00:50
4570,PROD-4570,Licuadora Reversible 2 Velocidades,Licuadora con motor reversible y vaso de vidrio resistente a choques térmicos,735.40,26,1,2026-09-22 02:48:39,2026-09-22 04:24:39
4571,PROD-4571,Zapatillas Ultraboost Light,"Tenis de running con retorno de energía superior y ligereza (Talla S, Color Verde)",815.58,29,1,2026-09-20 10:04:37,2026-09-20 11:50:37
4572,PROD-4572,Cafetera Programable 12 Tazas,Cafetera de goteo con temporizador programable y jarra de vidrio,4913.62,10,1,2026-09-19 04:17:16,2026-09-19 05:59:16
4573,PROD-4573,Zapatillas Ultraboost Light,"Tenis de running con retorno de energía superior y ligereza (Talla XL, Color Blanco)",1542.95,24,1,2026-09-19 22:43:23,2026-09-19 23:48:23
4574,PROD-4574,Polerón Adicolor Classics,"Sudadera clásica con el logotipo de las tres tiras (Talla L, Color Negro)",1484.00,97,1,2026-09-19 14:47:56,2026-09-19 16:46:56
4575,PROD-4575,Zapatillas Ultraboost Light,"Tenis de running con retorno de energía superior y ligereza (Talla L, Color Verde)",425.65,85,1,2026-09-19 18:57:45,2026-09-19 19:39:45
4576,PROD-4576,Polerón Adicolor Classics,"Sudadera clásica con el logotipo de las tres tiras (Talla M, Color Azul)",1379.06,77,1,2026-09-17 16:20:56,2026-09-17 16:21:56
4577,PROD-4577,Camiseta Graphic Setin Neck,"Playera casual de algodón con estampado frontal (Talla M, Color Negro)",1906.61,80,1,2026-09-18 03:42:23,2026-09-18 05:08:23
4578,PROD-4578,Aspiradora Inalámbrica SpeedPro,Aspiradora escoba sin cable con cabezal de succión de 180 grados,1572.97,20,1,2026-09-20 06:04:24,2026-09-20 06:30:24
4579,PROD-4579,Polera Sportswear Club Fleece,"Sudadera de felpa con capucha y ajuste estándar (Talla S, Color Azul)",1458.89,13,1,2026-09-20 17:02:57,2026-09-20 17:30:57
4580,PROD-4580,Robot Aspiradora X10+,Aspiradora robótica con estación de vaciado automático y mapeo láser,16242.28,38,1,2026-09-22 02:04:29,2026-09-22 03:20:29
4581,PROD-4581,Freidora XXL Airfryer,Freidora de aire de gran capacidad con tecnología de extracción de grasa,5275.73,30,1,2026-09-19 04:43:33,2026-09-19 06:00:33
4582,PROD-4582,Freidora de Aire 4L,Freidora sin aceite para cocinar de manera saludable y rápida,3907.02,13,1,2026-09-19 01:15:13,2026-09-19 02:04:13
4583,PROD-4583,Zapatillas Running Pegasus 40,"Calzado de correr con amortiguación reactiva para entrenamiento (Talla S, Color Azul)",1164.67,75,1,2026-09-21 20:41:01,2026-09-21 21:34:01
4584,PROD-4584,Zapatillas Air Force 1 '07,"Tenis clásicos de cuero blanco para uso urbano y casual (Talla L, Color Azul)",2270.41,20,1,2026-09-20 01:15:02,2026-09-20 01:53:02
4585,PROD-4585,Zapatillas Air Force 1 '07,"Tenis clásicos de cuero blanco para uso urbano y casual (Talla L, Color Verde)",1656.38,56,1,2026-09-22 10:55:41,2026-09-22 11:46:41
4586,PROD-4586,Audífonos Bluetooth WH-1000XM5,Audífonos inalámbricos con la mejor cancelación de ruido del mercado,33377.56,10,1,2026-09-20 12:43:33,2026-09-20 12:49:33
4587,PROD-4587,Freidora XXL Airfryer,Freidora de aire de gran capacidad con tecnología de extracción de grasa,4873.14,17,1,2026-09-17 13:43:30,2026-09-17 15:15:30
4588,PROD-4588,iPad Pro 12.9,Tableta profesional con pantalla Liquid Retina XDR y chip M2,19288.59,27,1,2026-09-20 01:45:56,2026-09-20 02:27:56
4589,PROD-4589,Audífonos AirPods Max,Audífonos de diadema inalámbricos con sonido de alta fidelidad,25474.46,35,1,2026-09-22 07:04:47,2026-09-22 07:34:47
4590,PROD-4590,iPhone 16 Pro 1TB,Teléfono inteligente premium con chip de alto rendimiento y triple cámara - Color Azul,24906.71,35,1,2026-09-18 03:07:29,2026-09-18 04:22:29
4591,PROD-4591,Smartphone Redmi Note 13 Pro 512GB,Teléfono inteligente con excelente relación calidad-precio y gran cámara - Color Gris,19936.46,48,1,2026-09-18 09:44:29,2026-09-18 09:45:29
4592,PROD-4592,MacBook Air 15 M2 128GB,Laptop ultra delgada y liviana con gran autonomía - Color Blanco,34364.74,23,1,2026-09-19 12:26:20,2026-09-19 13:07:20
4593,PROD-4593,Tablet Galaxy Tab S9 512GB,"Tableta de alto rendimiento para diseño, trabajo y entretenimiento - Color Rojo",35735.61,37,1,2026-09-21 23:45:54,2026-09-22 01:17:54
4594,PROD-4594,Refrigeradora InstaView,Refrigerador inteligente con panel de cristal panorámico,33103.29,18,1,2026-09-20 22:04:57,2026-09-20 23:52:57
4595,PROD-4595,Pantalón de Buzo Tech Fleece,"Pantalón deportivo térmico con diseño estilizado (Talla M, Color Rojo)",1446.50,27,1,2026-09-19 08:29:00,2026-09-19 09:17:00
4596,PROD-4596,Smartphone Xiaomi 14 Ultra 128GB,Smartphone de gama alta enfocado en fotografía profesional Leica - Color Blanco,28840.86,23,1,2026-09-18 23:34:53,2026-09-19 00:41:53
4597,PROD-4597,Smartphone Galaxy S26 Ultra 128GB,Smartphone de alta gama con cámara de 200MP y pantalla Dynamic AMOLED - Color Rojo,3321.11,19,1,2026-09-19 08:55:21,2026-09-19 09:15:21
4598,PROD-4598,Freidora XXL Airfryer,Freidora de aire de gran capacidad con tecnología de extracción de grasa,7892.96,39,1,2026-09-21 16:05:06,2026-09-21 17:36:06
4599,PROD-4599,Camiseta Graphic Setin Neck,"Playera casual de algodón con estampado frontal (Talla XL, Color Gris)",2479.29,62,1,2026-09-22 01:15:12,2026-09-22 02:04:12
4600,PROD-4600,Refrigeradora InstaView,Refrigerador inteligente con panel de cristal panorámico,18126.84,17,1,2026-09-19 15:40:25,2026-09-19 15:52:25
4601,PROD-4601,Freidora XXL Airfryer,Freidora de aire de gran capacidad con tecnología de extracción de grasa,1504.07,17,1,2026-09-20 05:14:04,2026-09-20 06:53:04
4602,PROD-4602,Zapatillas Samba OG,"Tenis de estilo retro icónicos en cuero de primera calidad (Talla S, Color Negro)",706.76,41,1,2026-09-17 16:47:51,2026-09-17 17:03:51
4603,PROD-4603,Consola PlayStation 5 Slim,Consola de videojuegos de última generación con almacenamiento SSD ultra rápido,13715.95,34,1,2026-09-20 05:07:39,2026-09-20 06:56:39
4604,PROD-4604,iPad Pro 12.9,Tableta profesional con pantalla Liquid Retina XDR y chip M2,3297.84,28,1,2026-09-20 14:53:32,2026-09-20 16:05:32
4605,PROD-4605,Freidora de Aire 4L,Freidora sin aceite para cocinar de manera saludable y rápida,1177.40,41,1,2026-09-21 06:58:01,2026-09-21 07:19:01
4606,PROD-4606,Freidora de Aire 4L,Freidora sin aceite para cocinar de manera saludable y rápida,927.82,33,1,2026-09-20 02:10:42,2026-09-20 02:15:42
4607,PROD-4607,Licuadora Reversible 2 Velocidades,Licuadora con motor reversible y vaso de vidrio resistente a choques térmicos,2053.08,16,1,2026-09-20 10:23:52,2026-09-20 11:30:52
4608,PROD-4608,Aspiradora Inalámbrica SpeedPro,Aspiradora escoba sin cable con cabezal de succión de 180 grados,4092.95,47,1,2026-09-17 16:15:26,2026-09-17 17:29:26
4609,PROD-4609,Freidora XXL Airfryer,Freidora de aire de gran capacidad con tecnología de extracción de grasa,3563.76,28,1,2026-09-18 07:49:27,2026-09-18 08:49:27
4610,PROD-4610,Zapatillas Samba OG,"Tenis de estilo retro icónicos en cuero de primera calidad (Talla L, Color Gris)",1001.30,11,1,2026-09-18 08:26:16,2026-09-18 08:46:16
4611,PROD-4611,Polerón Adicolor Classics,"Sudadera clásica con el logotipo de las tres tiras (Talla M, Color Gris)",1503.89,60,1,2026-09-18 15:13:51,2026-09-18 16:45:51
4612,PROD-4612,Audífonos AirPods Max,Audífonos de diadema inalámbricos con sonido de alta fidelidad,8832.04,9,1,2026-09-19 07:04:40,2026-09-19 07:50:40
4613,PROD-4613,iPhone 16 Pro 128GB,Teléfono inteligente premium con chip de alto rendimiento y triple cámara - Color Rojo,1620.60,14,1,2026-09-19 18:44:12,2026-09-19 20:10:12
4614,PROD-4614,Polerón Adicolor Classics,"Sudadera clásica con el logotipo de las tres tiras (Talla S, Color Gris)",2044.17,87,1,2026-09-22 02:21:56,2026-09-22 02:52:56
4615,PROD-4615,Freidora XXL Airfryer,Freidora de aire de gran capacidad con tecnología de extracción de grasa,3312.58,9,1,2026-09-19 01:45:38,2026-09-19 02:43:38
4616,PROD-4616,Refrigeradora InstaView,Refrigerador inteligente con panel de cristal panorámico,30082.59,12,1,2026-09-18 02:12:10,2026-09-18 03:56:10
4617,PROD-4617,Cafetera Programable 12 Tazas,Cafetera de goteo con temporizador programable y jarra de vidrio,2796.50,32,1,2026-09-21 11:09:11,2026-09-21 12:35:11
4618,PROD-4618,Freidora de Aire 4L,Freidora sin aceite para cocinar de manera saludable y rápida,5919.74,34,1,2026-09-20 20:56:32,2026-09-20 22:06:32
4619,PROD-4619,Freidora de Aire 4L,Freidora sin aceite para cocinar de manera saludable y rápida,881.77,10,1,2026-09-18 19:27:43,2026-09-18 20:00:43
4620,PROD-4620,Consola PlayStation 5 Slim,Consola de videojuegos de última generación con almacenamiento SSD ultra rápido,7529.15,9,1,2026-09-20 14:27:25,2026-09-20 14:40:25
4621,PROD-4621,Refrigeradora InstaView,Refrigerador inteligente con panel de cristal panorámico,4176.69,5,1,2026-09-19 13:08:11,2026-09-19 15:05:11
4622,PROD-4622,iPhone 16 512GB,Smartphone con pantalla Super Retina XDR y excelente duración de batería - Color Verde,4612.47,42,1,2026-09-21 12:43:02,2026-09-21 12:43:02
4623,PROD-4623,Pantalón de Buzo Tech Fleece,"Pantalón deportivo térmico con diseño estilizado (Talla S, Color Rojo)",1126.49,10,1,2026-09-20 22:44:14,2026-09-21 00:19:14
4624,PROD-4624,Camiseta Graphic Setin Neck,"Playera casual de algodón con estampado frontal (Talla XL, Color Negro)",986.21,74,1,2026-09-20 06:10:15,2026-09-20 07:17:15
4625,PROD-4625,Smartphone Galaxy S26 Ultra 256GB,Smartphone de alta gama con cámara de 200MP y pantalla Dynamic AMOLED - Color Negro,9825.00,27,1,2026-09-22 02:28:00,2026-09-22 04:24:00
4626,PROD-4626,Polera Sportswear Club Fleece,"Sudadera de felpa con capucha y ajuste estándar (Talla XL, Color Blanco)",2384.69,29,1,2026-09-20 06:01:06,2026-09-20 06:42:06
4627,PROD-4627,Aspiradora Inalámbrica SpeedPro,Aspiradora escoba sin cable con cabezal de succión de 180 grados,6408.25,37,1,2026-09-21 21:02:13,2026-09-21 21:36:13
4628,PROD-4628,MacBook Pro 16 M3 1TB,Computadora portátil profesional para edición de video y desarrollo - Color Gris,9668.63,45,1,2026-09-20 23:55:01,2026-09-21 01:13:01
4629,PROD-4629,Freidora XXL Airfryer,Freidora de aire de gran capacidad con tecnología de extracción de grasa,4992.44,22,1,2026-09-18 23:19:10,2026-09-19 00:36:10
4630,PROD-4630,Apple Watch Series 10,Reloj inteligente con sensores avanzados de salud y actividad física,27046.69,44,1,2026-09-19 05:26:09,2026-09-19 05:37:09
4631,PROD-4631,Patinete Eléctrico Pro 4,Scooter eléctrico con gran autonomía para movilidad urbana,3013.70,29,1,2026-09-17 13:49:18,2026-09-17 14:17:18
4632,PROD-4632,Smart Band 8,Pulsera de actividad física con seguimiento del sueño y deporte,12946.05,9,1,2026-09-21 17:42:48,2026-09-21 19:04:48
4633,PROD-4633,Freidora de Aire 4L,Freidora sin aceite para cocinar de manera saludable y rápida,4115.72,33,1,2026-09-18 22:31:08,2026-09-18 22:42:08
4634,PROD-4634,Licuadora Reversible 2 Velocidades,Licuadora con motor reversible y vaso de vidrio resistente a choques térmicos,603.39,42,1,2026-09-21 03:06:42,2026-09-21 03:57:42
4635,PROD-4635,Aspiradora Inalámbrica SpeedPro,Aspiradora escoba sin cable con cabezal de succión de 180 grados,3493.23,14,1,2026-09-18 11:29:44,2026-09-18 12:10:44
4636,PROD-4636,Smartphone Redmi Note 13 Pro 1TB,Teléfono inteligente con excelente relación calidad-precio y gran cámara - Color Gris,1256.80,22,1,2026-09-20 03:33:19,2026-09-20 04:10:19
4637,PROD-4637,Aspiradora Inalámbrica SpeedPro,Aspiradora escoba sin cable con cabezal de succión de 180 grados,4955.80,43,1,2026-09-19 18:29:27,2026-09-19 20:08:27
4638,PROD-4638,Aspiradora Inalámbrica SpeedPro,Aspiradora escoba sin cable con cabezal de succión de 180 grados,4327.41,37,1,2026-09-17 13:07:19,2026-09-17 15:01:19
4639,PROD-4639,Freidora de Aire 4L,Freidora sin aceite para cocinar de manera saludable y rápida,6541.74,9,1,2026-09-17 19:09:26,2026-09-17 21:06:26
4640,PROD-4640,Zapatillas Air Force 1 '07,"Tenis clásicos de cuero blanco para uso urbano y casual (Talla S, Color Azul)",1395.52,38,1,2026-09-21 10:34:48,2026-09-21 11:35:48
4641,PROD-4641,Zapatillas Samba OG,"Tenis de estilo retro icónicos en cuero de primera calidad (Talla M, Color Blanco)",2104.13,14,1,2026-09-20 04:02:30,2026-09-20 05:09:30
4642,PROD-4642,Smartphone Galaxy S26+ 1TB,Teléfono inteligente con procesador de última generación y batería de larga duración - Color Negro,20867.57,32,1,2026-09-17 18:56:27,2026-09-17 19:00:27
4643,PROD-4643,Zapatillas Ultraboost Light,"Tenis de running con retorno de energía superior y ligereza (Talla M, Color Negro)",926.31,47,1,2026-09-17 23:54:04,2026-09-18 01:54:04
4644,PROD-4644,Zapatillas Running Pegasus 40,"Calzado de correr con amortiguación reactiva para entrenamiento (Talla XL, Color Azul)",950.53,39,1,2026-09-18 21:19:59,2026-09-18 22:44:59
4645,PROD-4645,Aspiradora Inalámbrica SpeedPro,Aspiradora escoba sin cable con cabezal de succión de 180 grados,7885.44,29,1,2026-09-19 17:49:44,2026-09-19 19:49:44
4646,PROD-4646,iPhone 16 Pro 1TB,Teléfono inteligente premium con chip de alto rendimiento y triple cámara - Color Verde,1441.24,18,1,2026-09-21 21:13:08,2026-09-21 21:42:08
4647,PROD-4647,Jeans 501 Original Fit,"Pantalón de mezclilla clásico de corte recto y ajuste cómodo (Talla S, Color Gris)",1676.96,84,1,2026-09-21 00:21:05,2026-09-21 00:44:05
4648,PROD-4648,Zapatillas Samba OG,"Tenis de estilo retro icónicos en cuero de primera calidad (Talla L, Color Blanco)",1896.58,24,1,2026-09-21 23:05:02,2026-09-22 00:23:02
4649,PROD-4649,Zapatillas Samba OG,"Tenis de estilo retro icónicos en cuero de primera calidad (Talla M, Color Negro)",2488.07,37,1,2026-09-20 22:04:03,2026-09-20 23:55:03
4650,PROD-4650,Zapatillas Air Max 270,"Calzado deportivo con cápsula de aire visible para máxima comodidad (Talla L, Color Rojo)",1414.92,29,1,2026-09-18 15:54:47,2026-09-18 17:35:47
4651,PROD-4651,Aspiradora Inalámbrica SpeedPro,Aspiradora escoba sin cable con cabezal de succión de 180 grados,6919.45,50,1,2026-09-18 22:50:04,2026-09-19 00:36:04
4652,PROD-4652,Freidora de Aire 4L,Freidora sin aceite para cocinar de manera saludable y rápida,5407.28,32,1,2026-09-20 19:57:12,2026-09-20 20:55:12
4653,PROD-4653,Freidora de Aire 4L,Freidora sin aceite para cocinar de manera saludable y rápida,5729.84,23,1,2026-09-19 03:11:09,2026-09-19 04:24:09
4654,PROD-4654,Monitor Odyssey G9,Monitor curvo ultrawide diseñado para gaming profesional,33068.09,29,1,2026-09-20 03:29:00,2026-09-20 05:28:00
4655,PROD-4655,Smartphone Redmi Note 13 Pro 512GB,Teléfono inteligente con excelente relación calidad-precio y gran cámara - Color Gris,20352.13,11,1,2026-09-20 08:55:34,2026-09-20 10:46:34
4656,PROD-4656,Smart TV Bravia XR OLED 55,Televisor OLED con negros absolutos y procesador de imagen cognitivo,22067.14,12,1,2026-09-21 19:47:33,2026-09-21 20:02:33
4657,PROD-4657,Chaqueta Camionera de Mezclilla,"Chaqueta clásica de mezclilla resistente para uso diario (Talla S, Color Azul)",1849.59,85,1,2026-09-20 20:31:08,2026-09-20 21:49:08
4658,PROD-4658,Cámara Alpha 7 IV,Cámara mirrorless profesional de fotograma completo para foto y video,14456.64,30,1,2026-09-18 17:44:27,2026-09-18 19:28:27
4659,PROD-4659,Freidora XXL Airfryer,Freidora de aire de gran capacidad con tecnología de extracción de grasa,1172.34,26,1,2026-09-21 11:51:31,2026-09-21 13:11:31
4660,PROD-4660,Aspiradora Inalámbrica SpeedPro,Aspiradora escoba sin cable con cabezal de succión de 180 grados,4093.58,22,1,2026-09-21 02:38:12,2026-09-21 04:09:12
4661,PROD-4661,Barra de Sonido HT-A7000,Sistema de audio para cine en casa con soporte Dolby Atmos,5197.37,49,1,2026-09-18 01:47:01,2026-09-18 03:19:01
4662,PROD-4662,Aspiradora Inalámbrica SpeedPro,Aspiradora escoba sin cable con cabezal de succión de 180 grados,7648.61,45,1,2026-09-18 09:20:10,2026-09-18 10:06:10
4663,PROD-4663,Jeans 501 Original Fit,"Pantalón de mezclilla clásico de corte recto y ajuste cómodo (Talla L, Color Negro)",1685.45,32,1,2026-09-19 20:04:20,2026-09-19 20:10:20
4664,PROD-4664,Smartphone Galaxy S26+ 128GB,Teléfono inteligente con procesador de última generación y batería de larga duración - Color Verde,27860.49,8,1,2026-09-17 23:28:08,2026-09-18 01:12:08
4665,PROD-4665,Zapatillas Air Force 1 '07,"Tenis clásicos de cuero blanco para uso urbano y casual (Talla XL, Color Negro)",2169.09,68,1,2026-09-18 15:23:46,2026-09-18 16:34:46
4666,PROD-4666,Zapatillas Running Pegasus 40,"Calzado de correr con amortiguación reactiva para entrenamiento (Talla S, Color Blanco)",2387.25,39,1,2026-09-17 11:31:59,2026-09-17 11:37:59
4667,PROD-4667,Cafetera Programable 12 Tazas,Cafetera de goteo con temporizador programable y jarra de vidrio,6204.74,41,1,2026-09-19 07:28:42,2026-09-19 08:53:42
4668,PROD-4668,Polerón Adicolor Classics,"Sudadera clásica con el logotipo de las tres tiras (Talla S, Color Verde)",1826.19,100,1,2026-09-22 10:46:00,2026-09-22 11:57:00
4669,PROD-4669,Zapatillas Air Max 270,"Calzado deportivo con cápsula de aire visible para máxima comodidad (Talla M, Color Verde)",2354.16,19,1,2026-09-17 20:17:38,2026-09-17 20:50:38
4670,PROD-4670,Freidora XXL Airfryer,Freidora de aire de gran capacidad con tecnología de extracción de grasa,4152.81,37,1,2026-09-21 06:49:50,2026-09-21 07:20:50
4671,PROD-4671,Aspiradora Inalámbrica SpeedPro,Aspiradora escoba sin cable con cabezal de succión de 180 grados,7767.65,54,1,2026-09-20 00:22:38,2026-09-20 00:30:38
4672,PROD-4672,Licuadora Reversible 2 Velocidades,Licuadora con motor reversible y vaso de vidrio resistente a choques térmicos,7907.48,57,1,2026-09-20 16:35:20,2026-09-20 17:45:20
4673,PROD-4673,iPhone 16 Pro Max 1TB,Smartphone insignia de Apple con acabado en titanio y cámara profesional - Color Blanco,27148.18,38,1,2026-09-21 21:16:07,2026-09-21 22:06:07
4674,PROD-4674,Camiseta Graphic Setin Neck,"Playera casual de algodón con estampado frontal (Talla XL, Color Negro)",1721.86,90,1,2026-09-21 19:53:32,2026-09-21 20:21:32
4675,PROD-4675,MacBook Pro 16 M3 1TB,Computadora portátil profesional para edición de video y desarrollo - Color Gris,27642.49,49,1,2026-09-21 06:47:10,2026-09-21 07:42:10
4676,PROD-4676,Freidora de Aire 4L,Freidora sin aceite para cocinar de manera saludable y rápida,4251.25,28,1,2026-09-21 06:28:41,2026-09-21 07:46:41
4677,PROD-4677,Freidora de Aire 4L,Freidora sin aceite para cocinar de manera saludable y rápida,6841.89,35,1,2026-09-19 03:14:57,2026-09-19 03:15:57
4678,PROD-4678,MacBook Pro 16 M3 128GB,Computadora portátil profesional para edición de video y desarrollo - Color Verde,20790.56,19,1,2026-09-21 11:16:17,2026-09-21 11:38:17
4679,PROD-4679,Jeans 511 Slim Fit,"Pantalón de mezclilla ajustado de estilo moderno (Talla XL, Color Azul)",2309.75,32,1,2026-09-19 18:46:36,2026-09-19 20:39:36
4680,PROD-4680,Freidora de Aire 4L,Freidora sin aceite para cocinar de manera saludable y rápida,4832.12,46,1,2026-09-21 06:19:26,2026-09-21 07:31:26
4681,PROD-4681,Jeans 511 Slim Fit,"Pantalón de mezclilla ajustado de estilo moderno (Talla L, Color Blanco)",2300.04,63,1,2026-09-22 02:16:30,2026-09-22 02:48:30
4682,PROD-4682,Zapatillas Running Pegasus 40,"Calzado de correr con amortiguación reactiva para entrenamiento (Talla L, Color Blanco)",2073.08,90,1,2026-09-20 01:51:53,2026-09-20 03:29:53
4683,PROD-4683,Freidora XXL Airfryer,Freidora de aire de gran capacidad con tecnología de extracción de grasa,7028.02,15,1,2026-09-17 22:11:26,2026-09-17 22:50:26
4684,PROD-4684,iPhone 16 Pro Max 1TB,Smartphone insignia de Apple con acabado en titanio y cámara profesional - Color Gris,1362.94,50,1,2026-09-20 15:02:59,2026-09-20 15:05:59
4685,PROD-4685,Zapatillas Samba OG,"Tenis de estilo retro icónicos en cuero de primera calidad (Talla XL, Color Negro)",2157.96,50,1,2026-09-21 17:39:49,2026-09-21 18:23:49
4686,PROD-4686,Cafetera Programable 12 Tazas,Cafetera de goteo con temporizador programable y jarra de vidrio,7314.83,52,1,2026-09-18 11:39:50,2026-09-18 13:18:50
4687,PROD-4687,Zapatillas Samba OG,"Tenis de estilo retro icónicos en cuero de primera calidad (Talla S, Color Blanco)",2332.93,83,1,2026-09-18 01:37:30,2026-09-18 03:05:30
4688,PROD-4688,Smartphone Galaxy Z Flip 6 1TB,Teléfono plegable compacto con pantalla exterior funcional - Color Blanco,17112.65,12,1,2026-09-19 23:25:32,2026-09-19 23:47:32
4689,PROD-4689,Aspiradora Inalámbrica SpeedPro,Aspiradora escoba sin cable con cabezal de succión de 180 grados,5908.83,21,1,2026-09-18 08:35:04,2026-09-18 08:59:04
4690,PROD-4690,Zapatillas Samba OG,"Tenis de estilo retro icónicos en cuero de primera calidad (Talla S, Color Rojo)",2062.05,32,1,2026-09-21 06:00:50,2026-09-21 06:40:50
4691,PROD-4691,Polerón Adicolor Classics,"Sudadera clásica con el logotipo de las tres tiras (Talla XL, Color Azul)",2004.56,68,1,2026-09-22 07:22:43,2026-09-22 08:35:43
4692,PROD-4692,Monitor UltraGear 27,Monitor de alta frecuencia de actualización para juegos competitivos,35174.48,42,1,2026-09-19 09:21:21,2026-09-19 10:58:21
4693,PROD-4693,Jeans 511 Slim Fit,"Pantalón de mezclilla ajustado de estilo moderno (Talla L, Color Verde)",1320.59,97,1,2026-09-17 23:47:08,2026-09-17 23:56:08
4694,PROD-4694,Smartphone Xiaomi 14 Ultra 1TB,Smartphone de gama alta enfocado en fotografía profesional Leica - Color Azul,920.66,50,1,2026-09-20 16:12:36,2026-09-20 17:06:36
4695,PROD-4695,Smart TV Bravia XR OLED 55,Televisor OLED con negros absolutos y procesador de imagen cognitivo,34503.38,34,1,2026-09-20 02:08:21,2026-09-20 02:21:21
4696,PROD-4696,iPad Pro 12.9,Tableta profesional con pantalla Liquid Retina XDR y chip M2,34156.65,23,1,2026-09-21 21:42:45,2026-09-21 23:30:45
4697,PROD-4697,MacBook Pro 16 M3 128GB,Computadora portátil profesional para edición de video y desarrollo - Color Negro,19777.94,28,1,2026-09-19 21:18:33,2026-09-19 21:49:33
4698,PROD-4698,Refrigeradora InstaView,Refrigerador inteligente con panel de cristal panorámico,5688.43,15,1,2026-09-21 06:51:25,2026-09-21 07:23:25
4699,PROD-4699,Cafetera Programable 12 Tazas,Cafetera de goteo con temporizador programable y jarra de vidrio,3944.17,18,1,2026-09-22 07:46:27,2026-09-22 08:00:27
4700,PROD-4700,Robot Aspiradora X10+,Aspiradora robótica con estación de vaciado automático y mapeo láser,19129.12,10,1,2026-09-18 12:22:21,2026-09-18 13:43:21
4701,PROD-4701,Camiseta Graphic Setin Neck,"Playera casual de algodón con estampado frontal (Talla L, Color Gris)",1521.25,29,1,2026-09-18 14:08:19,2026-09-18 14:08:19
4702,PROD-4702,Jeans 501 Original Fit,"Pantalón de mezclilla clásico de corte recto y ajuste cómodo (Talla S, Color Rojo)",1315.76,12,1,2026-09-20 19:31:02,2026-09-20 20:08:02
4703,PROD-4703,Monitor UltraGear 27,Monitor de alta frecuencia de actualización para juegos competitivos,9495.14,48,1,2026-09-17 21:27:28,2026-09-17 22:22:28
4704,PROD-4704,Freidora de Aire 4L,Freidora sin aceite para cocinar de manera saludable y rápida,5059.35,35,1,2026-09-22 02:20:11,2026-09-22 04:13:11
4705,PROD-4705,Patinete Eléctrico Pro 4,Scooter eléctrico con gran autonomía para movilidad urbana,2850.90,44,1,2026-09-21 21:52:14,2026-09-21 23:25:14
4706,PROD-4706,Polera Sportswear Club Fleece,"Sudadera de felpa con capucha y ajuste estándar (Talla S, Color Verde)",1875.16,12,1,2026-09-19 16:17:10,2026-09-19 18:10:10
4707,PROD-4707,Audífonos Galaxy Buds3 Pro,Audífonos inalámbricos con cancelación activa de ruido inteligente,4576.23,24,1,2026-09-21 15:38:50,2026-09-21 16:46:50
4708,PROD-4708,Zapatillas Ultraboost Light,"Tenis de running con retorno de energía superior y ligereza (Talla M, Color Azul)",2235.79,36,1,2026-09-21 15:51:28,2026-09-21 15:57:28
4709,PROD-4709,Apple Watch Series 10,Reloj inteligente con sensores avanzados de salud y actividad física,881.10,33,1,2026-09-18 06:57:57,2026-09-18 07:13:57
4710,PROD-4710,Consola PlayStation 5 Slim,Consola de videojuegos de última generación con almacenamiento SSD ultra rápido,5950.70,46,1,2026-09-20 16:23:27,2026-09-20 16:52:27
4711,PROD-4711,MacBook Air 15 M2 256GB,Laptop ultra delgada y liviana con gran autonomía - Color Verde,10250.36,34,1,2026-09-19 11:32:50,2026-09-19 13:15:50
4712,PROD-4712,Smart TV OLED C3 65,Televisor inteligente ideal para videojuegos y películas con pánel OLED,35311.69,41,1,2026-09-18 07:58:17,2026-09-18 09:46:17
4713,PROD-4713,Cafetera Programable 12 Tazas,Cafetera de goteo con temporizador programable y jarra de vidrio,1250.11,34,1,2026-09-21 18:40:50,2026-09-21 19:30:50
4714,PROD-4714,Smart TV 65 Neo QLED,Televisor inteligente 4K con tecnología de puntos cuánticos y alto contraste,30328.30,32,1,2026-09-21 04:31:04,2026-09-21 05:20:04
4715,PROD-4715,Aspiradora Inalámbrica SpeedPro,Aspiradora escoba sin cable con cabezal de succión de 180 grados,470.30,21,1,2026-09-17 11:33:59,2026-09-17 12:05:59
4716,PROD-4716,Polera Sportswear Club Fleece,"Sudadera de felpa con capucha y ajuste estándar (Talla S, Color Negro)",1187.50,65,1,2026-09-19 20:17:44,2026-09-19 20:50:44
4717,PROD-4717,Freidora XXL Airfryer,Freidora de aire de gran capacidad con tecnología de extracción de grasa,632.77,42,1,2026-09-19 05:12:44,2026-09-19 05:49:44
4718,PROD-4718,Freidora XXL Airfryer,Freidora de aire de gran capacidad con tecnología de extracción de grasa,1158.88,54,1,2026-09-21 10:52:41,2026-09-21 11:04:41
4719,PROD-4719,Polera Sportswear Club Fleece,"Sudadera de felpa con capucha y ajuste estándar (Talla M, Color Rojo)",2382.55,98,1,2026-09-18 12:06:33,2026-09-18 13:12:33
4720,PROD-4720,Smart TV OLED C3 65,Televisor inteligente ideal para videojuegos y películas con pánel OLED,10997.99,12,1,2026-09-19 15:35:30,2026-09-19 15:35:30
4721,PROD-4721,Camiseta Graphic Setin Neck,"Playera casual de algodón con estampado frontal (Talla XL, Color Negro)",1921.24,34,1,2026-09-18 05:08:58,2026-09-18 05:50:58
4722,PROD-4722,Cámara Alpha 7 IV,Cámara mirrorless profesional de fotograma completo para foto y video,6172.80,20,1,2026-09-21 16:45:56,2026-09-21 17:05:56
4723,PROD-4723,Smart TV OLED C3 65,Televisor inteligente ideal para videojuegos y películas con pánel OLED,12015.39,40,1,2026-09-18 15:28:50,2026-09-18 16:26:50
4724,PROD-4724,Aspiradora Inalámbrica SpeedPro,Aspiradora escoba sin cable con cabezal de succión de 180 grados,2186.09,25,1,2026-09-21 23:09:09,2026-09-21 23:16:09
4725,PROD-4725,Aspiradora Inalámbrica SpeedPro,Aspiradora escoba sin cable con cabezal de succión de 180 grados,7962.44,19,1,2026-09-19 12:51:12,2026-09-19 14:26:12
4726,PROD-4726,Cafetera Programable 12 Tazas,Cafetera de goteo con temporizador programable y jarra de vidrio,3167.41,57,1,2026-09-18 02:52:07,2026-09-18 03:03:07
4727,PROD-4727,Audífonos Bluetooth WH-1000XM5,Audífonos inalámbricos con la mejor cancelación de ruido del mercado,29506.03,25,1,2026-09-20 13:07:41,2026-09-20 14:34:41
4728,PROD-4728,Camiseta Graphic Setin Neck,"Playera casual de algodón con estampado frontal (Talla XL, Color Verde)",1518.09,78,1,2026-09-18 13:09:34,2026-09-18 14:00:34
4729,PROD-4729,iPhone 16 Pro 1TB,Teléfono inteligente premium con chip de alto rendimiento y triple cámara - Color Gris,19369.11,6,1,2026-09-18 22:00:46,2026-09-18 22:02:46
4730,PROD-4730,Zapatillas Running Pegasus 40,"Calzado de correr con amortiguación reactiva para entrenamiento (Talla S, Color Verde)",1982.35,70,1,2026-09-18 04:30:12,2026-09-18 06:17:12
4731,PROD-4731,Freidora XXL Airfryer,Freidora de aire de gran capacidad con tecnología de extracción de grasa,6474.47,27,1,2026-09-18 06:28:17,2026-09-18 06:50:17
4732,PROD-4732,Freidora de Aire 4L,Freidora sin aceite para cocinar de manera saludable y rápida,7675.32,29,1,2026-09-21 16:09:25,2026-09-21 17:47:25
4733,PROD-4733,Polerón Adicolor Classics,"Sudadera clásica con el logotipo de las tres tiras (Talla L, Color Rojo)",2240.46,15,1,2026-09-19 10:49:57,2026-09-19 12:23:57
4734,PROD-4734,Zapatillas Samba OG,"Tenis de estilo retro icónicos en cuero de primera calidad (Talla XL, Color Gris)",1306.57,86,1,2026-09-21 03:47:49,2026-09-21 05:36:49
4735,PROD-4735,Smartphone Galaxy Z Fold 6 1TB,Teléfono plegable con pantalla gigante para productividad y multitarea - Color Rojo,28810.57,19,1,2026-09-17 14:01:32,2026-09-17 15:31:32
4736,PROD-4736,Pantalón de Buzo Tech Fleece,"Pantalón deportivo térmico con diseño estilizado (Talla XL, Color Blanco)",1300.63,42,1,2026-09-19 10:42:33,2026-09-19 12:20:33
4737,PROD-4737,Licuadora Reversible 2 Velocidades,Licuadora con motor reversible y vaso de vidrio resistente a choques térmicos,7979.63,8,1,2026-09-20 19:22:59,2026-09-20 20:34:59
4738,PROD-4738,Polerón Adicolor Classics,"Sudadera clásica con el logotipo de las tres tiras (Talla XL, Color Negro)",2065.68,23,1,2026-09-19 14:07:49,2026-09-19 15:31:49
4739,PROD-4739,iPhone 16 Pro 256GB,Teléfono inteligente premium con chip de alto rendimiento y triple cámara - Color Blanco,13951.51,38,1,2026-09-21 02:01:37,2026-09-21 03:40:37
4740,PROD-4740,Jeans 501 Original Fit,"Pantalón de mezclilla clásico de corte recto y ajuste cómodo (Talla M, Color Gris)",1335.79,97,1,2026-09-22 00:20:29,2026-09-22 00:29:29
4741,PROD-4741,Refrigeradora InstaView,Refrigerador inteligente con panel de cristal panorámico,21010.73,38,1,2026-09-21 00:48:12,2026-09-21 02:07:12
4742,PROD-4742,Licuadora Reversible 2 Velocidades,Licuadora con motor reversible y vaso de vidrio resistente a choques térmicos,5620.13,39,1,2026-09-19 04:14:47,2026-09-19 05:03:47
4743,PROD-4743,Smartphone Galaxy Z Fold 6 1TB,Teléfono plegable con pantalla gigante para productividad y multitarea - Color Rojo,31876.92,43,1,2026-09-18 05:48:05,2026-09-18 06:47:05
4744,PROD-4744,Barra de Sonido HT-A7000,Sistema de audio para cine en casa con soporte Dolby Atmos,14485.13,8,1,2026-09-22 05:24:40,2026-09-22 07:13:40
4745,PROD-4745,Audífonos AirPods Pro 2,Audífonos intrauditivos con cancelación de ruido de nivel superior,24524.94,39,1,2026-09-20 14:56:58,2026-09-20 16:22:58
4746,PROD-4746,Chaqueta Camionera de Mezclilla,"Chaqueta clásica de mezclilla resistente para uso diario (Talla XL, Color Rojo)",1751.72,79,1,2026-09-22 03:55:44,2026-09-22 05:33:44
4747,PROD-4747,Camiseta Graphic Setin Neck,"Playera casual de algodón con estampado frontal (Talla XL, Color Verde)",871.83,82,1,2026-09-17 12:36:11,2026-09-17 13:58:11
4748,PROD-4748,Smartphone Xiaomi 14 Ultra 1TB,Smartphone de gama alta enfocado en fotografía profesional Leica - Color Rojo,10602.13,42,1,2026-09-21 04:26:44,2026-09-21 06:14:44
4749,PROD-4749,Aspiradora Inalámbrica SpeedPro,Aspiradora escoba sin cable con cabezal de succión de 180 grados,2776.01,51,1,2026-09-21 08:56:18,2026-09-21 10:20:18
4750,PROD-4750,Polera Sportswear Club Fleece,"Sudadera de felpa con capucha y ajuste estándar (Talla S, Color Negro)",1321.58,84,1,2026-09-18 12:10:02,2026-09-18 13:45:02
4751,PROD-4751,Camiseta Graphic Setin Neck,"Playera casual de algodón con estampado frontal (Talla L, Color Gris)",1756.51,48,1,2026-09-22 03:17:30,2026-09-22 04:14:30
4752,PROD-4752,Zapatillas Ultraboost Light,"Tenis de running con retorno de energía superior y ligereza (Talla XL, Color Negro)",2363.87,43,1,2026-09-18 23:41:29,2026-09-19 00:24:29
4753,PROD-4753,Cafetera Programable 12 Tazas,Cafetera de goteo con temporizador programable y jarra de vidrio,4319.51,48,1,2026-09-21 08:06:09,2026-09-21 09:36:09
4754,PROD-4754,Freidora de Aire 4L,Freidora sin aceite para cocinar de manera saludable y rápida,6574.05,53,1,2026-09-22 05:21:48,2026-09-22 06:34:48
4755,PROD-4755,Zapatillas Running Pegasus 40,"Calzado de correr con amortiguación reactiva para entrenamiento (Talla L, Color Azul)",1440.87,38,1,2026-09-21 13:12:52,2026-09-21 14:15:52
4756,PROD-4756,Zapatillas Running Pegasus 40,"Calzado de correr con amortiguación reactiva para entrenamiento (Talla S, Color Azul)",1375.45,49,1,2026-09-22 11:20:01,2026-09-22 11:47:01
4757,PROD-4757,Zapatillas Ultraboost Light,"Tenis de running con retorno de energía superior y ligereza (Talla XL, Color Verde)",802.61,66,1,2026-09-21 10:20:03,2026-09-21 11:45:03
4758,PROD-4758,Smart Band 8,Pulsera de actividad física con seguimiento del sueño y deporte,34484.21,11,1,2026-09-21 15:16:31,2026-09-21 16:37:31
4759,PROD-4759,Barra de Sonido HT-A7000,Sistema de audio para cine en casa con soporte Dolby Atmos,1406.69,45,1,2026-09-17 11:44:17,2026-09-17 12:46:17
4760,PROD-4760,Freidora de Aire 4L,Freidora sin aceite para cocinar de manera saludable y rápida,4837.40,17,1,2026-09-18 15:08:13,2026-09-18 15:33:13
4761,PROD-4761,Aspiradora Inalámbrica SpeedPro,Aspiradora escoba sin cable con cabezal de succión de 180 grados,503.77,20,1,2026-09-19 22:53:36,2026-09-20 00:07:36
4762,PROD-4762,Freidora XXL Airfryer,Freidora de aire de gran capacidad con tecnología de extracción de grasa,7649.91,29,1,2026-09-21 14:41:53,2026-09-21 16:19:53
4763,PROD-4763,MacBook Pro 16 M3 128GB,Computadora portátil profesional para edición de video y desarrollo - Color Blanco,33504.23,48,1,2026-09-22 08:02:06,2026-09-22 08:52:06
4764,PROD-4764,Jeans 511 Slim Fit,"Pantalón de mezclilla ajustado de estilo moderno (Talla XL, Color Blanco)",1024.16,95,1,2026-09-21 18:53:41,2026-09-21 19:35:41
4765,PROD-4765,Parlante Portátil SRS-XG300,Bocina inalámbrica portátil resistente al agua con graves potentes,16492.41,21,1,2026-09-21 01:53:57,2026-09-21 03:21:57
4766,PROD-4766,iPhone 16 256GB,Smartphone con pantalla Super Retina XDR y excelente duración de batería - Color Blanco,10008.26,36,1,2026-09-17 22:15:22,2026-09-17 22:52:22
4767,PROD-4767,Zapatillas Samba OG,"Tenis de estilo retro icónicos en cuero de primera calidad (Talla S, Color Rojo)",872.51,55,1,2026-09-19 09:04:54,2026-09-19 09:51:54
4768,PROD-4768,Zapatillas Samba OG,"Tenis de estilo retro icónicos en cuero de primera calidad (Talla S, Color Blanco)",429.01,62,1,2026-09-18 03:53:37,2026-09-18 04:53:37
4769,PROD-4769,Jeans 511 Slim Fit,"Pantalón de mezclilla ajustado de estilo moderno (Talla XL, Color Gris)",920.76,56,1,2026-09-20 21:26:16,2026-09-20 22:01:16
4770,PROD-4770,Zapatillas Air Force 1 '07,"Tenis clásicos de cuero blanco para uso urbano y casual (Talla M, Color Negro)",1534.68,41,1,2026-09-21 11:51:57,2026-09-21 13:07:57
4771,PROD-4771,Audífonos AirPods Max,Audífonos de diadema inalámbricos con sonido de alta fidelidad,24533.53,5,1,2026-09-20 00:18:08,2026-09-20 00:59:08
4772,PROD-4772,Smart Band 8,Pulsera de actividad física con seguimiento del sueño y deporte,4169.56,14,1,2026-09-18 11:56:58,2026-09-18 13:47:58
4773,PROD-4773,Refrigeradora InstaView,Refrigerador inteligente con panel de cristal panorámico,8908.36,50,1,2026-09-21 07:26:45,2026-09-21 07:29:45
4774,PROD-4774,Polera Sportswear Club Fleece,"Sudadera de felpa con capucha y ajuste estándar (Talla L, Color Azul)",1548.53,55,1,2026-09-18 23:31:24,2026-09-19 00:56:24
4775,PROD-4775,Cámara Alpha 7 IV,Cámara mirrorless profesional de fotograma completo para foto y video,13624.95,26,1,2026-09-20 23:55:05,2026-09-21 00:37:05
4776,PROD-4776,Apple Watch Series 10,Reloj inteligente con sensores avanzados de salud y actividad física,8034.73,26,1,2026-09-20 01:47:31,2026-09-20 01:47:31
4777,PROD-4777,Pantalón de Buzo Tech Fleece,"Pantalón deportivo térmico con diseño estilizado (Talla L, Color Blanco)",848.99,27,1,2026-09-20 10:27:02,2026-09-20 11:19:02
4778,PROD-4778,Refrigeradora InstaView,Refrigerador inteligente con panel de cristal panorámico,21821.51,21,1,2026-09-21 14:09:10,2026-09-21 15:54:10
4779,PROD-4779,Jeans 501 Original Fit,"Pantalón de mezclilla clásico de corte recto y ajuste cómodo (Talla M, Color Verde)",1944.94,41,1,2026-09-19 21:39:23,2026-09-19 22:51:23
4780,PROD-4780,Polerón Adicolor Classics,"Sudadera clásica con el logotipo de las tres tiras (Talla M, Color Azul)",2263.05,82,1,2026-09-17 13:53:14,2026-09-17 14:16:14
4781,PROD-4781,Licuadora Reversible 2 Velocidades,Licuadora con motor reversible y vaso de vidrio resistente a choques térmicos,871.72,36,1,2026-09-19 17:54:05,2026-09-19 18:37:05
4782,PROD-4782,Freidora de Aire 4L,Freidora sin aceite para cocinar de manera saludable y rápida,1191.79,57,1,2026-09-21 03:32:19,2026-09-21 03:36:19
4783,PROD-4783,Zapatillas Samba OG,"Tenis de estilo retro icónicos en cuero de primera calidad (Talla S, Color Verde)",494.34,53,1,2026-09-21 14:07:47,2026-09-21 14:20:47
4784,PROD-4784,Smartphone Galaxy S26 Ultra 256GB,Smartphone de alta gama con cámara de 200MP y pantalla Dynamic AMOLED - Color Rojo,30616.19,21,1,2026-09-19 08:24:29,2026-09-19 09:42:29
4785,PROD-4785,Smart Band 8,Pulsera de actividad física con seguimiento del sueño y deporte,21769.21,15,1,2026-09-18 04:02:00,2026-09-18 04:50:00
4786,PROD-4786,Audífonos Galaxy Buds3 Pro,Audífonos inalámbricos con cancelación activa de ruido inteligente,23541.40,48,1,2026-09-18 21:58:14,2026-09-18 23:34:14
4787,PROD-4787,Cafetera Programable 12 Tazas,Cafetera de goteo con temporizador programable y jarra de vidrio,5983.66,12,1,2026-09-21 23:13:11,2026-09-22 00:29:11
4788,PROD-4788,Monitor UltraGear 27,Monitor de alta frecuencia de actualización para juegos competitivos,28303.48,44,1,2026-09-18 08:43:23,2026-09-18 08:57:23
4789,PROD-4789,Audífonos Bluetooth WH-1000XM5,Audífonos inalámbricos con la mejor cancelación de ruido del mercado,1383.61,10,1,2026-09-18 10:36:11,2026-09-18 10:58:11
4790,PROD-4790,Jeans 501 Original Fit,"Pantalón de mezclilla clásico de corte recto y ajuste cómodo (Talla M, Color Blanco)",1448.45,93,1,2026-09-20 06:49:50,2026-09-20 07:45:50
4791,PROD-4791,Freidora XXL Airfryer,Freidora de aire de gran capacidad con tecnología de extracción de grasa,3850.63,11,1,2026-09-19 09:18:49,2026-09-19 09:54:49
4792,PROD-4792,Aspiradora Inalámbrica SpeedPro,Aspiradora escoba sin cable con cabezal de succión de 180 grados,5988.57,42,1,2026-09-20 04:09:05,2026-09-20 05:50:05
4793,PROD-4793,Smart TV OLED C3 65,Televisor inteligente ideal para videojuegos y películas con pánel OLED,2705.95,17,1,2026-09-18 09:18:30,2026-09-18 09:38:30
4794,PROD-4794,Licuadora Reversible 2 Velocidades,Licuadora con motor reversible y vaso de vidrio resistente a choques térmicos,7854.47,18,1,2026-09-20 00:43:35,2026-09-20 01:56:35
4795,PROD-4795,Freidora de Aire 4L,Freidora sin aceite para cocinar de manera saludable y rápida,2366.02,53,1,2026-09-20 00:23:28,2026-09-20 01:09:28
4796,PROD-4796,Freidora XXL Airfryer,Freidora de aire de gran capacidad con tecnología de extracción de grasa,6028.95,25,1,2026-09-20 10:52:28,2026-09-20 11:44:28
4797,PROD-4797,Monitor UltraGear 27,Monitor de alta frecuencia de actualización para juegos competitivos,29555.81,6,1,2026-09-21 09:32:41,2026-09-21 10:26:41
4798,PROD-4798,Zapatillas Air Max 270,"Calzado deportivo con cápsula de aire visible para máxima comodidad (Talla L, Color Gris)",730.30,69,1,2026-09-18 19:02:09,2026-09-18 19:59:09
4799,PROD-4799,Aspiradora Inalámbrica SpeedPro,Aspiradora escoba sin cable con cabezal de succión de 180 grados,3966.48,43,1,2026-09-20 17:28:05,2026-09-20 18:01:05
4800,PROD-4800,Smartphone Redmi Note 13 Pro 512GB,Teléfono inteligente con excelente relación calidad-precio y gran cámara - Color Azul,11791.85,34,1,2026-09-20 06:04:48,2026-09-20 07:43:48
4801,PROD-4801,Smartphone Redmi Note 13 Pro 256GB,Teléfono inteligente con excelente relación calidad-precio y gran cámara - Color Rojo,18745.19,43,1,2026-09-20 05:26:28,2026-09-20 07:23:28
4802,PROD-4802,Monitor UltraGear 27,Monitor de alta frecuencia de actualización para juegos competitivos,6004.74,38,1,2026-09-17 20:17:04,2026-09-17 21:58:04
4803,PROD-4803,Cafetera Programable 12 Tazas,Cafetera de goteo con temporizador programable y jarra de vidrio,6454.53,17,1,2026-09-19 21:45:54,2026-09-19 23:12:54
4804,PROD-4804,Cafetera Programable 12 Tazas,Cafetera de goteo con temporizador programable y jarra de vidrio,5293.65,32,1,2026-09-19 00:48:31,2026-09-19 01:03:31
4805,PROD-4805,Jeans 501 Original Fit,"Pantalón de mezclilla clásico de corte recto y ajuste cómodo (Talla L, Color Blanco)",2211.23,19,1,2026-09-21 09:21:41,2026-09-21 10:27:41
4806,PROD-4806,Chaqueta Camionera de Mezclilla,"Chaqueta clásica de mezclilla resistente para uso diario (Talla XL, Color Verde)",1892.06,79,1,2026-09-20 14:24:18,2026-09-20 14:25:18
4807,PROD-4807,Smart TV 65 Neo QLED,Televisor inteligente 4K con tecnología de puntos cuánticos y alto contraste,13918.96,35,1,2026-09-20 23:25:20,2026-09-21 01:12:20
4808,PROD-4808,Zapatillas Ultraboost Light,"Tenis de running con retorno de energía superior y ligereza (Talla M, Color Azul)",1602.66,34,1,2026-09-18 05:18:04,2026-09-18 07:10:04
4809,PROD-4809,Audífonos Bluetooth WH-1000XM5,Audífonos inalámbricos con la mejor cancelación de ruido del mercado,20260.88,28,1,2026-09-18 22:03:04,2026-09-18 22:50:04
4810,PROD-4810,Freidora XXL Airfryer,Freidora de aire de gran capacidad con tecnología de extracción de grasa,6772.26,58,1,2026-09-17 13:58:47,2026-09-17 14:08:47
4811,PROD-4811,Cafetera Programable 12 Tazas,Cafetera de goteo con temporizador programable y jarra de vidrio,4628.39,24,1,2026-09-20 20:21:17,2026-09-20 20:23:17
4812,PROD-4812,Freidora XXL Airfryer,Freidora de aire de gran capacidad con tecnología de extracción de grasa,7475.31,15,1,2026-09-20 07:59:34,2026-09-20 07:59:34
4813,PROD-4813,Aspiradora Inalámbrica SpeedPro,Aspiradora escoba sin cable con cabezal de succión de 180 grados,7028.89,14,1,2026-09-19 16:48:30,2026-09-19 17:09:30
4814,PROD-4814,Smart Band 8,Pulsera de actividad física con seguimiento del sueño y deporte,23534.68,8,1,2026-09-20 07:59:41,2026-09-20 09:44:41
4815,PROD-4815,Chaqueta Camionera de Mezclilla,"Chaqueta clásica de mezclilla resistente para uso diario (Talla M, Color Blanco)",1262.99,80,1,2026-09-20 23:40:39,2026-09-21 00:27:39
4816,PROD-4816,Aspiradora Inalámbrica SpeedPro,Aspiradora escoba sin cable con cabezal de succión de 180 grados,3842.89,17,1,2026-09-21 09:44:46,2026-09-21 11:40:46
4817,PROD-4817,Zapatillas Air Force 1 '07,"Tenis clásicos de cuero blanco para uso urbano y casual (Talla S, Color Gris)",2445.06,21,1,2026-09-17 16:27:10,2026-09-17 18:25:10
4818,PROD-4818,Licuadora Reversible 2 Velocidades,Licuadora con motor reversible y vaso de vidrio resistente a choques térmicos,5539.77,11,1,2026-09-22 10:05:08,2026-09-22 10:18:08
4819,PROD-4819,Polerón Adicolor Classics,"Sudadera clásica con el logotipo de las tres tiras (Talla L, Color Negro)",1912.00,11,1,2026-09-19 17:33:59,2026-09-19 17:39:59
4820,PROD-4820,Barra de Sonido HT-A7000,Sistema de audio para cine en casa con soporte Dolby Atmos,10761.63,35,1,2026-09-18 11:09:53,2026-09-18 12:36:53
4821,PROD-4821,Cafetera Programable 12 Tazas,Cafetera de goteo con temporizador programable y jarra de vidrio,5588.35,19,1,2026-09-17 16:07:49,2026-09-17 16:17:49
4822,PROD-4822,Audífonos AirPods Max,Audífonos de diadema inalámbricos con sonido de alta fidelidad,13438.84,44,1,2026-09-22 06:29:25,2026-09-22 07:46:25
4823,PROD-4823,Pantalón de Buzo Tech Fleece,"Pantalón deportivo térmico con diseño estilizado (Talla L, Color Verde)",844.65,86,1,2026-09-20 00:51:13,2026-09-20 01:32:13
4824,PROD-4824,Aspiradora Inalámbrica SpeedPro,Aspiradora escoba sin cable con cabezal de succión de 180 grados,2333.48,56,1,2026-09-18 11:40:42,2026-09-18 12:24:42
4825,PROD-4825,Robot Aspiradora X10+,Aspiradora robótica con estación de vaciado automático y mapeo láser,27606.09,21,1,2026-09-21 12:46:48,2026-09-21 14:09:48
4826,PROD-4826,Smartphone Galaxy Z Flip 6 128GB,Teléfono plegable compacto con pantalla exterior funcional - Color Azul,10589.58,27,1,2026-09-22 04:44:36,2026-09-22 06:16:36
4827,PROD-4827,Patinete Eléctrico Pro 4,Scooter eléctrico con gran autonomía para movilidad urbana,1896.90,48,1,2026-09-19 16:42:59,2026-09-19 16:53:59
4828,PROD-4828,Audífonos AirPods Max,Audífonos de diadema inalámbricos con sonido de alta fidelidad,33778.83,44,1,2026-09-22 03:06:39,2026-09-22 03:35:39
4829,PROD-4829,Pantalón de Buzo Tech Fleece,"Pantalón deportivo térmico con diseño estilizado (Talla XL, Color Azul)",1497.18,96,1,2026-09-19 18:13:18,2026-09-19 19:51:18
4830,PROD-4830,Monitor UltraGear 27,Monitor de alta frecuencia de actualización para juegos competitivos,12694.43,10,1,2026-09-22 09:04:47,2026-09-22 10:45:47
4831,PROD-4831,Zapatillas Running Pegasus 40,"Calzado de correr con amortiguación reactiva para entrenamiento (Talla S, Color Gris)",1470.07,88,1,2026-09-21 20:44:15,2026-09-21 21:34:15
4832,PROD-4832,Freidora de Aire 4L,Freidora sin aceite para cocinar de manera saludable y rápida,2473.81,47,1,2026-09-17 16:26:03,2026-09-17 17:31:03
4833,PROD-4833,iPad Pro 12.9,Tableta profesional con pantalla Liquid Retina XDR y chip M2,18367.71,15,1,2026-09-19 04:36:27,2026-09-19 06:10:27
4834,PROD-4834,Smart TV Bravia XR OLED 55,Televisor OLED con negros absolutos y procesador de imagen cognitivo,9569.96,26,1,2026-09-17 15:15:42,2026-09-17 16:27:42
4835,PROD-4835,Freidora XXL Airfryer,Freidora de aire de gran capacidad con tecnología de extracción de grasa,1788.20,31,1,2026-09-22 02:44:50,2026-09-22 03:15:50
4836,PROD-4836,Camiseta Graphic Setin Neck,"Playera casual de algodón con estampado frontal (Talla S, Color Negro)",2287.93,21,1,2026-09-21 16:03:38,2026-09-21 16:10:38
4837,PROD-4837,Freidora XXL Airfryer,Freidora de aire de gran capacidad con tecnología de extracción de grasa,7712.41,24,1,2026-09-19 23:07:13,2026-09-20 00:33:13
4838,PROD-4838,Polerón Adicolor Classics,"Sudadera clásica con el logotipo de las tres tiras (Talla L, Color Rojo)",828.10,31,1,2026-09-17 22:28:49,2026-09-17 22:59:49
4839,PROD-4839,Zapatillas Samba OG,"Tenis de estilo retro icónicos en cuero de primera calidad (Talla S, Color Rojo)",1781.92,16,1,2026-09-22 10:35:39,2026-09-22 11:59:39
4840,PROD-4840,Polerón Adicolor Classics,"Sudadera clásica con el logotipo de las tres tiras (Talla M, Color Verde)",941.25,78,1,2026-09-17 12:34:05,2026-09-17 14:26:05
4841,PROD-4841,iPhone 16 1TB,Smartphone con pantalla Super Retina XDR y excelente duración de batería - Color Gris,5997.65,44,1,2026-09-20 11:29:47,2026-09-20 12:53:47
4842,PROD-4842,Tablet Galaxy Tab S9 512GB,"Tableta de alto rendimiento para diseño, trabajo y entretenimiento - Color Gris",19906.04,15,1,2026-09-22 11:09:45,2026-09-22 12:22:45
4843,PROD-4843,Freidora XXL Airfryer,Freidora de aire de gran capacidad con tecnología de extracción de grasa,5858.79,17,1,2026-09-17 20:42:46,2026-09-17 22:31:46
4844,PROD-4844,Polera Sportswear Club Fleece,"Sudadera de felpa con capucha y ajuste estándar (Talla L, Color Azul)",1005.85,10,1,2026-09-19 06:16:28,2026-09-19 06:38:28
4845,PROD-4845,Freidora de Aire 4L,Freidora sin aceite para cocinar de manera saludable y rápida,7683.92,38,1,2026-09-21 20:22:09,2026-09-21 21:32:09
4846,PROD-4846,Zapatillas Samba OG,"Tenis de estilo retro icónicos en cuero de primera calidad (Talla M, Color Negro)",913.84,20,1,2026-09-20 06:03:36,2026-09-20 06:26:36
4847,PROD-4847,Zapatillas Running Pegasus 40,"Calzado de correr con amortiguación reactiva para entrenamiento (Talla S, Color Gris)",1089.89,28,1,2026-09-21 05:52:09,2026-09-21 07:38:09
4848,PROD-4848,Smart Band 8,Pulsera de actividad física con seguimiento del sueño y deporte,31181.67,32,1,2026-09-21 05:36:14,2026-09-21 07:33:14
4849,PROD-4849,Aspiradora Inalámbrica SpeedPro,Aspiradora escoba sin cable con cabezal de succión de 180 grados,7549.38,29,1,2026-09-19 06:03:25,2026-09-19 06:38:25
4850,PROD-4850,Zapatillas Samba OG,"Tenis de estilo retro icónicos en cuero de primera calidad (Talla XL, Color Gris)",2427.92,40,1,2026-09-19 03:47:27,2026-09-19 03:47:27
4851,PROD-4851,Smart TV OLED C3 65,Televisor inteligente ideal para videojuegos y películas con pánel OLED,26132.55,42,1,2026-09-21 16:07:32,2026-09-21 16:34:32
4852,PROD-4852,Chaqueta Camionera de Mezclilla,"Chaqueta clásica de mezclilla resistente para uso diario (Talla XL, Color Blanco)",1845.07,52,1,2026-09-21 11:59:05,2026-09-21 12:07:05
4853,PROD-4853,Freidora de Aire 4L,Freidora sin aceite para cocinar de manera saludable y rápida,3264.26,23,1,2026-09-20 14:29:44,2026-09-20 15:46:44
4854,PROD-4854,Smartphone Galaxy S26 512GB,Smartphone compacto con pantalla fluida y excelente rendimiento - Color Rojo,10665.17,23,1,2026-09-20 09:02:47,2026-09-20 10:19:47
4855,PROD-4855,Patinete Eléctrico Pro 4,Scooter eléctrico con gran autonomía para movilidad urbana,14952.89,9,1,2026-09-19 15:48:24,2026-09-19 16:40:24
4856,PROD-4856,Freidora XXL Airfryer,Freidora de aire de gran capacidad con tecnología de extracción de grasa,5759.91,52,1,2026-09-18 22:18:32,2026-09-19 00:09:32
4857,PROD-4857,Smartphone Redmi Note 13 Pro 1TB,Teléfono inteligente con excelente relación calidad-precio y gran cámara - Color Gris,22271.76,38,1,2026-09-17 15:45:49,2026-09-17 17:35:49
4858,PROD-4858,Jeans 501 Original Fit,"Pantalón de mezclilla clásico de corte recto y ajuste cómodo (Talla XL, Color Negro)",632.34,26,1,2026-09-20 04:49:20,2026-09-20 06:10:20
4859,PROD-4859,Jeans 511 Slim Fit,"Pantalón de mezclilla ajustado de estilo moderno (Talla S, Color Blanco)",2149.54,96,1,2026-09-18 13:01:38,2026-09-18 14:44:38
4860,PROD-4860,Freidora XXL Airfryer,Freidora de aire de gran capacidad con tecnología de extracción de grasa,4480.41,48,1,2026-09-21 09:49:52,2026-09-21 10:09:52
4861,PROD-4861,Pantalón de Buzo Tech Fleece,"Pantalón deportivo térmico con diseño estilizado (Talla L, Color Azul)",754.31,18,1,2026-09-22 07:50:12,2026-09-22 09:33:12
4862,PROD-4862,iPhone 16 Pro 256GB,Teléfono inteligente premium con chip de alto rendimiento y triple cámara - Color Rojo,25297.76,36,1,2026-09-20 18:39:37,2026-09-20 20:27:37
4863,PROD-4863,Monitor UltraGear 27,Monitor de alta frecuencia de actualización para juegos competitivos,19655.31,8,1,2026-09-19 20:53:49,2026-09-19 21:46:49
4864,PROD-4864,Barra de Sonido HT-A7000,Sistema de audio para cine en casa con soporte Dolby Atmos,31811.16,27,1,2026-09-21 06:01:39,2026-09-21 07:51:39
4865,PROD-4865,Aspiradora Inalámbrica SpeedPro,Aspiradora escoba sin cable con cabezal de succión de 180 grados,3262.99,30,1,2026-09-20 02:25:08,2026-09-20 03:06:08
4866,PROD-4866,Freidora XXL Airfryer,Freidora de aire de gran capacidad con tecnología de extracción de grasa,4373.93,9,1,2026-09-18 11:25:24,2026-09-18 12:45:24
4867,PROD-4867,Freidora de Aire 4L,Freidora sin aceite para cocinar de manera saludable y rápida,1460.27,18,1,2026-09-21 11:52:50,2026-09-21 12:58:50
4868,PROD-4868,Aspiradora Inalámbrica SpeedPro,Aspiradora escoba sin cable con cabezal de succión de 180 grados,4838.40,28,1,2026-09-21 04:41:52,2026-09-21 05:15:52
4869,PROD-4869,Polerón Adicolor Classics,"Sudadera clásica con el logotipo de las tres tiras (Talla L, Color Blanco)",1504.24,30,1,2026-09-21 16:14:10,2026-09-21 18:01:10
4870,PROD-4870,Aspiradora Inalámbrica SpeedPro,Aspiradora escoba sin cable con cabezal de succión de 180 grados,7114.06,29,1,2026-09-18 09:48:07,2026-09-18 09:53:07
4871,PROD-4871,Smartphone Galaxy Z Fold 6 256GB,Teléfono plegable con pantalla gigante para productividad y multitarea - Color Rojo,19683.99,34,1,2026-09-18 00:38:06,2026-09-18 02:19:06
4872,PROD-4872,Licuadora Reversible 2 Velocidades,Licuadora con motor reversible y vaso de vidrio resistente a choques térmicos,6068.02,9,1,2026-09-18 17:38:51,2026-09-18 19:29:51
4873,PROD-4873,Zapatillas Running Pegasus 40,"Calzado de correr con amortiguación reactiva para entrenamiento (Talla XL, Color Gris)",622.57,66,1,2026-09-22 00:26:04,2026-09-22 01:27:04
4874,PROD-4874,Freidora XXL Airfryer,Freidora de aire de gran capacidad con tecnología de extracción de grasa,3648.82,42,1,2026-09-21 17:39:19,2026-09-21 19:03:19
4875,PROD-4875,Camiseta Graphic Setin Neck,"Playera casual de algodón con estampado frontal (Talla M, Color Rojo)",1344.95,58,1,2026-09-17 15:35:22,2026-09-17 17:07:22
4876,PROD-4876,iPhone 16 Pro Max 1TB,Smartphone insignia de Apple con acabado en titanio y cámara profesional - Color Azul,20416.85,22,1,2026-09-20 03:05:31,2026-09-20 03:15:31
4877,PROD-4877,Freidora de Aire 4L,Freidora sin aceite para cocinar de manera saludable y rápida,1783.17,42,1,2026-09-18 20:29:51,2026-09-18 22:14:51
4878,PROD-4878,Barra de Sonido HT-A7000,Sistema de audio para cine en casa con soporte Dolby Atmos,22981.98,45,1,2026-09-21 17:55:07,2026-09-21 18:42:07
4879,PROD-4879,Chaqueta Camionera de Mezclilla,"Chaqueta clásica de mezclilla resistente para uso diario (Talla XL, Color Blanco)",764.69,93,1,2026-09-18 06:09:14,2026-09-18 07:58:14
4880,PROD-4880,Zapatillas Air Force 1 '07,"Tenis clásicos de cuero blanco para uso urbano y casual (Talla S, Color Gris)",1060.77,53,1,2026-09-20 16:39:07,2026-09-20 17:24:07
4881,PROD-4881,Freidora XXL Airfryer,Freidora de aire de gran capacidad con tecnología de extracción de grasa,862.81,16,1,2026-09-22 04:21:47,2026-09-22 05:20:47
4882,PROD-4882,iPhone 16 512GB,Smartphone con pantalla Super Retina XDR y excelente duración de batería - Color Azul,33258.72,6,1,2026-09-19 08:49:15,2026-09-19 10:19:15
4883,PROD-4883,Consola PlayStation 5 Slim,Consola de videojuegos de última generación con almacenamiento SSD ultra rápido,27597.23,14,1,2026-09-19 11:34:21,2026-09-19 12:17:21
4884,PROD-4884,Pantalón de Buzo Tech Fleece,"Pantalón deportivo térmico con diseño estilizado (Talla M, Color Rojo)",2060.89,68,1,2026-09-21 09:54:35,2026-09-21 09:58:35
4885,PROD-4885,Jeans 501 Original Fit,"Pantalón de mezclilla clásico de corte recto y ajuste cómodo (Talla XL, Color Azul)",2437.79,78,1,2026-09-17 21:25:41,2026-09-17 22:11:41
4886,PROD-4886,Aspiradora Inalámbrica SpeedPro,Aspiradora escoba sin cable con cabezal de succión de 180 grados,3437.95,49,1,2026-09-20 06:23:02,2026-09-20 06:52:02
4887,PROD-4887,Aspiradora Inalámbrica SpeedPro,Aspiradora escoba sin cable con cabezal de succión de 180 grados,3288.86,8,1,2026-09-19 06:36:51,2026-09-19 07:11:51
4888,PROD-4888,Aspiradora Inalámbrica SpeedPro,Aspiradora escoba sin cable con cabezal de succión de 180 grados,4195.90,22,1,2026-09-18 17:32:14,2026-09-18 17:55:14
4889,PROD-4889,Cafetera Programable 12 Tazas,Cafetera de goteo con temporizador programable y jarra de vidrio,6845.87,52,1,2026-09-18 11:06:04,2026-09-18 11:42:04
4890,PROD-4890,Aspiradora Inalámbrica SpeedPro,Aspiradora escoba sin cable con cabezal de succión de 180 grados,4463.41,52,1,2026-09-20 03:06:09,2026-09-20 03:09:09
4891,PROD-4891,Smartphone Xiaomi 14 Ultra 256GB,Smartphone de gama alta enfocado en fotografía profesional Leica - Color Verde,22331.08,25,1,2026-09-21 00:13:01,2026-09-21 02:00:01
4892,PROD-4892,Freidora XXL Airfryer,Freidora de aire de gran capacidad con tecnología de extracción de grasa,3605.27,10,1,2026-09-20 10:27:19,2026-09-20 11:19:19
4893,PROD-4893,Refrigeradora InstaView,Refrigerador inteligente con panel de cristal panorámico,11967.60,8,1,2026-09-17 23:45:26,2026-09-18 00:01:26
4894,PROD-4894,Licuadora Reversible 2 Velocidades,Licuadora con motor reversible y vaso de vidrio resistente a choques térmicos,6931.86,23,1,2026-09-20 23:13:55,2026-09-21 00:18:55
4895,PROD-4895,Smartphone Galaxy Z Fold 6 1TB,Teléfono plegable con pantalla gigante para productividad y multitarea - Color Negro,31283.65,29,1,2026-09-18 08:17:49,2026-09-18 09:26:49
4896,PROD-4896,iPad Pro 12.9,Tableta profesional con pantalla Liquid Retina XDR y chip M2,15562.59,44,1,2026-09-17 19:07:33,2026-09-17 19:48:33
4897,PROD-4897,Licuadora Reversible 2 Velocidades,Licuadora con motor reversible y vaso de vidrio resistente a choques térmicos,4510.37,9,1,2026-09-18 04:23:31,2026-09-18 05:09:31
4898,PROD-4898,Audífonos AirPods Max,Audífonos de diadema inalámbricos con sonido de alta fidelidad,10447.22,17,1,2026-09-19 10:50:45,2026-09-19 11:41:45
4899,PROD-4899,Jeans 511 Slim Fit,"Pantalón de mezclilla ajustado de estilo moderno (Talla XL, Color Azul)",706.26,68,1,2026-09-17 21:40:47,2026-09-17 22:20:47
4900,PROD-4900,Zapatillas Running Pegasus 40,"Calzado de correr con amortiguación reactiva para entrenamiento (Talla XL, Color Verde)",1685.14,69,1,2026-09-21 16:50:30,2026-09-21 18:47:30
4901,PROD-4901,Aspiradora Inalámbrica SpeedPro,Aspiradora escoba sin cable con cabezal de succión de 180 grados,7701.43,29,1,2026-09-20 22:07:43,2026-09-20 22:50:43
4902,PROD-4902,Aspiradora Inalámbrica SpeedPro,Aspiradora escoba sin cable con cabezal de succión de 180 grados,593.18,29,1,2026-09-19 10:34:26,2026-09-19 12:28:26
4903,PROD-4903,Cafetera Programable 12 Tazas,Cafetera de goteo con temporizador programable y jarra de vidrio,5181.87,16,1,2026-09-20 21:22:17,2026-09-20 22:52:17
4904,PROD-4904,Freidora de Aire 4L,Freidora sin aceite para cocinar de manera saludable y rápida,1271.97,40,1,2026-09-19 16:26:56,2026-09-19 18:18:56
4905,PROD-4905,Jeans 511 Slim Fit,"Pantalón de mezclilla ajustado de estilo moderno (Talla L, Color Blanco)",1832.81,26,1,2026-09-21 22:59:31,2026-09-22 00:48:31
4906,PROD-4906,Freidora XXL Airfryer,Freidora de aire de gran capacidad con tecnología de extracción de grasa,6548.44,11,1,2026-09-20 05:20:58,2026-09-20 07:14:58
4907,PROD-4907,Licuadora Reversible 2 Velocidades,Licuadora con motor reversible y vaso de vidrio resistente a choques térmicos,3397.12,28,1,2026-09-18 01:22:45,2026-09-18 03:13:45
4908,PROD-4908,Refrigeradora InstaView,Refrigerador inteligente con panel de cristal panorámico,25696.68,10,1,2026-09-19 06:57:22,2026-09-19 08:43:22
4909,PROD-4909,Polera Sportswear Club Fleece,"Sudadera de felpa con capucha y ajuste estándar (Talla L, Color Gris)",670.22,36,1,2026-09-17 17:14:07,2026-09-17 18:55:07
4910,PROD-4910,Freidora de Aire 4L,Freidora sin aceite para cocinar de manera saludable y rápida,5193.13,56,1,2026-09-21 06:04:58,2026-09-21 07:56:58
4911,PROD-4911,Zapatillas Air Max 270,"Calzado deportivo con cápsula de aire visible para máxima comodidad (Talla S, Color Rojo)",1920.90,80,1,2026-09-18 07:57:51,2026-09-18 08:35:51
4912,PROD-4912,iPad Pro 12.9,Tableta profesional con pantalla Liquid Retina XDR y chip M2,24753.67,20,1,2026-09-18 12:27:03,2026-09-18 13:59:03
4913,PROD-4913,MacBook Air 15 M2 512GB,Laptop ultra delgada y liviana con gran autonomía - Color Negro,26655.85,16,1,2026-09-21 00:13:35,2026-09-21 00:38:35
4914,PROD-4914,Chaqueta Camionera de Mezclilla,"Chaqueta clásica de mezclilla resistente para uso diario (Talla S, Color Rojo)",888.61,32,1,2026-09-22 07:27:38,2026-09-22 08:58:38
4915,PROD-4915,Smart TV OLED C3 65,Televisor inteligente ideal para videojuegos y películas con pánel OLED,13340.26,47,1,2026-09-18 11:21:11,2026-09-18 12:06:11
4916,PROD-4916,Zapatillas Samba OG,"Tenis de estilo retro icónicos en cuero de primera calidad (Talla S, Color Verde)",407.86,71,1,2026-09-21 03:52:19,2026-09-21 05:48:19
4917,PROD-4917,Jeans 511 Slim Fit,"Pantalón de mezclilla ajustado de estilo moderno (Talla M, Color Blanco)",1048.57,62,1,2026-09-17 12:32:45,2026-09-17 12:43:45
4918,PROD-4918,Licuadora Reversible 2 Velocidades,Licuadora con motor reversible y vaso de vidrio resistente a choques térmicos,1949.99,27,1,2026-09-21 23:16:31,2026-09-22 00:49:31
4919,PROD-4919,Parlante Portátil SRS-XG300,Bocina inalámbrica portátil resistente al agua con graves potentes,25706.86,35,1,2026-09-17 21:21:23,2026-09-17 21:46:23
4920,PROD-4920,Refrigeradora InstaView,Refrigerador inteligente con panel de cristal panorámico,22631.15,49,1,2026-09-18 12:58:29,2026-09-18 14:52:29
4921,PROD-4921,Zapatillas Running Pegasus 40,"Calzado de correr con amortiguación reactiva para entrenamiento (Talla XL, Color Negro)",749.12,40,1,2026-09-19 05:38:36,2026-09-19 07:22:36
4922,PROD-4922,Smartphone Galaxy S26+ 256GB,Teléfono inteligente con procesador de última generación y batería de larga duración - Color Negro,27951.16,44,1,2026-09-17 23:55:39,2026-09-18 01:48:39
4923,PROD-4923,Cafetera Programable 12 Tazas,Cafetera de goteo con temporizador programable y jarra de vidrio,1035.23,22,1,2026-09-17 17:06:01,2026-09-17 17:17:01
4924,PROD-4924,Zapatillas Samba OG,"Tenis de estilo retro icónicos en cuero de primera calidad (Talla S, Color Blanco)",1678.85,87,1,2026-09-17 18:44:49,2026-09-17 19:55:49
4925,PROD-4925,Cafetera Programable 12 Tazas,Cafetera de goteo con temporizador programable y jarra de vidrio,3286.83,34,1,2026-09-19 07:20:31,2026-09-19 09:03:31
4926,PROD-4926,Jeans 511 Slim Fit,"Pantalón de mezclilla ajustado de estilo moderno (Talla S, Color Rojo)",581.54,83,1,2026-09-21 01:17:43,2026-09-21 01:21:43
4927,PROD-4927,Licuadora Reversible 2 Velocidades,Licuadora con motor reversible y vaso de vidrio resistente a choques térmicos,5497.33,20,1,2026-09-19 10:05:48,2026-09-19 10:55:48
4928,PROD-4928,Licuadora Reversible 2 Velocidades,Licuadora con motor reversible y vaso de vidrio resistente a choques térmicos,3761.24,17,1,2026-09-18 21:21:50,2026-09-18 22:58:50
4929,PROD-4929,Zapatillas Samba OG,"Tenis de estilo retro icónicos en cuero de primera calidad (Talla XL, Color Negro)",2482.16,99,1,2026-09-17 21:26:10,2026-09-17 23:22:10
4930,PROD-4930,Jeans 501 Original Fit,"Pantalón de mezclilla clásico de corte recto y ajuste cómodo (Talla M, Color Verde)",1527.89,82,1,2026-09-18 00:47:28,2026-09-18 02:06:28
4931,PROD-4931,Monitor UltraGear 27,Monitor de alta frecuencia de actualización para juegos competitivos,10814.96,25,1,2026-09-22 09:46:46,2026-09-22 11:36:46
4932,PROD-4932,Smartphone Galaxy Z Fold 6 256GB,Teléfono plegable con pantalla gigante para productividad y multitarea - Color Blanco,1313.88,20,1,2026-09-19 03:01:59,2026-09-19 04:43:59
4933,PROD-4933,Zapatillas Samba OG,"Tenis de estilo retro icónicos en cuero de primera calidad (Talla XL, Color Negro)",2410.02,19,1,2026-09-19 00:39:18,2026-09-19 02:33:18
4934,PROD-4934,Aspiradora Inalámbrica SpeedPro,Aspiradora escoba sin cable con cabezal de succión de 180 grados,3021.56,60,1,2026-09-21 19:34:05,2026-09-21 20:37:05
4935,PROD-4935,Zapatillas Air Max 270,"Calzado deportivo con cápsula de aire visible para máxima comodidad (Talla L, Color Verde)",2198.28,68,1,2026-09-18 09:29:51,2026-09-18 09:57:51
4936,PROD-4936,Smartphone Xiaomi 14 Ultra 128GB,Smartphone de gama alta enfocado en fotografía profesional Leica - Color Azul,1426.46,17,1,2026-09-21 11:47:17,2026-09-21 12:50:17
4937,PROD-4937,Licuadora Reversible 2 Velocidades,Licuadora con motor reversible y vaso de vidrio resistente a choques térmicos,5357.66,50,1,2026-09-21 23:45:42,2026-09-22 01:23:42
4938,PROD-4938,Barra de Sonido HT-A7000,Sistema de audio para cine en casa con soporte Dolby Atmos,27304.03,6,1,2026-09-18 14:43:53,2026-09-18 16:20:53
4939,PROD-4939,Freidora XXL Airfryer,Freidora de aire de gran capacidad con tecnología de extracción de grasa,859.24,33,1,2026-09-20 06:35:28,2026-09-20 06:37:28
4940,PROD-4940,Parlante Portátil SRS-XG300,Bocina inalámbrica portátil resistente al agua con graves potentes,22067.51,30,1,2026-09-21 02:19:49,2026-09-21 04:09:49
4941,PROD-4941,Zapatillas Running Pegasus 40,"Calzado de correr con amortiguación reactiva para entrenamiento (Talla M, Color Verde)",644.39,41,1,2026-09-18 19:08:06,2026-09-18 20:36:06
4942,PROD-4942,Jeans 501 Original Fit,"Pantalón de mezclilla clásico de corte recto y ajuste cómodo (Talla XL, Color Negro)",1945.71,50,1,2026-09-20 15:30:45,2026-09-20 17:14:45
4943,PROD-4943,Monitor Odyssey G9,Monitor curvo ultrawide diseñado para gaming profesional,31266.00,9,1,2026-09-19 03:18:44,2026-09-19 04:41:44
4944,PROD-4944,Monitor UltraGear 27,Monitor de alta frecuencia de actualización para juegos competitivos,7525.48,16,1,2026-09-18 18:50:39,2026-09-18 19:28:39
4945,PROD-4945,Smart TV 65 Neo QLED,Televisor inteligente 4K con tecnología de puntos cuánticos y alto contraste,12486.41,39,1,2026-09-22 04:42:28,2026-09-22 05:44:28
4946,PROD-4946,Zapatillas Running Pegasus 40,"Calzado de correr con amortiguación reactiva para entrenamiento (Talla M, Color Rojo)",2231.83,31,1,2026-09-18 22:48:21,2026-09-18 23:47:21
4947,PROD-4947,Polerón Adicolor Classics,"Sudadera clásica con el logotipo de las tres tiras (Talla S, Color Rojo)",1409.71,28,1,2026-09-20 15:45:27,2026-09-20 17:33:27
4948,PROD-4948,Polerón Adicolor Classics,"Sudadera clásica con el logotipo de las tres tiras (Talla M, Color Verde)",1153.74,53,1,2026-09-21 23:31:12,2026-09-22 00:06:12
4949,PROD-4949,Zapatillas Air Force 1 '07,"Tenis clásicos de cuero blanco para uso urbano y casual (Talla M, Color Rojo)",2003.99,83,1,2026-09-20 00:38:43,2026-09-20 02:18:43
4950,PROD-4950,MacBook Air 15 M2 256GB,Laptop ultra delgada y liviana con gran autonomía - Color Blanco,15706.98,39,1,2026-09-20 21:01:44,2026-09-20 22:57:44
4951,PROD-4951,Refrigeradora InstaView,Refrigerador inteligente con panel de cristal panorámico,17860.89,30,1,2026-09-20 21:17:27,2026-09-20 23:04:27
4952,PROD-4952,Licuadora Reversible 2 Velocidades,Licuadora con motor reversible y vaso de vidrio resistente a choques térmicos,7641.64,42,1,2026-09-17 13:49:56,2026-09-17 13:53:56
4953,PROD-4953,Zapatillas Ultraboost Light,"Tenis de running con retorno de energía superior y ligereza (Talla XL, Color Gris)",1293.80,76,1,2026-09-19 08:40:45,2026-09-19 09:32:45
4954,PROD-4954,Zapatillas Running Pegasus 40,"Calzado de correr con amortiguación reactiva para entrenamiento (Talla XL, Color Verde)",1381.16,44,1,2026-09-18 01:40:06,2026-09-18 02:30:06
4955,PROD-4955,Smartphone Redmi Note 13 Pro 256GB,Teléfono inteligente con excelente relación calidad-precio y gran cámara - Color Negro,14711.53,11,1,2026-09-20 05:57:59,2026-09-20 06:39:59
4956,PROD-4956,Camiseta Graphic Setin Neck,"Playera casual de algodón con estampado frontal (Talla XL, Color Azul)",430.23,43,1,2026-09-19 15:32:45,2026-09-19 16:37:45
4957,PROD-4957,Jeans 501 Original Fit,"Pantalón de mezclilla clásico de corte recto y ajuste cómodo (Talla S, Color Verde)",2018.94,42,1,2026-09-22 07:45:25,2026-09-22 07:55:25
4958,PROD-4958,Zapatillas Air Max 270,"Calzado deportivo con cápsula de aire visible para máxima comodidad (Talla S, Color Verde)",1019.95,37,1,2026-09-21 17:44:46,2026-09-21 18:32:46
4959,PROD-4959,Smart TV 65 Neo QLED,Televisor inteligente 4K con tecnología de puntos cuánticos y alto contraste,19635.03,12,1,2026-09-18 02:12:32,2026-09-18 02:51:32
4960,PROD-4960,Jeans 511 Slim Fit,"Pantalón de mezclilla ajustado de estilo moderno (Talla XL, Color Negro)",542.05,87,1,2026-09-18 11:35:21,2026-09-18 12:26:21
4961,PROD-4961,Freidora de Aire 4L,Freidora sin aceite para cocinar de manera saludable y rápida,2996.88,53,1,2026-09-21 07:11:39,2026-09-21 07:45:39
4962,PROD-4962,Polera Sportswear Club Fleece,"Sudadera de felpa con capucha y ajuste estándar (Talla M, Color Verde)",1206.21,41,1,2026-09-19 18:39:58,2026-09-19 19:43:58
4963,PROD-4963,Camiseta Graphic Setin Neck,"Playera casual de algodón con estampado frontal (Talla XL, Color Negro)",2475.57,13,1,2026-09-18 16:15:08,2026-09-18 16:52:08
4964,PROD-4964,Aspiradora Inalámbrica SpeedPro,Aspiradora escoba sin cable con cabezal de succión de 180 grados,2534.15,29,1,2026-09-20 21:52:29,2026-09-20 22:37:29
4965,PROD-4965,Aspiradora Inalámbrica SpeedPro,Aspiradora escoba sin cable con cabezal de succión de 180 grados,617.83,22,1,2026-09-17 12:22:08,2026-09-17 14:10:08
4966,PROD-4966,Smart TV 65 Neo QLED,Televisor inteligente 4K con tecnología de puntos cuánticos y alto contraste,23345.27,13,1,2026-09-18 09:31:17,2026-09-18 10:34:17
4967,PROD-4967,Audífonos AirPods Pro 2,Audífonos intrauditivos con cancelación de ruido de nivel superior,13862.46,42,1,2026-09-20 08:02:08,2026-09-20 09:58:08
4968,PROD-4968,Zapatillas Ultraboost Light,"Tenis de running con retorno de energía superior y ligereza (Talla S, Color Verde)",2193.07,66,1,2026-09-21 23:40:23,2026-09-22 01:31:23
4969,PROD-4969,Robot Aspiradora X10+,Aspiradora robótica con estación de vaciado automático y mapeo láser,8727.27,28,1,2026-09-21 11:12:11,2026-09-21 12:52:11
4970,PROD-4970,Monitor UltraGear 27,Monitor de alta frecuencia de actualización para juegos competitivos,30239.49,45,1,2026-09-20 05:02:11,2026-09-20 05:04:11
4971,PROD-4971,Freidora de Aire 4L,Freidora sin aceite para cocinar de manera saludable y rápida,623.26,53,1,2026-09-21 03:24:10,2026-09-21 04:37:10
4972,PROD-4972,Patinete Eléctrico Pro 4,Scooter eléctrico con gran autonomía para movilidad urbana,1676.69,12,1,2026-09-17 21:29:54,2026-09-17 21:53:54
4973,PROD-4973,Zapatillas Samba OG,"Tenis de estilo retro icónicos en cuero de primera calidad (Talla S, Color Blanco)",941.45,77,1,2026-09-21 06:52:11,2026-09-21 07:24:11
4974,PROD-4974,Freidora XXL Airfryer,Freidora de aire de gran capacidad con tecnología de extracción de grasa,7024.20,38,1,2026-09-22 09:45:07,2026-09-22 10:44:07
4975,PROD-4975,Smart TV 65 Neo QLED,Televisor inteligente 4K con tecnología de puntos cuánticos y alto contraste,6631.58,36,1,2026-09-20 22:25:47,2026-09-20 23:07:47
4976,PROD-4976,Freidora XXL Airfryer,Freidora de aire de gran capacidad con tecnología de extracción de grasa,2717.10,19,1,2026-09-21 01:51:10,2026-09-21 02:36:10
4977,PROD-4977,Zapatillas Running Pegasus 40,"Calzado de correr con amortiguación reactiva para entrenamiento (Talla XL, Color Azul)",1588.57,47,1,2026-09-18 07:28:57,2026-09-18 09:14:57
4978,PROD-4978,Patinete Eléctrico Pro 4,Scooter eléctrico con gran autonomía para movilidad urbana,30488.30,13,1,2026-09-20 08:29:00,2026-09-20 09:12:00
4979,PROD-4979,Smart TV OLED C3 65,Televisor inteligente ideal para videojuegos y películas con pánel OLED,34836.63,12,1,2026-09-19 23:46:57,2026-09-20 01:45:57
4980,PROD-4980,Cafetera Programable 12 Tazas,Cafetera de goteo con temporizador programable y jarra de vidrio,7945.47,21,1,2026-09-19 02:48:37,2026-09-19 03:27:37
4981,PROD-4981,Polerón Adicolor Classics,"Sudadera clásica con el logotipo de las tres tiras (Talla L, Color Verde)",1965.21,84,1,2026-09-18 14:10:21,2026-09-18 14:39:21
4982,PROD-4982,Zapatillas Ultraboost Light,"Tenis de running con retorno de energía superior y ligereza (Talla XL, Color Verde)",807.65,39,1,2026-09-22 11:15:39,2026-09-22 11:35:39
4983,PROD-4983,Zapatillas Running Pegasus 40,"Calzado de correr con amortiguación reactiva para entrenamiento (Talla XL, Color Verde)",545.86,97,1,2026-09-17 18:05:00,2026-09-17 18:11:00
4984,PROD-4984,Smartphone Redmi Note 13 Pro 1TB,Teléfono inteligente con excelente relación calidad-precio y gran cámara - Color Rojo,34791.43,11,1,2026-09-18 05:37:38,2026-09-18 07:04:38
4985,PROD-4985,Aspiradora Inalámbrica SpeedPro,Aspiradora escoba sin cable con cabezal de succión de 180 grados,3808.38,12,1,2026-09-21 22:47:16,2026-09-22 00:21:16
4986,PROD-4986,Smartphone Galaxy Z Flip 6 512GB,Teléfono plegable compacto con pantalla exterior funcional - Color Rojo,10505.38,49,1,2026-09-19 05:21:41,2026-09-19 05:43:41
4987,PROD-4987,Freidora de Aire 4L,Freidora sin aceite para cocinar de manera saludable y rápida,5823.61,57,1,2026-09-18 09:09:59,2026-09-18 10:49:59
4988,PROD-4988,Cafetera Programable 12 Tazas,Cafetera de goteo con temporizador programable y jarra de vidrio,2020.83,18,1,2026-09-21 13:35:20,2026-09-21 14:43:20
4989,PROD-4989,Zapatillas Samba OG,"Tenis de estilo retro icónicos en cuero de primera calidad (Talla XL, Color Verde)",1407.68,81,1,2026-09-18 05:31:02,2026-09-18 06:55:02
4990,PROD-4990,Smartphone Galaxy S26 1TB,Smartphone compacto con pantalla fluida y excelente rendimiento - Color Gris,13931.68,45,1,2026-09-20 05:49:03,2026-09-20 07:20:03
4991,PROD-4991,Jeans 501 Original Fit,"Pantalón de mezclilla clásico de corte recto y ajuste cómodo (Talla L, Color Rojo)",1554.79,18,1,2026-09-20 15:46:13,2026-09-20 17:36:13
4992,PROD-4992,Chaqueta Camionera de Mezclilla,"Chaqueta clásica de mezclilla resistente para uso diario (Talla S, Color Verde)",2362.42,72,1,2026-09-21 21:20:22,2026-09-21 22:33:22
4993,PROD-4993,Smart TV 65 Neo QLED,Televisor inteligente 4K con tecnología de puntos cuánticos y alto contraste,4733.74,24,1,2026-09-19 21:48:18,2026-09-19 22:20:18
4994,PROD-4994,Zapatillas Air Force 1 '07,"Tenis clásicos de cuero blanco para uso urbano y casual (Talla S, Color Rojo)",2190.96,40,1,2026-09-17 20:08:48,2026-09-17 21:45:48
4995,PROD-4995,Aspiradora Inalámbrica SpeedPro,Aspiradora escoba sin cable con cabezal de succión de 180 grados,6481.86,19,1,2026-09-21 21:52:59,2026-09-21 23:30:59
4996,PROD-4996,Zapatillas Air Max 270,"Calzado deportivo con cápsula de aire visible para máxima comodidad (Talla L, Color Verde)",747.16,73,1,2026-09-21 20:26:59,2026-09-21 21:51:59
4997,PROD-4997,Zapatillas Running Pegasus 40,"Calzado de correr con amortiguación reactiva para entrenamiento (Talla XL, Color Azul)",360.17,70,1,2026-09-20 20:57:34,2026-09-20 22:08:34
4998,PROD-4998,iPad Pro 12.9,Tableta profesional con pantalla Liquid Retina XDR y chip M2,9099.89,26,1,2026-09-18 01:09:53,2026-09-18 01:29:53
4999,PROD-4999,Smart TV OLED C3 65,Televisor inteligente ideal para videojuegos y películas con pánel OLED,20046.35,15,1,2026-09-22 01:18:19,2026-09-22 01:39:19
5000,PROD-5000,Zapatillas Running Pegasus 40,"Calzado de correr con amortiguación reactiva para entrenamiento (Talla S, Color Rojo)",1229.56,61,1,2026-09-19 23:20:59,2026-09-20 00:53:59
